entry_id,canonical_line_id,artifact_id,sequence_surface,quantity,signs_raw,signs_canonical,groups_raw,sign_count,group_count,source_count,provenance_tags
1,CLINE_0001,ARKH 1,A PA,,A PA,A PA,A PA,2,2,1,https://web.archive.org/web/20190416192926/http://www.people.ku.edu/~jyounger/LinearA/misctexts.html
2,CLINE_0002,ARKH 1,A RA[,,A RA[,A RA[,A RA[,2,2,1,https://web.archive.org/web/20190416192926/http://www.people.ku.edu/~jyounger/LinearA/misctexts.html
3,CLINE_0003,ARKH 1,PA RE,,PA RE,PA RE,PA RE,2,2,1,https://web.archive.org/web/20190416192926/http://www.people.ku.edu/~jyounger/LinearA/misctexts.html
4,CLINE_0004,ARKH 1,]A SU MI,,]A SU MI,]A SU MI,]A SU MI,3,3,1,https://web.archive.org/web/20190416192926/http://www.people.ku.edu/~jyounger/LinearA/misctexts.html
5,CLINE_0005,ARKH 1,]MI KI SA NE[,,]MI KI SA NE[,]MI KI SA NE[,]MI KI SA NE[,4,4,1,https://web.archive.org/web/20190416192926/http://www.people.ku.edu/~jyounger/LinearA/misctexts.html
6,CLINE_0006,ARKH 1,]PA3[,,]PA3[,]PA3[,]PA3[,1,1,1,https://web.archive.org/web/20190416192926/http://www.people.ku.edu/~jyounger/LinearA/misctexts.html
7,CLINE_0007,ARKH 1,]TA PI,,]TA PI,]TA PI,]TA PI,2,2,1,https://web.archive.org/web/20190416192926/http://www.people.ku.edu/~jyounger/LinearA/misctexts.html
8,CLINE_0008,ARKH 1A,AB08 AB03 [?],,AB08 AB03 [?],AB08 AB03 [?],AB08 AB03 [?],3,3,1,http://sigla.phis.me/document/ARKH%201a/index-word.html
9,CLINE_0009,ARKH 1A,AB08 AB58 AB73 AB118,,AB08 AB58 AB73 AB118,AB08 AB58 AB73 AB118,AB08 AB58 AB73 AB118,4,4,1,http://sigla.phis.me/document/ARKH%201a/index-word.html
10,CLINE_0010,ARKH 1A,AB08 AB60,,AB08 AB60,AB08 AB60,AB08 AB60,2,2,1,http://sigla.phis.me/document/ARKH%201a/index-word.html
11,CLINE_0011,ARKH 1A,AB59 AB39,,AB59 AB39,AB59 AB39,AB59 AB39,2,2,1,http://sigla.phis.me/document/ARKH%201a/index-word.html
12,CLINE_0012,ARKH 1A,AB67,,AB67,AB67,AB67,1,1,1,http://sigla.phis.me/document/ARKH%201a/index-word.html
13,CLINE_0013,ARKH 1A,AB73 AB67 AB31 AB24,,AB73 AB67 AB31 AB24,AB73 AB67 AB31 AB24,AB73 AB67 AB31 AB24,4,4,1,http://sigla.phis.me/document/ARKH%201a/index-word.html
14,CLINE_0014,ARKH 1B,AB06,,AB06,AB06,AB06,1,1,1,http://sigla.phis.me/document/ARKH%201b/index-word.html
15,CLINE_0015,ARKH 1B,AB08,,AB08,AB08,AB08,1,1,1,http://sigla.phis.me/document/ARKH%201b/index-word.html
16,CLINE_0016,ARKH 1B,AB56,,AB56,AB56,AB56,1,1,1,http://sigla.phis.me/document/ARKH%201b/index-word.html
17,CLINE_0017,ARKH 1B,AB57 AB27,,AB57 AB27,AB57 AB27,AB57 AB27,2,2,1,http://sigla.phis.me/document/ARKH%201b/index-word.html
18,CLINE_0018,ARKH 2,A SI DA TO I,,A SI DA TO I,A SI DA TO I,A SI DA TO I,5,5,1,https://web.archive.org/web/20190416192926/http://www.people.ku.edu/~jyounger/LinearA/misctexts.html
19,CLINE_0019,ARKH 2,A SU PU WA,,A SU PU WA,A SU PU WA,A SU PU WA,4,4,1,https://web.archive.org/web/20190416192926/http://www.people.ku.edu/~jyounger/LinearA/misctexts.html
20,CLINE_0020,ARKH 2,AB08 AB41 AB01 AB05 AB28,,AB08 AB41 AB01 AB05 AB28,AB08 AB41 AB01 AB05 AB28,AB08 AB41 AB01 AB05 AB28,5,5,1,http://sigla.phis.me/document/ARKH%202/index-word.html
21,CLINE_0021,ARKH 2,AB08 AB58 AB50 AB54,,AB08 AB58 AB50 AB54,AB08 AB58 AB50 AB54,AB08 AB58 AB50 AB54,4,4,1,http://sigla.phis.me/document/ARKH%202/index-word.html
22,CLINE_0022,ARKH 2,AB26 AB73,,AB26 AB73,AB26 AB73,AB26 AB73,2,2,1,http://sigla.phis.me/document/ARKH%202/index-word.html
23,CLINE_0023,ARKH 2,AB41 AB01 AB04,,AB41 AB01 AB04,AB41 AB01 AB04,AB41 AB01 AB04,3,3,1,http://sigla.phis.me/document/ARKH%202/index-word.html
24,CLINE_0024,ARKH 2,AB79 A301 AB09 AB45 AB21F AB118,,AB79 A301 AB09 AB45 AB21F AB118,AB79 A301 AB09 AB45 AB21F AB118,AB79 A301 AB09 AB45 AB21F AB118,6,6,1,http://sigla.phis.me/document/ARKH%202/index-word.html
25,CLINE_0025,ARKH 2,AB81 AB60 AB131B,,AB81 AB60 AB131B,AB81 AB60 AB131B,AB81 AB60 AB131B,3,3,1,http://sigla.phis.me/document/ARKH%202/index-word.html
26,CLINE_0026,ARKH 2,KU RA,,KU RA,KU RA,KU RA,2,2,1,https://web.archive.org/web/20190416192926/http://www.people.ku.edu/~jyounger/LinearA/misctexts.html
27,CLINE_0027,ARKH 2,RU MI,,RU MI,RU MI,RU MI,2,2,1,https://web.archive.org/web/20190416192926/http://www.people.ku.edu/~jyounger/LinearA/misctexts.html
28,CLINE_0028,ARKH 2,SI DA TE,,SI DA TE,SI DA TE,SI DA TE,3,3,1,https://web.archive.org/web/20190416192926/http://www.people.ku.edu/~jyounger/LinearA/misctexts.html
29,CLINE_0029,ARKH 2,VINB,,VINB,VINB,VINB,1,1,1,https://web.archive.org/web/20190416192926/http://www.people.ku.edu/~jyounger/LinearA/misctexts.html
30,CLINE_0030,ARKH 2,ZU SE DE QIF,,ZU SE DE QIF,ZU SE DE QIF,ZU SE DE QIF,4,4,1,https://web.archive.org/web/20190416192926/http://www.people.ku.edu/~jyounger/LinearA/misctexts.html
31,CLINE_0031,ARKH 3,GRA,,GRA,GRA,GRA,1,1,3,https://web.archive.org/web/20190416192926/http://www.people.ku.edu/~jyounger/LinearA/misctexts.html
32,CLINE_0032,ARKH 3,GRA[,,GRA[,GRA[,GRA[,1,1,1,https://web.archive.org/web/20190416192926/http://www.people.ku.edu/~jyounger/LinearA/misctexts.html
33,CLINE_0033,ARKH 3,JA PI,,JA PI,JA PI,JA PI,2,2,1,https://web.archive.org/web/20190416192926/http://www.people.ku.edu/~jyounger/LinearA/misctexts.html
34,CLINE_0034,ARKH 3,KA NE,,KA NE,KA NE,KA NE,2,2,1,https://web.archive.org/web/20190416192926/http://www.people.ku.edu/~jyounger/LinearA/misctexts.html
35,CLINE_0035,ARKH 3,OLE,,OLE,OLE,OLE,1,1,1,https://web.archive.org/web/20190416192926/http://www.people.ku.edu/~jyounger/LinearA/misctexts.html
36,CLINE_0036,ARKH 3,OLIV,,OLIV,OLIV,OLIV,1,1,1,https://web.archive.org/web/20190416192926/http://www.people.ku.edu/~jyounger/LinearA/misctexts.html
37,CLINE_0037,ARKH 3,VINB,,VINB,VINB,VINB,1,1,1,https://web.archive.org/web/20190416192926/http://www.people.ku.edu/~jyounger/LinearA/misctexts.html
38,CLINE_0038,ARKH 3,]KI NU,,]KI NU,]KI NU,]KI NU,2,2,1,https://web.archive.org/web/20190416192926/http://www.people.ku.edu/~jyounger/LinearA/misctexts.html
39,CLINE_0039,ARKH 3,]PI PU3,,]PI PU3,]PI PU3,]PI PU3,2,2,1,https://web.archive.org/web/20190416192926/http://www.people.ku.edu/~jyounger/LinearA/misctexts.html
40,CLINE_0040,ARKH 3,]VINA,,]VINA,]VINA,]VINA,1,1,1,https://web.archive.org/web/20190416192926/http://www.people.ku.edu/~jyounger/LinearA/misctexts.html
41,CLINE_0041,ARKH 3A,AB67 AB55,,AB67 AB55,AB67 AB55,AB67 AB55,2,2,1,http://sigla.phis.me/document/ARKH%203a/index-word.html
42,CLINE_0042,ARKH 3A,AB77 AB24,,AB77 AB24,AB77 AB24,AB77 AB24,2,2,1,http://sigla.phis.me/document/ARKH%203a/index-word.html
43,CLINE_0043,ARKH 3A,AB81,,AB81,AB81,AB81,1,1,1,http://sigla.phis.me/document/ARKH%203a/index-word.html
44,CLINE_0044,ARKH 3B,AB39 A314,,AB39 A314,AB39 A314,AB39 A314,2,2,1,http://sigla.phis.me/document/ARKH%203b/index-word.html
45,CLINE_0045,ARKH 3B,[?] AB57 AB39,,[?] AB57 AB39,[?] AB57 AB39,[?] AB57 AB39,3,3,1,http://sigla.phis.me/document/ARKH%203b/index-word.html
46,CLINE_0046,ARKH 4,A KI RO,,A KI RO,A KI RO,A KI RO,3,3,1,https://web.archive.org/web/20190416192926/http://www.people.ku.edu/~jyounger/LinearA/misctexts.html
47,CLINE_0047,ARKH 4,PI TI NE A,,PI TI NE A,PI TI NE A,PI TI NE A,4,4,1,https://web.archive.org/web/20190416192926/http://www.people.ku.edu/~jyounger/LinearA/misctexts.html
48,CLINE_0048,ARKH 4,ZA SI ZU,,ZA SI ZU,ZA SI ZU,ZA SI ZU,3,3,1,https://web.archive.org/web/20190416192926/http://www.people.ku.edu/~jyounger/LinearA/misctexts.html
49,CLINE_0049,ARKH 4,]DE MI,,]DE MI,]DE MI,]DE MI,2,2,1,https://web.archive.org/web/20190416192926/http://www.people.ku.edu/~jyounger/LinearA/misctexts.html
50,CLINE_0050,ARKH 4A,AB08 [?] [?] AB65,,AB08 [?] [?] AB65,AB08 [?] [?] AB65,AB08 [?] [?] AB65,4,4,1,http://sigla.phis.me/document/ARKH%204a/index-word.html
51,CLINE_0051,ARKH 4A,AB39 AB37 AB24 AB08 [?],,AB39 AB37 AB24 AB08 [?],AB39 AB37 AB24 AB08 [?],AB39 AB37 AB24 AB08 [?],5,5,1,http://sigla.phis.me/document/ARKH%204a/index-word.html
52,CLINE_0052,ARKH 4A,AB45 AB58 [?] AB47 AB04,,AB45 AB58 [?] AB47 AB04,AB45 AB58 [?] AB47 AB04,AB45 AB58 [?] AB47 AB04,5,5,1,http://sigla.phis.me/document/ARKH%204a/index-word.html
53,CLINE_0053,ARKH 4A,AB59,,AB59,AB59,AB59,1,1,1,http://sigla.phis.me/document/ARKH%204a/index-word.html
54,CLINE_0054,ARKH 4A,[?] AB30 AB59,,[?] AB30 AB59,[?] AB30 AB59,[?] AB30 AB59,3,3,1,http://sigla.phis.me/document/ARKH%204a/index-word.html
55,CLINE_0055,ARKH 4B,AB08 AB67 AB02,,AB08 AB67 AB02,AB08 AB67 AB02,AB08 AB67 AB02,3,3,1,http://sigla.phis.me/document/ARKH%204b/index-word.html
56,CLINE_0056,ARKH 4B,AB10,,AB10,AB10,AB10,1,1,1,http://sigla.phis.me/document/ARKH%204b/index-word.html
57,CLINE_0057,ARKH 4B,AB17? AB41 AB79,,AB17? AB41 AB79,AB17? AB41 AB79,AB17? AB41 AB79,3,3,1,http://sigla.phis.me/document/ARKH%204b/index-word.html
58,CLINE_0058,ARKH 4B,AB28 AB47,,AB28 AB47,AB28 AB47,AB28 AB47,2,2,1,http://sigla.phis.me/document/ARKH%204b/index-word.html
59,CLINE_0059,ARKH 4B,AB45 AB73,,AB45 AB73,AB45 AB73,AB45 AB73,2,2,1,http://sigla.phis.me/document/ARKH%204b/index-word.html
60,CLINE_0060,ARKH 4B,[?] AB27,,[?] AB27,[?] AB27,[?] AB27,2,2,1,http://sigla.phis.me/document/ARKH%204b/index-word.html
61,CLINE_0061,ARKH 5,A DA RO,,A DA RO,A DA RO,A DA RO,3,3,1,https://web.archive.org/web/20190416192926/http://www.people.ku.edu/~jyounger/LinearA/misctexts.html
62,CLINE_0062,ARKH 5,A DU NI TA NA,,A DU NI TA NA,A DU NI TA NA,A DU NI TA NA,5,5,1,https://web.archive.org/web/20190416192926/http://www.people.ku.edu/~jyounger/LinearA/misctexts.html
63,CLINE_0063,ARKH 5,AB08,,AB08,AB08,AB08,1,1,1,http://sigla.phis.me/document/ARKH%205/index-word.html
64,CLINE_0064,ARKH 5,AB08 AB01 AB02,,AB08 AB01 AB02,AB08 AB01 AB02,AB08 AB01 AB02,3,3,1,http://sigla.phis.me/document/ARKH%205/index-word.html
65,CLINE_0065,ARKH 5,AB08 AB51 AB30 AB59 AB06,,AB08 AB51 AB30 AB59 AB06,AB08 AB51 AB30 AB59 AB06,AB08 AB51 AB30 AB59 AB06,5,5,1,http://sigla.phis.me/document/ARKH%205/index-word.html
66,CLINE_0066,ARKH 5,GRA,,GRA,GRA,GRA,1,1,1,https://web.archive.org/web/20190416192926/http://www.people.ku.edu/~jyounger/LinearA/misctexts.html
67,CLINE_0067,ARKH 5,VINB,,VINB,VINB,VINB,1,1,1,https://web.archive.org/web/20190416192926/http://www.people.ku.edu/~jyounger/LinearA/misctexts.html
68,CLINE_0068,ARKH 6,AB01 AB06 AB69,,AB01 AB06 AB69,AB01 AB06 AB69,AB01 AB06 AB69,3,3,1,http://sigla.phis.me/document/ARKH%206/index-word.html
69,CLINE_0069,ARKH 6,AB81,,AB81,AB81,AB81,1,1,1,http://sigla.phis.me/document/ARKH%206/index-word.html
70,CLINE_0070,ARKH 6,DA NA TU,,DA NA TU,DA NA TU,DA NA TU,3,3,1,https://web.archive.org/web/20190416192926/http://www.people.ku.edu/~jyounger/LinearA/misctexts.html
71,CLINE_0071,ARKH 6,[?] AB53,,[?] AB53,[?] AB53,[?] AB53,2,2,1,http://sigla.phis.me/document/ARKH%206/index-word.html
72,CLINE_0072,GO 2,SE SI[,,SE SI[,SE SI[,SE SI[,2,2,1,https://web.archive.org/web/20190416192926/http://www.people.ku.edu/~jyounger/LinearA/misctexts.html
73,CLINE_0073,GO 2,SI DA RO,,SI DA RO,SI DA RO,SI DA RO,3,3,1,https://web.archive.org/web/20190416192926/http://www.people.ku.edu/~jyounger/LinearA/misctexts.html
74,CLINE_0074,GO WC 1,B BOSM,,B BOSM,B BOSM,B BOSM,2,2,1,https://web.archive.org/web/20190416192926/http://www.people.ku.edu/~jyounger/LinearA/misctexts.html
75,CLINE_0075,GO WC 1A,AB08 AB31 AB58 AB80 AB28 AB09,,AB08 AB31 AB58 AB80 AB28 AB09,AB08 AB31 AB58 AB80 AB28 AB09,AB08 AB31 AB58 AB80 AB28 AB09,6,6,1,http://sigla.phis.me/document/GO%20Wc%201a/index-word.html
76,CLINE_0076,GO WC 3,NEW,,NEW,NEW,NEW,1,1,1,https://web.archive.org/web/20190416192926/http://www.people.ku.edu/~jyounger/LinearA/misctexts.html
77,CLINE_0077,HS ZG 1,AB08 AB80,,AB08 AB80,AB08 AB80,AB08 AB80,2,2,1,http://sigla.phis.me/document/HS%20Zg%201/index-word.html
78,CLINE_0078,HT 1,A RA NA RE,,A RA NA RE,A RA NA RE,A RA NA RE,4,4,1,https://web.archive.org/web/20190416193018/http://www.people.ku.edu/~jyounger/LinearA/HTtexts.html
79,CLINE_0079,HT 1,AB07 AB07 AB17 AB44,,AB07 AB07 AB17 AB44,AB07 AB07 AB17 AB44,AB07 AB07 AB17 AB44,4,4,1,http://sigla.phis.me/document/HT%201/index-word.html
80,CLINE_0080,HT 1,AB08 AB60 AB06 AB27,,AB08 AB60 AB06 AB27,AB08 AB60 AB06 AB27,AB08 AB60 AB06 AB27,4,4,1,http://sigla.phis.me/document/HT%201/index-word.html
81,CLINE_0081,HT 1,AB67 AB02,,AB67 AB02,AB67 AB02,AB67 AB02,2,2,1,http://sigla.phis.me/document/HT%201/index-word.html
82,CLINE_0082,HT 1,AB78 AB76 AB10,,AB78 AB76 AB10,AB78 AB76 AB10,AB78 AB76 AB10,3,3,1,http://sigla.phis.me/document/HT%201/index-word.html
83,CLINE_0083,HT 1,AB79 AB58,,AB79 AB58,AB79 AB58,AB79 AB58,2,2,1,http://sigla.phis.me/document/HT%201/index-word.html
84,CLINE_0084,HT 1,AB81 AB56 AB55,,AB81 AB56 AB55,AB81 AB56 AB55,AB81 AB56 AB55,3,3,1,http://sigla.phis.me/document/HT%201/index-word.html
85,CLINE_0085,HT 1,DI DI ZA KE,,DI DI ZA KE,DI DI ZA KE,DI DI ZA KE,4,4,1,https://web.archive.org/web/20190416193018/http://www.people.ku.edu/~jyounger/LinearA/HTtexts.html
86,CLINE_0086,HT 1,KU PA3 NU,,KU PA3 NU,KU PA3 NU,KU PA3 NU,3,3,1,https://web.archive.org/web/20190416193018/http://www.people.ku.edu/~jyounger/LinearA/HTtexts.html
87,CLINE_0087,HT 1,QE RA2 U KI RO,,QE RA2 U KI RO,QE RA2 U KI RO,QE RA2 U KI RO,5,5,1,https://web.archive.org/web/20190416193018/http://www.people.ku.edu/~jyounger/LinearA/HTtexts.html
88,CLINE_0088,HT 1,ZU SU,,ZU SU,ZU SU,ZU SU,2,2,1,https://web.archive.org/web/20190416193018/http://www.people.ku.edu/~jyounger/LinearA/HTtexts.html
89,CLINE_0089,HT 10,DA RE,,DA RE,DA RE,DA RE,2,2,2,https://web.archive.org/web/20190416193018/http://www.people.ku.edu/~jyounger/LinearA/HTtexts.html
90,CLINE_0090,HT 10,DA RI DA,,DA RI DA,DA RI DA,DA RI DA,3,3,1,https://web.archive.org/web/20190416193018/http://www.people.ku.edu/~jyounger/LinearA/HTtexts.html
91,CLINE_0091,HT 10,KA SA RU,,KA SA RU,KA SA RU,KA SA RU,3,3,1,https://web.archive.org/web/20190416193018/http://www.people.ku.edu/~jyounger/LinearA/HTtexts.html
92,CLINE_0092,HT 10,KU NI SU,,KU NI SU,KU NI SU,KU NI SU,3,3,1,https://web.archive.org/web/20190416193018/http://www.people.ku.edu/~jyounger/LinearA/HTtexts.html
93,CLINE_0093,HT 10,ME ZA,,ME ZA,ME ZA,ME ZA,2,2,1,https://web.archive.org/web/20190416193018/http://www.people.ku.edu/~jyounger/LinearA/HTtexts.html
94,CLINE_0094,HT 10,SA MA,,SA MA,SA MA,SA MA,2,2,1,https://web.archive.org/web/20190416193018/http://www.people.ku.edu/~jyounger/LinearA/HTtexts.html
95,CLINE_0095,HT 10,TA NA TI,,TA NA TI,TA NA TI,TA NA TI,3,3,1,https://web.archive.org/web/20190416193018/http://www.people.ku.edu/~jyounger/LinearA/HTtexts.html
96,CLINE_0096,HT 10,TA RI NA,,TA RI NA,TA RI NA,TA RI NA,3,3,1,https://web.archive.org/web/20190416193018/http://www.people.ku.edu/~jyounger/LinearA/HTtexts.html
97,CLINE_0097,HT 10,U TI,,U TI,U TI,U TI,2,2,1,https://web.archive.org/web/20190416193018/http://www.people.ku.edu/~jyounger/LinearA/HTtexts.html
98,CLINE_0098,HT 10,U ZA,,U ZA,U ZA,U ZA,2,2,2,https://web.archive.org/web/20190416193018/http://www.people.ku.edu/~jyounger/LinearA/HTtexts.html
99,CLINE_0099,HT 100,AB31 AB76,,AB31 AB76,AB31 AB76,AB31 AB76,2,2,1,http://sigla.phis.me/document/HT%20100/index-word.html
100,CLINE_0100,HT 100,AB81 AB02,,AB81 AB02,AB81 AB02,AB81 AB02,2,2,1,http://sigla.phis.me/document/HT%20100/index-word.html
101,CLINE_0101,HT 100,FIC,,FIC,FIC,FIC,1,1,1,https://web.archive.org/web/20190416193018/http://www.people.ku.edu/~jyounger/LinearA/HTtexts.html
102,CLINE_0102,HT 100,KU RO,,KU RO,KU RO,KU RO,2,2,1,https://web.archive.org/web/20190416193018/http://www.people.ku.edu/~jyounger/LinearA/HTtexts.html
103,CLINE_0103,HT 100,OLE MI,,OLE MI,OLE MI,OLE MI,2,2,1,https://web.archive.org/web/20190416193018/http://www.people.ku.edu/~jyounger/LinearA/HTtexts.html
104,CLINE_0104,HT 100,OLE NE,,OLE NE,OLE NE,OLE NE,2,2,1,https://web.archive.org/web/20190416193018/http://www.people.ku.edu/~jyounger/LinearA/HTtexts.html
105,CLINE_0105,HT 100,OLE U,,OLE U,OLE U,OLE U,2,2,1,https://web.archive.org/web/20190416193018/http://www.people.ku.edu/~jyounger/LinearA/HTtexts.html
106,CLINE_0106,HT 100,SA RA2,,SA RA2,SA RA2,SA RA2,2,2,1,https://web.archive.org/web/20190416193018/http://www.people.ku.edu/~jyounger/LinearA/HTtexts.html
107,CLINE_0107,HT 100,TI A,,TI A,TI A,TI A,2,2,1,https://web.archive.org/web/20190416193018/http://www.people.ku.edu/~jyounger/LinearA/HTtexts.html
108,CLINE_0108,HT 100,VINA,,VINA,VINA,VINA,1,1,1,https://web.archive.org/web/20190416193018/http://www.people.ku.edu/~jyounger/LinearA/HTtexts.html
109,CLINE_0109,HT 100,VIR *313A,,VIR *313A,VIR *313A,VIR *313A,2,2,1,https://web.archive.org/web/20190416193018/http://www.people.ku.edu/~jyounger/LinearA/HTtexts.html
110,CLINE_0110,HT 100,]VIR KA,,]VIR KA,]VIR KA,]VIR KA,2,2,1,https://web.archive.org/web/20190416193018/http://www.people.ku.edu/~jyounger/LinearA/HTtexts.html
111,CLINE_0111,HT 101,AB31 AB76,,AB31 AB76,AB31 AB76,AB31 AB76,2,2,1,http://sigla.phis.me/document/HT%20101/index-word.html
112,CLINE_0112,HT 101,AB56,,AB56,AB56,AB56,1,1,1,http://sigla.phis.me/document/HT%20101/index-word.html
113,CLINE_0113,HT 101,AB79 AB22F AB07,,AB79 AB22F AB07,AB79 AB22F AB07,AB79 AB22F AB07,3,3,1,http://sigla.phis.me/document/HT%20101/index-word.html
114,CLINE_0114,HT 101,AB81,,AB81,AB81,AB81,1,1,1,http://sigla.phis.me/document/HT%20101/index-word.html
115,CLINE_0115,HT 101,DI QE,,DI QE,DI QE,DI QE,2,2,1,https://web.archive.org/web/20190416193018/http://www.people.ku.edu/~jyounger/LinearA/HTtexts.html
116,CLINE_0116,HT 101,GRA,,GRA,GRA,GRA,1,1,1,https://web.archive.org/web/20190416193018/http://www.people.ku.edu/~jyounger/LinearA/HTtexts.html
117,CLINE_0117,HT 101,GRA QE,,GRA QE,GRA QE,GRA QE,2,2,1,https://web.archive.org/web/20190416193018/http://www.people.ku.edu/~jyounger/LinearA/HTtexts.html
118,CLINE_0118,HT 101,KU PA3,,KU PA3,KU PA3,KU PA3,2,2,1,https://web.archive.org/web/20190416193018/http://www.people.ku.edu/~jyounger/LinearA/HTtexts.html
119,CLINE_0119,HT 101,OLE,,OLE,OLE,OLE,1,1,1,https://web.archive.org/web/20190416193018/http://www.people.ku.edu/~jyounger/LinearA/HTtexts.html
120,CLINE_0120,HT 101,OLE KI,,OLE KI,OLE KI,OLE KI,2,2,2,https://web.archive.org/web/20190416193018/http://www.people.ku.edu/~jyounger/LinearA/HTtexts.html
121,CLINE_0121,HT 101,OLE MI,,OLE MI,OLE MI,OLE MI,2,2,1,https://web.archive.org/web/20190416193018/http://www.people.ku.edu/~jyounger/LinearA/HTtexts.html
122,CLINE_0122,HT 101,OLE U,,OLE U,OLE U,OLE U,2,2,2,https://web.archive.org/web/20190416193018/http://www.people.ku.edu/~jyounger/LinearA/HTtexts.html
123,CLINE_0123,HT 101,OLIV,,OLIV,OLIV,OLIV,1,1,1,https://web.archive.org/web/20190416193018/http://www.people.ku.edu/~jyounger/LinearA/HTtexts.html
124,CLINE_0124,HT 101,OLIV TU,,OLIV TU,OLIV TU,OLIV TU,2,2,1,https://web.archive.org/web/20190416193018/http://www.people.ku.edu/~jyounger/LinearA/HTtexts.html
125,CLINE_0125,HT 101,SA RA2,,SA RA2,SA RA2,SA RA2,2,2,1,https://web.archive.org/web/20190416193018/http://www.people.ku.edu/~jyounger/LinearA/HTtexts.html
126,CLINE_0126,HT 101,ZU 22F DI,,ZU 22F DI,ZU 22F DI,ZU 22F DI,3,3,1,https://web.archive.org/web/20190416193018/http://www.people.ku.edu/~jyounger/LinearA/HTtexts.html
127,CLINE_0127,HT 102,AB07 AB53 AB06,,AB07 AB53 AB06,AB07 AB53 AB06,AB07 AB53 AB06,3,3,1,http://sigla.phis.me/document/HT%20102/index-word.html
128,CLINE_0128,HT 102,AB28 AB77,,AB28 AB77,AB28 AB77,AB28 AB77,2,2,1,http://sigla.phis.me/document/HT%20102/index-word.html
129,CLINE_0129,HT 102,AB31 AB76,,AB31 AB76,AB31 AB76,AB31 AB76,2,2,1,http://sigla.phis.me/document/HT%20102/index-word.html
130,CLINE_0130,HT 102,AB56 AB30,,AB56 AB30,AB56 AB30,AB56 AB30,2,2,1,http://sigla.phis.me/document/HT%20102/index-word.html
131,CLINE_0131,HT 102,AB77 AB03,,AB77 AB03,AB77 AB03,AB77 AB03,2,2,1,http://sigla.phis.me/document/HT%20102/index-word.html
132,CLINE_0132,HT 102,AB80 AB79,,AB80 AB79,AB80 AB79,AB80 AB79,2,2,1,http://sigla.phis.me/document/HT%20102/index-word.html
133,CLINE_0133,HT 102,AB81 AB02,,AB81 AB02,AB81 AB02,AB81 AB02,2,2,1,http://sigla.phis.me/document/HT%20102/index-word.html
134,CLINE_0134,HT 102,DI RI NA,,DI RI NA,DI RI NA,DI RI NA,3,3,1,https://web.archive.org/web/20190416193018/http://www.people.ku.edu/~jyounger/LinearA/HTtexts.html
135,CLINE_0135,HT 102,GRA,,GRA,GRA,GRA,1,1,1,https://web.archive.org/web/20190416193018/http://www.people.ku.edu/~jyounger/LinearA/HTtexts.html
136,CLINE_0136,HT 102,GRA PA,,GRA PA,GRA PA,GRA PA,2,2,1,https://web.archive.org/web/20190416193018/http://www.people.ku.edu/~jyounger/LinearA/HTtexts.html
137,CLINE_0137,HT 102,I KA,,I KA,I KA,I KA,2,2,1,https://web.archive.org/web/20190416193018/http://www.people.ku.edu/~jyounger/LinearA/HTtexts.html
138,CLINE_0138,HT 102,KA PA,,KA PA,KA PA,KA PA,2,2,1,https://web.archive.org/web/20190416193018/http://www.people.ku.edu/~jyounger/LinearA/HTtexts.html
139,CLINE_0139,HT 102,KU RO,,KU RO,KU RO,KU RO,2,2,1,https://web.archive.org/web/20190416193018/http://www.people.ku.edu/~jyounger/LinearA/HTtexts.html
140,CLINE_0140,HT 102,MA ZU,,MA ZU,MA ZU,MA ZU,2,2,1,https://web.archive.org/web/20190416193018/http://www.people.ku.edu/~jyounger/LinearA/HTtexts.html
141,CLINE_0141,HT 102,PA3 NI,,PA3 NI,PA3 NI,PA3 NI,2,2,1,https://web.archive.org/web/20190416193018/http://www.people.ku.edu/~jyounger/LinearA/HTtexts.html
142,CLINE_0142,HT 102,SA RA2,,SA RA2,SA RA2,SA RA2,2,2,1,https://web.archive.org/web/20190416193018/http://www.people.ku.edu/~jyounger/LinearA/HTtexts.html
143,CLINE_0143,HT 102,]VIR GRA PA,,]VIR GRA PA,]VIR GRA PA,]VIR GRA PA,3,3,1,https://web.archive.org/web/20190416193018/http://www.people.ku.edu/~jyounger/LinearA/HTtexts.html
144,CLINE_0144,HT 103,AB01 AB81 AB06,,AB01 AB81 AB06,AB01 AB81 AB06,AB01 AB81 AB06,3,3,1,http://sigla.phis.me/document/HT%20103/index-word.html
145,CLINE_0145,HT 103,AB01 AB81 AB09 AB24,,AB01 AB81 AB09 AB24,AB01 AB81 AB09 AB24,AB01 AB81 AB09 AB24,4,4,1,http://sigla.phis.me/document/HT%20103/index-word.html
146,CLINE_0146,HT 103,AB10 AB66,,AB10 AB66,AB10 AB66,AB10 AB66,2,2,1,http://sigla.phis.me/document/HT%20103/index-word.html
147,CLINE_0147,HT 103,AB56 AB01 AB81 AB09 AB24,,AB56 AB01 AB81 AB09 AB24,AB56 AB01 AB81 AB09 AB24,AB56 AB01 AB81 AB09 AB24,5,5,1,http://sigla.phis.me/document/HT%20103/index-word.html
148,CLINE_0148,HT 103,AB67 AB60,,AB67 AB60,AB67 AB60,AB67 AB60,2,2,1,http://sigla.phis.me/document/HT%20103/index-word.html
149,CLINE_0149,HT 103,DA KU NA,,DA KU NA,DA KU NA,DA KU NA,3,3,1,https://web.archive.org/web/20190416193018/http://www.people.ku.edu/~jyounger/LinearA/HTtexts.html
150,CLINE_0150,HT 103,DA KU SE NE,,DA KU SE NE,DA KU SE NE,DA KU SE NE,4,4,1,https://web.archive.org/web/20190416193018/http://www.people.ku.edu/~jyounger/LinearA/HTtexts.html
151,CLINE_0151,HT 103,DA KU SE NE[,,DA KU SE NE[,DA KU SE NE[,DA KU SE NE[,4,4,1,https://web.archive.org/web/20190416193018/http://www.people.ku.edu/~jyounger/LinearA/HTtexts.html
152,CLINE_0152,HT 103,FIC,,FIC,FIC,FIC,1,1,1,https://web.archive.org/web/20190416193018/http://www.people.ku.edu/~jyounger/LinearA/HTtexts.html
153,CLINE_0153,HT 103,KI RA,,KI RA,KI RA,KI RA,2,2,1,https://web.archive.org/web/20190416193018/http://www.people.ku.edu/~jyounger/LinearA/HTtexts.html
154,CLINE_0154,HT 103,PA3,,PA3,PA3,PA3,1,1,1,https://web.archive.org/web/20190416193018/http://www.people.ku.edu/~jyounger/LinearA/HTtexts.html
155,CLINE_0155,HT 103,U TA2,,U TA2,U TA2,U TA2,2,2,1,https://web.archive.org/web/20190416193018/http://www.people.ku.edu/~jyounger/LinearA/HTtexts.html
156,CLINE_0156,HT 104,AB01 AB81 AB09 AB24 AB37,,AB01 AB81 AB09 AB24 AB37,AB01 AB81 AB09 AB24 AB37,AB01 AB81 AB09 AB24 AB37,5,5,1,http://sigla.phis.me/document/HT%20104/index-word.html
157,CLINE_0157,HT 104,AB03 AB01 AB58 AB37,,AB03 AB01 AB58 AB37,AB03 AB01 AB58 AB37,AB03 AB01 AB58 AB37,4,4,1,http://sigla.phis.me/document/HT%20104/index-word.html
158,CLINE_0158,HT 104,AB28 AB51 AB37,,AB28 AB51 AB37,AB28 AB51 AB37,AB28 AB51 AB37,3,3,1,http://sigla.phis.me/document/HT%20104/index-word.html
159,CLINE_0159,HT 104,AB59 AB03,,AB59 AB03,AB59 AB03,AB59 AB03,2,2,1,http://sigla.phis.me/document/HT%20104/index-word.html
160,CLINE_0160,HT 104,AB81 AB02,,AB81 AB02,AB81 AB02,AB81 AB02,2,2,1,http://sigla.phis.me/document/HT%20104/index-word.html
161,CLINE_0161,HT 104,DA KU SE NE TI,,DA KU SE NE TI,DA KU SE NE TI,DA KU SE NE TI,5,5,1,https://web.archive.org/web/20190416193018/http://www.people.ku.edu/~jyounger/LinearA/HTtexts.html
162,CLINE_0162,HT 104,I DU TI,,I DU TI,I DU TI,I DU TI,3,3,1,https://web.archive.org/web/20190416193018/http://www.people.ku.edu/~jyounger/LinearA/HTtexts.html
163,CLINE_0163,HT 104,KU RO,,KU RO,KU RO,KU RO,2,2,1,https://web.archive.org/web/20190416193018/http://www.people.ku.edu/~jyounger/LinearA/HTtexts.html
164,CLINE_0164,HT 104,PA DA SU TI,,PA DA SU TI,PA DA SU TI,PA DA SU TI,4,4,1,https://web.archive.org/web/20190416193018/http://www.people.ku.edu/~jyounger/LinearA/HTtexts.html
165,CLINE_0165,HT 104,TA PA,,TA PA,TA PA,TA PA,2,2,1,https://web.archive.org/web/20190416193018/http://www.people.ku.edu/~jyounger/LinearA/HTtexts.html
166,CLINE_0166,HT 104,TE RO,,TE RO,TE RO,TE RO,2,2,1,https://web.archive.org/web/20190416193018/http://www.people.ku.edu/~jyounger/LinearA/HTtexts.html
167,CLINE_0167,HT 105,KA PA[,,KA PA[,KA PA[,KA PA[,2,2,1,https://web.archive.org/web/20190416193018/http://www.people.ku.edu/~jyounger/LinearA/HTtexts.html
168,CLINE_0168,HT 105,SA RA2,,SA RA2,SA RA2,SA RA2,2,2,1,https://web.archive.org/web/20190416193018/http://www.people.ku.edu/~jyounger/LinearA/HTtexts.html
169,CLINE_0169,HT 105,VIR,,VIR,VIR,VIR,1,1,1,https://web.archive.org/web/20190416193018/http://www.people.ku.edu/~jyounger/LinearA/HTtexts.html
170,CLINE_0170,HT 105,]VIR,,]VIR,]VIR,]VIR,1,1,1,https://web.archive.org/web/20190416193018/http://www.people.ku.edu/~jyounger/LinearA/HTtexts.html
171,CLINE_0171,HT 106,MI NU TE,,MI NU TE,MI NU TE,MI NU TE,3,3,1,https://web.archive.org/web/20190416193018/http://www.people.ku.edu/~jyounger/LinearA/HTtexts.html
172,CLINE_0172,HT 108,AB07 AB06 AB02,,AB07 AB06 AB02,AB07 AB06 AB02,AB07 AB06 AB02,3,3,1,http://sigla.phis.me/document/HT%20108/index-word.html
173,CLINE_0173,HT 108,AB51 AB58 AB30,,AB51 AB58 AB30,AB51 AB58 AB30,AB51 AB58 AB30,3,3,1,http://sigla.phis.me/document/HT%20108/index-word.html
174,CLINE_0174,HT 108,AB67 AB27 AB59 AB06,,AB67 AB27 AB59 AB06,AB67 AB27 AB59 AB06,AB67 AB27 AB59 AB06,4,4,1,http://sigla.phis.me/document/HT%20108/index-word.html
175,CLINE_0175,HT 108,DI NA RO,,DI NA RO,DI NA RO,DI NA RO,3,3,1,https://web.archive.org/web/20190416193018/http://www.people.ku.edu/~jyounger/LinearA/HTtexts.html
176,CLINE_0176,HT 108,DU SU NI,,DU SU NI,DU SU NI,DU SU NI,3,3,1,https://web.archive.org/web/20190416193018/http://www.people.ku.edu/~jyounger/LinearA/HTtexts.html
177,CLINE_0177,HT 108,GRA H,,GRA H,GRA H,GRA H,2,2,1,https://web.archive.org/web/20190416193018/http://www.people.ku.edu/~jyounger/LinearA/HTtexts.html
178,CLINE_0178,HT 108,KI RE TA NA,,KI RE TA NA,KI RE TA NA,KI RE TA NA,4,4,1,https://web.archive.org/web/20190416193018/http://www.people.ku.edu/~jyounger/LinearA/HTtexts.html
179,CLINE_0179,HT 108,VIR,,VIR,VIR,VIR,1,1,1,https://web.archive.org/web/20190416193018/http://www.people.ku.edu/~jyounger/LinearA/HTtexts.html
180,CLINE_0180,HT 108,[?] AB76 AB37 AB65,,[?] AB76 AB37 AB65,[?] AB76 AB37 AB65,[?] AB76 AB37 AB65,4,4,1,http://sigla.phis.me/document/HT%20108/index-word.html
181,CLINE_0181,HT 109,A RA JU,,A RA JU,A RA JU,A RA JU,3,3,1,https://web.archive.org/web/20190416193018/http://www.people.ku.edu/~jyounger/LinearA/HTtexts.html
182,CLINE_0182,HT 109,AB08 AB60 AB65,,AB08 AB60 AB65,AB08 AB60 AB65,AB08 AB60 AB65,3,3,1,http://sigla.phis.me/document/HT%20109/index-word.html
183,CLINE_0183,HT 109,AB27,,AB27,AB27,AB27,1,1,1,http://sigla.phis.me/document/HT%20109/index-word.html
184,CLINE_0184,HT 109,AB59,,AB59,AB59,AB59,1,1,1,http://sigla.phis.me/document/HT%20109/index-word.html
185,CLINE_0185,HT 109,AB81 AB02,,AB81 AB02,AB81 AB02,AB81 AB02,2,2,1,http://sigla.phis.me/document/HT%20109/index-word.html
186,CLINE_0186,HT 109,KU RO,,KU RO,KU RO,KU RO,2,2,1,https://web.archive.org/web/20190416193018/http://www.people.ku.edu/~jyounger/LinearA/HTtexts.html
187,CLINE_0187,HT 10A,A305 AB26,,A305 AB26,A305 AB26,A305 AB26,2,2,1,http://sigla.phis.me/document/HT%2010a/index-word.html
188,CLINE_0188,HT 10A,AB01 AB27,,AB01 AB27,AB01 AB27,AB01 AB27,2,2,1,http://sigla.phis.me/document/HT%2010a/index-word.html
189,CLINE_0189,HT 10A,AB01 AB53 AB01,,AB01 AB53 AB01,AB01 AB53 AB01,AB01 AB53 AB01,3,3,1,http://sigla.phis.me/document/HT%2010a/index-word.html
190,CLINE_0190,HT 10A,AB10 A325 AB17,,AB10 A325 AB17,AB10 A325 AB17,AB10 A325 AB17,3,3,2,http://sigla.phis.me/document/HT%2010a/index-word.html
191,CLINE_0191,HT 10A,AB13 AB17,,AB13 AB17,AB13 AB17,AB13 AB17,2,2,1,http://sigla.phis.me/document/HT%2010a/index-word.html
192,CLINE_0192,HT 10A,AB31 AB80,,AB31 AB80,AB31 AB80,AB31 AB80,2,2,1,http://sigla.phis.me/document/HT%2010a/index-word.html
193,CLINE_0193,HT 10A,AB81 AB30 AB58,,AB81 AB30 AB58,AB81 AB30 AB58,AB81 AB30 AB58,3,3,1,http://sigla.phis.me/document/HT%2010a/index-word.html
194,CLINE_0194,HT 10B,A312 AB59,,A312 AB59,A312 AB59,A312 AB59,2,2,1,http://sigla.phis.me/document/HT%2010b/index-word.html
195,CLINE_0195,HT 10B,AB01 AB27,,AB01 AB27,AB01 AB27,AB01 AB27,2,2,1,http://sigla.phis.me/document/HT%2010b/index-word.html
196,CLINE_0196,HT 10B,AB10 AB37,,AB10 AB37,AB10 AB37,AB10 AB37,2,2,1,http://sigla.phis.me/document/HT%2010b/index-word.html
197,CLINE_0197,HT 10B,AB59 AB06 AB37,,AB59 AB06 AB37,AB59 AB06 AB37,AB59 AB06 AB37,3,3,1,http://sigla.phis.me/document/HT%2010b/index-word.html
198,CLINE_0198,HT 10B,AB59 AB53 AB06,,AB59 AB53 AB06,AB59 AB53 AB06,AB59 AB53 AB06,3,3,1,http://sigla.phis.me/document/HT%2010b/index-word.html
199,CLINE_0199,HT 10B,AB77 AB31 AB26,,AB77 AB31 AB26,AB77 AB31 AB26,AB77 AB31 AB26,3,3,1,http://sigla.phis.me/document/HT%2010b/index-word.html
200,CLINE_0200,HT 11,A RU RA,,A RU RA,A RU RA,A RU RA,3,3,1,https://web.archive.org/web/20190416193018/http://www.people.ku.edu/~jyounger/LinearA/HTtexts.html
201,CLINE_0201,HT 11,A SU JA,,A SU JA,A SU JA,A SU JA,3,3,1,https://web.archive.org/web/20190416193018/http://www.people.ku.edu/~jyounger/LinearA/HTtexts.html
202,CLINE_0202,HT 11,DE NU,,DE NU,DE NU,DE NU,2,2,1,https://web.archive.org/web/20190416193018/http://www.people.ku.edu/~jyounger/LinearA/HTtexts.html
203,CLINE_0203,HT 11,KA RO NA,,KA RO NA,KA RO NA,KA RO NA,3,3,1,https://web.archive.org/web/20190416193018/http://www.people.ku.edu/~jyounger/LinearA/HTtexts.html
204,CLINE_0204,HT 11,KU RO,,KU RO,KU RO,KU RO,2,2,2,https://web.archive.org/web/20190416193018/http://www.people.ku.edu/~jyounger/LinearA/HTtexts.html
205,CLINE_0205,HT 11,RU RA2,,RU RA2,RU RA2,RU RA2,2,2,1,https://web.archive.org/web/20190416193018/http://www.people.ku.edu/~jyounger/LinearA/HTtexts.html
206,CLINE_0206,HT 11,RU ZU NA,,RU ZU NA,RU ZU NA,RU ZU NA,3,3,1,https://web.archive.org/web/20190416193018/http://www.people.ku.edu/~jyounger/LinearA/HTtexts.html
207,CLINE_0207,HT 11,SA QE RI,,SA QE RI,SA QE RI,SA QE RI,3,3,1,https://web.archive.org/web/20190416193018/http://www.people.ku.edu/~jyounger/LinearA/HTtexts.html
208,CLINE_0208,HT 11,TA2,,TA2,TA2,TA2,1,1,1,https://web.archive.org/web/20190416193018/http://www.people.ku.edu/~jyounger/LinearA/HTtexts.html
209,CLINE_0209,HT 11,VIR I,,VIR I,VIR I,VIR I,2,2,1,https://web.archive.org/web/20190416193018/http://www.people.ku.edu/~jyounger/LinearA/HTtexts.html
210,CLINE_0210,HT 110,*400VAS RI,,*400VAS RI,*400VAS RI,*400VAS RI,2,2,1,https://web.archive.org/web/20190416193018/http://www.people.ku.edu/~jyounger/LinearA/HTtexts.html
211,CLINE_0211,HT 110,FIC,,FIC,FIC,FIC,1,1,1,https://web.archive.org/web/20190416193018/http://www.people.ku.edu/~jyounger/LinearA/HTtexts.html
212,CLINE_0212,HT 110,KU PA,,KU PA,KU PA,KU PA,2,2,1,https://web.archive.org/web/20190416193018/http://www.people.ku.edu/~jyounger/LinearA/HTtexts.html
213,CLINE_0213,HT 110,KU RO,,KU RO,KU RO,KU RO,2,2,1,https://web.archive.org/web/20190416193018/http://www.people.ku.edu/~jyounger/LinearA/HTtexts.html
214,CLINE_0214,HT 110,SI DU KU MI,,SI DU KU MI,SI DU KU MI,SI DU KU MI,4,4,1,https://web.archive.org/web/20190416193018/http://www.people.ku.edu/~jyounger/LinearA/HTtexts.html
215,CLINE_0215,HT 110,]FIC,,]FIC,]FIC,]FIC,1,1,1,https://web.archive.org/web/20190416193018/http://www.people.ku.edu/~jyounger/LinearA/HTtexts.html
216,CLINE_0216,HT 110A,AB41 AB51 AB34 AB81 AB73,,AB41 AB51 AB34 AB81 AB73,AB41 AB51 AB34 AB81 AB73,AB41 AB51 AB34 AB81 AB73,5,5,1,http://sigla.phis.me/document/HT%20110a/index-word.html
217,CLINE_0217,HT 110A,AB81 AB02,,AB81 AB02,AB81 AB02,AB81 AB02,2,2,1,http://sigla.phis.me/document/HT%20110a/index-word.html
218,CLINE_0218,HT 110A,AB81 AB03,,AB81 AB03,AB81 AB03,AB81 AB03,2,2,1,http://sigla.phis.me/document/HT%20110a/index-word.html
219,CLINE_0219,HT 110B,AB02,,AB02,AB02,AB02,1,1,1,http://sigla.phis.me/document/HT%20110b/index-word.html
220,CLINE_0220,HT 111,QA QA RU,,QA QA RU,QA QA RU,QA QA RU,3,3,1,https://web.archive.org/web/20190416193018/http://www.people.ku.edu/~jyounger/LinearA/HTtexts.html
221,CLINE_0221,HT 111,QA SA,,QA SA,QA SA,QA SA,2,2,1,https://web.archive.org/web/20190416193018/http://www.people.ku.edu/~jyounger/LinearA/HTtexts.html
222,CLINE_0222,HT 111,SA DI,,SA DI,SA DI,SA DI,2,2,1,https://web.archive.org/web/20190416193018/http://www.people.ku.edu/~jyounger/LinearA/HTtexts.html
223,CLINE_0223,HT 111,]FIC,,]FIC,]FIC,]FIC,1,1,1,https://web.archive.org/web/20190416193018/http://www.people.ku.edu/~jyounger/LinearA/HTtexts.html
224,CLINE_0224,HT 111,]QE KA,,]QE KA,]QE KA,]QE KA,2,2,1,https://web.archive.org/web/20190416193018/http://www.people.ku.edu/~jyounger/LinearA/HTtexts.html
225,CLINE_0225,HT 112,OVISF[,,OVISF[,OVISF[,OVISF[,1,1,1,https://web.archive.org/web/20190416193018/http://www.people.ku.edu/~jyounger/LinearA/HTtexts.html
226,CLINE_0226,HT 112,]TU PA,,]TU PA,]TU PA,]TU PA,2,2,1,https://web.archive.org/web/20190416193018/http://www.people.ku.edu/~jyounger/LinearA/HTtexts.html
227,CLINE_0227,HT 112A,AB69 AB03,,AB69 AB03,AB69 AB03,AB69 AB03,2,2,1,http://sigla.phis.me/document/HT%20112a/index-word.html
228,CLINE_0228,HT 113,AB40 AB31,,AB40 AB31,AB40 AB31,AB40 AB31,2,2,1,http://sigla.phis.me/document/HT%20113/index-word.html
229,CLINE_0229,HT 113,AB60 AB53 AB45,,AB60 AB53 AB45,AB60 AB53 AB45,AB60 AB53 AB45,3,3,1,http://sigla.phis.me/document/HT%20113/index-word.html
230,CLINE_0230,HT 113,RA RI DE[,,RA RI DE[,RA RI DE[,RA RI DE[,3,3,1,https://web.archive.org/web/20190416193018/http://www.people.ku.edu/~jyounger/LinearA/HTtexts.html
231,CLINE_0231,HT 113,]WI SA,,]WI SA,]WI SA,]WI SA,2,2,1,https://web.archive.org/web/20190416193018/http://www.people.ku.edu/~jyounger/LinearA/HTtexts.html
232,CLINE_0232,HT 113 TER,AB73 [?],,AB73 [?],AB73 [?],AB73 [?],2,2,1,http://sigla.phis.me/document/HT%20113%20ter/index-word.html
233,CLINE_0233,HT 114,BOSM,,BOSM,BOSM,BOSM,1,1,1,https://web.archive.org/web/20190416193018/http://www.people.ku.edu/~jyounger/LinearA/HTtexts.html
234,CLINE_0234,HT 114,FIC,,FIC,FIC,FIC,1,1,1,https://web.archive.org/web/20190416193018/http://www.people.ku.edu/~jyounger/LinearA/HTtexts.html
235,CLINE_0235,HT 114,GRA,,GRA,GRA,GRA,1,1,1,https://web.archive.org/web/20190416193018/http://www.people.ku.edu/~jyounger/LinearA/HTtexts.html
236,CLINE_0236,HT 114,KI RI TA2,,KI RI TA2,KI RI TA2,KI RI TA2,3,3,1,https://web.archive.org/web/20190416193018/http://www.people.ku.edu/~jyounger/LinearA/HTtexts.html
237,CLINE_0237,HT 114,OLE,,OLE,OLE,OLE,1,1,1,https://web.archive.org/web/20190416193018/http://www.people.ku.edu/~jyounger/LinearA/HTtexts.html
238,CLINE_0238,HT 114,SA RA2,,SA RA2,SA RA2,SA RA2,2,2,1,https://web.archive.org/web/20190416193018/http://www.people.ku.edu/~jyounger/LinearA/HTtexts.html
239,CLINE_0239,HT 114,SA VINA,,SA VINA,SA VINA,SA VINA,2,2,1,https://web.archive.org/web/20190416193018/http://www.people.ku.edu/~jyounger/LinearA/HTtexts.html
240,CLINE_0240,HT 114,VINA,,VINA,VINA,VINA,1,1,1,https://web.archive.org/web/20190416193018/http://www.people.ku.edu/~jyounger/LinearA/HTtexts.html
241,CLINE_0241,HT 114A,AB31 AB76,,AB31 AB76,AB31 AB76,AB31 AB76,2,2,1,http://sigla.phis.me/document/HT%20114a/index-word.html
242,CLINE_0242,HT 114A,AB67 AB53 AB66,,AB67 AB53 AB66,AB67 AB53 AB66,AB67 AB53 AB66,3,3,1,http://sigla.phis.me/document/HT%20114a/index-word.html
243,CLINE_0243,HT 115,A SE JA,,A SE JA,A SE JA,A SE JA,3,3,1,https://web.archive.org/web/20190416193018/http://www.people.ku.edu/~jyounger/LinearA/HTtexts.html
244,CLINE_0244,HT 115,DU PA3 NA,,DU PA3 NA,DU PA3 NA,DU PA3 NA,3,3,1,https://web.archive.org/web/20190416193018/http://www.people.ku.edu/~jyounger/LinearA/HTtexts.html
245,CLINE_0245,HT 115,GRA,,GRA,GRA,GRA,1,1,1,https://web.archive.org/web/20190416193018/http://www.people.ku.edu/~jyounger/LinearA/HTtexts.html
246,CLINE_0246,HT 115,I GRA *22M,,I GRA *22M,I GRA *22M,I GRA *22M,3,3,1,https://web.archive.org/web/20190416193018/http://www.people.ku.edu/~jyounger/LinearA/HTtexts.html
247,CLINE_0247,HT 115,KA PO RU,,KA PO RU,KA PO RU,KA PO RU,3,3,1,https://web.archive.org/web/20190416193018/http://www.people.ku.edu/~jyounger/LinearA/HTtexts.html
248,CLINE_0248,HT 115,KU RU MA,,KU RU MA,KU RU MA,KU RU MA,3,3,1,https://web.archive.org/web/20190416193018/http://www.people.ku.edu/~jyounger/LinearA/HTtexts.html
249,CLINE_0249,HT 115,KU TA[,,KU TA[,KU TA[,KU TA[,2,2,1,https://web.archive.org/web/20190416193018/http://www.people.ku.edu/~jyounger/LinearA/HTtexts.html
250,CLINE_0250,HT 115,NA QIF NE MI NA,,NA QIF NE MI NA,NA QIF NE MI NA,NA QIF NE MI NA,5,5,1,https://web.archive.org/web/20190416193018/http://www.people.ku.edu/~jyounger/LinearA/HTtexts.html
251,CLINE_0251,HT 115,NU RA JA,,NU RA JA,NU RA JA,NU RA JA,3,3,1,https://web.archive.org/web/20190416193018/http://www.people.ku.edu/~jyounger/LinearA/HTtexts.html
252,CLINE_0252,HT 115,PA RA NE,,PA RA NE,PA RA NE,PA RA NE,3,3,1,https://web.archive.org/web/20190416193018/http://www.people.ku.edu/~jyounger/LinearA/HTtexts.html
253,CLINE_0253,HT 115,RI TA MA NU WI,,RI TA MA NU WI,RI TA MA NU WI,RI TA MA NU WI,5,5,1,https://web.archive.org/web/20190416193018/http://www.people.ku.edu/~jyounger/LinearA/HTtexts.html
254,CLINE_0254,HT 115,SE KU TU,,SE KU TU,SE KU TU,SE KU TU,3,3,1,https://web.archive.org/web/20190416193018/http://www.people.ku.edu/~jyounger/LinearA/HTtexts.html
255,CLINE_0255,HT 115,TI NU JA NU WI,,TI NU JA NU WI,TI NU JA NU WI,TI NU JA NU WI,5,5,1,https://web.archive.org/web/20190416193018/http://www.people.ku.edu/~jyounger/LinearA/HTtexts.html
256,CLINE_0256,HT 115,TU JA,,TU JA,TU JA,TU JA,2,2,1,https://web.archive.org/web/20190416193018/http://www.people.ku.edu/~jyounger/LinearA/HTtexts.html
257,CLINE_0257,HT 115,]RU PA RA NE,,]RU PA RA NE,]RU PA RA NE,]RU PA RA NE,4,4,1,https://web.archive.org/web/20190416193018/http://www.people.ku.edu/~jyounger/LinearA/HTtexts.html
258,CLINE_0258,HT 115A,AB03 AB60 AB24,,AB03 AB60 AB24,AB03 AB60 AB24,AB03 AB60 AB24,3,3,1,http://sigla.phis.me/document/HT%20115a/index-word.html
259,CLINE_0259,HT 115A,AB06 AB21F AB24 AB73 AB06,,AB06 AB21F AB24 AB73 AB06,AB06 AB21F AB24 AB73 AB06,AB06 AB21F AB24 AB73 AB06,5,5,1,http://sigla.phis.me/document/HT%20115a/index-word.html
260,CLINE_0260,HT 115A,AB08 AB09 AB57 A718,,AB08 AB09 AB57 A718,AB08 AB09 AB57 A718,AB08 AB09 AB57 A718,4,4,1,http://sigla.phis.me/document/HT%20115a/index-word.html
261,CLINE_0261,HT 115A,AB09 AB81 AB69,,AB09 AB81 AB69,AB09 AB81 AB69,AB09 AB81 AB69,3,3,1,http://sigla.phis.me/document/HT%20115a/index-word.html
262,CLINE_0262,HT 115A,AB47 AB55 AB60 AB56,,AB47 AB55 AB60 AB56,AB47 AB55 AB60 AB56,AB47 AB55 AB60 AB56,4,4,1,http://sigla.phis.me/document/HT%20115a/index-word.html
263,CLINE_0263,HT 115A,AB53 AB59 AB80 AB55 AB40,,AB53 AB59 AB80 AB55 AB40,AB53 AB59 AB80 AB55 AB40,AB53 AB59 AB80 AB55 AB40,5,5,1,http://sigla.phis.me/document/HT%20115a/index-word.html
264,CLINE_0264,HT 115A,AB77 AB11 AB26,,AB77 AB11 AB26,AB77 AB11 AB26,AB77 AB11 AB26,3,3,1,http://sigla.phis.me/document/HT%20115a/index-word.html
265,CLINE_0265,HT 115B,A306 AB69 AB57,,A306 AB69 AB57,A306 AB69 AB57,A306 AB69 AB57,3,3,1,http://sigla.phis.me/document/HT%20115b/index-word.html
266,CLINE_0266,HT 115B,AB03 AB60 AB24,,AB03 AB60 AB24,AB03 AB60 AB24,AB03 AB60 AB24,3,3,1,http://sigla.phis.me/document/HT%20115b/index-word.html
267,CLINE_0267,HT 115B,AB08 AB28 [?] [?],,AB08 AB28 [?] [?],AB08 AB28 [?] [?],AB08 AB28 [?] [?],4,4,1,http://sigla.phis.me/document/HT%20115b/index-word.html
268,CLINE_0268,HT 115B,AB26,,AB26,AB26,AB26,1,1,1,http://sigla.phis.me/document/HT%20115b/index-word.html
269,CLINE_0269,HT 115B,AB37 AB55 AB57,,AB37 AB55 AB57,AB37 AB55 AB57,AB37 AB55 AB57,3,3,1,http://sigla.phis.me/document/HT%20115b/index-word.html
270,CLINE_0270,HT 115B,AB51 AB56 AB06,,AB51 AB56 AB06,AB51 AB56 AB06,AB51 AB56 AB06,3,3,1,http://sigla.phis.me/document/HT%20115b/index-word.html
271,CLINE_0271,HT 115B,AB55 AB40,,AB55 AB40,AB55 AB40,AB55 AB40,2,2,1,http://sigla.phis.me/document/HT%20115b/index-word.html
272,CLINE_0272,HT 115B,AB81 AB26 AB80,,AB81 AB26 AB80,AB81 AB26 AB80,AB81 AB26 AB80,3,3,1,http://sigla.phis.me/document/HT%20115b/index-word.html
273,CLINE_0273,HT 115B,AB81 AB59,,AB81 AB59,AB81 AB59,AB81 AB59,2,2,1,http://sigla.phis.me/document/HT%20115b/index-word.html
274,CLINE_0274,HT 116,KU PA JA,,KU PA JA,KU PA JA,KU PA JA,3,3,1,https://web.archive.org/web/20190416193018/http://www.people.ku.edu/~jyounger/LinearA/HTtexts.html
275,CLINE_0275,HT 116,KU RO,,KU RO,KU RO,KU RO,2,2,1,https://web.archive.org/web/20190416193018/http://www.people.ku.edu/~jyounger/LinearA/HTtexts.html
276,CLINE_0276,HT 116,PI TE,,PI TE,PI TE,PI TE,2,2,1,https://web.archive.org/web/20190416193018/http://www.people.ku.edu/~jyounger/LinearA/HTtexts.html
277,CLINE_0277,HT 116,PU RA2,,PU RA2,PU RA2,PU RA2,2,2,1,https://web.archive.org/web/20190416193018/http://www.people.ku.edu/~jyounger/LinearA/HTtexts.html
278,CLINE_0278,HT 116,QA NU MA,,QA NU MA,QA NU MA,QA NU MA,3,3,1,https://web.archive.org/web/20190416193018/http://www.people.ku.edu/~jyounger/LinearA/HTtexts.html
279,CLINE_0279,HT 116,SI KI NE,,SI KI NE,SI KI NE,SI KI NE,3,3,1,https://web.archive.org/web/20190416193018/http://www.people.ku.edu/~jyounger/LinearA/HTtexts.html
280,CLINE_0280,HT 116,SI SE,,SI SE,SI SE,SI SE,2,2,1,https://web.archive.org/web/20190416193018/http://www.people.ku.edu/~jyounger/LinearA/HTtexts.html
281,CLINE_0281,HT 116,U TA RO,,U TA RO,U TA RO,U TA RO,3,3,1,https://web.archive.org/web/20190416193018/http://www.people.ku.edu/~jyounger/LinearA/HTtexts.html
282,CLINE_0282,HT 116A,AB10 AB59 AB02,,AB10 AB59 AB02,AB10 AB59 AB02,AB10 AB59 AB02,3,3,1,http://sigla.phis.me/document/HT%20116a/index-word.html
283,CLINE_0283,HT 116A,AB16 AB55 AB80,,AB16 AB55 AB80,AB16 AB55 AB80,AB16 AB55 AB80,3,3,1,http://sigla.phis.me/document/HT%20116a/index-word.html
284,CLINE_0284,HT 116A,AB39 AB34 AB04,,AB39 AB34 AB04,AB39 AB34 AB04,AB39 AB34 AB04,3,3,1,http://sigla.phis.me/document/HT%20116a/index-word.html
285,CLINE_0285,HT 116A,AB41 AB67 AB24,,AB41 AB67 AB24,AB41 AB67 AB24,AB41 AB67 AB24,3,3,1,http://sigla.phis.me/document/HT%20116a/index-word.html
286,CLINE_0286,HT 116A,AB50 AB76,,AB50 AB76,AB50 AB76,AB50 AB76,2,2,1,http://sigla.phis.me/document/HT%20116a/index-word.html
287,CLINE_0287,HT 116A,AB81 AB03 AB57,,AB81 AB03 AB57,AB81 AB03 AB57,AB81 AB03 AB57,3,3,1,http://sigla.phis.me/document/HT%20116a/index-word.html
288,CLINE_0288,HT 116B,AB81 AB02,,AB81 AB02,AB81 AB02,AB81 AB02,2,2,1,http://sigla.phis.me/document/HT%20116b/index-word.html
289,CLINE_0289,HT 117,DA MI NU,,DA MI NU,DA MI NU,DA MI NU,3,3,1,https://web.archive.org/web/20190416193018/http://www.people.ku.edu/~jyounger/LinearA/HTtexts.html
290,CLINE_0290,HT 117,DA NE KU TI,,DA NE KU TI,DA NE KU TI,DA NE KU TI,4,4,1,https://web.archive.org/web/20190416193018/http://www.people.ku.edu/~jyounger/LinearA/HTtexts.html
291,CLINE_0291,HT 117,DI KI SE,,DI KI SE,DI KI SE,DI KI SE,3,3,1,https://web.archive.org/web/20190416193018/http://www.people.ku.edu/~jyounger/LinearA/HTtexts.html
292,CLINE_0292,HT 117,KI DA RO,,KI DA RO,KI DA RO,KI DA RO,3,3,1,https://web.archive.org/web/20190416193018/http://www.people.ku.edu/~jyounger/LinearA/HTtexts.html
293,CLINE_0293,HT 117,KO SA I TI,,KO SA I TI,KO SA I TI,KO SA I TI,4,4,1,https://web.archive.org/web/20190416193018/http://www.people.ku.edu/~jyounger/LinearA/HTtexts.html
294,CLINE_0294,HT 117,KU KU DA RA,,KU KU DA RA,KU KU DA RA,KU KU DA RA,4,4,1,https://web.archive.org/web/20190416193018/http://www.people.ku.edu/~jyounger/LinearA/HTtexts.html
295,CLINE_0295,HT 117,KU PA3 NU,,KU PA3 NU,KU PA3 NU,KU PA3 NU,3,3,1,https://web.archive.org/web/20190416193018/http://www.people.ku.edu/~jyounger/LinearA/HTtexts.html
296,CLINE_0296,HT 117,KU RA MU,,KU RA MU,KU RA MU,KU RA MU,3,3,1,https://web.archive.org/web/20190416193018/http://www.people.ku.edu/~jyounger/LinearA/HTtexts.html
297,CLINE_0297,HT 117,KU RE JU,,KU RE JU,KU RE JU,KU RE JU,3,3,1,https://web.archive.org/web/20190416193018/http://www.people.ku.edu/~jyounger/LinearA/HTtexts.html
298,CLINE_0298,HT 117,KU RO,,KU RO,KU RO,KU RO,2,2,1,https://web.archive.org/web/20190416193018/http://www.people.ku.edu/~jyounger/LinearA/HTtexts.html
299,CLINE_0299,HT 117,MA KA RI TE KI RO U MI NA SI,,MA KA RI TE KI RO U MI NA SI,MA KA RI TE KI RO U MI NA SI,MA KA RI TE KI RO U MI NA SI,10,10,1,https://web.archive.org/web/20190416193018/http://www.people.ku.edu/~jyounger/LinearA/HTtexts.html
300,CLINE_0300,HT 117,MA RU,,MA RU,MA RU,MA RU,2,2,1,https://web.archive.org/web/20190416193018/http://www.people.ku.edu/~jyounger/LinearA/HTtexts.html
301,CLINE_0301,HT 117,MI RU TA RA RE,,MI RU TA RA RE,MI RU TA RA RE,MI RU TA RA RE,5,5,1,https://web.archive.org/web/20190416193018/http://www.people.ku.edu/~jyounger/LinearA/HTtexts.html
302,CLINE_0302,HT 117,MI TU,,MI TU,MI TU,MI TU,2,2,1,https://web.archive.org/web/20190416193018/http://www.people.ku.edu/~jyounger/LinearA/HTtexts.html
303,CLINE_0303,HT 117,NA DA RE,,NA DA RE,NA DA RE,NA DA RE,3,3,1,https://web.archive.org/web/20190416193018/http://www.people.ku.edu/~jyounger/LinearA/HTtexts.html
304,CLINE_0304,HT 117,QIF TU NE,,QIF TU NE,QIF TU NE,QIF TU NE,3,3,1,https://web.archive.org/web/20190416193018/http://www.people.ku.edu/~jyounger/LinearA/HTtexts.html
305,CLINE_0305,HT 117,SA TA,,SA TA,SA TA,SA TA,2,2,1,https://web.archive.org/web/20190416193018/http://www.people.ku.edu/~jyounger/LinearA/HTtexts.html
306,CLINE_0306,HT 117,TE JA RE,,TE JA RE,TE JA RE,TE JA RE,3,3,1,https://web.archive.org/web/20190416193018/http://www.people.ku.edu/~jyounger/LinearA/HTtexts.html
307,CLINE_0307,HT 117,TU JU MA,,TU JU MA,TU JU MA,TU JU MA,3,3,1,https://web.archive.org/web/20190416193018/http://www.people.ku.edu/~jyounger/LinearA/HTtexts.html
308,CLINE_0308,HT 117,U DI MI,,U DI MI,U DI MI,U DI MI,3,3,1,https://web.archive.org/web/20190416193018/http://www.people.ku.edu/~jyounger/LinearA/HTtexts.html
309,CLINE_0309,HT 117,U SU,,U SU,U SU,U SU,2,2,1,https://web.archive.org/web/20190416193018/http://www.people.ku.edu/~jyounger/LinearA/HTtexts.html
310,CLINE_0310,HT 117A,AB01 AB24 AB81 AB37,,AB01 AB24 AB81 AB37,AB01 AB24 AB81 AB37,AB01 AB24 AB81 AB37,4,4,1,http://sigla.phis.me/document/HT%20117a/index-word.html
311,CLINE_0311,HT 117A,AB01 AB73 AB55,,AB01 AB73 AB55,AB01 AB73 AB55,AB01 AB73 AB55,3,3,1,http://sigla.phis.me/document/HT%20117a/index-word.html
312,CLINE_0312,HT 117A,AB04 AB56 AB27,,AB04 AB56 AB27,AB04 AB56 AB27,AB04 AB56 AB27,3,3,1,http://sigla.phis.me/document/HT%20117a/index-word.html
313,CLINE_0313,HT 117A,AB06 AB01 AB27,,AB06 AB01 AB27,AB06 AB01 AB27,AB06 AB01 AB27,3,3,1,http://sigla.phis.me/document/HT%20117a/index-word.html
314,CLINE_0314,HT 117A,AB10 AB07 AB73,,AB10 AB07 AB73,AB10 AB07 AB73,AB10 AB07 AB73,3,3,1,http://sigla.phis.me/document/HT%20117a/index-word.html
315,CLINE_0315,HT 117A,AB10 AB58,,AB10 AB58,AB10 AB58,AB10 AB58,2,2,1,http://sigla.phis.me/document/HT%20117a/index-word.html
316,CLINE_0316,HT 117A,AB10 AB73 AB06 AB41,,AB10 AB73 AB06 AB41,AB10 AB73 AB06 AB41,AB10 AB73 AB06 AB41,4,4,1,http://sigla.phis.me/document/HT%20117a/index-word.html
317,CLINE_0317,HT 117A,AB31 AB59,,AB31 AB59,AB31 AB59,AB31 AB59,2,2,1,http://sigla.phis.me/document/HT%20117a/index-word.html
318,CLINE_0318,HT 117A,AB67 AB01 AB02,,AB67 AB01 AB02,AB67 AB01 AB02,AB67 AB01 AB02,3,3,1,http://sigla.phis.me/document/HT%20117a/index-word.html
319,CLINE_0319,HT 117A,AB67 AB02,,AB67 AB02,AB67 AB02,AB67 AB02,2,2,1,http://sigla.phis.me/document/HT%20117a/index-word.html
320,CLINE_0320,HT 117A,AB69 AB65 AB80,,AB69 AB65 AB80,AB69 AB65 AB80,AB69 AB65 AB80,3,3,1,http://sigla.phis.me/document/HT%20117a/index-word.html
321,CLINE_0321,HT 117A,AB70 AB31 AB28 AB37,,AB70 AB31 AB28 AB37,AB70 AB31 AB28 AB37,AB70 AB31 AB28 AB37,4,4,1,http://sigla.phis.me/document/HT%20117a/index-word.html
322,CLINE_0322,HT 117A,AB73 AB26 AB59 AB60 AB27,,AB73 AB26 AB59 AB60 AB27,AB73 AB26 AB59 AB60 AB27,AB73 AB26 AB59 AB60 AB27,5,5,1,http://sigla.phis.me/document/HT%20117a/index-word.html
323,CLINE_0323,HT 117A,AB73 AB69,,AB73 AB69,AB73 AB69,AB73 AB69,2,2,1,http://sigla.phis.me/document/HT%20117a/index-word.html
324,CLINE_0324,HT 117A,AB80 AB26,,AB80 AB26,AB80 AB26,AB80 AB26,2,2,1,http://sigla.phis.me/document/HT%20117a/index-word.html
325,CLINE_0325,HT 117A,AB80 AB77 AB53 AB04,,AB80 AB77 AB53 AB04,AB80 AB77 AB53 AB04,AB80 AB77 AB53 AB04,4,4,1,http://sigla.phis.me/document/HT%20117a/index-word.html
326,CLINE_0326,HT 117A,AB81 AB02,,AB81 AB02,AB81 AB02,AB81 AB02,2,2,1,http://sigla.phis.me/document/HT%20117a/index-word.html
327,CLINE_0327,HT 117A,AB81 AB56 AB55,,AB81 AB56 AB55,AB81 AB56 AB55,AB81 AB56 AB55,3,3,1,http://sigla.phis.me/document/HT%20117a/index-word.html
328,CLINE_0328,HT 117A,AB81 AB60 AB23,,AB81 AB60 AB23,AB81 AB60 AB23,AB81 AB60 AB23,3,3,1,http://sigla.phis.me/document/HT%20117a/index-word.html
329,CLINE_0329,HT 117A,AB81 AB81 AB01 AB60,,AB81 AB81 AB01 AB60,AB81 AB81 AB01 AB60,AB81 AB81 AB01 AB60,4,4,1,http://sigla.phis.me/document/HT%20117a/index-word.html
330,CLINE_0330,HT 117B,AB07 AB67 AB09,,AB07 AB67 AB09,AB07 AB67 AB09,AB07 AB67 AB09,3,3,1,http://sigla.phis.me/document/HT%20117b/index-word.html
331,CLINE_0331,HT 117B,AB21F AB69 AB24,,AB21F AB69 AB24,AB21F AB69 AB24,AB21F AB69 AB24,3,3,1,http://sigla.phis.me/document/HT%20117b/index-word.html
332,CLINE_0332,HT 117B,AB81 AB27 AB65,,AB81 AB27 AB65,AB81 AB27 AB65,AB81 AB27 AB65,3,3,1,http://sigla.phis.me/document/HT%20117b/index-word.html
333,CLINE_0333,HT 118,A RI SU,,A RI SU,A RI SU,A RI SU,3,3,1,https://web.archive.org/web/20190416193018/http://www.people.ku.edu/~jyounger/LinearA/HTtexts.html
334,CLINE_0334,HT 118,AB08 AB53 AB58,,AB08 AB53 AB58,AB08 AB53 AB58,AB08 AB53 AB58,3,3,1,http://sigla.phis.me/document/HT%20118/index-word.html
335,CLINE_0335,HT 118,AB16 AB16 AB26,,AB16 AB16 AB26,AB16 AB16 AB26,AB16 AB16 AB26,3,3,1,http://sigla.phis.me/document/HT%20118/index-word.html
336,CLINE_0336,HT 118,AB53 AB26 AB80,,AB53 AB26 AB80,AB53 AB26 AB80,AB53 AB26 AB80,3,3,1,http://sigla.phis.me/document/HT%20118/index-word.html
337,CLINE_0337,HT 118,AB80 AB07,,AB80 AB07,AB80 AB07,AB80 AB07,2,2,1,http://sigla.phis.me/document/HT%20118/index-word.html
338,CLINE_0338,HT 118,AB81 AB02,,AB81 AB02,AB81 AB02,AB81 AB02,2,2,1,http://sigla.phis.me/document/HT%20118/index-word.html
339,CLINE_0339,HT 118,KU RO,,KU RO,KU RO,KU RO,2,2,1,https://web.archive.org/web/20190416193018/http://www.people.ku.edu/~jyounger/LinearA/HTtexts.html
340,CLINE_0340,HT 118,MA DI,,MA DI,MA DI,MA DI,2,2,1,https://web.archive.org/web/20190416193018/http://www.people.ku.edu/~jyounger/LinearA/HTtexts.html
341,CLINE_0341,HT 118,QA QA RU,,QA QA RU,QA QA RU,QA QA RU,3,3,1,https://web.archive.org/web/20190416193018/http://www.people.ku.edu/~jyounger/LinearA/HTtexts.html
342,CLINE_0342,HT 118,RI RU MA,,RI RU MA,RI RU MA,RI RU MA,3,3,1,https://web.archive.org/web/20190416193018/http://www.people.ku.edu/~jyounger/LinearA/HTtexts.html
343,CLINE_0343,HT 118,SUS I [?],,SUS I [?],SUS I [?],SUS I [?],3,3,1,https://web.archive.org/web/20190416193018/http://www.people.ku.edu/~jyounger/LinearA/HTtexts.html
344,CLINE_0344,HT 119,A306 AB69,,A306 AB69,A306 AB69,A306 AB69,2,2,1,http://sigla.phis.me/document/HT%20119/index-word.html
345,CLINE_0345,HT 119,A327 AB65,,A327 AB65,A327 AB65,A327 AB65,2,2,1,http://sigla.phis.me/document/HT%20119/index-word.html
346,CLINE_0346,HT 119,AB53 AB73 AB41,,AB53 AB73 AB41,AB53 AB73 AB41,AB53 AB73 AB41,3,3,1,http://sigla.phis.me/document/HT%20119/index-word.html
347,CLINE_0347,HT 119,AB57 A345,,AB57 A345,AB57 A345,AB57 A345,2,2,1,http://sigla.phis.me/document/HT%20119/index-word.html
348,CLINE_0348,HT 119,AB70 AB57,,AB70 AB57,AB70 AB57,AB70 AB57,2,2,1,http://sigla.phis.me/document/HT%20119/index-word.html
349,CLINE_0349,HT 119,AB81 AB02,,AB81 AB02,AB81 AB02,AB81 AB02,2,2,1,http://sigla.phis.me/document/HT%20119/index-word.html
350,CLINE_0350,HT 119,AB81 AB56 AB06 AB69,,AB81 AB56 AB06 AB69,AB81 AB56 AB06 AB69,AB81 AB56 AB06 AB69,4,4,1,http://sigla.phis.me/document/HT%20119/index-word.html
351,CLINE_0351,HT 119,KO JA,,KO JA,KO JA,KO JA,2,2,1,https://web.archive.org/web/20190416193018/http://www.people.ku.edu/~jyounger/LinearA/HTtexts.html
352,CLINE_0352,HT 119,KU PA3 NA TU,,KU PA3 NA TU,KU PA3 NA TU,KU PA3 NA TU,4,4,1,https://web.archive.org/web/20190416193018/http://www.people.ku.edu/~jyounger/LinearA/HTtexts.html
353,CLINE_0353,HT 119,KU RO,,KU RO,KU RO,KU RO,2,2,1,https://web.archive.org/web/20190416193018/http://www.people.ku.edu/~jyounger/LinearA/HTtexts.html
354,CLINE_0354,HT 119,RI MI SI,,RI MI SI,RI MI SI,RI MI SI,3,3,1,https://web.archive.org/web/20190416193018/http://www.people.ku.edu/~jyounger/LinearA/HTtexts.html
355,CLINE_0355,HT 119,VIR,,VIR,VIR,VIR,1,1,1,https://web.archive.org/web/20190416193018/http://www.people.ku.edu/~jyounger/LinearA/HTtexts.html
356,CLINE_0356,HT 11A,A322 AB53,,A322 AB53,A322 AB53,A322 AB53,2,2,1,http://sigla.phis.me/document/HT%2011a/index-word.html
357,CLINE_0357,HT 11A,AB08 AB26 AB60 [?],,AB08 AB26 AB60 [?],AB08 AB26 AB60 [?],AB08 AB26 AB60 [?],4,4,1,http://sigla.phis.me/document/HT%2011a/index-word.html
358,CLINE_0358,HT 11A,AB08 AB58 AB57,,AB08 AB58 AB57,AB08 AB58 AB57,AB08 AB58 AB57,3,3,1,http://sigla.phis.me/document/HT%2011a/index-word.html
359,CLINE_0359,HT 11A,AB100 AB28,,AB100 AB28,AB100 AB28,AB100 AB28,2,2,1,http://sigla.phis.me/document/HT%2011a/index-word.html
360,CLINE_0360,HT 11A,AB77 AB02 AB06,,AB77 AB02 AB06,AB77 AB02 AB06,AB77 AB02 AB06,3,3,1,http://sigla.phis.me/document/HT%2011a/index-word.html
361,CLINE_0361,HT 11A,AB81 AB02,,AB81 AB02,AB81 AB02,AB81 AB02,2,2,1,http://sigla.phis.me/document/HT%2011a/index-word.html
362,CLINE_0362,HT 11B,AB26 AB76,,AB26 AB76,AB26 AB76,AB26 AB76,2,2,1,http://sigla.phis.me/document/HT%2011b/index-word.html
363,CLINE_0363,HT 11B,AB26 AB79 AB06,,AB26 AB79 AB06,AB26 AB79 AB06,AB26 AB79 AB06,3,3,1,http://sigla.phis.me/document/HT%2011b/index-word.html
364,CLINE_0364,HT 11B,AB31 AB78 AB53,,AB31 AB78 AB53,AB31 AB78 AB53,AB31 AB78 AB53,3,3,1,http://sigla.phis.me/document/HT%2011b/index-word.html
365,CLINE_0365,HT 11B,AB45 AB55,,AB45 AB55,AB45 AB55,AB45 AB55,2,2,1,http://sigla.phis.me/document/HT%2011b/index-word.html
366,CLINE_0366,HT 11B,AB81 AB02,,AB81 AB02,AB81 AB02,AB81 AB02,2,2,1,http://sigla.phis.me/document/HT%2011b/index-word.html
367,CLINE_0367,HT 11B,AB86,,AB86,AB86,AB86,1,1,1,http://sigla.phis.me/document/HT%2011b/index-word.html
368,CLINE_0368,HT 12,AB01 AB28,,AB01 AB28,AB01 AB28,AB01 AB28,2,2,1,http://sigla.phis.me/document/HT%2012/index-word.html
369,CLINE_0369,HT 12,AB16 AB37 AB01 AB04,,AB16 AB37 AB01 AB04,AB16 AB37 AB01 AB04,AB16 AB37 AB01 AB04,4,4,1,http://sigla.phis.me/document/HT%2012/index-word.html
370,CLINE_0370,HT 12,AB78 AB69 AB24,,AB78 AB69 AB24,AB78 AB69 AB24,AB78 AB69 AB24,3,3,1,http://sigla.phis.me/document/HT%2012/index-word.html
371,CLINE_0371,HT 12,DA I,,DA I,DA I,DA I,2,2,1,https://web.archive.org/web/20190416193018/http://www.people.ku.edu/~jyounger/LinearA/HTtexts.html
372,CLINE_0372,HT 12,FIC,,FIC,FIC,FIC,1,1,1,https://web.archive.org/web/20190416193018/http://www.people.ku.edu/~jyounger/LinearA/HTtexts.html
373,CLINE_0373,HT 12,MA RU,,MA RU,MA RU,MA RU,2,2,1,https://web.archive.org/web/20190416193018/http://www.people.ku.edu/~jyounger/LinearA/HTtexts.html
374,CLINE_0374,HT 12,OLE DI,,OLE DI,OLE DI,OLE DI,2,2,1,https://web.archive.org/web/20190416193018/http://www.people.ku.edu/~jyounger/LinearA/HTtexts.html
375,CLINE_0375,HT 12,QA TI DA TE,,QA TI DA TE,QA TI DA TE,QA TI DA TE,4,4,1,https://web.archive.org/web/20190416193018/http://www.people.ku.edu/~jyounger/LinearA/HTtexts.html
376,CLINE_0376,HT 12,QA [?] PU,,QA [?] PU,QA [?] PU,QA [?] PU,3,3,1,https://web.archive.org/web/20190416193018/http://www.people.ku.edu/~jyounger/LinearA/HTtexts.html
377,CLINE_0377,HT 12,QA [?] PU RE,,QA [?] PU RE,QA [?] PU RE,QA [?] PU RE,4,4,1,https://web.archive.org/web/20190416193018/http://www.people.ku.edu/~jyounger/LinearA/HTtexts.html
378,CLINE_0378,HT 12,QE TU NE,,QE TU NE,QE TU NE,QE TU NE,3,3,1,https://web.archive.org/web/20190416193018/http://www.people.ku.edu/~jyounger/LinearA/HTtexts.html
379,CLINE_0379,HT 120,AB01 AB10 AB49,,AB01 AB10 AB49,AB01 AB10 AB49,AB01 AB10 AB49,3,3,1,http://sigla.phis.me/document/HT%20120/index-word.html
380,CLINE_0380,HT 120,AB01 AB13,,AB01 AB13,AB01 AB13,AB01 AB13,2,2,1,http://sigla.phis.me/document/HT%20120/index-word.html
381,CLINE_0381,HT 120,AB01 AB78 AB60,,AB01 AB78 AB60,AB01 AB78 AB60,AB01 AB78 AB60,3,3,1,http://sigla.phis.me/document/HT%20120/index-word.html
382,CLINE_0382,HT 120,AB03 AB28 AB05,,AB03 AB28 AB05,AB03 AB28 AB05,AB03 AB28 AB05,3,3,1,http://sigla.phis.me/document/HT%20120/index-word.html
383,CLINE_0383,HT 120,AB67 AB27 AB59 AB06,,AB67 AB27 AB59 AB06,AB67 AB27 AB59 AB06,AB67 AB27 AB59 AB06,4,4,1,http://sigla.phis.me/document/HT%20120/index-word.html
384,CLINE_0384,HT 120,DA ME,,DA ME,DA ME,DA ME,2,2,1,https://web.archive.org/web/20190416193018/http://www.people.ku.edu/~jyounger/LinearA/HTtexts.html
385,CLINE_0385,HT 120,DA QE RA,,DA QE RA,DA QE RA,DA QE RA,3,3,1,https://web.archive.org/web/20190416193018/http://www.people.ku.edu/~jyounger/LinearA/HTtexts.html
386,CLINE_0386,HT 120,DA U,,DA U,DA U,DA U,2,2,1,https://web.archive.org/web/20190416193018/http://www.people.ku.edu/~jyounger/LinearA/HTtexts.html
387,CLINE_0387,HT 120,GRA B,,GRA B,GRA B,GRA B,2,2,1,https://web.archive.org/web/20190416193018/http://www.people.ku.edu/~jyounger/LinearA/HTtexts.html
388,CLINE_0388,HT 120,GRA K L2,,GRA K L2,GRA K L2,GRA K L2,3,3,1,https://web.archive.org/web/20190416193018/http://www.people.ku.edu/~jyounger/LinearA/HTtexts.html
389,CLINE_0389,HT 120,GRA PA,,GRA PA,GRA PA,GRA PA,2,2,2,https://web.archive.org/web/20190416193018/http://www.people.ku.edu/~jyounger/LinearA/HTtexts.html
390,CLINE_0390,HT 120,I GRA PA,,I GRA PA,I GRA PA,I GRA PA,3,3,1,https://web.archive.org/web/20190416193018/http://www.people.ku.edu/~jyounger/LinearA/HTtexts.html
391,CLINE_0391,HT 120,KI RE TA NA,,KI RE TA NA,KI RE TA NA,KI RE TA NA,4,4,1,https://web.archive.org/web/20190416193018/http://www.people.ku.edu/~jyounger/LinearA/HTtexts.html
392,CLINE_0392,HT 120,PA I TO,,PA I TO,PA I TO,PA I TO,3,3,1,https://web.archive.org/web/20190416193018/http://www.people.ku.edu/~jyounger/LinearA/HTtexts.html
393,CLINE_0393,HT 121,AB31 AB76,,AB31 AB76,AB31 AB76,AB31 AB76,2,2,1,http://sigla.phis.me/document/HT%20121/index-word.html
394,CLINE_0394,HT 121,AB67 AB53 AB66,,AB67 AB53 AB66,AB67 AB53 AB66,AB67 AB53 AB66,3,3,1,http://sigla.phis.me/document/HT%20121/index-word.html
395,CLINE_0395,HT 121,BOSM,,BOSM,BOSM,BOSM,1,1,1,https://web.archive.org/web/20190416193018/http://www.people.ku.edu/~jyounger/LinearA/HTtexts.html
396,CLINE_0396,HT 121,FIC,,FIC,FIC,FIC,1,1,1,https://web.archive.org/web/20190416193018/http://www.people.ku.edu/~jyounger/LinearA/HTtexts.html
397,CLINE_0397,HT 121,GRA,,GRA,GRA,GRA,1,1,1,https://web.archive.org/web/20190416193018/http://www.people.ku.edu/~jyounger/LinearA/HTtexts.html
398,CLINE_0398,HT 121,KI RI TA2,,KI RI TA2,KI RI TA2,KI RI TA2,3,3,1,https://web.archive.org/web/20190416193018/http://www.people.ku.edu/~jyounger/LinearA/HTtexts.html
399,CLINE_0399,HT 121,OLE,,OLE,OLE,OLE,1,1,1,https://web.archive.org/web/20190416193018/http://www.people.ku.edu/~jyounger/LinearA/HTtexts.html
400,CLINE_0400,HT 121,OLE QE DI,,OLE QE DI,OLE QE DI,OLE QE DI,3,3,1,https://web.archive.org/web/20190416193018/http://www.people.ku.edu/~jyounger/LinearA/HTtexts.html
401,CLINE_0401,HT 121,SA RA2,,SA RA2,SA RA2,SA RA2,2,2,1,https://web.archive.org/web/20190416193018/http://www.people.ku.edu/~jyounger/LinearA/HTtexts.html
402,CLINE_0402,HT 121,VINA,,VINA,VINA,VINA,1,1,1,https://web.archive.org/web/20190416193018/http://www.people.ku.edu/~jyounger/LinearA/HTtexts.html
403,CLINE_0403,HT 122,DA RE,,DA RE,DA RE,DA RE,2,2,1,https://web.archive.org/web/20190416193018/http://www.people.ku.edu/~jyounger/LinearA/HTtexts.html
404,CLINE_0404,HT 122,DA RI DA,,DA RI DA,DA RI DA,DA RI DA,3,3,1,https://web.archive.org/web/20190416193018/http://www.people.ku.edu/~jyounger/LinearA/HTtexts.html
405,CLINE_0405,HT 122,DA SI,,DA SI,DA SI,DA SI,2,2,1,https://web.archive.org/web/20190416193018/http://www.people.ku.edu/~jyounger/LinearA/HTtexts.html
406,CLINE_0406,HT 122,DI RA,,DI RA,DI RA,DI RA,2,2,1,https://web.archive.org/web/20190416193018/http://www.people.ku.edu/~jyounger/LinearA/HTtexts.html
407,CLINE_0407,HT 122,JA MI DA RE,,JA MI DA RE,JA MI DA RE,JA MI DA RE,4,4,1,https://web.archive.org/web/20190416193018/http://www.people.ku.edu/~jyounger/LinearA/HTtexts.html
408,CLINE_0408,HT 122,JE DI,,JE DI,JE DI,JE DI,2,2,1,https://web.archive.org/web/20190416193018/http://www.people.ku.edu/~jyounger/LinearA/HTtexts.html
409,CLINE_0409,HT 122,KI TA2,,KI TA2,KI TA2,KI TA2,2,2,1,https://web.archive.org/web/20190416193018/http://www.people.ku.edu/~jyounger/LinearA/HTtexts.html
410,CLINE_0410,HT 122,KU DA,,KU DA,KU DA,KU DA,2,2,1,https://web.archive.org/web/20190416193018/http://www.people.ku.edu/~jyounger/LinearA/HTtexts.html
411,CLINE_0411,HT 122,KU PA3 NU,,KU PA3 NU,KU PA3 NU,KU PA3 NU,3,3,2,https://web.archive.org/web/20190416193018/http://www.people.ku.edu/~jyounger/LinearA/HTtexts.html
412,CLINE_0412,HT 122,KU RO,,KU RO,KU RO,KU RO,2,2,2,https://web.archive.org/web/20190416193018/http://www.people.ku.edu/~jyounger/LinearA/HTtexts.html
413,CLINE_0413,HT 122,PA DE,,PA DE,PA DE,PA DE,2,2,1,https://web.archive.org/web/20190416193018/http://www.people.ku.edu/~jyounger/LinearA/HTtexts.html
414,CLINE_0414,HT 122,PA TA NE,,PA TA NE,PA TA NE,PA TA NE,3,3,1,https://web.archive.org/web/20190416193018/http://www.people.ku.edu/~jyounger/LinearA/HTtexts.html
415,CLINE_0415,HT 122,PO TO KU RO,,PO TO KU RO,PO TO KU RO,PO TO KU RO,4,4,1,https://web.archive.org/web/20190416193018/http://www.people.ku.edu/~jyounger/LinearA/HTtexts.html
416,CLINE_0416,HT 122,QA I,,QA I,QA I,QA I,2,2,1,https://web.archive.org/web/20190416193018/http://www.people.ku.edu/~jyounger/LinearA/HTtexts.html
417,CLINE_0417,HT 122,QA QA RU,,QA QA RU,QA QA RU,QA QA RU,3,3,1,https://web.archive.org/web/20190416193018/http://www.people.ku.edu/~jyounger/LinearA/HTtexts.html
418,CLINE_0418,HT 122,SI DA RE,,SI DA RE,SI DA RE,SI DA RE,3,3,1,https://web.archive.org/web/20190416193018/http://www.people.ku.edu/~jyounger/LinearA/HTtexts.html
419,CLINE_0419,HT 122,TE KI,,TE KI,TE KI,TE KI,2,2,1,https://web.archive.org/web/20190416193018/http://www.people.ku.edu/~jyounger/LinearA/HTtexts.html
420,CLINE_0420,HT 122,]A RA JU U DE ZA,,]A RA JU U DE ZA,]A RA JU U DE ZA,]A RA JU U DE ZA,6,6,1,https://web.archive.org/web/20190416193018/http://www.people.ku.edu/~jyounger/LinearA/HTtexts.html
421,CLINE_0421,HT 122,]RA RI U DE ZA,,]RA RI U DE ZA,]RA RI U DE ZA,]RA RI U DE ZA,5,5,1,https://web.archive.org/web/20190416193018/http://www.people.ku.edu/~jyounger/LinearA/HTtexts.html
422,CLINE_0422,HT 122A,A306 AB69,,A306 AB69,A306 AB69,A306 AB69,2,2,1,http://sigla.phis.me/document/HT%20122a/index-word.html
423,CLINE_0423,HT 122A,A324 AB07 AB60,,A324 AB07 AB60,A324 AB07 AB60,A324 AB07 AB60,3,3,1,http://sigla.phis.me/document/HT%20122a/index-word.html
424,CLINE_0424,HT 122A,AB01 AB41 AB118,,AB01 AB41 AB118,AB01 AB41 AB118,AB01 AB41 AB118,3,3,1,http://sigla.phis.me/document/HT%20122a/index-word.html
425,CLINE_0425,HT 122A,AB01 AB53 AB01,,AB01 AB53 AB01,AB01 AB53 AB01,AB01 AB53 AB01,3,3,1,http://sigla.phis.me/document/HT%20122a/index-word.html
426,CLINE_0426,HT 122A,AB03,,AB03,AB03,AB03,1,1,1,http://sigla.phis.me/document/HT%20122a/index-word.html
427,CLINE_0427,HT 122A,AB03 AB45,,AB03 AB45,AB03 AB45,AB03 AB45,2,2,1,http://sigla.phis.me/document/HT%20122a/index-word.html
428,CLINE_0428,HT 122A,AB03 AB53 AB24,,AB03 AB53 AB24,AB03 AB53 AB24,AB03 AB53 AB24,3,3,1,http://sigla.phis.me/document/HT%20122a/index-word.html
429,CLINE_0429,HT 122A,AB04 AB67,,AB04 AB67,AB04 AB67,AB04 AB67,2,2,1,http://sigla.phis.me/document/HT%20122a/index-word.html
430,CLINE_0430,HT 122A,AB07,,AB07,AB07,AB07,1,1,1,http://sigla.phis.me/document/HT%20122a/index-word.html
431,CLINE_0431,HT 122A,AB10 AB45 AB17,,AB10 AB45 AB17,AB10 AB45 AB17,AB10 AB45 AB17,3,3,1,http://sigla.phis.me/document/HT%20122a/index-word.html
432,CLINE_0432,HT 122A,AB16 A310 AB28,,AB16 A310 AB28,AB16 A310 AB28,AB16 A310 AB28,3,3,1,http://sigla.phis.me/document/HT%20122a/index-word.html
433,CLINE_0433,HT 122A,AB41 AB01 AB27,,AB41 AB01 AB27,AB41 AB01 AB27,AB41 AB01 AB27,3,3,1,http://sigla.phis.me/document/HT%20122a/index-word.html
434,CLINE_0434,HT 122A,AB51,,AB51,AB51,AB51,1,1,1,http://sigla.phis.me/document/HT%20122a/index-word.html
435,CLINE_0435,HT 122A,AB57 AB73 AB01 AB27,,AB57 AB73 AB01 AB27,AB57 AB73 AB01 AB27,AB57 AB73 AB01 AB27,4,4,1,http://sigla.phis.me/document/HT%20122a/index-word.html
436,CLINE_0436,HT 122A,AB60 AB53,,AB60 AB53,AB60 AB53,AB60 AB53,2,2,1,http://sigla.phis.me/document/HT%20122a/index-word.html
437,CLINE_0437,HT 122A,AB81 AB01,,AB81 AB01,AB81 AB01,AB81 AB01,2,2,1,http://sigla.phis.me/document/HT%20122a/index-word.html
438,CLINE_0438,HT 122A,AB81 AB02,,AB81 AB02,AB81 AB02,AB81 AB02,2,2,1,http://sigla.phis.me/document/HT%20122a/index-word.html
439,CLINE_0439,HT 122A,AB81 AB56 AB55,,AB81 AB56 AB55,AB81 AB56 AB55,AB81 AB56 AB55,3,3,2,http://sigla.phis.me/document/HT%20122a/index-word.html
440,CLINE_0440,HT 122B,A306 AB67 AB66,,A306 AB67 AB66,A306 AB67 AB66,A306 AB67 AB66,3,3,1,http://sigla.phis.me/document/HT%20122b/index-word.html
441,CLINE_0441,HT 122B,AB01 AB27,,AB01 AB27,AB01 AB27,AB01 AB27,2,2,1,http://sigla.phis.me/document/HT%20122b/index-word.html
442,CLINE_0442,HT 122B,AB08 AB60 AB65 AB10 AB45 AB17,,AB08 AB60 AB65 AB10 AB45 AB17,AB08 AB60 AB65 AB10 AB45 AB17,AB08 AB60 AB65 AB10 AB45 AB17,6,6,1,http://sigla.phis.me/document/HT%20122b/index-word.html
443,CLINE_0443,HT 122B,AB11 AB05 AB81 AB02,,AB11 AB05 AB81 AB02,AB11 AB05 AB81 AB02,AB11 AB05 AB81 AB02,4,4,1,http://sigla.phis.me/document/HT%20122b/index-word.html
444,CLINE_0444,HT 122B,AB16 AB16 AB26,,AB16 AB16 AB26,AB16 AB16 AB26,AB16 AB16 AB26,3,3,1,http://sigla.phis.me/document/HT%20122b/index-word.html
445,CLINE_0445,HT 122B,AB46 AB07,,AB46 AB07,AB46 AB07,AB46 AB07,2,2,1,http://sigla.phis.me/document/HT%20122b/index-word.html
446,CLINE_0446,HT 122B,AB81 AB02,,AB81 AB02,AB81 AB02,AB81 AB02,2,2,1,http://sigla.phis.me/document/HT%20122b/index-word.html
447,CLINE_0447,HT 123 124,DA TU,,DA TU,DA TU,DA TU,2,2,1,https://web.archive.org/web/20190416193018/http://www.people.ku.edu/~jyounger/LinearA/HTtexts.html
448,CLINE_0448,HT 123 124,DU MA I NA,,DU MA I NA,DU MA I NA,DU MA I NA,4,4,1,https://web.archive.org/web/20190416193018/http://www.people.ku.edu/~jyounger/LinearA/HTtexts.html
449,CLINE_0449,HT 123 124,KA NA,,KA NA,KA NA,KA NA,2,2,1,https://web.archive.org/web/20190416193018/http://www.people.ku.edu/~jyounger/LinearA/HTtexts.html
450,CLINE_0450,HT 123 124,KI RO,,KI RO,KI RO,KI RO,2,2,1,https://web.archive.org/web/20190416193018/http://www.people.ku.edu/~jyounger/LinearA/HTtexts.html
451,CLINE_0451,HT 123 124,KI TA I,,KI TA I,KI TA I,KI TA I,3,3,1,https://web.archive.org/web/20190416193018/http://www.people.ku.edu/~jyounger/LinearA/HTtexts.html
452,CLINE_0452,HT 123 124,KU RO,,KU RO,KU RO,KU RO,2,2,3,https://web.archive.org/web/20190416193018/http://www.people.ku.edu/~jyounger/LinearA/HTtexts.html
453,CLINE_0453,HT 123 124,OLIV,,OLIV,OLIV,OLIV,1,1,5,https://web.archive.org/web/20190416193018/http://www.people.ku.edu/~jyounger/LinearA/HTtexts.html
454,CLINE_0454,HT 123 124,PI SA,,PI SA,PI SA,PI SA,2,2,1,https://web.archive.org/web/20190416193018/http://www.people.ku.edu/~jyounger/LinearA/HTtexts.html
455,CLINE_0455,HT 123 124,PU VINA,,PU VINA,PU VINA,PU VINA,2,2,1,https://web.archive.org/web/20190416193018/http://www.people.ku.edu/~jyounger/LinearA/HTtexts.html
456,CLINE_0456,HT 123 124,SA RU,,SA RU,SA RU,SA RU,2,2,1,https://web.archive.org/web/20190416193018/http://www.people.ku.edu/~jyounger/LinearA/HTtexts.html
457,CLINE_0457,HT 123 124,TI DA TA,,TI DA TA,TI DA TA,TI DA TA,3,3,1,https://web.archive.org/web/20190416193018/http://www.people.ku.edu/~jyounger/LinearA/HTtexts.html
458,CLINE_0458,HT 123 124,TU PA DI DA,,TU PA DI DA,TU PA DI DA,TU PA DI DA,4,4,1,https://web.archive.org/web/20190416193018/http://www.people.ku.edu/~jyounger/LinearA/HTtexts.html
459,CLINE_0459,HT 123 124,]SI DU,,]SI DU,]SI DU,]SI DU,2,2,1,https://web.archive.org/web/20190416193018/http://www.people.ku.edu/~jyounger/LinearA/HTtexts.html
460,CLINE_0460,HT 123A,A308,,A308,A308,A308,1,1,1,http://sigla.phis.me/document/HT%20123a/index-word.html
461,CLINE_0461,HT 123A,AB01 AB67,,AB01 AB67,AB01 AB67,AB01 AB67,2,2,1,http://sigla.phis.me/document/HT%20123a/index-word.html
462,CLINE_0462,HT 123A,AB31 AB26,,AB31 AB26,AB31 AB26,AB31 AB26,2,2,1,http://sigla.phis.me/document/HT%20123a/index-word.html
463,CLINE_0463,HT 123A,AB50 AB131A,,AB50 AB131A,AB50 AB131A,AB50 AB131A,2,2,1,http://sigla.phis.me/document/HT%20123a/index-word.html
464,CLINE_0464,HT 123A,AB67 AB02,,AB67 AB02,AB67 AB02,AB67 AB02,2,2,5,http://sigla.phis.me/document/HT%20123a/index-word.html
465,CLINE_0465,HT 123A,AB67 AB59 AB28,,AB67 AB59 AB28,AB67 AB59 AB28,AB67 AB59 AB28,3,3,1,http://sigla.phis.me/document/HT%20123a/index-word.html
466,CLINE_0466,HT 123A,AB81 AB02,,AB81 AB02,AB81 AB02,AB81 AB02,2,2,2,http://sigla.phis.me/document/HT%20123a/index-word.html
467,CLINE_0467,HT 123B,AB188,,AB188,AB188,AB188,1,1,1,http://sigla.phis.me/document/HT%20123b/index-word.html
468,CLINE_0468,HT 123B,AB37 AB01 AB59,,AB37 AB01 AB59,AB37 AB01 AB59,AB37 AB01 AB59,3,3,1,http://sigla.phis.me/document/HT%20123b/index-word.html
469,CLINE_0469,HT 123B,AB39 AB31,,AB39 AB31,AB39 AB31,AB39 AB31,2,2,1,http://sigla.phis.me/document/HT%20123b/index-word.html
470,CLINE_0470,HT 123B,AB41 AB51,,AB41 AB51,AB41 AB51,AB41 AB51,2,2,1,http://sigla.phis.me/document/HT%20123b/index-word.html
471,CLINE_0471,HT 123B,AB51,,AB51,AB51,AB51,1,1,1,http://sigla.phis.me/document/HT%20123b/index-word.html
472,CLINE_0472,HT 123B,AB51 AB80 AB28 AB06,,AB51 AB80 AB28 AB06,AB51 AB80 AB28 AB06,AB51 AB80 AB28 AB06,4,4,1,http://sigla.phis.me/document/HT%20123b/index-word.html
473,CLINE_0473,HT 123B,AB67 AB02,,AB67 AB02,AB67 AB02,AB67 AB02,2,2,1,http://sigla.phis.me/document/HT%20123b/index-word.html
474,CLINE_0474,HT 123B,AB69 AB02 AB07 AB01,,AB69 AB02 AB07 AB01,AB69 AB02 AB07 AB01,AB69 AB02 AB07 AB01,4,4,1,http://sigla.phis.me/document/HT%20123b/index-word.html
475,CLINE_0475,HT 123B,AB77 AB06,,AB77 AB06,AB77 AB06,AB77 AB06,2,2,1,http://sigla.phis.me/document/HT%20123b/index-word.html
476,CLINE_0476,HT 123B,AB81 AB02,,AB81 AB02,AB81 AB02,AB81 AB02,2,2,1,http://sigla.phis.me/document/HT%20123b/index-word.html
477,CLINE_0477,HT 125,FIC,,FIC,FIC,FIC,1,1,1,https://web.archive.org/web/20190416193018/http://www.people.ku.edu/~jyounger/LinearA/HTtexts.html
478,CLINE_0478,HT 125,GRA,,GRA,GRA,GRA,1,1,1,https://web.archive.org/web/20190416193018/http://www.people.ku.edu/~jyounger/LinearA/HTtexts.html
479,CLINE_0479,HT 125,GRA F,,GRA F,GRA F,GRA F,2,2,1,https://web.archive.org/web/20190416193018/http://www.people.ku.edu/~jyounger/LinearA/HTtexts.html
480,CLINE_0480,HT 125,GRA PA,,GRA PA,GRA PA,GRA PA,2,2,1,https://web.archive.org/web/20190416193018/http://www.people.ku.edu/~jyounger/LinearA/HTtexts.html
481,CLINE_0481,HT 125,OLE U,,OLE U,OLE U,OLE U,2,2,1,https://web.archive.org/web/20190416193018/http://www.people.ku.edu/~jyounger/LinearA/HTtexts.html
482,CLINE_0482,HT 125,RE TA2,,RE TA2,RE TA2,RE TA2,2,2,1,https://web.archive.org/web/20190416193018/http://www.people.ku.edu/~jyounger/LinearA/HTtexts.html
483,CLINE_0483,HT 125,]OLE KI,,]OLE KI,]OLE KI,]OLE KI,2,2,1,https://web.archive.org/web/20190416193018/http://www.people.ku.edu/~jyounger/LinearA/HTtexts.html
484,CLINE_0484,HT 125,]OLE MI,,]OLE MI,]OLE MI,]OLE MI,2,2,1,https://web.archive.org/web/20190416193018/http://www.people.ku.edu/~jyounger/LinearA/HTtexts.html
485,CLINE_0485,HT 125,]SA RA2,,]SA RA2,]SA RA2,]SA RA2,2,2,1,https://web.archive.org/web/20190416193018/http://www.people.ku.edu/~jyounger/LinearA/HTtexts.html
486,CLINE_0486,HT 126,DA NA SI,,DA NA SI,DA NA SI,DA NA SI,3,3,1,https://web.archive.org/web/20190416193018/http://www.people.ku.edu/~jyounger/LinearA/HTtexts.html
487,CLINE_0487,HT 126,OVISF[,,OVISF[,OVISF[,OVISF[,1,1,1,https://web.archive.org/web/20190416193018/http://www.people.ku.edu/~jyounger/LinearA/HTtexts.html
488,CLINE_0488,HT 126,SI DI JA,,SI DI JA,SI DI JA,SI DI JA,3,3,1,https://web.archive.org/web/20190416193018/http://www.people.ku.edu/~jyounger/LinearA/HTtexts.html
489,CLINE_0489,HT 126,TWE,,TWE,TWE,TWE,1,1,1,https://web.archive.org/web/20190416193018/http://www.people.ku.edu/~jyounger/LinearA/HTtexts.html
490,CLINE_0490,HT 126A,AB01 AB06 AB41,,AB01 AB06 AB41,AB01 AB06 AB41,AB01 AB06 AB41,3,3,1,http://sigla.phis.me/document/HT%20126a/index-word.html
491,CLINE_0491,HT 126A,AB08 AB06 [?],,AB08 AB06 [?],AB08 AB06 [?],AB08 AB06 [?],3,3,1,http://sigla.phis.me/document/HT%20126a/index-word.html
492,CLINE_0492,HT 126A,AB10,,AB10,AB10,AB10,1,1,1,http://sigla.phis.me/document/HT%20126a/index-word.html
493,CLINE_0493,HT 126A,AB10 AB49,,AB10 AB49,AB10 AB49,AB10 AB49,2,2,1,http://sigla.phis.me/document/HT%20126a/index-word.html
494,CLINE_0494,HT 126A,AB39,,AB39,AB39,AB39,1,1,1,http://sigla.phis.me/document/HT%20126a/index-word.html
495,CLINE_0495,HT 126A,AB41 AB07 AB57,,AB41 AB07 AB57,AB41 AB07 AB57,AB41 AB07 AB57,3,3,1,http://sigla.phis.me/document/HT%20126a/index-word.html
496,CLINE_0496,HT 127,KI ME,,KI ME,KI ME,KI ME,2,2,2,https://web.archive.org/web/20190416193018/http://www.people.ku.edu/~jyounger/LinearA/HTtexts.html
497,CLINE_0497,HT 127,KU RO,,KU RO,KU RO,KU RO,2,2,2,https://web.archive.org/web/20190416193018/http://www.people.ku.edu/~jyounger/LinearA/HTtexts.html
498,CLINE_0498,HT 127,PA DA KU[,,PA DA KU[,PA DA KU[,PA DA KU[,3,3,1,https://web.archive.org/web/20190416193018/http://www.people.ku.edu/~jyounger/LinearA/HTtexts.html
499,CLINE_0499,HT 127,VIR *313C,,VIR *313C,VIR *313C,VIR *313C,2,2,1,https://web.archive.org/web/20190416193018/http://www.people.ku.edu/~jyounger/LinearA/HTtexts.html
500,CLINE_0500,HT 127,]DU NE MI,,]DU NE MI,]DU NE MI,]DU NE MI,3,3,1,https://web.archive.org/web/20190416193018/http://www.people.ku.edu/~jyounger/LinearA/HTtexts.html
501,CLINE_0501,HT 127A,A629 AB01 AB47 AB81,,A629 AB01 AB47 AB81,A629 AB01 AB47 AB81,A629 AB01 AB47 AB81,4,4,1,http://sigla.phis.me/document/HT%20127a/index-word.html
502,CLINE_0502,HT 127A,AB51 AB24 AB73,,AB51 AB24 AB73,AB51 AB24 AB73,AB51 AB24 AB73,3,3,1,http://sigla.phis.me/document/HT%20127a/index-word.html
503,CLINE_0503,HT 127B,AB24,,AB24,AB24,AB24,1,1,1,http://sigla.phis.me/document/HT%20127b/index-word.html
504,CLINE_0504,HT 127B,AB81 AB02,,AB81 AB02,AB81 AB02,AB81 AB02,2,2,2,http://sigla.phis.me/document/HT%20127b/index-word.html
505,CLINE_0505,HT 128,GRA KU,,GRA KU,GRA KU,GRA KU,2,2,5,https://web.archive.org/web/20190416193018/http://www.people.ku.edu/~jyounger/LinearA/HTtexts.html
506,CLINE_0506,HT 128,GRA PA,,GRA PA,GRA PA,GRA PA,2,2,1,https://web.archive.org/web/20190416193018/http://www.people.ku.edu/~jyounger/LinearA/HTtexts.html
507,CLINE_0507,HT 128,MA RI,,MA RI,MA RI,MA RI,2,2,1,https://web.archive.org/web/20190416193018/http://www.people.ku.edu/~jyounger/LinearA/HTtexts.html
508,CLINE_0508,HT 128,PA RA,,PA RA,PA RA,PA RA,2,2,1,https://web.archive.org/web/20190416193018/http://www.people.ku.edu/~jyounger/LinearA/HTtexts.html
509,CLINE_0509,HT 128,TU RU NU SE ME,,TU RU NU SE ME,TU RU NU SE ME,TU RU NU SE ME,5,5,1,https://web.archive.org/web/20190416193018/http://www.people.ku.edu/~jyounger/LinearA/HTtexts.html
510,CLINE_0510,HT 128,WA TU MA RE,,WA TU MA RE,WA TU MA RE,WA TU MA RE,4,4,1,https://web.archive.org/web/20190416193018/http://www.people.ku.edu/~jyounger/LinearA/HTtexts.html
511,CLINE_0511,HT 128,]MI TA,,]MI TA,]MI TA,]MI TA,2,2,1,https://web.archive.org/web/20190416193018/http://www.people.ku.edu/~jyounger/LinearA/HTtexts.html
512,CLINE_0512,HT 128A,A579,,A579,A579,A579,1,1,1,http://sigla.phis.me/document/HT%20128a/index-word.html
513,CLINE_0513,HT 128A,AB03 AB60,,AB03 AB60,AB03 AB60,AB03 AB60,2,2,1,http://sigla.phis.me/document/HT%20128a/index-word.html
514,CLINE_0514,HT 128A,AB07,,AB07,AB07,AB07,1,1,1,http://sigla.phis.me/document/HT%20128a/index-word.html
515,CLINE_0515,HT 128A,AB54 AB69 AB80 AB27,,AB54 AB69 AB80 AB27,AB54 AB69 AB80 AB27,AB54 AB69 AB80 AB27,4,4,1,http://sigla.phis.me/document/HT%20128a/index-word.html
516,CLINE_0516,HT 128A,AB69 AB26 AB56 AB09 AB13,,AB69 AB26 AB56 AB09 AB13,AB69 AB26 AB56 AB09 AB13,AB69 AB26 AB56 AB09 AB13,5,5,1,http://sigla.phis.me/document/HT%20128a/index-word.html
517,CLINE_0517,HT 128A,AB73 AB59,,AB73 AB59,AB73 AB59,AB73 AB59,2,2,1,http://sigla.phis.me/document/HT%20128a/index-word.html
518,CLINE_0518,HT 128A,AB80 AB53,,AB80 AB53,AB80 AB53,AB80 AB53,2,2,1,http://sigla.phis.me/document/HT%20128a/index-word.html
519,CLINE_0519,HT 128B,AB100 A329,,AB100 A329,AB100 A329,AB100 A329,2,2,1,http://sigla.phis.me/document/HT%20128b/index-word.html
520,CLINE_0520,HT 128B,AB26 [?],,AB26 [?],AB26 [?],AB26 [?],2,2,1,http://sigla.phis.me/document/HT%20128b/index-word.html
521,CLINE_0521,HT 129,AB69 AB21F AB53 AB06,,AB69 AB21F AB53 AB06,AB69 AB21F AB53 AB06,AB69 AB21F AB53 AB06,4,4,1,http://sigla.phis.me/document/HT%20129/index-word.html
522,CLINE_0522,HT 129,AB69 AB26 AB66,,AB69 AB26 AB66,AB69 AB26 AB66,AB69 AB26 AB66,3,3,1,http://sigla.phis.me/document/HT%20129/index-word.html
523,CLINE_0523,HT 129,FIC,,FIC,FIC,FIC,1,1,1,https://web.archive.org/web/20190416193018/http://www.people.ku.edu/~jyounger/LinearA/HTtexts.html
524,CLINE_0524,HT 129,GRA,,GRA,GRA,GRA,1,1,2,https://web.archive.org/web/20190416193018/http://www.people.ku.edu/~jyounger/LinearA/HTtexts.html
525,CLINE_0525,HT 129,KI RE TA2,,KI RE TA2,KI RE TA2,KI RE TA2,3,3,1,https://web.archive.org/web/20190416193018/http://www.people.ku.edu/~jyounger/LinearA/HTtexts.html
526,CLINE_0526,HT 129,OLE DI,,OLE DI,OLE DI,OLE DI,2,2,1,https://web.archive.org/web/20190416193018/http://www.people.ku.edu/~jyounger/LinearA/HTtexts.html
527,CLINE_0527,HT 129,TU QIF RI NA,,TU QIF RI NA,TU QIF RI NA,TU QIF RI NA,4,4,1,https://web.archive.org/web/20190416193018/http://www.people.ku.edu/~jyounger/LinearA/HTtexts.html
528,CLINE_0528,HT 129,]OLE KI,,]OLE KI,]OLE KI,]OLE KI,2,2,1,https://web.archive.org/web/20190416193018/http://www.people.ku.edu/~jyounger/LinearA/HTtexts.html
529,CLINE_0529,HT 13,AB01 AB41 AB118,,AB01 AB41 AB118,AB01 AB41 AB118,AB01 AB41 AB118,3,3,1,http://sigla.phis.me/document/HT%2013/index-word.html
530,CLINE_0530,HT 13,AB04 AB67,,AB04 AB67,AB04 AB67,AB04 AB67,2,2,1,http://sigla.phis.me/document/HT%2013/index-word.html
531,CLINE_0531,HT 13,AB04 AB69,,AB04 AB69,AB04 AB69,AB04 AB69,2,2,1,http://sigla.phis.me/document/HT%2013/index-word.html
532,CLINE_0532,HT 13,AB27 AB17,,AB27 AB17,AB27 AB17,AB27 AB17,2,2,1,http://sigla.phis.me/document/HT%2013/index-word.html
533,CLINE_0533,HT 13,AB28 AB51 AB24 AB41,,AB28 AB51 AB24 AB41,AB28 AB51 AB24 AB41,AB28 AB51 AB24 AB41,4,4,1,http://sigla.phis.me/document/HT%2013/index-word.html
534,CLINE_0534,HT 13,AB77 AB10 AB45 AB59,,AB77 AB10 AB45 AB59,AB77 AB10 AB45 AB59,AB77 AB10 AB45 AB59,4,4,1,http://sigla.phis.me/document/HT%2013/index-word.html
535,CLINE_0535,HT 13,AB81 AB02,,AB81 AB02,AB81 AB02,AB81 AB02,2,2,1,http://sigla.phis.me/document/HT%2013/index-word.html
536,CLINE_0536,HT 13,AB81 AB79 AB30,,AB81 AB79 AB30,AB81 AB79 AB30,AB81 AB79 AB30,3,3,1,http://sigla.phis.me/document/HT%2013/index-word.html
537,CLINE_0537,HT 13,DA SI,,DA SI,DA SI,DA SI,2,2,1,https://web.archive.org/web/20190416193018/http://www.people.ku.edu/~jyounger/LinearA/HTtexts.html
538,CLINE_0538,HT 13,I DU NE SI,,I DU NE SI,I DU NE SI,I DU NE SI,4,4,1,https://web.archive.org/web/20190416193018/http://www.people.ku.edu/~jyounger/LinearA/HTtexts.html
539,CLINE_0539,HT 13,KA U DE TA,,KA U DE TA,KA U DE TA,KA U DE TA,4,4,1,https://web.archive.org/web/20190416193018/http://www.people.ku.edu/~jyounger/LinearA/HTtexts.html
540,CLINE_0540,HT 13,KU RO,,KU RO,KU RO,KU RO,2,2,1,https://web.archive.org/web/20190416193018/http://www.people.ku.edu/~jyounger/LinearA/HTtexts.html
541,CLINE_0541,HT 13,KU ZU NI,,KU ZU NI,KU ZU NI,KU ZU NI,3,3,1,https://web.archive.org/web/20190416193018/http://www.people.ku.edu/~jyounger/LinearA/HTtexts.html
542,CLINE_0542,HT 13,RE ZA,,RE ZA,RE ZA,RE ZA,2,2,1,https://web.archive.org/web/20190416193018/http://www.people.ku.edu/~jyounger/LinearA/HTtexts.html
543,CLINE_0543,HT 13,TE KI,,TE KI,TE KI,TE KI,2,2,1,https://web.archive.org/web/20190416193018/http://www.people.ku.edu/~jyounger/LinearA/HTtexts.html
544,CLINE_0544,HT 13,TE TU,,TE TU,TE TU,TE TU,2,2,1,https://web.archive.org/web/20190416193018/http://www.people.ku.edu/~jyounger/LinearA/HTtexts.html
545,CLINE_0545,HT 13,VINA TE,,VINA TE,VINA TE,VINA TE,2,2,1,https://web.archive.org/web/20190416193018/http://www.people.ku.edu/~jyounger/LinearA/HTtexts.html
546,CLINE_0546,HT 130,AB02,,AB02,AB02,AB02,1,1,1,http://sigla.phis.me/document/HT%20130/index-word.html
547,CLINE_0547,HT 130,AB31 AB76,,AB31 AB76,AB31 AB76,AB31 AB76,2,2,1,http://sigla.phis.me/document/HT%20130/index-word.html
548,CLINE_0548,HT 130,AB76,,AB76,AB76,AB76,1,1,1,http://sigla.phis.me/document/HT%20130/index-word.html
549,CLINE_0549,HT 130,FIC,,FIC,FIC,FIC,1,1,1,https://web.archive.org/web/20190416193018/http://www.people.ku.edu/~jyounger/LinearA/HTtexts.html
550,CLINE_0550,HT 130,SA RA2,,SA RA2,SA RA2,SA RA2,2,2,1,https://web.archive.org/web/20190416193018/http://www.people.ku.edu/~jyounger/LinearA/HTtexts.html
551,CLINE_0551,HT 130,VINA,,VINA,VINA,VINA,1,1,1,https://web.archive.org/web/20190416193018/http://www.people.ku.edu/~jyounger/LinearA/HTtexts.html
552,CLINE_0552,HT 131,GRA,,GRA,GRA,GRA,1,1,1,https://web.archive.org/web/20190416193018/http://www.people.ku.edu/~jyounger/LinearA/HTtexts.html
553,CLINE_0553,HT 131,I QA,,I QA,I QA,I QA,2,2,1,https://web.archive.org/web/20190416193018/http://www.people.ku.edu/~jyounger/LinearA/HTtexts.html
554,CLINE_0554,HT 131,PO TO KU RO,,PO TO KU RO,PO TO KU RO,PO TO KU RO,4,4,1,https://web.archive.org/web/20190416193018/http://www.people.ku.edu/~jyounger/LinearA/HTtexts.html
555,CLINE_0555,HT 131,VINA SA,,VINA SA,VINA SA,VINA SA,2,2,1,https://web.archive.org/web/20190416193018/http://www.people.ku.edu/~jyounger/LinearA/HTtexts.html
556,CLINE_0556,HT 131,]FIC,,]FIC,]FIC,]FIC,1,1,2,https://web.archive.org/web/20190416193018/http://www.people.ku.edu/~jyounger/LinearA/HTtexts.html
557,CLINE_0557,HT 131,]OLIV,,]OLIV,]OLIV,]OLIV,1,1,1,https://web.archive.org/web/20190416193018/http://www.people.ku.edu/~jyounger/LinearA/HTtexts.html
558,CLINE_0558,HT 131A,AB28 AB16 AB118,,AB28 AB16 AB118,AB28 AB16 AB118,AB28 AB16 AB118,3,3,1,http://sigla.phis.me/document/HT%20131a/index-word.html
559,CLINE_0559,HT 131B,AB11 AB05 AB81 AB02,,AB11 AB05 AB81 AB02,AB11 AB05 AB81 AB02,AB11 AB05 AB81 AB02,4,4,1,http://sigla.phis.me/document/HT%20131b/index-word.html
560,CLINE_0560,HT 132,A SE,,A SE,A SE,A SE,2,2,1,https://web.archive.org/web/20190416193018/http://www.people.ku.edu/~jyounger/LinearA/HTtexts.html
561,CLINE_0561,HT 132,AB08 AB09,,AB08 AB09,AB08 AB09,AB08 AB09,2,2,1,http://sigla.phis.me/document/HT%20132/index-word.html
562,CLINE_0562,HT 132,AB16 AB27 AB05,,AB16 AB27 AB05,AB16 AB27 AB05,AB16 AB27 AB05,3,3,1,http://sigla.phis.me/document/HT%20132/index-word.html
563,CLINE_0563,HT 132,OVISF,,OVISF,OVISF,OVISF,1,1,1,https://web.archive.org/web/20190416193018/http://www.people.ku.edu/~jyounger/LinearA/HTtexts.html
564,CLINE_0564,HT 132,QA RE TO,,QA RE TO,QA RE TO,QA RE TO,3,3,1,https://web.archive.org/web/20190416193018/http://www.people.ku.edu/~jyounger/LinearA/HTtexts.html
565,CLINE_0565,HT 133,A DU,,A DU,A DU,A DU,2,2,1,https://web.archive.org/web/20190416193018/http://www.people.ku.edu/~jyounger/LinearA/HTtexts.html
566,CLINE_0566,HT 133,AB08 AB51,,AB08 AB51,AB08 AB51,AB08 AB51,2,2,1,http://sigla.phis.me/document/HT%20133/index-word.html
567,CLINE_0567,HT 133,TE GRA DA,,TE GRA DA,TE GRA DA,TE GRA DA,3,3,1,https://web.archive.org/web/20190416193018/http://www.people.ku.edu/~jyounger/LinearA/HTtexts.html
568,CLINE_0568,HT 135,MI KA[,,MI KA[,MI KA[,MI KA[,2,2,1,https://web.archive.org/web/20190416193018/http://www.people.ku.edu/~jyounger/LinearA/HTtexts.html
569,CLINE_0569,HT 135,MI TU,,MI TU,MI TU,MI TU,2,2,1,https://web.archive.org/web/20190416193018/http://www.people.ku.edu/~jyounger/LinearA/HTtexts.html
570,CLINE_0570,HT 135,NA QIF NE[,,NA QIF NE[,NA QIF NE[,NA QIF NE[,3,3,1,https://web.archive.org/web/20190416193018/http://www.people.ku.edu/~jyounger/LinearA/HTtexts.html
571,CLINE_0571,HT 135,NE MI NA,,NE MI NA,NE MI NA,NE MI NA,3,3,1,https://web.archive.org/web/20190416193018/http://www.people.ku.edu/~jyounger/LinearA/HTtexts.html
572,CLINE_0572,HT 135A,AB06 AB21F AB24,,AB06 AB21F AB24,AB06 AB21F AB24,AB06 AB21F AB24,3,3,1,http://sigla.phis.me/document/HT%20135a/index-word.html
573,CLINE_0573,HT 135A,AB24 AB73 AB06,,AB24 AB73 AB06,AB24 AB73 AB06,AB24 AB73 AB06,3,3,1,http://sigla.phis.me/document/HT%20135a/index-word.html
574,CLINE_0574,HT 135A,AB73,,AB73,AB73,AB73,1,1,1,http://sigla.phis.me/document/HT%20135a/index-word.html
575,CLINE_0575,HT 135A,AB73 AB69,,AB73 AB69,AB73 AB69,AB73 AB69,2,2,1,http://sigla.phis.me/document/HT%20135a/index-word.html
576,CLINE_0576,HT 135A,AB73 AB77,,AB73 AB77,AB73 AB77,AB73 AB77,2,2,1,http://sigla.phis.me/document/HT%20135a/index-word.html
577,CLINE_0577,HT 135B,[?] AB34? AB59 AB24,,[?] AB34? AB59 AB24,[?] AB34? AB59 AB24,[?] AB34? AB59 AB24,4,4,1,http://sigla.phis.me/document/HT%20135b/index-word.html
578,CLINE_0578,HT 136,]OVISF,,]OVISF,]OVISF,]OVISF,1,1,1,https://web.archive.org/web/20190416193018/http://www.people.ku.edu/~jyounger/LinearA/HTtexts.html
579,CLINE_0579,HT 136A,[?] [?],,[?] [?],[?] [?],[?] [?],2,2,1,http://sigla.phis.me/document/HT%20136a/index-word.html
580,CLINE_0580,HT 137,AB66,,AB66,AB66,AB66,1,1,1,http://sigla.phis.me/document/HT%20137/index-word.html
581,CLINE_0581,HT 137,OLE MI,,OLE MI,OLE MI,OLE MI,2,2,1,https://web.archive.org/web/20190416193018/http://www.people.ku.edu/~jyounger/LinearA/HTtexts.html
582,CLINE_0582,HT 139,AB77 AB76,,AB77 AB76,AB77 AB76,AB77 AB76,2,2,1,http://sigla.phis.me/document/HT%20139/index-word.html
583,CLINE_0583,HT 139,OLE,,OLE,OLE,OLE,1,1,1,https://web.archive.org/web/20190416193018/http://www.people.ku.edu/~jyounger/LinearA/HTtexts.html
584,CLINE_0584,HT 139,PU MA KU[,,PU MA KU[,PU MA KU[,PU MA KU[,3,3,1,https://web.archive.org/web/20190416193018/http://www.people.ku.edu/~jyounger/LinearA/HTtexts.html
585,CLINE_0585,HT 139,[?] AB50 AB80 AB81,,[?] AB50 AB80 AB81,[?] AB50 AB80 AB81,[?] AB50 AB80 AB81,4,4,1,http://sigla.phis.me/document/HT%20139/index-word.html
586,CLINE_0586,HT 139,]KA RA2[,,]KA RA2[,]KA RA2[,]KA RA2[,2,2,1,https://web.archive.org/web/20190416193018/http://www.people.ku.edu/~jyounger/LinearA/HTtexts.html
587,CLINE_0587,HT 14,A PU2 NA DU,,A PU2 NA DU,A PU2 NA DU,A PU2 NA DU,4,4,1,https://web.archive.org/web/20190416193018/http://www.people.ku.edu/~jyounger/LinearA/HTtexts.html
588,CLINE_0588,HT 14,AB08 AB29 AB06 AB51,,AB08 AB29 AB06 AB51,AB08 AB29 AB06 AB51,AB08 AB29 AB06 AB51,4,4,1,http://sigla.phis.me/document/HT%2014/index-word.html
589,CLINE_0589,HT 14,AB50 AB131A,,AB50 AB131A,AB50 AB131A,AB50 AB131A,2,2,1,http://sigla.phis.me/document/HT%2014/index-word.html
590,CLINE_0590,HT 14,GRA,,GRA,GRA,GRA,1,1,1,https://web.archive.org/web/20190416193018/http://www.people.ku.edu/~jyounger/LinearA/HTtexts.html
591,CLINE_0591,HT 14,PU VINA,,PU VINA,PU VINA,PU VINA,2,2,1,https://web.archive.org/web/20190416193018/http://www.people.ku.edu/~jyounger/LinearA/HTtexts.html
592,CLINE_0592,HT 14,TE GRA,,TE GRA,TE GRA,TE GRA,2,2,1,https://web.archive.org/web/20190416193018/http://www.people.ku.edu/~jyounger/LinearA/HTtexts.html
593,CLINE_0593,HT 140,AB10 AB34 AB41,,AB10 AB34 AB41,AB10 AB34 AB41,AB10 AB34 AB41,3,3,2,http://sigla.phis.me/document/HT%20140/index-word.html
594,CLINE_0594,HT 140,AB46 AB07,,AB46 AB07,AB46 AB07,AB46 AB07,2,2,1,http://sigla.phis.me/document/HT%20140/index-word.html
595,CLINE_0595,HT 140,AB77 AB03,,AB77 AB03,AB77 AB03,AB77 AB03,2,2,1,http://sigla.phis.me/document/HT%20140/index-word.html
596,CLINE_0596,HT 140,AB77 AB80,,AB77 AB80,AB77 AB80,AB77 AB80,2,2,1,http://sigla.phis.me/document/HT%20140/index-word.html
597,CLINE_0597,HT 140,AB86 AB41 AB30,,AB86 AB41 AB30,AB86 AB41 AB30,AB86 AB41 AB30,3,3,1,http://sigla.phis.me/document/HT%20140/index-word.html
598,CLINE_0598,HT 140,JE DI,,JE DI,JE DI,JE DI,2,2,1,https://web.archive.org/web/20190416193018/http://www.people.ku.edu/~jyounger/LinearA/HTtexts.html
599,CLINE_0599,HT 140,KA PA,,KA PA,KA PA,KA PA,2,2,1,https://web.archive.org/web/20190416193018/http://www.people.ku.edu/~jyounger/LinearA/HTtexts.html
600,CLINE_0600,HT 140,OLE KI,,OLE KI,OLE KI,OLE KI,2,2,1,https://web.archive.org/web/20190416193018/http://www.people.ku.edu/~jyounger/LinearA/HTtexts.html
601,CLINE_0601,HT 140,OLE U,,OLE U,OLE U,OLE U,2,2,3,https://web.archive.org/web/20190416193018/http://www.people.ku.edu/~jyounger/LinearA/HTtexts.html
602,CLINE_0602,HT 140,SI NI,,SI NI,SI NI,SI NI,2,2,1,https://web.archive.org/web/20190416193018/http://www.people.ku.edu/~jyounger/LinearA/HTtexts.html
603,CLINE_0603,HT 140,U SI,,U SI,U SI,U SI,2,2,1,https://web.archive.org/web/20190416193018/http://www.people.ku.edu/~jyounger/LinearA/HTtexts.html
604,CLINE_0604,HT 140,U SI SI NI,,U SI SI NI,U SI SI NI,U SI SI NI,4,4,1,https://web.archive.org/web/20190416193018/http://www.people.ku.edu/~jyounger/LinearA/HTtexts.html
605,CLINE_0605,HT 140,[?] AB118 AB77,,[?] AB118 AB77,[?] AB118 AB77,[?] AB118 AB77,3,3,1,http://sigla.phis.me/document/HT%20140/index-word.html
606,CLINE_0606,HT 140,]OLE U,,]OLE U,]OLE U,]OLE U,2,2,1,https://web.archive.org/web/20190416193018/http://www.people.ku.edu/~jyounger/LinearA/HTtexts.html
607,CLINE_0607,HT 141,A RI,,A RI,A RI,A RI,2,2,1,https://web.archive.org/web/20190416193018/http://www.people.ku.edu/~jyounger/LinearA/HTtexts.html
608,CLINE_0608,HT 141,AB26 AB07,,AB26 AB07,AB26 AB07,AB26 AB07,2,2,1,http://sigla.phis.me/document/HT%20141/index-word.html
609,CLINE_0609,HT 141,[?] AB08 AB53,,[?] AB08 AB53,[?] AB08 AB53,[?] AB08 AB53,3,3,1,http://sigla.phis.me/document/HT%20141/index-word.html
610,CLINE_0610,HT 141,]RU DI,,]RU DI,]RU DI,]RU DI,2,2,1,https://web.archive.org/web/20190416193018/http://www.people.ku.edu/~jyounger/LinearA/HTtexts.html
611,CLINE_0611,HT 144,AB61,,AB61,AB61,AB61,1,1,1,http://sigla.phis.me/document/HT%20144/index-word.html
612,CLINE_0612,HT 146,AB53 A305,,AB53 A305,AB53 A305,AB53 A305,2,2,1,http://sigla.phis.me/document/HT%20146/index-word.html
613,CLINE_0613,HT 146,AB53 AB77 AB59,,AB53 AB77 AB59,AB53 AB77 AB59,AB53 AB77 AB59,3,3,1,http://sigla.phis.me/document/HT%20146/index-word.html
614,CLINE_0614,HT 146,AB78,,AB78,AB78,AB78,1,1,1,http://sigla.phis.me/document/HT%20146/index-word.html
615,CLINE_0615,HT 146,RI KA TA,,RI KA TA,RI KA TA,RI KA TA,3,3,1,https://web.archive.org/web/20190416193018/http://www.people.ku.edu/~jyounger/LinearA/HTtexts.html
616,CLINE_0616,HT 147,AB60,,AB60,AB60,AB60,1,1,1,http://sigla.phis.me/document/HT%20147/index-word.html
617,CLINE_0617,HT 15,AB10 AB34 AB41,,AB10 AB34 AB41,AB10 AB34 AB41,AB10 AB34 AB41,3,3,1,http://sigla.phis.me/document/HT%2015/index-word.html
618,CLINE_0618,HT 15,AB51 AB123 AB08,,AB51 AB123 AB08,AB51 AB123 AB08,AB51 AB123 AB08,3,3,1,http://sigla.phis.me/document/HT%2015/index-word.html
619,CLINE_0619,HT 15,AB67 AB02,,AB67 AB02,AB67 AB02,AB67 AB02,2,2,1,http://sigla.phis.me/document/HT%2015/index-word.html
620,CLINE_0620,HT 15,DU A,,DU A,DU A,DU A,2,2,1,https://web.archive.org/web/20190416193018/http://www.people.ku.edu/~jyounger/LinearA/HTtexts.html
621,CLINE_0621,HT 15,GRA,,GRA,GRA,GRA,1,1,1,https://web.archive.org/web/20190416193018/http://www.people.ku.edu/~jyounger/LinearA/HTtexts.html
622,CLINE_0622,HT 15,GRA L3L3,,GRA L3L3,GRA L3L3,GRA L3L3,2,2,1,https://web.archive.org/web/20190416193018/http://www.people.ku.edu/~jyounger/LinearA/HTtexts.html
623,CLINE_0623,HT 15,KI RO,,KI RO,KI RO,KI RO,2,2,1,https://web.archive.org/web/20190416193018/http://www.people.ku.edu/~jyounger/LinearA/HTtexts.html
624,CLINE_0624,HT 15,U SI,,U SI,U SI,U SI,2,2,1,https://web.archive.org/web/20190416193018/http://www.people.ku.edu/~jyounger/LinearA/HTtexts.html
625,CLINE_0625,HT 154,AB37,,AB37,AB37,AB37,1,1,1,http://sigla.phis.me/document/HT%20154/index-word.html
626,CLINE_0626,HT 154,AB67,,AB67,AB67,AB67,1,1,1,http://sigla.phis.me/document/HT%20154/index-word.html
627,CLINE_0627,HT 154,DESUNT,,DESUNT,DESUNT,DESUNT,1,1,1,https://web.archive.org/web/20190416193018/http://www.people.ku.edu/~jyounger/LinearA/HTtexts.html
628,CLINE_0628,HT 154,I [?],,I [?],I [?],I [?],2,2,1,https://web.archive.org/web/20190416193018/http://www.people.ku.edu/~jyounger/LinearA/HTtexts.html
629,CLINE_0629,HT 154A,AB69 AB13 AB03 AB57,,AB69 AB13 AB03 AB57,AB69 AB13 AB03 AB57,AB69 AB13 AB03 AB57,4,4,1,http://sigla.phis.me/document/HT%20154A/index-word.html
630,CLINE_0630,HT 154A,TU ME PA JA,,TU ME PA JA,TU ME PA JA,TU ME PA JA,4,4,1,https://web.archive.org/web/20190416193018/http://www.people.ku.edu/~jyounger/LinearA/HTtexts.html
631,CLINE_0631,HT 154A,]GRA[,,]GRA[,]GRA[,]GRA[,1,1,1,https://web.archive.org/web/20190416193018/http://www.people.ku.edu/~jyounger/LinearA/HTtexts.html
632,CLINE_0632,HT 154C,AB06 AB73,,AB06 AB73,AB06 AB73,AB06 AB73,2,2,1,http://sigla.phis.me/document/HT%20154C/index-word.html
633,CLINE_0633,HT 154E,[?] [?],,[?] [?],[?] [?],[?] [?],2,2,1,http://sigla.phis.me/document/HT%20154E/index-word.html
634,CLINE_0634,HT 154E,]FIC,,]FIC,]FIC,]FIC,1,1,1,https://web.archive.org/web/20190416193018/http://www.people.ku.edu/~jyounger/LinearA/HTtexts.html
635,CLINE_0635,HT 154JA,AB55 AB27,,AB55 AB27,AB55 AB27,AB55 AB27,2,2,1,http://sigla.phis.me/document/HT%20154Ja/index-word.html
636,CLINE_0636,HT 154N,AB41,,AB41,AB41,AB41,1,1,2,http://sigla.phis.me/document/HT%20154N/index-word.html
637,CLINE_0637,HT 16,AB07 AB06 AB10,,AB07 AB06 AB10,AB07 AB06 AB10,AB07 AB06 AB10,3,3,1,http://sigla.phis.me/document/HT%2016/index-word.html
638,CLINE_0638,HT 16,AB31 AB11,,AB31 AB11,AB31 AB11,AB31 AB11,2,2,1,http://sigla.phis.me/document/HT%2016/index-word.html
639,CLINE_0639,HT 16,AB77 AB81 AB03,,AB77 AB81 AB03,AB77 AB81 AB03,AB77 AB81 AB03,3,3,1,http://sigla.phis.me/document/HT%2016/index-word.html
640,CLINE_0640,HT 16,KA KU PA DI NA U,,KA KU PA DI NA U,KA KU PA DI NA U,KA KU PA DI NA U,6,6,1,https://web.archive.org/web/20190416193018/http://www.people.ku.edu/~jyounger/LinearA/HTtexts.html
641,CLINE_0641,HT 16,SA PO,,SA PO,SA PO,SA PO,2,2,1,https://web.archive.org/web/20190416193018/http://www.people.ku.edu/~jyounger/LinearA/HTtexts.html
642,CLINE_0642,HT 17,AB31 AB02,,AB31 AB02,AB31 AB02,AB31 AB02,2,2,1,http://sigla.phis.me/document/HT%2017/index-word.html
643,CLINE_0643,HT 17,AB41 AB01 AB27,,AB41 AB01 AB27,AB41 AB01 AB27,AB41 AB01 AB27,3,3,1,http://sigla.phis.me/document/HT%2017/index-word.html
644,CLINE_0644,HT 17,AB60 AB164A AB37,,AB60 AB164A AB37,AB60 AB164A AB37,AB60 AB164A AB37,3,3,1,http://sigla.phis.me/document/HT%2017/index-word.html
645,CLINE_0645,HT 17,RA *164A TI,,RA *164A TI,RA *164A TI,RA *164A TI,3,3,1,https://web.archive.org/web/20190416193018/http://www.people.ku.edu/~jyounger/LinearA/HTtexts.html
646,CLINE_0646,HT 17,SA RO,,SA RO,SA RO,SA RO,2,2,1,https://web.archive.org/web/20190416193018/http://www.people.ku.edu/~jyounger/LinearA/HTtexts.html
647,CLINE_0647,HT 17,SI DA RE,,SI DA RE,SI DA RE,SI DA RE,3,3,1,https://web.archive.org/web/20190416193018/http://www.people.ku.edu/~jyounger/LinearA/HTtexts.html
648,CLINE_0648,HT 17,TE VIN,,TE VIN,TE VIN,TE VIN,2,2,1,https://web.archive.org/web/20190416193018/http://www.people.ku.edu/~jyounger/LinearA/HTtexts.html
649,CLINE_0649,HT 18,AB03 AB09,,AB03 AB09,AB03 AB09,AB03 AB09,2,2,1,http://sigla.phis.me/document/HT%2018/index-word.html
650,CLINE_0650,HT 18,AB31 AB76,,AB31 AB76,AB31 AB76,AB31 AB76,2,2,1,http://sigla.phis.me/document/HT%2018/index-word.html
651,CLINE_0651,HT 18,FIC,,FIC,FIC,FIC,1,1,1,https://web.archive.org/web/20190416193018/http://www.people.ku.edu/~jyounger/LinearA/HTtexts.html
652,CLINE_0652,HT 18,GRA,,GRA,GRA,GRA,1,1,1,https://web.archive.org/web/20190416193018/http://www.people.ku.edu/~jyounger/LinearA/HTtexts.html
653,CLINE_0653,HT 18,GRA QE,,GRA QE,GRA QE,GRA QE,2,2,1,https://web.archive.org/web/20190416193018/http://www.people.ku.edu/~jyounger/LinearA/HTtexts.html
654,CLINE_0654,HT 18,OLE KI,,OLE KI,OLE KI,OLE KI,2,2,1,https://web.archive.org/web/20190416193018/http://www.people.ku.edu/~jyounger/LinearA/HTtexts.html
655,CLINE_0655,HT 18,PA SE,,PA SE,PA SE,PA SE,2,2,1,https://web.archive.org/web/20190416193018/http://www.people.ku.edu/~jyounger/LinearA/HTtexts.html
656,CLINE_0656,HT 18,SA RA2,,SA RA2,SA RA2,SA RA2,2,2,1,https://web.archive.org/web/20190416193018/http://www.people.ku.edu/~jyounger/LinearA/HTtexts.html
657,CLINE_0657,HT 19,AB31 AB02,,AB31 AB02,AB31 AB02,AB31 AB02,2,2,1,http://sigla.phis.me/document/HT%2019/index-word.html
658,CLINE_0658,HT 19,AB51 AB13 AB07,,AB51 AB13 AB07,AB51 AB13 AB07,AB51 AB13 AB07,3,3,1,http://sigla.phis.me/document/HT%2019/index-word.html
659,CLINE_0659,HT 19,AB60 AB164A AB37,,AB60 AB164A AB37,AB60 AB164A AB37,AB60 AB164A AB37,3,3,1,http://sigla.phis.me/document/HT%2019/index-word.html
660,CLINE_0660,HT 19,DU ME DI,,DU ME DI,DU ME DI,DU ME DI,3,3,1,https://web.archive.org/web/20190416193018/http://www.people.ku.edu/~jyounger/LinearA/HTtexts.html
661,CLINE_0661,HT 19,RA *164A TI,,RA *164A TI,RA *164A TI,RA *164A TI,3,3,1,https://web.archive.org/web/20190416193018/http://www.people.ku.edu/~jyounger/LinearA/HTtexts.html
662,CLINE_0662,HT 19,SA RO,,SA RO,SA RO,SA RO,2,2,1,https://web.archive.org/web/20190416193018/http://www.people.ku.edu/~jyounger/LinearA/HTtexts.html
663,CLINE_0663,HT 19,TE VINA,,TE VINA,TE VINA,TE VINA,2,2,1,https://web.archive.org/web/20190416193018/http://www.people.ku.edu/~jyounger/LinearA/HTtexts.html
664,CLINE_0664,HT 2,A KA RU,,A KA RU,A KA RU,A KA RU,3,3,1,https://web.archive.org/web/20190416193018/http://www.people.ku.edu/~jyounger/LinearA/HTtexts.html
665,CLINE_0665,HT 2,AB08 AB77 AB26,,AB08 AB77 AB26,AB08 AB77 AB26,AB08 AB77 AB26,3,3,1,http://sigla.phis.me/document/HT%202/index-word.html
666,CLINE_0666,HT 2,AB67 AB27 AB59 AB06,,AB67 AB27 AB59 AB06,AB67 AB27 AB59 AB06,AB67 AB27 AB59 AB06,4,4,1,http://sigla.phis.me/document/HT%202/index-word.html
667,CLINE_0667,HT 2,OLE E,,OLE E,OLE E,OLE E,2,2,1,https://web.archive.org/web/20190416193018/http://www.people.ku.edu/~jyounger/LinearA/HTtexts.html
668,CLINE_0668,HT 2,OLE U,,OLE U,OLE U,OLE U,2,2,2,https://web.archive.org/web/20190416193018/http://www.people.ku.edu/~jyounger/LinearA/HTtexts.html
669,CLINE_0669,HT 2,]KI RE TA NA,,]KI RE TA NA,]KI RE TA NA,]KI RE TA NA,4,4,1,https://web.archive.org/web/20190416193018/http://www.people.ku.edu/~jyounger/LinearA/HTtexts.html
670,CLINE_0670,HT 2,]OLE A,,]OLE A,]OLE A,]OLE A,2,2,2,https://web.archive.org/web/20190416193018/http://www.people.ku.edu/~jyounger/LinearA/HTtexts.html
671,CLINE_0671,HT 20,AB03 AB02 AB58,,AB03 AB02 AB58,AB03 AB02 AB58,AB03 AB02 AB58,3,3,1,http://sigla.phis.me/document/HT%2020/index-word.html
672,CLINE_0672,HT 20,AB31 AB27 AB65,,AB31 AB27 AB65,AB31 AB27 AB65,AB31 AB27 AB65,3,3,1,http://sigla.phis.me/document/HT%2020/index-word.html
673,CLINE_0673,HT 20,AB78 AB81 AB27,,AB78 AB81 AB27,AB78 AB81 AB27,AB78 AB81 AB27,3,3,1,http://sigla.phis.me/document/HT%2020/index-word.html
674,CLINE_0674,HT 20,AB81 AB80 AB65,,AB81 AB80 AB65,AB81 AB80 AB65,AB81 AB80 AB65,3,3,1,http://sigla.phis.me/document/HT%2020/index-word.html
675,CLINE_0675,HT 20,CAPM,,CAPM,CAPM,CAPM,1,1,1,https://web.archive.org/web/20190416193018/http://www.people.ku.edu/~jyounger/LinearA/HTtexts.html
676,CLINE_0676,HT 20,KU MA JU,,KU MA JU,KU MA JU,KU MA JU,3,3,1,https://web.archive.org/web/20190416193018/http://www.people.ku.edu/~jyounger/LinearA/HTtexts.html
677,CLINE_0677,HT 20,PA RO SU,,PA RO SU,PA RO SU,PA RO SU,3,3,1,https://web.archive.org/web/20190416193018/http://www.people.ku.edu/~jyounger/LinearA/HTtexts.html
678,CLINE_0678,HT 20,QE KU RE,,QE KU RE,QE KU RE,QE KU RE,3,3,1,https://web.archive.org/web/20190416193018/http://www.people.ku.edu/~jyounger/LinearA/HTtexts.html
679,CLINE_0679,HT 20,SA RE JU,,SA RE JU,SA RE JU,SA RE JU,3,3,1,https://web.archive.org/web/20190416193018/http://www.people.ku.edu/~jyounger/LinearA/HTtexts.html
680,CLINE_0680,HT 21,AB39 AB59 AB77 AB09,,AB39 AB59 AB77 AB09,AB39 AB59 AB77 AB09,AB39 AB59 AB77 AB09,4,4,1,http://sigla.phis.me/document/HT%2021/index-word.html
681,CLINE_0681,HT 21,OLE E,,OLE E,OLE E,OLE E,2,2,1,https://web.archive.org/web/20190416193018/http://www.people.ku.edu/~jyounger/LinearA/HTtexts.html
682,CLINE_0682,HT 21,OLE U,,OLE U,OLE U,OLE U,2,2,1,https://web.archive.org/web/20190416193018/http://www.people.ku.edu/~jyounger/LinearA/HTtexts.html
683,CLINE_0683,HT 21,OLIV,,OLIV,OLIV,OLIV,1,1,1,https://web.archive.org/web/20190416193018/http://www.people.ku.edu/~jyounger/LinearA/HTtexts.html
684,CLINE_0684,HT 21,PI TA KA SE,,PI TA KA SE,PI TA KA SE,PI TA KA SE,4,4,1,https://web.archive.org/web/20190416193018/http://www.people.ku.edu/~jyounger/LinearA/HTtexts.html
685,CLINE_0685,HT 21,TE GRA,,TE GRA,TE GRA,TE GRA,2,2,1,https://web.archive.org/web/20190416193018/http://www.people.ku.edu/~jyounger/LinearA/HTtexts.html
686,CLINE_0686,HT 22,GRA L2,,GRA L2,GRA L2,GRA L2,2,2,1,https://web.archive.org/web/20190416193018/http://www.people.ku.edu/~jyounger/LinearA/HTtexts.html
687,CLINE_0687,HT 23,DESUNT,,DESUNT,DESUNT,DESUNT,1,1,1,https://web.archive.org/web/20190416193018/http://www.people.ku.edu/~jyounger/LinearA/HTtexts.html
688,CLINE_0688,HT 23,KA NA,,KA NA,KA NA,KA NA,2,2,1,https://web.archive.org/web/20190416193018/http://www.people.ku.edu/~jyounger/LinearA/HTtexts.html
689,CLINE_0689,HT 23,KO RU,,KO RU,KO RU,KO RU,2,2,1,https://web.archive.org/web/20190416193018/http://www.people.ku.edu/~jyounger/LinearA/HTtexts.html
690,CLINE_0690,HT 23,MI JA RU,,MI JA RU,MI JA RU,MI JA RU,3,3,2,https://web.archive.org/web/20190416193018/http://www.people.ku.edu/~jyounger/LinearA/HTtexts.html
691,CLINE_0691,HT 23,NI RA,,NI RA,NI RA,NI RA,2,2,1,https://web.archive.org/web/20190416193018/http://www.people.ku.edu/~jyounger/LinearA/HTtexts.html
692,CLINE_0692,HT 23,OLE NE,,OLE NE,OLE NE,OLE NE,2,2,1,https://web.archive.org/web/20190416193018/http://www.people.ku.edu/~jyounger/LinearA/HTtexts.html
693,CLINE_0693,HT 23,OLE RI,,OLE RI,OLE RI,OLE RI,2,2,1,https://web.archive.org/web/20190416193018/http://www.people.ku.edu/~jyounger/LinearA/HTtexts.html
694,CLINE_0694,HT 23,OLE TU,,OLE TU,OLE TU,OLE TU,2,2,1,https://web.archive.org/web/20190416193018/http://www.people.ku.edu/~jyounger/LinearA/HTtexts.html
695,CLINE_0695,HT 23,OLE[,,OLE[,OLE[,OLE[,1,1,1,https://web.archive.org/web/20190416193018/http://www.people.ku.edu/~jyounger/LinearA/HTtexts.html
696,CLINE_0696,HT 23,QA [?] PU,,QA [?] PU,QA [?] PU,QA [?] PU,3,3,2,https://web.archive.org/web/20190416193018/http://www.people.ku.edu/~jyounger/LinearA/HTtexts.html
697,CLINE_0697,HT 23,QA [?] RE,,QA [?] RE,QA [?] RE,QA [?] RE,3,3,2,https://web.archive.org/web/20190416193018/http://www.people.ku.edu/~jyounger/LinearA/HTtexts.html
698,CLINE_0698,HT 23,QIF RI TU QA,,QIF RI TU QA,QIF RI TU QA,QIF RI TU QA,4,4,1,https://web.archive.org/web/20190416193018/http://www.people.ku.edu/~jyounger/LinearA/HTtexts.html
699,CLINE_0699,HT 23,SA SA ME,,SA SA ME,SA SA ME,SA SA ME,3,3,1,https://web.archive.org/web/20190416193018/http://www.people.ku.edu/~jyounger/LinearA/HTtexts.html
700,CLINE_0700,HT 23,SI ME,,SI ME,SI ME,SI ME,2,2,1,https://web.archive.org/web/20190416193018/http://www.people.ku.edu/~jyounger/LinearA/HTtexts.html
701,CLINE_0701,HT 23,VINA,,VINA,VINA,VINA,1,1,1,https://web.archive.org/web/20190416193018/http://www.people.ku.edu/~jyounger/LinearA/HTtexts.html
702,CLINE_0702,HT 23A,AB21F AB53 AB69 AB16,,AB21F AB53 AB69 AB16,AB21F AB53 AB69 AB16,AB21F AB53 AB69 AB16,4,4,1,http://sigla.phis.me/document/HT%2023a/index-word.html
703,CLINE_0703,HT 23A,AB31 AB31 AB13,,AB31 AB31 AB13,AB31 AB31 AB13,AB31 AB31 AB13,3,3,1,http://sigla.phis.me/document/HT%2023a/index-word.html
704,CLINE_0704,HT 23A,AB70 AB26,,AB70 AB26,AB70 AB26,AB70 AB26,2,2,1,http://sigla.phis.me/document/HT%2023a/index-word.html
705,CLINE_0705,HT 23A,AB77 AB06,,AB77 AB06,AB77 AB06,AB77 AB06,2,2,1,http://sigla.phis.me/document/HT%2023a/index-word.html
706,CLINE_0706,HT 23B,AB23,,AB23,AB23,AB23,1,1,1,http://sigla.phis.me/document/HT%2023b/index-word.html
707,CLINE_0707,HT 23B,AB30 AB60,,AB30 AB60,AB30 AB60,AB30 AB60,2,2,1,http://sigla.phis.me/document/HT%2023b/index-word.html
708,CLINE_0708,HT 23B,AB50,,AB50,AB50,AB50,1,1,1,http://sigla.phis.me/document/HT%2023b/index-word.html
709,CLINE_0709,HT 24,JA KA,,JA KA,JA KA,JA KA,2,2,1,https://web.archive.org/web/20190416193018/http://www.people.ku.edu/~jyounger/LinearA/HTtexts.html
710,CLINE_0710,HT 24,KI MA RU[,,KI MA RU[,KI MA RU[,KI MA RU[,3,3,1,https://web.archive.org/web/20190416193018/http://www.people.ku.edu/~jyounger/LinearA/HTtexts.html
711,CLINE_0711,HT 24,KU PA3 RI JA,,KU PA3 RI JA,KU PA3 RI JA,KU PA3 RI JA,4,4,1,https://web.archive.org/web/20190416193018/http://www.people.ku.edu/~jyounger/LinearA/HTtexts.html
712,CLINE_0712,HT 24,MA RU,,MA RU,MA RU,MA RU,2,2,1,https://web.archive.org/web/20190416193018/http://www.people.ku.edu/~jyounger/LinearA/HTtexts.html
713,CLINE_0713,HT 24,MA RU ME,,MA RU ME,MA RU ME,MA RU ME,3,3,3,https://web.archive.org/web/20190416193018/http://www.people.ku.edu/~jyounger/LinearA/HTtexts.html
714,CLINE_0714,HT 24,PA SA RI JA,,PA SA RI JA,PA SA RI JA,PA SA RI JA,4,4,1,https://web.archive.org/web/20190416193018/http://www.people.ku.edu/~jyounger/LinearA/HTtexts.html
715,CLINE_0715,HT 24,RU I KO,,RU I KO,RU I KO,RU I KO,3,3,1,https://web.archive.org/web/20190416193018/http://www.people.ku.edu/~jyounger/LinearA/HTtexts.html
716,CLINE_0716,HT 24,SI ME KI,,SI ME KI,SI ME KI,SI ME KI,3,3,1,https://web.archive.org/web/20190416193018/http://www.people.ku.edu/~jyounger/LinearA/HTtexts.html
717,CLINE_0717,HT 24A,AB03 AB31 AB53 AB57,,AB03 AB31 AB53 AB57,AB03 AB31 AB53 AB57,AB03 AB31 AB53 AB57,4,4,1,http://sigla.phis.me/document/HT%2024a/index-word.html
718,CLINE_0718,HT 24A,AB26 AB28 AB70,,AB26 AB28 AB70,AB26 AB28 AB70,AB26 AB28 AB70,3,3,1,http://sigla.phis.me/document/HT%2024a/index-word.html
719,CLINE_0719,HT 24A,AB81 AB56 AB53 AB57,,AB81 AB56 AB53 AB57,AB81 AB56 AB53 AB57,AB81 AB56 AB53 AB57,4,4,1,http://sigla.phis.me/document/HT%2024a/index-word.html
720,CLINE_0720,HT 25,A RI NI TA,,A RI NI TA,A RI NI TA,A RI NI TA,4,4,1,https://web.archive.org/web/20190416193018/http://www.people.ku.edu/~jyounger/LinearA/HTtexts.html
721,CLINE_0721,HT 25,DI NA U,,DI NA U,DI NA U,DI NA U,3,3,2,https://web.archive.org/web/20190416193018/http://www.people.ku.edu/~jyounger/LinearA/HTtexts.html
722,CLINE_0722,HT 25,DU RU WI[,,DU RU WI[,DU RU WI[,DU RU WI[,3,3,1,https://web.archive.org/web/20190416193018/http://www.people.ku.edu/~jyounger/LinearA/HTtexts.html
723,CLINE_0723,HT 25,I KI RA,,I KI RA,I KI RA,I KI RA,3,3,1,https://web.archive.org/web/20190416193018/http://www.people.ku.edu/~jyounger/LinearA/HTtexts.html
724,CLINE_0724,HT 25,KU RO,,KU RO,KU RO,KU RO,2,2,2,https://web.archive.org/web/20190416193018/http://www.people.ku.edu/~jyounger/LinearA/HTtexts.html
725,CLINE_0725,HT 25,TU QE NU[,,TU QE NU[,TU QE NU[,TU QE NU[,3,3,1,https://web.archive.org/web/20190416193018/http://www.people.ku.edu/~jyounger/LinearA/HTtexts.html
726,CLINE_0726,HT 25,U RE WI,,U RE WI,U RE WI,U RE WI,3,3,1,https://web.archive.org/web/20190416193018/http://www.people.ku.edu/~jyounger/LinearA/HTtexts.html
727,CLINE_0727,HT 25,VIR,,VIR,VIR,VIR,1,1,2,https://web.archive.org/web/20190416193018/http://www.people.ku.edu/~jyounger/LinearA/HTtexts.html
728,CLINE_0728,HT 25,WI TE RO I TI,,WI TE RO I TI,WI TE RO I TI,WI TE RO I TI,5,5,1,https://web.archive.org/web/20190416193018/http://www.people.ku.edu/~jyounger/LinearA/HTtexts.html
729,CLINE_0729,HT 25,ZU JU PU2,,ZU JU PU2,ZU JU PU2,ZU JU PU2,3,3,1,https://web.archive.org/web/20190416193018/http://www.people.ku.edu/~jyounger/LinearA/HTtexts.html
730,CLINE_0730,HT 25,]RU NI,,]RU NI,]RU NI,]RU NI,2,2,1,https://web.archive.org/web/20190416193018/http://www.people.ku.edu/~jyounger/LinearA/HTtexts.html
731,CLINE_0731,HT 25A,AB07 AB06 AB10,,AB07 AB06 AB10,AB07 AB06 AB10,AB07 AB06 AB10,3,3,2,http://sigla.phis.me/document/HT%2025a/index-word.html
732,CLINE_0732,HT 25A,AB08 AB53 AB30 AB59,,AB08 AB53 AB30 AB59,AB08 AB53 AB30 AB59,AB08 AB53 AB30 AB59,4,4,1,http://sigla.phis.me/document/HT%2025a/index-word.html
733,CLINE_0733,HT 25A,AB10 AB27 AB40,,AB10 AB27 AB40,AB10 AB27 AB40,AB10 AB27 AB40,3,3,1,http://sigla.phis.me/document/HT%2025a/index-word.html
734,CLINE_0734,HT 25A,AB26 AB30,,AB26 AB30,AB26 AB30,AB26 AB30,2,2,1,http://sigla.phis.me/document/HT%2025a/index-word.html
735,CLINE_0735,HT 25A,AB28 AB67 AB60,,AB28 AB67 AB60,AB28 AB67 AB60,AB28 AB67 AB60,3,3,1,http://sigla.phis.me/document/HT%2025a/index-word.html
736,CLINE_0736,HT 25A,AB51 AB26 AB40,,AB51 AB26 AB40,AB51 AB26 AB40,AB51 AB26 AB40,3,3,1,http://sigla.phis.me/document/HT%2025a/index-word.html
737,CLINE_0737,HT 25A,AB69 AB78 AB55,,AB69 AB78 AB55,AB69 AB78 AB55,AB69 AB78 AB55,3,3,1,http://sigla.phis.me/document/HT%2025a/index-word.html
738,CLINE_0738,HT 25A,AB79 AB65 AB29,,AB79 AB65 AB29,AB79 AB65 AB29,AB79 AB65 AB29,3,3,1,http://sigla.phis.me/document/HT%2025a/index-word.html
739,CLINE_0739,HT 25B,AB28 AB37,,AB28 AB37,AB28 AB37,AB28 AB37,2,2,1,http://sigla.phis.me/document/HT%2025b/index-word.html
740,CLINE_0740,HT 25B,AB40 AB04 AB02,,AB40 AB04 AB02,AB40 AB04 AB02,AB40 AB04 AB02,3,3,1,http://sigla.phis.me/document/HT%2025b/index-word.html
741,CLINE_0741,HT 25B,AB81 AB02,,AB81 AB02,AB81 AB02,AB81 AB02,2,2,2,http://sigla.phis.me/document/HT%2025b/index-word.html
742,CLINE_0742,HT 26,*406VAS KE VIR,,*406VAS KE VIR,*406VAS KE VIR,*406VAS KE VIR,3,3,1,https://web.archive.org/web/20190416193018/http://www.people.ku.edu/~jyounger/LinearA/HTtexts.html
743,CLINE_0743,HT 26,406VAS KE,,406VAS KE,406VAS KE,406VAS KE,2,2,1,https://web.archive.org/web/20190416193018/http://www.people.ku.edu/~jyounger/LinearA/HTtexts.html
744,CLINE_0744,HT 26,KA U ZU NI,,KA U ZU NI,KA U ZU NI,KA U ZU NI,4,4,1,https://web.archive.org/web/20190416193018/http://www.people.ku.edu/~jyounger/LinearA/HTtexts.html
745,CLINE_0745,HT 26,KI ME,,KI ME,KI ME,KI ME,2,2,1,https://web.archive.org/web/20190416193018/http://www.people.ku.edu/~jyounger/LinearA/HTtexts.html
746,CLINE_0746,HT 26,MI KI SE NA,,MI KI SE NA,MI KI SE NA,MI KI SE NA,4,4,1,https://web.archive.org/web/20190416193018/http://www.people.ku.edu/~jyounger/LinearA/HTtexts.html
747,CLINE_0747,HT 26,RO NI,,RO NI,RO NI,RO NI,2,2,1,https://web.archive.org/web/20190416193018/http://www.people.ku.edu/~jyounger/LinearA/HTtexts.html
748,CLINE_0748,HT 26,TA TI,,TA TI,TA TI,TA TI,2,2,1,https://web.archive.org/web/20190416193018/http://www.people.ku.edu/~jyounger/LinearA/HTtexts.html
749,CLINE_0749,HT 26,TE TE,,TE TE,TE TE,TE TE,2,2,1,https://web.archive.org/web/20190416193018/http://www.people.ku.edu/~jyounger/LinearA/HTtexts.html
750,CLINE_0750,HT 26,U NU QIF,,U NU QIF,U NU QIF,U NU QIF,3,3,1,https://web.archive.org/web/20190416193018/http://www.people.ku.edu/~jyounger/LinearA/HTtexts.html
751,CLINE_0751,HT 26A,A312 AB04 AB04,,A312 AB04 AB04,A312 AB04 AB04,A312 AB04 AB04,3,3,1,http://sigla.phis.me/document/HT%2026a/index-word.html
752,CLINE_0752,HT 26A,AB10 AB55 AB21F,,AB10 AB55 AB21F,AB10 AB55 AB21F,AB10 AB55 AB21F,3,3,1,http://sigla.phis.me/document/HT%2026a/index-word.html
753,CLINE_0753,HT 26A,AB59 AB37,,AB59 AB37,AB59 AB37,AB59 AB37,2,2,1,http://sigla.phis.me/document/HT%2026a/index-word.html
754,CLINE_0754,HT 26A,AB73 AB67 AB09 AB06,,AB73 AB67 AB09 AB06,AB73 AB67 AB09 AB06,AB73 AB67 AB09 AB06,4,4,1,http://sigla.phis.me/document/HT%2026a/index-word.html
755,CLINE_0755,HT 26B,AB03 AB02 AB30,,AB03 AB02 AB30,AB03 AB02 AB30,AB03 AB02 AB30,3,3,1,http://sigla.phis.me/document/HT%2026b/index-word.html
756,CLINE_0756,HT 26B,AB188 AB86,,AB188 AB86,AB188 AB86,AB188 AB86,2,2,1,http://sigla.phis.me/document/HT%2026b/index-word.html
757,CLINE_0757,HT 26B,AB28 A308,,AB28 A308,AB28 A308,AB28 A308,2,2,1,http://sigla.phis.me/document/HT%2026b/index-word.html
758,CLINE_0758,HT 26B,AB77 AB10 AB79 AB30,,AB77 AB10 AB79 AB30,AB77 AB10 AB79 AB30,AB77 AB10 AB79 AB30,4,4,1,http://sigla.phis.me/document/HT%2026b/index-word.html
759,CLINE_0759,HT 27,FIC,,FIC,FIC,FIC,1,1,1,https://web.archive.org/web/20190416193018/http://www.people.ku.edu/~jyounger/LinearA/HTtexts.html
760,CLINE_0760,HT 27,KI DA,,KI DA,KI DA,KI DA,2,2,1,https://web.archive.org/web/20190416193018/http://www.people.ku.edu/~jyounger/LinearA/HTtexts.html
761,CLINE_0761,HT 27,KU RO,,KU RO,KU RO,KU RO,2,2,1,https://web.archive.org/web/20190416193018/http://www.people.ku.edu/~jyounger/LinearA/HTtexts.html
762,CLINE_0762,HT 27,TI NI TA,,TI NI TA,TI NI TA,TI NI TA,3,3,1,https://web.archive.org/web/20190416193018/http://www.people.ku.edu/~jyounger/LinearA/HTtexts.html
763,CLINE_0763,HT 27,VINA,,VINA,VINA,VINA,1,1,1,https://web.archive.org/web/20190416193018/http://www.people.ku.edu/~jyounger/LinearA/HTtexts.html
764,CLINE_0764,HT 27,VINA GRA SA,,VINA GRA SA,VINA GRA SA,VINA GRA SA,3,3,1,https://web.archive.org/web/20190416193018/http://www.people.ku.edu/~jyounger/LinearA/HTtexts.html
765,CLINE_0765,HT 27,VINA WA SA,,VINA WA SA,VINA WA SA,VINA WA SA,3,3,1,https://web.archive.org/web/20190416193018/http://www.people.ku.edu/~jyounger/LinearA/HTtexts.html
766,CLINE_0766,HT 27,VIR,,VIR,VIR,VIR,1,1,2,https://web.archive.org/web/20190416193018/http://www.people.ku.edu/~jyounger/LinearA/HTtexts.html
767,CLINE_0767,HT 27,]I MI SA RA,,]I MI SA RA,]I MI SA RA,]I MI SA RA,4,4,1,https://web.archive.org/web/20190416193018/http://www.people.ku.edu/~jyounger/LinearA/HTtexts.html
768,CLINE_0768,HT 27,]MI DA,,]MI DA,]MI DA,]MI DA,2,2,1,https://web.archive.org/web/20190416193018/http://www.people.ku.edu/~jyounger/LinearA/HTtexts.html
769,CLINE_0769,HT 27,]SA RA DI,,]SA RA DI,]SA RA DI,]SA RA DI,3,3,1,https://web.archive.org/web/20190416193018/http://www.people.ku.edu/~jyounger/LinearA/HTtexts.html
770,CLINE_0770,HT 27A,AB28 AB73 AB31 AB60,,AB28 AB73 AB31 AB60,AB28 AB73 AB31 AB60,AB28 AB73 AB31 AB60,4,4,1,http://sigla.phis.me/document/HT%2027a/index-word.html
771,CLINE_0771,HT 27A,AB31 AB60 AB07,,AB31 AB60 AB07,AB31 AB60 AB07,AB31 AB60 AB07,3,3,1,http://sigla.phis.me/document/HT%2027a/index-word.html
772,CLINE_0772,HT 27A,AB37 AB30 AB59,,AB37 AB30 AB59,AB37 AB30 AB59,AB37 AB30 AB59,3,3,1,http://sigla.phis.me/document/HT%2027a/index-word.html
773,CLINE_0773,HT 27A,AB67 A310,,AB67 A310,AB67 A310,AB67 A310,2,2,1,http://sigla.phis.me/document/HT%2027a/index-word.html
774,CLINE_0774,HT 27A,AB67 AB01,,AB67 AB01,AB67 AB01,AB67 AB01,2,2,1,http://sigla.phis.me/document/HT%2027a/index-word.html
775,CLINE_0775,HT 27A,AB78,,AB78,AB78,AB78,1,1,1,http://sigla.phis.me/document/HT%2027a/index-word.html
776,CLINE_0776,HT 27A,AB81 A305,,AB81 A305,AB81 A305,AB81 A305,2,2,1,http://sigla.phis.me/document/HT%2027a/index-word.html
777,CLINE_0777,HT 27A,AB81 AB02,,AB81 AB02,AB81 AB02,AB81 AB02,2,2,1,http://sigla.phis.me/document/HT%2027a/index-word.html
778,CLINE_0778,HT 27B,AB03 AB09,,AB03 AB09,AB03 AB09,AB03 AB09,2,2,1,http://sigla.phis.me/document/HT%2027b/index-word.html
779,CLINE_0779,HT 27B,AB73 AB01,,AB73 AB01,AB73 AB01,AB73 AB01,2,2,1,http://sigla.phis.me/document/HT%2027b/index-word.html
780,CLINE_0780,HT 27B,[?] [?],,[?] [?],[?] [?],[?] [?],2,2,1,http://sigla.phis.me/document/HT%2027b/index-word.html
781,CLINE_0781,HT 28,A RU DA RA,,A RU DA RA,A RU DA RA,A RU DA RA,4,4,1,https://web.archive.org/web/20190416193018/http://www.people.ku.edu/~jyounger/LinearA/HTtexts.html
782,CLINE_0782,HT 28,A SI JA KA,,A SI JA KA,A SI JA KA,A SI JA KA,4,4,1,https://web.archive.org/web/20190416193018/http://www.people.ku.edu/~jyounger/LinearA/HTtexts.html
783,CLINE_0783,HT 28,A SI JA KA U MI NA SI,,A SI JA KA U MI NA SI,A SI JA KA U MI NA SI,A SI JA KA U MI NA SI,8,8,1,https://web.archive.org/web/20190416193018/http://www.people.ku.edu/~jyounger/LinearA/HTtexts.html
784,CLINE_0784,HT 28,FIC,,FIC,FIC,FIC,1,1,3,https://web.archive.org/web/20190416193018/http://www.people.ku.edu/~jyounger/LinearA/HTtexts.html
785,CLINE_0785,HT 28,GRA,,GRA,GRA,GRA,1,1,2,https://web.archive.org/web/20190416193018/http://www.people.ku.edu/~jyounger/LinearA/HTtexts.html
786,CLINE_0786,HT 28,GRA QE,,GRA QE,GRA QE,GRA QE,2,2,1,https://web.archive.org/web/20190416193018/http://www.people.ku.edu/~jyounger/LinearA/HTtexts.html
787,CLINE_0787,HT 28,I TA JA,,I TA JA,I TA JA,I TA JA,3,3,1,https://web.archive.org/web/20190416193018/http://www.people.ku.edu/~jyounger/LinearA/HTtexts.html
788,CLINE_0788,HT 28,JA QIF,,JA QIF,JA QIF,JA QIF,2,2,2,https://web.archive.org/web/20190416193018/http://www.people.ku.edu/~jyounger/LinearA/HTtexts.html
789,CLINE_0789,HT 28,OLE DI,,OLE DI,OLE DI,OLE DI,2,2,4,https://web.archive.org/web/20190416193018/http://www.people.ku.edu/~jyounger/LinearA/HTtexts.html
790,CLINE_0790,HT 28,OLE KI,,OLE KI,OLE KI,OLE KI,2,2,1,https://web.archive.org/web/20190416193018/http://www.people.ku.edu/~jyounger/LinearA/HTtexts.html
791,CLINE_0791,HT 28,OLE MI,,OLE MI,OLE MI,OLE MI,2,2,1,https://web.archive.org/web/20190416193018/http://www.people.ku.edu/~jyounger/LinearA/HTtexts.html
792,CLINE_0792,HT 28,OLE TU,,OLE TU,OLE TU,OLE TU,2,2,1,https://web.archive.org/web/20190416193018/http://www.people.ku.edu/~jyounger/LinearA/HTtexts.html
793,CLINE_0793,HT 28,OLE U,,OLE U,OLE U,OLE U,2,2,1,https://web.archive.org/web/20190416193018/http://www.people.ku.edu/~jyounger/LinearA/HTtexts.html
794,CLINE_0794,HT 28,PU RA2,,PU RA2,PU RA2,PU RA2,2,2,1,https://web.archive.org/web/20190416193018/http://www.people.ku.edu/~jyounger/LinearA/HTtexts.html
795,CLINE_0795,HT 28,SA RA2,,SA RA2,SA RA2,SA RA2,2,2,2,https://web.archive.org/web/20190416193018/http://www.people.ku.edu/~jyounger/LinearA/HTtexts.html
796,CLINE_0796,HT 28,VINA,,VINA,VINA,VINA,1,1,4,https://web.archive.org/web/20190416193018/http://www.people.ku.edu/~jyounger/LinearA/HTtexts.html
797,CLINE_0797,HT 28,VIR KA VINA,,VIR KA VINA,VIR KA VINA,VIR KA VINA,3,3,1,https://web.archive.org/web/20190416193018/http://www.people.ku.edu/~jyounger/LinearA/HTtexts.html
798,CLINE_0798,HT 28,WI DI NA,,WI DI NA,WI DI NA,WI DI NA,3,3,1,https://web.archive.org/web/20190416193018/http://www.people.ku.edu/~jyounger/LinearA/HTtexts.html
799,CLINE_0799,HT 28A,AB08 AB26 AB01 AB60,,AB08 AB26 AB01 AB60,AB08 AB26 AB01 AB60,AB08 AB26 AB01 AB60,4,4,1,http://sigla.phis.me/document/HT%2028a/index-word.html
800,CLINE_0800,HT 28A,AB08 AB41 AB57 AB77,,AB08 AB41 AB57 AB77,AB08 AB41 AB57 AB77,AB08 AB41 AB57 AB77,4,4,1,http://sigla.phis.me/document/HT%2028a/index-word.html
801,CLINE_0801,HT 28A,AB28 AB59 AB57,,AB28 AB59 AB57,AB28 AB59 AB57,AB28 AB59 AB57,3,3,1,http://sigla.phis.me/document/HT%2028a/index-word.html
802,CLINE_0802,HT 28A,AB31 AB72,,AB31 AB72,AB31 AB72,AB31 AB72,2,2,1,http://sigla.phis.me/document/HT%2028a/index-word.html
803,CLINE_0803,HT 28A,AB57 AB21F,,AB57 AB21F,AB57 AB21F,AB57 AB21F,2,2,1,http://sigla.phis.me/document/HT%2028a/index-word.html
804,CLINE_0804,HT 28B,AB08 AB41 AB57 AB77,,AB08 AB41 AB57 AB77,AB08 AB41 AB57 AB77,AB08 AB41 AB57 AB77,4,4,1,http://sigla.phis.me/document/HT%2028b/index-word.html
805,CLINE_0805,HT 28B,AB10 AB73 AB06 AB41,,AB10 AB73 AB06 AB41,AB10 AB73 AB06 AB41,AB10 AB73 AB06 AB41,4,4,1,http://sigla.phis.me/document/HT%2028b/index-word.html
806,CLINE_0806,HT 28B,AB31 AB76,,AB31 AB76,AB31 AB76,AB31 AB76,2,2,1,http://sigla.phis.me/document/HT%2028b/index-word.html
807,CLINE_0807,HT 28B,AB40 AB07 AB06,,AB40 AB07 AB06,AB40 AB07 AB06,AB40 AB07 AB06,3,3,1,http://sigla.phis.me/document/HT%2028b/index-word.html
808,CLINE_0808,HT 28B,AB50 AB76,,AB50 AB76,AB50 AB76,AB50 AB76,2,2,1,http://sigla.phis.me/document/HT%2028b/index-word.html
809,CLINE_0809,HT 28B,AB57 AB21F,,AB57 AB21F,AB57 AB21F,AB57 AB21F,2,2,1,http://sigla.phis.me/document/HT%2028b/index-word.html
810,CLINE_0810,HT 29,A RE DA I,,A RE DA I,A RE DA I,A RE DA I,4,4,1,https://web.archive.org/web/20190416193018/http://www.people.ku.edu/~jyounger/LinearA/HTtexts.html
811,CLINE_0811,HT 29,A340 AB67 AB59,,A340 AB67 AB59,A340 AB67 AB59,A340 AB67 AB59,3,3,1,http://sigla.phis.me/document/HT%2029/index-word.html
812,CLINE_0812,HT 29,AB03 AB57 AB27,,AB03 AB57 AB27,AB03 AB57 AB27,AB03 AB57 AB27,3,3,1,http://sigla.phis.me/document/HT%2029/index-word.html
813,CLINE_0813,HT 29,AB07 AB57 AB28,,AB07 AB57 AB28,AB07 AB57 AB28,AB07 AB57 AB28,3,3,1,http://sigla.phis.me/document/HT%2029/index-word.html
814,CLINE_0814,HT 29,AB08 AB27 AB01 AB28,,AB08 AB27 AB01 AB28,AB08 AB27 AB01 AB28,AB08 AB27 AB01 AB28,4,4,1,http://sigla.phis.me/document/HT%2029/index-word.html
815,CLINE_0815,HT 29,AB26 AB80 AB59,,AB26 AB80 AB59,AB26 AB80 AB59,AB26 AB80 AB59,3,3,1,http://sigla.phis.me/document/HT%2029/index-word.html
816,CLINE_0816,HT 29,AB31 A323 AB73,,AB31 A323 AB73,AB31 A323 AB73,AB31 A323 AB73,3,3,1,http://sigla.phis.me/document/HT%2029/index-word.html
817,CLINE_0817,HT 29,AB77 AB51 AB80 AB24,,AB77 AB51 AB80 AB24,AB77 AB51 AB80 AB24,AB77 AB51 AB80 AB24,4,4,1,http://sigla.phis.me/document/HT%2029/index-word.html
818,CLINE_0818,HT 29,KA DU MA NE,,KA DU MA NE,KA DU MA NE,KA DU MA NE,4,4,1,https://web.archive.org/web/20190416193018/http://www.people.ku.edu/~jyounger/LinearA/HTtexts.html
819,CLINE_0819,HT 29,PA JA RE,,PA JA RE,PA JA RE,PA JA RE,3,3,1,https://web.archive.org/web/20190416193018/http://www.people.ku.edu/~jyounger/LinearA/HTtexts.html
820,CLINE_0820,HT 29,RU MA TA,,RU MA TA,RU MA TA,RU MA TA,3,3,1,https://web.archive.org/web/20190416193018/http://www.people.ku.edu/~jyounger/LinearA/HTtexts.html
821,CLINE_0821,HT 29,SA MI,,SA MI,SA MI,SA MI,2,2,1,https://web.archive.org/web/20190416193018/http://www.people.ku.edu/~jyounger/LinearA/HTtexts.html
822,CLINE_0822,HT 29,]DI JA I,,]DI JA I,]DI JA I,]DI JA I,3,3,1,https://web.archive.org/web/20190416193018/http://www.people.ku.edu/~jyounger/LinearA/HTtexts.html
823,CLINE_0823,HT 3,AB01,,AB01,AB01,AB01,1,1,1,http://sigla.phis.me/document/HT%203/index-word.html
824,CLINE_0824,HT 3,AB07 AB06,,AB07 AB06,AB07 AB06,AB07 AB06,2,2,1,http://sigla.phis.me/document/HT%203/index-word.html
825,CLINE_0825,HT 3,AB23 AB26,,AB23 AB26,AB23 AB26,AB23 AB26,2,2,1,http://sigla.phis.me/document/HT%203/index-word.html
826,CLINE_0826,HT 3,AB26,,AB26,AB26,AB26,1,1,1,http://sigla.phis.me/document/HT%203/index-word.html
827,CLINE_0827,HT 3,AB41 AB69 AB76 AB27,,AB41 AB69 AB76 AB27,AB41 AB69 AB76 AB27,AB41 AB69 AB76 AB27,4,4,1,http://sigla.phis.me/document/HT%203/index-word.html
828,CLINE_0828,HT 3,AB78 AB76 AB57,,AB78 AB76 AB57,AB78 AB76 AB57,AB78 AB76 AB57,3,3,1,http://sigla.phis.me/document/HT%203/index-word.html
829,CLINE_0829,HT 3,AB80 AB07,,AB80 AB07,AB80 AB07,AB80 AB07,2,2,1,http://sigla.phis.me/document/HT%203/index-word.html
830,CLINE_0830,HT 3,AB80 AB07?,,AB80 AB07?,AB80 AB07?,AB80 AB07?,2,2,1,http://sigla.phis.me/document/HT%203/index-word.html
831,CLINE_0831,HT 3,AB81 AB56 AB55,,AB81 AB56 AB55,AB81 AB56 AB55,AB81 AB56 AB55,3,3,1,http://sigla.phis.me/document/HT%203/index-word.html
832,CLINE_0832,HT 3,MA DI,,MA DI,MA DI,MA DI,2,2,2,https://web.archive.org/web/20190416193018/http://www.people.ku.edu/~jyounger/LinearA/HTtexts.html
833,CLINE_0833,HT 3,MU RU,,MU RU,MU RU,MU RU,2,2,1,https://web.archive.org/web/20190416193018/http://www.people.ku.edu/~jyounger/LinearA/HTtexts.html
834,CLINE_0834,HT 3,QE RA2 JA[,,QE RA2 JA[,QE RA2 JA[,QE RA2 JA[,3,3,1,https://web.archive.org/web/20190416193018/http://www.people.ku.edu/~jyounger/LinearA/HTtexts.html
835,CLINE_0835,HT 3,]KU PA3 NU,,]KU PA3 NU,]KU PA3 NU,]KU PA3 NU,3,3,1,https://web.archive.org/web/20190416193018/http://www.people.ku.edu/~jyounger/LinearA/HTtexts.html
836,CLINE_0836,HT 3,]SI TU RA2 RE,,]SI TU RA2 RE,]SI TU RA2 RE,]SI TU RA2 RE,4,4,1,https://web.archive.org/web/20190416193018/http://www.people.ku.edu/~jyounger/LinearA/HTtexts.html
837,CLINE_0837,HT 30,AB31 AB60 AB60,,AB31 AB60 AB60,AB31 AB60 AB60,AB31 AB60 AB60,3,3,1,http://sigla.phis.me/document/HT%2030/index-word.html
838,CLINE_0838,HT 30,AB31 AB76,,AB31 AB76,AB31 AB76,AB31 AB76,2,2,1,http://sigla.phis.me/document/HT%2030/index-word.html
839,CLINE_0839,HT 30,AB67 AB02,,AB67 AB02,AB67 AB02,AB67 AB02,2,2,1,http://sigla.phis.me/document/HT%2030/index-word.html
840,CLINE_0840,HT 30,BOSM,,BOSM,BOSM,BOSM,1,1,2,https://web.archive.org/web/20190416193018/http://www.people.ku.edu/~jyounger/LinearA/HTtexts.html
841,CLINE_0841,HT 30,FIC,,FIC,FIC,FIC,1,1,2,https://web.archive.org/web/20190416193018/http://www.people.ku.edu/~jyounger/LinearA/HTtexts.html
842,CLINE_0842,HT 30,KI RO,,KI RO,KI RO,KI RO,2,2,1,https://web.archive.org/web/20190416193018/http://www.people.ku.edu/~jyounger/LinearA/HTtexts.html
843,CLINE_0843,HT 30,OLE TA,,OLE TA,OLE TA,OLE TA,2,2,2,https://web.archive.org/web/20190416193018/http://www.people.ku.edu/~jyounger/LinearA/HTtexts.html
844,CLINE_0844,HT 30,QA [?] PU,,QA [?] PU,QA [?] PU,QA [?] PU,3,3,1,https://web.archive.org/web/20190416193018/http://www.people.ku.edu/~jyounger/LinearA/HTtexts.html
845,CLINE_0845,HT 30,SA RA RA,,SA RA RA,SA RA RA,SA RA RA,3,3,1,https://web.archive.org/web/20190416193018/http://www.people.ku.edu/~jyounger/LinearA/HTtexts.html
846,CLINE_0846,HT 30,SA RA2,,SA RA2,SA RA2,SA RA2,2,2,1,https://web.archive.org/web/20190416193018/http://www.people.ku.edu/~jyounger/LinearA/HTtexts.html
847,CLINE_0847,HT 30,VINA,,VINA,VINA,VINA,1,1,2,https://web.archive.org/web/20190416193018/http://www.people.ku.edu/~jyounger/LinearA/HTtexts.html
848,CLINE_0848,HT 31,*402VAS PA TA QE,,*402VAS PA TA QE,*402VAS PA TA QE,*402VAS PA TA QE,4,4,1,https://web.archive.org/web/20190416193018/http://www.people.ku.edu/~jyounger/LinearA/HTtexts.html
849,CLINE_0849,HT 31,*402VAS QA PA3,,*402VAS QA PA3,*402VAS QA PA3,*402VAS QA PA3,3,3,1,https://web.archive.org/web/20190416193018/http://www.people.ku.edu/~jyounger/LinearA/HTtexts.html
850,CLINE_0850,HT 31,*402VAS SU PA3 RA,,*402VAS SU PA3 RA,*402VAS SU PA3 RA,*402VAS SU PA3 RA,4,4,1,https://web.archive.org/web/20190416193018/http://www.people.ku.edu/~jyounger/LinearA/HTtexts.html
851,CLINE_0851,HT 31,*410VAS,,*410VAS,*410VAS,*410VAS,1,1,1,https://web.archive.org/web/20190416193018/http://www.people.ku.edu/~jyounger/LinearA/HTtexts.html
852,CLINE_0852,HT 31,*415VAS SU PU,,*415VAS SU PU,*415VAS SU PU,*415VAS SU PU,3,3,1,https://web.archive.org/web/20190416193018/http://www.people.ku.edu/~jyounger/LinearA/HTtexts.html
853,CLINE_0853,HT 31,*416VAS KA RO PA3,,*416VAS KA RO PA3,*416VAS KA RO PA3,*416VAS KA RO PA3,4,4,1,https://web.archive.org/web/20190416193018/http://www.people.ku.edu/~jyounger/LinearA/HTtexts.html
854,CLINE_0854,HT 31,AB03 AB59 AB78,,AB03 AB59 AB78,AB03 AB59 AB78,AB03 AB59 AB78,3,3,1,http://sigla.phis.me/document/HT%2031/index-word.html
855,CLINE_0855,HT 31,AB16 AB56,,AB16 AB56,AB16 AB56,AB16 AB56,2,2,1,http://sigla.phis.me/document/HT%2031/index-word.html
856,CLINE_0856,HT 31,AB31 AB57 AB80,,AB31 AB57 AB80,AB31 AB57 AB80,AB31 AB57 AB80,3,3,1,http://sigla.phis.me/document/HT%2031/index-word.html
857,CLINE_0857,HT 31,AB50 AB70,,AB50 AB70,AB50 AB70,AB50 AB70,2,2,1,http://sigla.phis.me/document/HT%2031/index-word.html
858,CLINE_0858,HT 31,AB58 AB50,,AB58 AB50,AB58 AB50,AB58 AB50,2,2,1,http://sigla.phis.me/document/HT%2031/index-word.html
859,CLINE_0859,HT 31,AB58 AB56 AB60,,AB58 AB56 AB60,AB58 AB56 AB60,AB58 AB56 AB60,3,3,1,http://sigla.phis.me/document/HT%2031/index-word.html
860,CLINE_0860,HT 31,AB67 AB45 AB80 A323 AB06,,AB67 AB45 AB80 A323 AB06,AB67 AB45 AB80 A323 AB06,AB67 AB45 AB80 A323 AB06,5,5,1,http://sigla.phis.me/document/HT%2031/index-word.html
861,CLINE_0861,HT 31,AB77 AB02 AB56,,AB77 AB02 AB56,AB77 AB02 AB56,AB77 AB02 AB56,3,3,1,http://sigla.phis.me/document/HT%2031/index-word.html
862,CLINE_0862,HT 31,KI DE MA NA,,KI DE MA NA,KI DE MA NA,KI DE MA NA,4,4,1,https://web.archive.org/web/20190416193018/http://www.people.ku.edu/~jyounger/LinearA/HTtexts.html
863,CLINE_0863,HT 31,SA JA MA,,SA JA MA,SA JA MA,SA JA MA,3,3,1,https://web.archive.org/web/20190416193018/http://www.people.ku.edu/~jyounger/LinearA/HTtexts.html
864,CLINE_0864,HT 31,TI SA PU KO,,TI SA PU KO,TI SA PU KO,TI SA PU KO,4,4,1,https://web.archive.org/web/20190416193018/http://www.people.ku.edu/~jyounger/LinearA/HTtexts.html
865,CLINE_0865,HT 31,[?] AB37 AB31,,[?] AB37 AB31,[?] AB37 AB31,[?] AB37 AB31,3,3,1,http://sigla.phis.me/document/HT%2031/index-word.html
866,CLINE_0866,HT 32,AB31 AB76,,AB31 AB76,AB31 AB76,AB31 AB76,2,2,1,http://sigla.phis.me/document/HT%2032/index-word.html
867,CLINE_0867,HT 32,AB58 AB27,,AB58 AB27,AB58 AB27,AB58 AB27,2,2,1,http://sigla.phis.me/document/HT%2032/index-word.html
868,CLINE_0868,HT 32,MI JA RU,,MI JA RU,MI JA RU,MI JA RU,3,3,1,https://web.archive.org/web/20190416193018/http://www.people.ku.edu/~jyounger/LinearA/HTtexts.html
869,CLINE_0869,HT 32,OLE NE,,OLE NE,OLE NE,OLE NE,2,2,1,https://web.archive.org/web/20190416193018/http://www.people.ku.edu/~jyounger/LinearA/HTtexts.html
870,CLINE_0870,HT 32,OLE NE[,,OLE NE[,OLE NE[,OLE NE[,2,2,1,https://web.archive.org/web/20190416193018/http://www.people.ku.edu/~jyounger/LinearA/HTtexts.html
871,CLINE_0871,HT 32,QA [?] PU,,QA [?] PU,QA [?] PU,QA [?] PU,3,3,1,https://web.archive.org/web/20190416193018/http://www.people.ku.edu/~jyounger/LinearA/HTtexts.html
872,CLINE_0872,HT 32,QA [?] RE,,QA [?] RE,QA [?] RE,QA [?] RE,3,3,1,https://web.archive.org/web/20190416193018/http://www.people.ku.edu/~jyounger/LinearA/HTtexts.html
873,CLINE_0873,HT 32,SA RA2,,SA RA2,SA RA2,SA RA2,2,2,1,https://web.archive.org/web/20190416193018/http://www.people.ku.edu/~jyounger/LinearA/HTtexts.html
874,CLINE_0874,HT 32,SU RE,,SU RE,SU RE,SU RE,2,2,1,https://web.archive.org/web/20190416193018/http://www.people.ku.edu/~jyounger/LinearA/HTtexts.html
875,CLINE_0875,HT 33,AB31 AB76,,AB31 AB76,AB31 AB76,AB31 AB76,2,2,1,http://sigla.phis.me/document/HT%2033/index-word.html
876,CLINE_0876,HT 33,E KA,,E KA,E KA,E KA,2,2,1,https://web.archive.org/web/20190416193018/http://www.people.ku.edu/~jyounger/LinearA/HTtexts.html
877,CLINE_0877,HT 33,MI JA KA,,MI JA KA,MI JA KA,MI JA KA,3,3,1,https://web.archive.org/web/20190416193018/http://www.people.ku.edu/~jyounger/LinearA/HTtexts.html
878,CLINE_0878,HT 33,PA3 QE,,PA3 QE,PA3 QE,PA3 QE,2,2,1,https://web.archive.org/web/20190416193018/http://www.people.ku.edu/~jyounger/LinearA/HTtexts.html
879,CLINE_0879,HT 33,QA [?] RE,,QA [?] RE,QA [?] RE,QA [?] RE,3,3,1,https://web.archive.org/web/20190416193018/http://www.people.ku.edu/~jyounger/LinearA/HTtexts.html
880,CLINE_0880,HT 33,QA [?] RE PU,,QA [?] RE PU,QA [?] RE PU,QA [?] RE PU,4,4,1,https://web.archive.org/web/20190416193018/http://www.people.ku.edu/~jyounger/LinearA/HTtexts.html
881,CLINE_0881,HT 33,SA RA2,,SA RA2,SA RA2,SA RA2,2,2,1,https://web.archive.org/web/20190416193018/http://www.people.ku.edu/~jyounger/LinearA/HTtexts.html
882,CLINE_0882,HT 33,]VEST,,]VEST,]VEST,]VEST,1,1,1,https://web.archive.org/web/20190416193018/http://www.people.ku.edu/~jyounger/LinearA/HTtexts.html
883,CLINE_0883,HT 34,AB01 AB65 AB04,,AB01 AB65 AB04,AB01 AB65 AB04,AB01 AB65 AB04,3,3,1,http://sigla.phis.me/document/HT%2034/index-word.html
884,CLINE_0884,HT 34,AB31 AB76,,AB31 AB76,AB31 AB76,AB31 AB76,2,2,1,http://sigla.phis.me/document/HT%2034/index-word.html
885,CLINE_0885,HT 34,AB41 A516,,AB41 A516,AB41 A516,AB41 A516,2,2,1,http://sigla.phis.me/document/HT%2034/index-word.html
886,CLINE_0886,HT 34,AB67 AB02,,AB67 AB02,AB67 AB02,AB67 AB02,2,2,1,http://sigla.phis.me/document/HT%2034/index-word.html
887,CLINE_0887,HT 34,DA JU TE,,DA JU TE,DA JU TE,DA JU TE,3,3,1,https://web.archive.org/web/20190416193018/http://www.people.ku.edu/~jyounger/LinearA/HTtexts.html
888,CLINE_0888,HT 34,E GRA,,E GRA,E GRA,E GRA,2,2,1,https://web.archive.org/web/20190416193018/http://www.people.ku.edu/~jyounger/LinearA/HTtexts.html
889,CLINE_0889,HT 34,E KA,,E KA,E KA,E KA,2,2,1,https://web.archive.org/web/20190416193018/http://www.people.ku.edu/~jyounger/LinearA/HTtexts.html
890,CLINE_0890,HT 34,KI RO,,KI RO,KI RO,KI RO,2,2,1,https://web.archive.org/web/20190416193018/http://www.people.ku.edu/~jyounger/LinearA/HTtexts.html
891,CLINE_0891,HT 34,MI JA KA,,MI JA KA,MI JA KA,MI JA KA,3,3,1,https://web.archive.org/web/20190416193018/http://www.people.ku.edu/~jyounger/LinearA/HTtexts.html
892,CLINE_0892,HT 34,MI JA RU,,MI JA RU,MI JA RU,MI JA RU,3,3,1,https://web.archive.org/web/20190416193018/http://www.people.ku.edu/~jyounger/LinearA/HTtexts.html
893,CLINE_0893,HT 34,PA3,,PA3,PA3,PA3,1,1,1,https://web.archive.org/web/20190416193018/http://www.people.ku.edu/~jyounger/LinearA/HTtexts.html
894,CLINE_0894,HT 34,QA [?] PU,,QA [?] PU,QA [?] PU,QA [?] PU,3,3,1,https://web.archive.org/web/20190416193018/http://www.people.ku.edu/~jyounger/LinearA/HTtexts.html
895,CLINE_0895,HT 34,QA [?] RE,,QA [?] RE,QA [?] RE,QA [?] RE,3,3,1,https://web.archive.org/web/20190416193018/http://www.people.ku.edu/~jyounger/LinearA/HTtexts.html
896,CLINE_0896,HT 34,SA MU KU,,SA MU KU,SA MU KU,SA MU KU,3,3,1,https://web.archive.org/web/20190416193018/http://www.people.ku.edu/~jyounger/LinearA/HTtexts.html
897,CLINE_0897,HT 34,SA RA2,,SA RA2,SA RA2,SA RA2,2,2,1,https://web.archive.org/web/20190416193018/http://www.people.ku.edu/~jyounger/LinearA/HTtexts.html
898,CLINE_0898,HT 34,SI[ ]I [?],,SI[ ]I [?],SI[ ]I [?],SI[ ]I [?],3,3,1,https://web.archive.org/web/20190416193018/http://www.people.ku.edu/~jyounger/LinearA/HTtexts.html
899,CLINE_0899,HT 35,AB28 AB81 AB59,,AB28 AB81 AB59,AB28 AB81 AB59,AB28 AB81 AB59,3,3,1,http://sigla.phis.me/document/HT%2035/index-word.html
900,CLINE_0900,HT 35,AB37 AB37 AB81,,AB37 AB37 AB81,AB37 AB37 AB81,AB37 AB37 AB81,3,3,1,http://sigla.phis.me/document/HT%2035/index-word.html
901,CLINE_0901,HT 35,I KU TA,,I KU TA,I KU TA,I KU TA,3,3,1,https://web.archive.org/web/20190416193018/http://www.people.ku.edu/~jyounger/LinearA/HTtexts.html
902,CLINE_0902,HT 35,MI JA RU,,MI JA RU,MI JA RU,MI JA RU,3,3,1,https://web.archive.org/web/20190416193018/http://www.people.ku.edu/~jyounger/LinearA/HTtexts.html
903,CLINE_0903,HT 35,OLE RI,,OLE RI,OLE RI,OLE RI,2,2,1,https://web.archive.org/web/20190416193018/http://www.people.ku.edu/~jyounger/LinearA/HTtexts.html
904,CLINE_0904,HT 35,OLE TA,,OLE TA,OLE TA,OLE TA,2,2,1,https://web.archive.org/web/20190416193018/http://www.people.ku.edu/~jyounger/LinearA/HTtexts.html
905,CLINE_0905,HT 35,QA [?] PU,,QA [?] PU,QA [?] PU,QA [?] PU,3,3,1,https://web.archive.org/web/20190416193018/http://www.people.ku.edu/~jyounger/LinearA/HTtexts.html
906,CLINE_0906,HT 35,TI TI KU,,TI TI KU,TI TI KU,TI TI KU,3,3,1,https://web.archive.org/web/20190416193018/http://www.people.ku.edu/~jyounger/LinearA/HTtexts.html
907,CLINE_0907,HT 35,VINA,,VINA,VINA,VINA,1,1,1,https://web.archive.org/web/20190416193018/http://www.people.ku.edu/~jyounger/LinearA/HTtexts.html
908,CLINE_0908,HT 36,AB46 AB07,,AB46 AB07,AB46 AB07,AB46 AB07,2,2,1,http://sigla.phis.me/document/HT%2036/index-word.html
909,CLINE_0909,HT 36,AB51 AB79 AB54,,AB51 AB79 AB54,AB51 AB79 AB54,AB51 AB79 AB54,3,3,1,http://sigla.phis.me/document/HT%2036/index-word.html
910,CLINE_0910,HT 36,DU ZU WA,,DU ZU WA,DU ZU WA,DU ZU WA,3,3,1,https://web.archive.org/web/20190416193018/http://www.people.ku.edu/~jyounger/LinearA/HTtexts.html
911,CLINE_0911,HT 36,JE DI,,JE DI,JE DI,JE DI,2,2,1,https://web.archive.org/web/20190416193018/http://www.people.ku.edu/~jyounger/LinearA/HTtexts.html
912,CLINE_0912,HT 37,AB08 AB06?,,AB08 AB06?,AB08 AB06?,AB08 AB06?,2,2,1,http://sigla.phis.me/document/HT%2037/index-word.html
913,CLINE_0913,HT 37,AB27 AB58 [?],,AB27 AB58 [?],AB27 AB58 [?],AB27 AB58 [?],3,3,1,http://sigla.phis.me/document/HT%2037/index-word.html
914,CLINE_0914,HT 37,AB67 A310 AB27,,AB67 A310 AB27,AB67 A310 AB27,AB67 A310 AB27,3,3,1,http://sigla.phis.me/document/HT%2037/index-word.html
915,CLINE_0915,HT 37,AB67 AB02,,AB67 AB02,AB67 AB02,AB67 AB02,2,2,1,http://sigla.phis.me/document/HT%2037/index-word.html
916,CLINE_0916,HT 37,AB77 AB67,,AB77 AB67,AB77 AB67,AB77 AB67,2,2,2,http://sigla.phis.me/document/HT%2037/index-word.html
917,CLINE_0917,HT 37,KA KI,,KA KI,KA KI,KA KI,2,2,2,https://web.archive.org/web/20190416193018/http://www.people.ku.edu/~jyounger/LinearA/HTtexts.html
918,CLINE_0918,HT 37,KI RE,,KI RE,KI RE,KI RE,2,2,1,https://web.archive.org/web/20190416193018/http://www.people.ku.edu/~jyounger/LinearA/HTtexts.html
919,CLINE_0919,HT 37,KI RO,,KI RO,KI RO,KI RO,2,2,1,https://web.archive.org/web/20190416193018/http://www.people.ku.edu/~jyounger/LinearA/HTtexts.html
920,CLINE_0920,HT 37,MI JA I,,MI JA I,MI JA I,MI JA I,3,3,1,https://web.archive.org/web/20190416193018/http://www.people.ku.edu/~jyounger/LinearA/HTtexts.html
921,CLINE_0921,HT 37,[?] AB78,,[?] AB78,[?] AB78,[?] AB78,2,2,1,http://sigla.phis.me/document/HT%2037/index-word.html
922,CLINE_0922,HT 37,]RE SU[,,]RE SU[,]RE SU[,]RE SU[,2,2,1,https://web.archive.org/web/20190416193018/http://www.people.ku.edu/~jyounger/LinearA/HTtexts.html
923,CLINE_0923,HT 38,*403VAS,,*403VAS,*403VAS,*403VAS,1,1,1,https://web.archive.org/web/20190416193018/http://www.people.ku.edu/~jyounger/LinearA/HTtexts.html
924,CLINE_0924,HT 38,AB01 AB02 AB03,,AB01 AB02 AB03,AB01 AB02 AB03,AB01 AB02 AB03,3,3,1,http://sigla.phis.me/document/HT%2038/index-word.html
925,CLINE_0925,HT 38,DA RO PA,,DA RO PA,DA RO PA,DA RO PA,3,3,1,https://web.archive.org/web/20190416193018/http://www.people.ku.edu/~jyounger/LinearA/HTtexts.html
926,CLINE_0926,HT 38,KA A,,KA A,KA A,KA A,2,2,1,https://web.archive.org/web/20190416193018/http://www.people.ku.edu/~jyounger/LinearA/HTtexts.html
927,CLINE_0927,HT 38,OVIS,,OVIS,OVIS,OVIS,1,1,1,https://web.archive.org/web/20190416193018/http://www.people.ku.edu/~jyounger/LinearA/HTtexts.html
928,CLINE_0928,HT 38,SUS,,SUS,SUS,SUS,1,1,1,https://web.archive.org/web/20190416193018/http://www.people.ku.edu/~jyounger/LinearA/HTtexts.html
929,CLINE_0929,HT 38,TELA KU,,TELA KU,TELA KU,TELA KU,2,2,1,https://web.archive.org/web/20190416193018/http://www.people.ku.edu/~jyounger/LinearA/HTtexts.html
930,CLINE_0930,HT 39,*407VAS A,,*407VAS A,*407VAS A,*407VAS A,2,2,1,https://web.archive.org/web/20190416193018/http://www.people.ku.edu/~jyounger/LinearA/HTtexts.html
931,CLINE_0931,HT 39,AB31 AB80 AB37,,AB31 AB80 AB37,AB31 AB80 AB37,AB31 AB80 AB37,3,3,1,http://sigla.phis.me/document/HT%2039/index-word.html
932,CLINE_0932,HT 39,AB59 AB28 AB123,,AB59 AB28 AB123,AB59 AB28 AB123,AB59 AB28 AB123,3,3,1,http://sigla.phis.me/document/HT%2039/index-word.html
933,CLINE_0933,HT 39,AB81,,AB81,AB81,AB81,1,1,1,http://sigla.phis.me/document/HT%2039/index-word.html
934,CLINE_0934,HT 39,AB81 AB02,,AB81 AB02,AB81 AB02,AB81 AB02,2,2,1,http://sigla.phis.me/document/HT%2039/index-word.html
935,CLINE_0935,HT 39,AB81 AB27 AB65,,AB81 AB27 AB65,AB81 AB27 AB65,AB81 AB27 AB65,3,3,1,http://sigla.phis.me/document/HT%2039/index-word.html
936,CLINE_0936,HT 39,AB81 AB27?,,AB81 AB27?,AB81 AB27?,AB81 AB27?,2,2,1,http://sigla.phis.me/document/HT%2039/index-word.html
937,CLINE_0937,HT 39,KU RE,,KU RE,KU RE,KU RE,2,2,1,https://web.archive.org/web/20190416193018/http://www.people.ku.edu/~jyounger/LinearA/HTtexts.html
938,CLINE_0938,HT 39,TA I,,TA I,TA I,TA I,2,2,1,https://web.archive.org/web/20190416193018/http://www.people.ku.edu/~jyounger/LinearA/HTtexts.html
939,CLINE_0939,HT 39,]KU RE JU,,]KU RE JU,]KU RE JU,]KU RE JU,3,3,1,https://web.archive.org/web/20190416193018/http://www.people.ku.edu/~jyounger/LinearA/HTtexts.html
940,CLINE_0940,HT 39,]KU RO,,]KU RO,]KU RO,]KU RO,2,2,1,https://web.archive.org/web/20190416193018/http://www.people.ku.edu/~jyounger/LinearA/HTtexts.html
941,CLINE_0941,HT 39,]SA MA TI,,]SA MA TI,]SA MA TI,]SA MA TI,3,3,1,https://web.archive.org/web/20190416193018/http://www.people.ku.edu/~jyounger/LinearA/HTtexts.html
942,CLINE_0942,HT 4,AB03 AB27,,AB03 AB27,AB03 AB27,AB03 AB27,2,2,1,http://sigla.phis.me/document/HT%204/index-word.html
943,CLINE_0943,HT 4,AB59 AB39 AB41 AB07,,AB59 AB39 AB41 AB07,AB59 AB39 AB41 AB07,AB59 AB39 AB41 AB07,4,4,1,http://sigla.phis.me/document/HT%204/index-word.html
944,CLINE_0944,HT 4,DU RI TE,,DU RI TE,DU RI TE,DU RI TE,3,3,1,https://web.archive.org/web/20190416193018/http://www.people.ku.edu/~jyounger/LinearA/HTtexts.html
945,CLINE_0945,HT 4,PA RE[,,PA RE[,PA RE[,PA RE[,2,2,1,https://web.archive.org/web/20190416193018/http://www.people.ku.edu/~jyounger/LinearA/HTtexts.html
946,CLINE_0946,HT 4,[?] A306 AB37 AB77 AB08 AB27?,,[?] A306 AB37 AB77 AB08 AB27?,[?] A306 AB37 AB77 AB08 AB27?,[?] A306 AB37 AB77 AB08 AB27?,6,6,1,http://sigla.phis.me/document/HT%204/index-word.html
947,CLINE_0947,HT 4,[?] AB51 AB53 AB04,,[?] AB51 AB53 AB04,[?] AB51 AB53 AB04,[?] AB51 AB53 AB04,4,4,1,http://sigla.phis.me/document/HT%204/index-word.html
948,CLINE_0948,HT 4,]TA PI SI DI,,]TA PI SI DI,]TA PI SI DI,]TA PI SI DI,4,4,1,https://web.archive.org/web/20190416193018/http://www.people.ku.edu/~jyounger/LinearA/HTtexts.html
949,CLINE_0949,HT 40,AB55 AB51 A331,,AB55 AB51 A331,AB55 AB51 A331,AB55 AB51 A331,3,3,1,http://sigla.phis.me/document/HT%2040/index-word.html
950,CLINE_0950,HT 40,AB67 AB01 AB59,,AB67 AB01 AB59,AB67 AB01 AB59,AB67 AB01 AB59,3,3,1,http://sigla.phis.me/document/HT%2040/index-word.html
951,CLINE_0951,HT 40,AB81,,AB81,AB81,AB81,1,1,1,http://sigla.phis.me/document/HT%2040/index-word.html
952,CLINE_0952,HT 40,AB81 AB02,,AB81 AB02,AB81 AB02,AB81 AB02,2,2,1,http://sigla.phis.me/document/HT%2040/index-word.html
953,CLINE_0953,HT 40,GRA[],,GRA[],GRA[],GRA[],1,1,1,https://web.archive.org/web/20190416193018/http://www.people.ku.edu/~jyounger/LinearA/HTtexts.html
954,CLINE_0954,HT 40,KI DA TA,,KI DA TA,KI DA TA,KI DA TA,3,3,1,https://web.archive.org/web/20190416193018/http://www.people.ku.edu/~jyounger/LinearA/HTtexts.html
955,CLINE_0955,HT 40,KU RO,,KU RO,KU RO,KU RO,2,2,1,https://web.archive.org/web/20190416193018/http://www.people.ku.edu/~jyounger/LinearA/HTtexts.html
956,CLINE_0956,HT 40,NU DU,,NU DU,NU DU,NU DU,2,2,1,https://web.archive.org/web/20190416193018/http://www.people.ku.edu/~jyounger/LinearA/HTtexts.html
957,CLINE_0957,HT 40,TE GRA,,TE GRA,TE GRA,TE GRA,2,2,1,https://web.archive.org/web/20190416193018/http://www.people.ku.edu/~jyounger/LinearA/HTtexts.html
958,CLINE_0958,HT 41,MI DA NI PA JA,,MI DA NI PA JA,MI DA NI PA JA,MI DA NI PA JA,5,5,1,https://web.archive.org/web/20190416193018/http://www.people.ku.edu/~jyounger/LinearA/HTtexts.html
959,CLINE_0959,HT 41,]QE TU,,]QE TU,]QE TU,]QE TU,2,2,1,https://web.archive.org/web/20190416193018/http://www.people.ku.edu/~jyounger/LinearA/HTtexts.html
960,CLINE_0960,HT 41A,AB03 AB57,,AB03 AB57,AB03 AB57,AB03 AB57,2,2,1,http://sigla.phis.me/document/HT%2041a/index-word.html
961,CLINE_0961,HT 41A,AB73 AB01 AB30,,AB73 AB01 AB30,AB73 AB01 AB30,AB73 AB01 AB30,3,3,1,http://sigla.phis.me/document/HT%2041a/index-word.html
962,CLINE_0962,HT 41A,AB78 AB69,,AB78 AB69,AB78 AB69,AB78 AB69,2,2,1,http://sigla.phis.me/document/HT%2041a/index-word.html
963,CLINE_0963,HT 42 59,AB27 AB69,,AB27 AB69,AB27 AB69,AB27 AB69,2,2,1,http://sigla.phis.me/document/HT%2042%2B59/index-word.html
964,CLINE_0964,HT 42 59,AB31 AB02,,AB31 AB02,AB31 AB02,AB31 AB02,2,2,1,http://sigla.phis.me/document/HT%2042%2B59/index-word.html
965,CLINE_0965,HT 42 59,AB58 AB51,,AB58 AB51,AB58 AB51,AB58 AB51,2,2,1,http://sigla.phis.me/document/HT%2042%2B59/index-word.html
966,CLINE_0966,HT 42 59,AB59,,AB59,AB59,AB59,1,1,1,http://sigla.phis.me/document/HT%2042%2B59/index-word.html
967,CLINE_0967,HT 42 59,AB81,,AB81,AB81,AB81,1,1,1,http://sigla.phis.me/document/HT%2042%2B59/index-word.html
968,CLINE_0968,HT 42 59,RE TU,,RE TU,RE TU,RE TU,2,2,1,https://web.archive.org/web/20190416193018/http://www.people.ku.edu/~jyounger/LinearA/HTtexts.html
969,CLINE_0969,HT 42 59,SA RO,,SA RO,SA RO,SA RO,2,2,1,https://web.archive.org/web/20190416193018/http://www.people.ku.edu/~jyounger/LinearA/HTtexts.html
970,CLINE_0970,HT 42 59,SI SE TE,,SI SE TE,SI SE TE,SI SE TE,3,3,1,https://web.archive.org/web/20190416193018/http://www.people.ku.edu/~jyounger/LinearA/HTtexts.html
971,CLINE_0971,HT 42 59,SU DU[,,SU DU[,SU DU[,SU DU[,2,2,1,https://web.archive.org/web/20190416193018/http://www.people.ku.edu/~jyounger/LinearA/HTtexts.html
972,CLINE_0972,HT 43,AB03 A342 AB28,,AB03 A342 AB28,AB03 A342 AB28,AB03 A342 AB28,3,3,1,http://sigla.phis.me/document/HT%2043/index-word.html
973,CLINE_0973,HT 43,AB80 AB41 AB51,,AB80 AB41 AB51,AB80 AB41 AB51,AB80 AB41 AB51,3,3,1,http://sigla.phis.me/document/HT%2043/index-word.html
974,CLINE_0974,HT 43,I GRA PA,,I GRA PA,I GRA PA,I GRA PA,3,3,1,https://web.archive.org/web/20190416193018/http://www.people.ku.edu/~jyounger/LinearA/HTtexts.html
975,CLINE_0975,HT 43,MA SI DU PA I,,MA SI DU PA I,MA SI DU PA I,MA SI DU PA I,5,5,1,https://web.archive.org/web/20190416193018/http://www.people.ku.edu/~jyounger/LinearA/HTtexts.html
976,CLINE_0976,HT 44,FIC[,,FIC[,FIC[,FIC[,1,1,1,https://web.archive.org/web/20190416193018/http://www.people.ku.edu/~jyounger/LinearA/HTtexts.html
977,CLINE_0977,HT 44,I QA,,I QA,I QA,I QA,2,2,1,https://web.archive.org/web/20190416193018/http://www.people.ku.edu/~jyounger/LinearA/HTtexts.html
978,CLINE_0978,HT 44,OLE RA,,OLE RA,OLE RA,OLE RA,2,2,1,https://web.archive.org/web/20190416193018/http://www.people.ku.edu/~jyounger/LinearA/HTtexts.html
979,CLINE_0979,HT 44,OLE U,,OLE U,OLE U,OLE U,2,2,1,https://web.archive.org/web/20190416193018/http://www.people.ku.edu/~jyounger/LinearA/HTtexts.html
980,CLINE_0980,HT 44,OLIV,,OLIV,OLIV,OLIV,1,1,1,https://web.archive.org/web/20190416193018/http://www.people.ku.edu/~jyounger/LinearA/HTtexts.html
981,CLINE_0981,HT 44,TE GRA F,,TE GRA F,TE GRA F,TE GRA F,3,3,1,https://web.archive.org/web/20190416193018/http://www.people.ku.edu/~jyounger/LinearA/HTtexts.html
982,CLINE_0982,HT 44,VINA[,,VINA[,VINA[,VINA[,1,1,1,https://web.archive.org/web/20190416193018/http://www.people.ku.edu/~jyounger/LinearA/HTtexts.html
983,CLINE_0983,HT 44,]FIC,,]FIC,]FIC,]FIC,1,1,1,https://web.archive.org/web/20190416193018/http://www.people.ku.edu/~jyounger/LinearA/HTtexts.html
984,CLINE_0984,HT 44,]OLE KI,,]OLE KI,]OLE KI,]OLE KI,2,2,1,https://web.archive.org/web/20190416193018/http://www.people.ku.edu/~jyounger/LinearA/HTtexts.html
985,CLINE_0985,HT 44A,AB28 AB16 AB118,,AB28 AB16 AB118,AB28 AB16 AB118,AB28 AB16 AB118,3,3,1,http://sigla.phis.me/document/HT%2044a/index-word.html
986,CLINE_0986,HT 44B,AB57?,,AB57?,AB57?,AB57?,1,1,1,http://sigla.phis.me/document/HT%2044b/index-word.html
987,CLINE_0987,HT 45,QA [?] RE PU,,QA [?] RE PU,QA [?] RE PU,QA [?] RE PU,4,4,2,https://web.archive.org/web/20190416193018/http://www.people.ku.edu/~jyounger/LinearA/HTtexts.html
988,CLINE_0988,HT 45A,AB03,,AB03,AB03,AB03,1,1,1,http://sigla.phis.me/document/HT%2045a/index-word.html
989,CLINE_0989,HT 45B,AB02 [?] AB08,,AB02 [?] AB08,AB02 [?] AB08,AB02 [?] AB08,3,3,1,http://sigla.phis.me/document/HT%2045b/index-word.html
990,CLINE_0990,HT 45B,AB81,,AB81,AB81,AB81,1,1,1,http://sigla.phis.me/document/HT%2045b/index-word.html
991,CLINE_0991,HT 46,]KU RO,,]KU RO,]KU RO,]KU RO,2,2,1,https://web.archive.org/web/20190416193018/http://www.people.ku.edu/~jyounger/LinearA/HTtexts.html
992,CLINE_0992,HT 46,]MU RU,,]MU RU,]MU RU,]MU RU,2,2,1,https://web.archive.org/web/20190416193018/http://www.people.ku.edu/~jyounger/LinearA/HTtexts.html
993,CLINE_0993,HT 46A,AB23 AB26,,AB23 AB26,AB23 AB26,AB23 AB26,2,2,1,http://sigla.phis.me/document/HT%2046a/index-word.html
994,CLINE_0994,HT 46A,AB81 AB02,,AB81 AB02,AB81 AB02,AB81 AB02,2,2,1,http://sigla.phis.me/document/HT%2046a/index-word.html
995,CLINE_0995,HT 47,DESUNT,,DESUNT,DESUNT,DESUNT,1,1,1,https://web.archive.org/web/20190416193018/http://www.people.ku.edu/~jyounger/LinearA/HTtexts.html
996,CLINE_0996,HT 47,KI DA RO,,KI DA RO,KI DA RO,KI DA RO,3,3,1,https://web.archive.org/web/20190416193018/http://www.people.ku.edu/~jyounger/LinearA/HTtexts.html
997,CLINE_0997,HT 47,KU PA3 NA TU,,KU PA3 NA TU,KU PA3 NA TU,KU PA3 NA TU,4,4,1,https://web.archive.org/web/20190416193018/http://www.people.ku.edu/~jyounger/LinearA/HTtexts.html
998,CLINE_0998,HT 47,MI NU MI,,MI NU MI,MI NU MI,MI NU MI,3,3,1,https://web.archive.org/web/20190416193018/http://www.people.ku.edu/~jyounger/LinearA/HTtexts.html
999,CLINE_0999,HT 47,]RA NA RE[,,]RA NA RE[,]RA NA RE[,]RA NA RE[,3,3,1,https://web.archive.org/web/20190416193018/http://www.people.ku.edu/~jyounger/LinearA/HTtexts.html
1000,CLINE_1000,HT 47,]TU RO,,]TU RO,]TU RO,]TU RO,2,2,1,https://web.archive.org/web/20190416193018/http://www.people.ku.edu/~jyounger/LinearA/HTtexts.html
1001,CLINE_1001,HT 47A,AB10,,AB10,AB10,AB10,1,1,1,http://sigla.phis.me/document/HT%2047a/index-word.html
1002,CLINE_1002,HT 47A,AB39,,AB39,AB39,AB39,1,1,1,http://sigla.phis.me/document/HT%2047a/index-word.html
1003,CLINE_1003,HT 47A,AB51,,AB51,AB51,AB51,1,1,1,http://sigla.phis.me/document/HT%2047a/index-word.html
1004,CLINE_1004,HT 47A,AB67 AB01 AB02,,AB67 AB01 AB02,AB67 AB01 AB02,AB67 AB01 AB02,3,3,1,http://sigla.phis.me/document/HT%2047a/index-word.html
1005,CLINE_1005,HT 47A,AB73 AB55 AB73,,AB73 AB55 AB73,AB73 AB55 AB73,AB73 AB55 AB73,3,3,1,http://sigla.phis.me/document/HT%2047a/index-word.html
1006,CLINE_1006,HT 47A,AB77,,AB77,AB77,AB77,1,1,1,http://sigla.phis.me/document/HT%2047a/index-word.html
1007,CLINE_1007,HT 47A,AB81 AB56 AB06 AB69,,AB81 AB56 AB06 AB69,AB81 AB56 AB06 AB69,AB81 AB56 AB06 AB69,4,4,1,http://sigla.phis.me/document/HT%2047a/index-word.html
1008,CLINE_1008,HT 47B,AB60 AB06 AB27,,AB60 AB06 AB27,AB60 AB06 AB27,AB60 AB06 AB27,3,3,1,http://sigla.phis.me/document/HT%2047b/index-word.html
1009,CLINE_1009,HT 49,A RU,,A RU,A RU,A RU,2,2,1,https://web.archive.org/web/20190416193018/http://www.people.ku.edu/~jyounger/LinearA/HTtexts.html
1010,CLINE_1010,HT 49,KU PA3 NU,,KU PA3 NU,KU PA3 NU,KU PA3 NU,3,3,1,https://web.archive.org/web/20190416193018/http://www.people.ku.edu/~jyounger/LinearA/HTtexts.html
1011,CLINE_1011,HT 49,SI RA,,SI RA,SI RA,SI RA,2,2,1,https://web.archive.org/web/20190416193018/http://www.people.ku.edu/~jyounger/LinearA/HTtexts.html
1012,CLINE_1012,HT 49,TA NA TI,,TA NA TI,TA NA TI,TA NA TI,3,3,1,https://web.archive.org/web/20190416193018/http://www.people.ku.edu/~jyounger/LinearA/HTtexts.html
1013,CLINE_1013,HT 49,TI DU NI,,TI DU NI,TI DU NI,TI DU NI,3,3,1,https://web.archive.org/web/20190416193018/http://www.people.ku.edu/~jyounger/LinearA/HTtexts.html
1014,CLINE_1014,HT 49,TU SU PU2,,TU SU PU2,TU SU PU2,TU SU PU2,3,3,1,https://web.archive.org/web/20190416193018/http://www.people.ku.edu/~jyounger/LinearA/HTtexts.html
1015,CLINE_1015,HT 49A,AB08 AB26,,AB08 AB26,AB08 AB26,AB08 AB26,2,2,1,http://sigla.phis.me/document/HT%2049a/index-word.html
1016,CLINE_1016,HT 49A,AB37 AB51 AB30,,AB37 AB51 AB30,AB37 AB51 AB30,AB37 AB51 AB30,3,3,1,http://sigla.phis.me/document/HT%2049a/index-word.html
1017,CLINE_1017,HT 49A,AB41 AB60,,AB41 AB60,AB41 AB60,AB41 AB60,2,2,1,http://sigla.phis.me/document/HT%2049a/index-word.html
1018,CLINE_1018,HT 49A,AB53,,AB53,AB53,AB53,1,1,1,http://sigla.phis.me/document/HT%2049a/index-word.html
1019,CLINE_1019,HT 49A,AB58 AB67?,,AB58 AB67?,AB58 AB67?,AB58 AB67?,2,2,1,http://sigla.phis.me/document/HT%2049a/index-word.html
1020,CLINE_1020,HT 49A,AB59 AB06 AB37,,AB59 AB06 AB37,AB59 AB06 AB37,AB59 AB06 AB37,3,3,1,http://sigla.phis.me/document/HT%2049a/index-word.html
1021,CLINE_1021,HT 49A,AB69 AB58 AB29,,AB69 AB58 AB29,AB69 AB58 AB29,AB69 AB58 AB29,3,3,1,http://sigla.phis.me/document/HT%2049a/index-word.html
1022,CLINE_1022,HT 49A,AB81 AB56 AB55,,AB81 AB56 AB55,AB81 AB56 AB55,AB81 AB56 AB55,3,3,1,http://sigla.phis.me/document/HT%2049a/index-word.html
1023,CLINE_1023,HT 49A,[?] AB76 AB51,,[?] AB76 AB51,[?] AB76 AB51,[?] AB76 AB51,3,3,1,http://sigla.phis.me/document/HT%2049a/index-word.html
1024,CLINE_1024,HT 49A,[?] [?],,[?] [?],[?] [?],[?] [?],2,2,1,http://sigla.phis.me/document/HT%2049a/index-word.html
1025,CLINE_1025,HT 49B,AB28,,AB28,AB28,AB28,1,1,1,http://sigla.phis.me/document/HT%2049b/index-word.html
1026,CLINE_1026,HT 49B,AB59,,AB59,AB59,AB59,1,1,1,http://sigla.phis.me/document/HT%2049b/index-word.html
1027,CLINE_1027,HT 49B,AB77,,AB77,AB77,AB77,1,1,1,http://sigla.phis.me/document/HT%2049b/index-word.html
1028,CLINE_1028,HT 49B,AB81,,AB81,AB81,AB81,1,1,1,http://sigla.phis.me/document/HT%2049b/index-word.html
1029,CLINE_1029,HT 5,A307,,A307,A307,A307,1,1,1,http://sigla.phis.me/document/HT%205/index-word.html
1030,CLINE_1030,HT 5,AB80 AB41,,AB80 AB41,AB80 AB41,AB80 AB41,2,2,1,http://sigla.phis.me/document/HT%205/index-word.html
1031,CLINE_1031,HT 5,MA SI,,MA SI,MA SI,MA SI,2,2,1,https://web.archive.org/web/20190416193018/http://www.people.ku.edu/~jyounger/LinearA/HTtexts.html
1032,CLINE_1032,HT 5,WI DU,,WI DU,WI DU,WI DU,2,2,1,https://web.archive.org/web/20190416193018/http://www.people.ku.edu/~jyounger/LinearA/HTtexts.html
1033,CLINE_1033,HT 5,[?] AB40 AB51,,[?] AB40 AB51,[?] AB40 AB51,[?] AB40 AB51,3,3,1,http://sigla.phis.me/document/HT%205/index-word.html
1034,CLINE_1034,HT 50,OLE E,,OLE E,OLE E,OLE E,2,2,1,https://web.archive.org/web/20190416193018/http://www.people.ku.edu/~jyounger/LinearA/HTtexts.html
1035,CLINE_1035,HT 50,OLE KI,,OLE KI,OLE KI,OLE KI,2,2,1,https://web.archive.org/web/20190416193018/http://www.people.ku.edu/~jyounger/LinearA/HTtexts.html
1036,CLINE_1036,HT 50,OLE MI,,OLE MI,OLE MI,OLE MI,2,2,1,https://web.archive.org/web/20190416193018/http://www.people.ku.edu/~jyounger/LinearA/HTtexts.html
1037,CLINE_1037,HT 50,OLIV TU,,OLIV TU,OLIV TU,OLIV TU,2,2,1,https://web.archive.org/web/20190416193018/http://www.people.ku.edu/~jyounger/LinearA/HTtexts.html
1038,CLINE_1038,HT 50,]GRA[,,]GRA[,]GRA[,]GRA[,1,1,1,https://web.archive.org/web/20190416193018/http://www.people.ku.edu/~jyounger/LinearA/HTtexts.html
1039,CLINE_1039,HT 50,]OLE DI[,,]OLE DI[,]OLE DI[,]OLE DI[,2,2,1,https://web.archive.org/web/20190416193018/http://www.people.ku.edu/~jyounger/LinearA/HTtexts.html
1040,CLINE_1040,HT 50,]OLE KI[,,]OLE KI[,]OLE KI[,]OLE KI[,2,2,1,https://web.archive.org/web/20190416193018/http://www.people.ku.edu/~jyounger/LinearA/HTtexts.html
1041,CLINE_1041,HT 50,]OLIV,,]OLIV,]OLIV,]OLIV,1,1,1,https://web.archive.org/web/20190416193018/http://www.people.ku.edu/~jyounger/LinearA/HTtexts.html
1042,CLINE_1042,HT 51,FIC TE,,FIC TE,FIC TE,FIC TE,2,2,1,https://web.archive.org/web/20190416193018/http://www.people.ku.edu/~jyounger/LinearA/HTtexts.html
1043,CLINE_1043,HT 51,TI NI[,,TI NI[,TI NI[,TI NI[,2,2,1,https://web.archive.org/web/20190416193018/http://www.people.ku.edu/~jyounger/LinearA/HTtexts.html
1044,CLINE_1044,HT 51,ZU DU,,ZU DU,ZU DU,ZU DU,2,2,1,https://web.archive.org/web/20190416193018/http://www.people.ku.edu/~jyounger/LinearA/HTtexts.html
1045,CLINE_1045,HT 51,]KU ME TA,,]KU ME TA,]KU ME TA,]KU ME TA,3,3,1,https://web.archive.org/web/20190416193018/http://www.people.ku.edu/~jyounger/LinearA/HTtexts.html
1046,CLINE_1046,HT 51A,AB37 AB30,,AB37 AB30,AB37 AB30,AB37 AB30,2,2,1,http://sigla.phis.me/document/HT%2051a/index-word.html
1047,CLINE_1047,HT 51A,[?] AB27,,[?] AB27,[?] AB27,[?] AB27,2,2,1,http://sigla.phis.me/document/HT%2051a/index-word.html
1048,CLINE_1048,HT 51B,AB41,,AB41,AB41,AB41,1,1,1,http://sigla.phis.me/document/HT%2051b/index-word.html
1049,CLINE_1049,HT 51B,AB79 AB51,,AB79 AB51,AB79 AB51,AB79 AB51,2,2,1,http://sigla.phis.me/document/HT%2051b/index-word.html
1050,CLINE_1050,HT 51B,AB81 AB13 AB59,,AB81 AB13 AB59,AB81 AB13 AB59,AB81 AB13 AB59,3,3,1,http://sigla.phis.me/document/HT%2051b/index-word.html
1051,CLINE_1051,HT 52,DESUNT,,DESUNT,DESUNT,DESUNT,1,1,1,https://web.archive.org/web/20190416193018/http://www.people.ku.edu/~jyounger/LinearA/HTtexts.html
1052,CLINE_1052,HT 52,DI KA KI,,DI KA KI,DI KA KI,DI KA KI,3,3,1,https://web.archive.org/web/20190416193018/http://www.people.ku.edu/~jyounger/LinearA/HTtexts.html
1053,CLINE_1053,HT 52,GRA,,GRA,GRA,GRA,1,1,1,https://web.archive.org/web/20190416193018/http://www.people.ku.edu/~jyounger/LinearA/HTtexts.html
1054,CLINE_1054,HT 52,SA MA,,SA MA,SA MA,SA MA,2,2,1,https://web.archive.org/web/20190416193018/http://www.people.ku.edu/~jyounger/LinearA/HTtexts.html
1055,CLINE_1055,HT 52A,AB07 AB77 AB69,,AB07 AB77 AB69,AB07 AB77 AB69,AB07 AB77 AB69,3,3,1,http://sigla.phis.me/document/HT%2052a/index-word.html
1056,CLINE_1056,HT 52A,AB31 AB80,,AB31 AB80,AB31 AB80,AB31 AB80,2,2,1,http://sigla.phis.me/document/HT%2052a/index-word.html
1057,CLINE_1057,HT 52B,AB24,,AB24,AB24,AB24,1,1,1,http://sigla.phis.me/document/HT%2052b/index-word.html
1058,CLINE_1058,HT 53A,AB31 AB24,,AB31 AB24,AB31 AB24,AB31 AB24,2,2,1,http://sigla.phis.me/document/HT%2053a/index-word.html
1059,CLINE_1059,HT 53A,AB60,,AB60,AB60,AB60,1,1,1,http://sigla.phis.me/document/HT%2053a/index-word.html
1060,CLINE_1060,HT 53B,AB81 AB27,,AB81 AB27,AB81 AB27,AB81 AB27,2,2,1,http://sigla.phis.me/document/HT%2053b/index-word.html
1061,CLINE_1061,HT 54,KI MI RA2,,KI MI RA2,KI MI RA2,KI MI RA2,3,3,1,https://web.archive.org/web/20190416193018/http://www.people.ku.edu/~jyounger/LinearA/HTtexts.html
1062,CLINE_1062,HT 54,]KU MI NA QE[,,]KU MI NA QE[,]KU MI NA QE[,]KU MI NA QE[,4,4,1,https://web.archive.org/web/20190416193018/http://www.people.ku.edu/~jyounger/LinearA/HTtexts.html
1063,CLINE_1063,HT 54A,AB67,,AB67,AB67,AB67,1,1,1,http://sigla.phis.me/document/HT%2054a/index-word.html
1064,CLINE_1064,HT 54A,AB73 AB76,,AB73 AB76,AB73 AB76,AB73 AB76,2,2,1,http://sigla.phis.me/document/HT%2054a/index-word.html
1065,CLINE_1065,HT 54A,AB81 AB73 AB06 AB78,,AB81 AB73 AB06 AB78,AB81 AB73 AB06 AB78,AB81 AB73 AB06 AB78,4,4,1,http://sigla.phis.me/document/HT%2054a/index-word.html
1066,CLINE_1066,HT 54A,[?] [?],,[?] [?],[?] [?],[?] [?],2,2,1,http://sigla.phis.me/document/HT%2054a/index-word.html
1067,CLINE_1067,HT 54B,AB67,,AB67,AB67,AB67,1,1,1,http://sigla.phis.me/document/HT%2054b/index-word.html
1068,CLINE_1068,HT 55,KI RO,,KI RO,KI RO,KI RO,2,2,1,https://web.archive.org/web/20190416193018/http://www.people.ku.edu/~jyounger/LinearA/HTtexts.html
1069,CLINE_1069,HT 55,MA RE,,MA RE,MA RE,MA RE,2,2,1,https://web.archive.org/web/20190416193018/http://www.people.ku.edu/~jyounger/LinearA/HTtexts.html
1070,CLINE_1070,HT 55,SI RU,,SI RU,SI RU,SI RU,2,2,1,https://web.archive.org/web/20190416193018/http://www.people.ku.edu/~jyounger/LinearA/HTtexts.html
1071,CLINE_1071,HT 55,]RI JA,,]RI JA,]RI JA,]RI JA,2,2,1,https://web.archive.org/web/20190416193018/http://www.people.ku.edu/~jyounger/LinearA/HTtexts.html
1072,CLINE_1072,HT 55A,AB24,,AB24,AB24,AB24,1,1,1,http://sigla.phis.me/document/HT%2055a/index-word.html
1073,CLINE_1073,HT 55A,AB41 AB26,,AB41 AB26,AB41 AB26,AB41 AB26,2,2,1,http://sigla.phis.me/document/HT%2055a/index-word.html
1074,CLINE_1074,HT 55A,AB67 AB02,,AB67 AB02,AB67 AB02,AB67 AB02,2,2,1,http://sigla.phis.me/document/HT%2055a/index-word.html
1075,CLINE_1075,HT 55A,AB69,,AB69,AB69,AB69,1,1,1,http://sigla.phis.me/document/HT%2055a/index-word.html
1076,CLINE_1076,HT 55A,AB80 AB27,,AB80 AB27,AB80 AB27,AB80 AB27,2,2,1,http://sigla.phis.me/document/HT%2055a/index-word.html
1077,CLINE_1077,HT 55B,AB04,,AB04,AB04,AB04,1,1,1,http://sigla.phis.me/document/HT%2055b/index-word.html
1078,CLINE_1078,HT 55B,AB28,,AB28,AB28,AB28,1,1,1,http://sigla.phis.me/document/HT%2055b/index-word.html
1079,CLINE_1079,HT 55B,AB53 AB57,,AB53 AB57,AB53 AB57,AB53 AB57,2,2,1,http://sigla.phis.me/document/HT%2055b/index-word.html
1080,CLINE_1080,HT 55B,AB78,,AB78,AB78,AB78,1,1,1,http://sigla.phis.me/document/HT%2055b/index-word.html
1081,CLINE_1081,HT 56,]OLE KI,,]OLE KI,]OLE KI,]OLE KI,2,2,1,https://web.archive.org/web/20190416193018/http://www.people.ku.edu/~jyounger/LinearA/HTtexts.html
1082,CLINE_1082,HT 56A,AB10,,AB10,AB10,AB10,1,1,1,http://sigla.phis.me/document/HT%2056a/index-word.html
1083,CLINE_1083,HT 56A,AB31,,AB31,AB31,AB31,1,1,1,http://sigla.phis.me/document/HT%2056a/index-word.html
1084,CLINE_1084,HT 57,DA QE RA[,,DA QE RA[,DA QE RA[,DA QE RA[,3,3,1,https://web.archive.org/web/20190416193018/http://www.people.ku.edu/~jyounger/LinearA/HTtexts.html
1085,CLINE_1085,HT 57A,AB01 AB78 AB60,,AB01 AB78 AB60,AB01 AB78 AB60,AB01 AB78 AB60,3,3,1,http://sigla.phis.me/document/HT%2057a/index-word.html
1086,CLINE_1086,HT 57A,AB08,,AB08,AB08,AB08,1,1,1,http://sigla.phis.me/document/HT%2057a/index-word.html
1087,CLINE_1087,HT 58,AB10,,AB10,AB10,AB10,1,1,1,http://sigla.phis.me/document/HT%2058/index-word.html
1088,CLINE_1088,HT 58,AB78 AB37 AB60 AB51,,AB78 AB37 AB60 AB51,AB78 AB37 AB60 AB51,AB78 AB37 AB60 AB51,4,4,1,http://sigla.phis.me/document/HT%2058/index-word.html
1089,CLINE_1089,HT 58,OLE MI[,,OLE MI[,OLE MI[,OLE MI[,2,2,1,https://web.archive.org/web/20190416193018/http://www.people.ku.edu/~jyounger/LinearA/HTtexts.html
1090,CLINE_1090,HT 58,OLE U,,OLE U,OLE U,OLE U,2,2,1,https://web.archive.org/web/20190416193018/http://www.people.ku.edu/~jyounger/LinearA/HTtexts.html
1091,CLINE_1091,HT 58,OLIV,,OLIV,OLIV,OLIV,1,1,1,https://web.archive.org/web/20190416193018/http://www.people.ku.edu/~jyounger/LinearA/HTtexts.html
1092,CLINE_1092,HT 58,QE TI RA DU,,QE TI RA DU,QE TI RA DU,QE TI RA DU,4,4,1,https://web.archive.org/web/20190416193018/http://www.people.ku.edu/~jyounger/LinearA/HTtexts.html
1093,CLINE_1093,HT 58,]OLE E,,]OLE E,]OLE E,]OLE E,2,2,1,https://web.archive.org/web/20190416193018/http://www.people.ku.edu/~jyounger/LinearA/HTtexts.html
1094,CLINE_1094,HT 58,]U KI,,]U KI,]U KI,]U KI,2,2,1,https://web.archive.org/web/20190416193018/http://www.people.ku.edu/~jyounger/LinearA/HTtexts.html
1095,CLINE_1095,HT 6,DA KI,,DA KI,DA KI,DA KI,2,2,1,https://web.archive.org/web/20190416193018/http://www.people.ku.edu/~jyounger/LinearA/HTtexts.html
1096,CLINE_1096,HT 6,DA QE RA,,DA QE RA,DA QE RA,DA QE RA,3,3,1,https://web.archive.org/web/20190416193018/http://www.people.ku.edu/~jyounger/LinearA/HTtexts.html
1097,CLINE_1097,HT 6,DA TA RA,,DA TA RA,DA TA RA,DA TA RA,3,3,1,https://web.archive.org/web/20190416193018/http://www.people.ku.edu/~jyounger/LinearA/HTtexts.html
1098,CLINE_1098,HT 6,DU DA MA,,DU DA MA,DU DA MA,DU DA MA,3,3,1,https://web.archive.org/web/20190416193018/http://www.people.ku.edu/~jyounger/LinearA/HTtexts.html
1099,CLINE_1099,HT 6,FIC,,FIC,FIC,FIC,1,1,1,https://web.archive.org/web/20190416193018/http://www.people.ku.edu/~jyounger/LinearA/HTtexts.html
1100,CLINE_1100,HT 6,JA RU,,JA RU,JA RU,JA RU,2,2,1,https://web.archive.org/web/20190416193018/http://www.people.ku.edu/~jyounger/LinearA/HTtexts.html
1101,CLINE_1101,HT 6,KA PA,,KA PA,KA PA,KA PA,2,2,1,https://web.archive.org/web/20190416193018/http://www.people.ku.edu/~jyounger/LinearA/HTtexts.html
1102,CLINE_1102,HT 6,KA PA QE,,KA PA QE,KA PA QE,KA PA QE,3,3,1,https://web.archive.org/web/20190416193018/http://www.people.ku.edu/~jyounger/LinearA/HTtexts.html
1103,CLINE_1103,HT 6,MA RI I,,MA RI I,MA RI I,MA RI I,3,3,1,https://web.archive.org/web/20190416193018/http://www.people.ku.edu/~jyounger/LinearA/HTtexts.html
1104,CLINE_1104,HT 6,O RA2 DI NE,,O RA2 DI NE,O RA2 DI NE,O RA2 DI NE,4,4,1,https://web.archive.org/web/20190416193018/http://www.people.ku.edu/~jyounger/LinearA/HTtexts.html
1105,CLINE_1105,HT 6,PA3 NI NA,,PA3 NI NA,PA3 NI NA,PA3 NI NA,3,3,1,https://web.archive.org/web/20190416193018/http://www.people.ku.edu/~jyounger/LinearA/HTtexts.html
1106,CLINE_1106,HT 6,PI TA JA,,PI TA JA,PI TA JA,PI TA JA,3,3,1,https://web.archive.org/web/20190416193018/http://www.people.ku.edu/~jyounger/LinearA/HTtexts.html
1107,CLINE_1107,HT 6,QE PI TA,,QE PI TA,QE PI TA,QE PI TA,3,3,1,https://web.archive.org/web/20190416193018/http://www.people.ku.edu/~jyounger/LinearA/HTtexts.html
1108,CLINE_1108,HT 6,RA TI SE,,RA TI SE,RA TI SE,RA TI SE,3,3,1,https://web.archive.org/web/20190416193018/http://www.people.ku.edu/~jyounger/LinearA/HTtexts.html
1109,CLINE_1109,HT 6,SA MA,,SA MA,SA MA,SA MA,2,2,1,https://web.archive.org/web/20190416193018/http://www.people.ku.edu/~jyounger/LinearA/HTtexts.html
1110,CLINE_1110,HT 6,TE FIC,,TE FIC,TE FIC,TE FIC,2,2,1,https://web.archive.org/web/20190416193018/http://www.people.ku.edu/~jyounger/LinearA/HTtexts.html
1111,CLINE_1111,HT 6,WA DU NI MI,,WA DU NI MI,WA DU NI MI,WA DU NI MI,4,4,1,https://web.archive.org/web/20190416193018/http://www.people.ku.edu/~jyounger/LinearA/HTtexts.html
1112,CLINE_1112,HT 60,OLE,,OLE,OLE,OLE,1,1,1,https://web.archive.org/web/20190416193018/http://www.people.ku.edu/~jyounger/LinearA/HTtexts.html
1113,CLINE_1113,HT 60,QA [?] PU,,QA [?] PU,QA [?] PU,QA [?] PU,3,3,1,https://web.archive.org/web/20190416193018/http://www.people.ku.edu/~jyounger/LinearA/HTtexts.html
1114,CLINE_1114,HT 60,QA [?] RE,,QA [?] RE,QA [?] RE,QA [?] RE,3,3,1,https://web.archive.org/web/20190416193018/http://www.people.ku.edu/~jyounger/LinearA/HTtexts.html
1115,CLINE_1115,HT 60,VINA,,VINA,VINA,VINA,1,1,1,https://web.archive.org/web/20190416193018/http://www.people.ku.edu/~jyounger/LinearA/HTtexts.html
1116,CLINE_1116,HT 60,]OLE RI,,]OLE RI,]OLE RI,]OLE RI,2,2,1,https://web.archive.org/web/20190416193018/http://www.people.ku.edu/~jyounger/LinearA/HTtexts.html
1117,CLINE_1117,HT 61,AB73 AB37,,AB73 AB37,AB73 AB37,AB73 AB37,2,2,1,http://sigla.phis.me/document/HT%2061/index-word.html
1118,CLINE_1118,HT 61,GRA KU,,GRA KU,GRA KU,GRA KU,2,2,1,https://web.archive.org/web/20190416193018/http://www.people.ku.edu/~jyounger/LinearA/HTtexts.html
1119,CLINE_1119,HT 61,MI TI,,MI TI,MI TI,MI TI,2,2,1,https://web.archive.org/web/20190416193018/http://www.people.ku.edu/~jyounger/LinearA/HTtexts.html
1120,CLINE_1120,HT 62 73,AB03 AB28 AB67,,AB03 AB28 AB67,AB03 AB28 AB67,AB03 AB28 AB67,3,3,1,http://sigla.phis.me/document/HT%2062%2B73/index-word.html
1121,CLINE_1121,HT 62 73,AB100 [?],,AB100 [?],AB100 [?],AB100 [?],2,2,1,http://sigla.phis.me/document/HT%2062%2B73/index-word.html
1122,CLINE_1122,HT 62 73,AB28B AB37 [?],,AB28B AB37 [?],AB28B AB37 [?],AB28B AB37 [?],3,3,1,http://sigla.phis.me/document/HT%2062%2B73/index-word.html
1123,CLINE_1123,HT 62 73,AB31 AB02 AB78,,AB31 AB02 AB78,AB31 AB02 AB78,AB31 AB02 AB78,3,3,1,http://sigla.phis.me/document/HT%2062%2B73/index-word.html
1124,CLINE_1124,HT 62 73,AB55,,AB55,AB55,AB55,1,1,1,http://sigla.phis.me/document/HT%2062%2B73/index-word.html
1125,CLINE_1125,HT 62 73,AB70,,AB70,AB70,AB70,1,1,1,http://sigla.phis.me/document/HT%2062%2B73/index-word.html
1126,CLINE_1126,HT 62 73,AB77 AB81,,AB77 AB81,AB77 AB81,AB77 AB81,2,2,1,http://sigla.phis.me/document/HT%2062%2B73/index-word.html
1127,CLINE_1127,HT 62 73,AB81,,AB81,AB81,AB81,1,1,1,http://sigla.phis.me/document/HT%2062%2B73/index-word.html
1128,CLINE_1128,HT 62 73,GRA,,GRA,GRA,GRA,1,1,1,https://web.archive.org/web/20190416193018/http://www.people.ku.edu/~jyounger/LinearA/HTtexts.html
1129,CLINE_1129,HT 62 73,KA KU,,KA KU,KA KU,KA KU,2,2,1,https://web.archive.org/web/20190416193018/http://www.people.ku.edu/~jyounger/LinearA/HTtexts.html
1130,CLINE_1130,HT 62 73,PA I KI[,,PA I KI[,PA I KI[,PA I KI[,3,3,1,https://web.archive.org/web/20190416193018/http://www.people.ku.edu/~jyounger/LinearA/HTtexts.html
1131,CLINE_1131,HT 62 73,SA RO QE[,,SA RO QE[,SA RO QE[,SA RO QE[,3,3,1,https://web.archive.org/web/20190416193018/http://www.people.ku.edu/~jyounger/LinearA/HTtexts.html
1132,CLINE_1132,HT 62 73,TE VINA,,TE VINA,TE VINA,TE VINA,2,2,1,https://web.archive.org/web/20190416193018/http://www.people.ku.edu/~jyounger/LinearA/HTtexts.html
1133,CLINE_1133,HT 62 73,[?] AB06,,[?] AB06,[?] AB06,[?] AB06,2,2,1,http://sigla.phis.me/document/HT%2062%2B73/index-word.html
1134,CLINE_1134,HT 62 73,[?] AB31 AB60,,[?] AB31 AB60,[?] AB31 AB60,[?] AB31 AB60,3,3,1,http://sigla.phis.me/document/HT%2062%2B73/index-word.html
1135,CLINE_1135,HT 62 73,]SA RA,,]SA RA,]SA RA,]SA RA,2,2,1,https://web.archive.org/web/20190416193018/http://www.people.ku.edu/~jyounger/LinearA/HTtexts.html
1136,CLINE_1136,HT 62 73,]VIR[,,]VIR[,]VIR[,]VIR[,1,1,1,https://web.archive.org/web/20190416193018/http://www.people.ku.edu/~jyounger/LinearA/HTtexts.html
1137,CLINE_1137,HT 63,AB58 AB29,,AB58 AB29,AB58 AB29,AB58 AB29,2,2,1,http://sigla.phis.me/document/HT%2063/index-word.html
1138,CLINE_1138,HT 63,AB77 AB37,,AB77 AB37,AB77 AB37,AB77 AB37,2,2,1,http://sigla.phis.me/document/HT%2063/index-word.html
1139,CLINE_1139,HT 63,AB79,,AB79,AB79,AB79,1,1,1,http://sigla.phis.me/document/HT%2063/index-word.html
1140,CLINE_1140,HT 63,KA TI,,KA TI,KA TI,KA TI,2,2,1,https://web.archive.org/web/20190416193018/http://www.people.ku.edu/~jyounger/LinearA/HTtexts.html
1141,CLINE_1141,HT 63,SU PU2[,,SU PU2[,SU PU2[,SU PU2[,2,2,1,https://web.archive.org/web/20190416193018/http://www.people.ku.edu/~jyounger/LinearA/HTtexts.html
1142,CLINE_1142,HT 64,AB06,,AB06,AB06,AB06,1,1,1,http://sigla.phis.me/document/HT%2064/index-word.html
1143,CLINE_1143,HT 64,AB26 AB80,,AB26 AB80,AB26 AB80,AB26 AB80,2,2,1,http://sigla.phis.me/document/HT%2064/index-word.html
1144,CLINE_1144,HT 64,AB81 AB79 AB06,,AB81 AB79 AB06,AB81 AB79 AB06,AB81 AB79 AB06,3,3,1,http://sigla.phis.me/document/HT%2064/index-word.html
1145,CLINE_1145,HT 64,CAPM,,CAPM,CAPM,CAPM,1,1,1,https://web.archive.org/web/20190416193018/http://www.people.ku.edu/~jyounger/LinearA/HTtexts.html
1146,CLINE_1146,HT 64,RU MA[,,RU MA[,RU MA[,RU MA[,2,2,1,https://web.archive.org/web/20190416193018/http://www.people.ku.edu/~jyounger/LinearA/HTtexts.html
1147,CLINE_1147,HT 64,]KU ZU NA[,,]KU ZU NA[,]KU ZU NA[,]KU ZU NA[,3,3,1,https://web.archive.org/web/20190416193018/http://www.people.ku.edu/~jyounger/LinearA/HTtexts.html
1148,CLINE_1148,HT 66,AB07,,AB07,AB07,AB07,1,1,1,http://sigla.phis.me/document/HT%2066/index-word.html
1149,CLINE_1149,HT 66,AB27,,AB27,AB27,AB27,1,1,1,http://sigla.phis.me/document/HT%2066/index-word.html
1150,CLINE_1150,HT 66,AB59,,AB59,AB59,AB59,1,1,1,http://sigla.phis.me/document/HT%2066/index-word.html
1151,CLINE_1151,HT 66,AB59 AB73,,AB59 AB73,AB59 AB73,AB59 AB73,2,2,1,http://sigla.phis.me/document/HT%2066/index-word.html
1152,CLINE_1152,HT 66,ZU VIR,,ZU VIR,ZU VIR,ZU VIR,2,2,1,https://web.archive.org/web/20190416193018/http://www.people.ku.edu/~jyounger/LinearA/HTtexts.html
1153,CLINE_1153,HT 66,]TA MI[,,]TA MI[,]TA MI[,]TA MI[,2,2,1,https://web.archive.org/web/20190416193018/http://www.people.ku.edu/~jyounger/LinearA/HTtexts.html
1154,CLINE_1154,HT 67,FIC TE,,FIC TE,FIC TE,FIC TE,2,2,1,https://web.archive.org/web/20190416193018/http://www.people.ku.edu/~jyounger/LinearA/HTtexts.html
1155,CLINE_1155,HT 67,]KU RO,,]KU RO,]KU RO,]KU RO,2,2,1,https://web.archive.org/web/20190416193018/http://www.people.ku.edu/~jyounger/LinearA/HTtexts.html
1156,CLINE_1156,HT 68,AB65,,AB65,AB65,AB65,1,1,1,http://sigla.phis.me/document/HT%2068/index-word.html
1157,CLINE_1157,HT 68,VIR[,,VIR[,VIR[,VIR[,1,1,1,https://web.archive.org/web/20190416193018/http://www.people.ku.edu/~jyounger/LinearA/HTtexts.html
1158,CLINE_1158,HT 69,AB80 AB07,,AB80 AB07,AB80 AB07,AB80 AB07,2,2,1,http://sigla.phis.me/document/HT%2069/index-word.html
1159,CLINE_1159,HT 69,]MA DI,,]MA DI,]MA DI,]MA DI,2,2,1,https://web.archive.org/web/20190416193018/http://www.people.ku.edu/~jyounger/LinearA/HTtexts.html
1160,CLINE_1160,HT 6A,A717,,A717,A717,A717,1,1,1,http://sigla.phis.me/document/HT%206a/index-word.html
1161,CLINE_1161,HT 6A,AB01 AB59 AB60,,AB01 AB59 AB60,AB01 AB59 AB60,AB01 AB59 AB60,3,3,1,http://sigla.phis.me/document/HT%206a/index-word.html
1162,CLINE_1162,HT 6A,AB01 AB78 AB60,,AB01 AB78 AB60,AB01 AB78 AB60,AB01 AB78 AB60,3,3,1,http://sigla.phis.me/document/HT%206a/index-word.html
1163,CLINE_1163,HT 6A,AB39 AB59 AB57,,AB39 AB59 AB57,AB39 AB59 AB57,AB39 AB59 AB57,3,3,1,http://sigla.phis.me/document/HT%206a/index-word.html
1164,CLINE_1164,HT 6A,AB61 AB76 AB07 AB24,,AB61 AB76 AB07 AB24,AB61 AB76 AB07 AB24,AB61 AB76 AB07 AB24,4,4,1,http://sigla.phis.me/document/HT%206a/index-word.html
1165,CLINE_1165,HT 6A,AB77 AB03,,AB77 AB03,AB77 AB03,AB77 AB03,2,2,1,http://sigla.phis.me/document/HT%206a/index-word.html
1166,CLINE_1166,HT 6A,AB77 AB03 AB78,,AB77 AB03 AB78,AB77 AB03 AB78,AB77 AB03 AB78,3,3,1,http://sigla.phis.me/document/HT%206a/index-word.html
1167,CLINE_1167,HT 6A,AB78 AB39 AB59,,AB78 AB39 AB59,AB78 AB39 AB59,AB78 AB39 AB59,3,3,1,http://sigla.phis.me/document/HT%206a/index-word.html
1168,CLINE_1168,HT 6A,AB80 A321,,AB80 A321,AB80 A321,AB80 A321,2,2,1,http://sigla.phis.me/document/HT%206a/index-word.html
1169,CLINE_1169,HT 6B,AB31 AB80,,AB31 AB80,AB31 AB80,AB31 AB80,2,2,1,http://sigla.phis.me/document/HT%206b/index-word.html
1170,CLINE_1170,HT 6B,AB51 AB01 AB80,,AB51 AB01 AB80,AB51 AB01 AB80,AB51 AB01 AB80,3,3,1,http://sigla.phis.me/document/HT%206b/index-word.html
1171,CLINE_1171,HT 6B,AB51? AB67,,AB51? AB67,AB51? AB67,AB51? AB67,2,2,1,http://sigla.phis.me/document/HT%206b/index-word.html
1172,CLINE_1172,HT 6B,AB54 AB51 AB30 AB73,,AB54 AB51 AB30 AB73,AB54 AB51 AB30 AB73,AB54 AB51 AB30 AB73,4,4,1,http://sigla.phis.me/document/HT%206b/index-word.html
1173,CLINE_1173,HT 6B,AB56 AB30 AB06,,AB56 AB30 AB06,AB56 AB30 AB06,AB56 AB30 AB06,3,3,1,http://sigla.phis.me/document/HT%206b/index-word.html
1174,CLINE_1174,HT 6B,AB60 AB37 AB09,,AB60 AB37 AB09,AB60 AB37 AB09,AB60 AB37 AB09,3,3,1,http://sigla.phis.me/document/HT%206b/index-word.html
1175,CLINE_1175,HT 7,DA RE,,DA RE,DA RE,DA RE,2,2,1,https://web.archive.org/web/20190416193018/http://www.people.ku.edu/~jyounger/LinearA/HTtexts.html
1176,CLINE_1176,HT 7,DA RU,,DA RU,DA RU,DA RU,2,2,1,https://web.archive.org/web/20190416193018/http://www.people.ku.edu/~jyounger/LinearA/HTtexts.html
1177,CLINE_1177,HT 7,DU JA,,DU JA,DU JA,DU JA,2,2,1,https://web.archive.org/web/20190416193018/http://www.people.ku.edu/~jyounger/LinearA/HTtexts.html
1178,CLINE_1178,HT 7,I RU JA,,I RU JA,I RU JA,I RU JA,3,3,1,https://web.archive.org/web/20190416193018/http://www.people.ku.edu/~jyounger/LinearA/HTtexts.html
1179,CLINE_1179,HT 7,QE TI,,QE TI,QE TI,QE TI,2,2,1,https://web.archive.org/web/20190416193018/http://www.people.ku.edu/~jyounger/LinearA/HTtexts.html
1180,CLINE_1180,HT 7,QIF TU NE,,QIF TU NE,QIF TU NE,QIF TU NE,3,3,1,https://web.archive.org/web/20190416193018/http://www.people.ku.edu/~jyounger/LinearA/HTtexts.html
1181,CLINE_1181,HT 7,TA NA TI,,TA NA TI,TA NA TI,TA NA TI,3,3,1,https://web.archive.org/web/20190416193018/http://www.people.ku.edu/~jyounger/LinearA/HTtexts.html
1182,CLINE_1182,HT 7,TE TU,,TE TU,TE TU,TE TU,2,2,1,https://web.archive.org/web/20190416193018/http://www.people.ku.edu/~jyounger/LinearA/HTtexts.html
1183,CLINE_1183,HT 7,VIR,,VIR,VIR,VIR,1,1,1,https://web.archive.org/web/20190416193018/http://www.people.ku.edu/~jyounger/LinearA/HTtexts.html
1184,CLINE_1184,HT 70,AB16 AB118 AB31,,AB16 AB118 AB31,AB16 AB118 AB31,AB16 AB118 AB31,3,3,1,http://sigla.phis.me/document/HT%2070/index-word.html
1185,CLINE_1185,HT 70,FIC TE,,FIC TE,FIC TE,FIC TE,2,2,1,https://web.archive.org/web/20190416193018/http://www.people.ku.edu/~jyounger/LinearA/HTtexts.html
1186,CLINE_1186,HT 70,]QA SA,,]QA SA,]QA SA,]QA SA,2,2,1,https://web.archive.org/web/20190416193018/http://www.people.ku.edu/~jyounger/LinearA/HTtexts.html
1187,CLINE_1187,HT 72,[?] [?],,[?] [?],[?] [?],[?] [?],2,2,1,http://sigla.phis.me/document/HT%2072/index-word.html
1188,CLINE_1188,HT 74,AB81 AB02,,AB81 AB02,AB81 AB02,AB81 AB02,2,2,1,http://sigla.phis.me/document/HT%2074/index-word.html
1189,CLINE_1189,HT 74,]KU RO,,]KU RO,]KU RO,]KU RO,2,2,1,https://web.archive.org/web/20190416193018/http://www.people.ku.edu/~jyounger/LinearA/HTtexts.html
1190,CLINE_1190,HT 75,AB77 AB26,,AB77 AB26,AB77 AB26,AB77 AB26,2,2,1,http://sigla.phis.me/document/HT%2075/index-word.html
1191,CLINE_1191,HT 75,KA RU[,,KA RU[,KA RU[,KA RU[,2,2,1,https://web.archive.org/web/20190416193018/http://www.people.ku.edu/~jyounger/LinearA/HTtexts.html
1192,CLINE_1192,HT 78,AB23 A312,,AB23 A312,AB23 A312,AB23 A312,2,2,1,http://sigla.phis.me/document/HT%2078/index-word.html
1193,CLINE_1193,HT 79 83,AB01 AB56,,AB01 AB56,AB01 AB56,AB01 AB56,2,2,1,http://sigla.phis.me/document/HT%2079%2B83/index-word.html
1194,CLINE_1194,HT 79 83,AB28?,,AB28?,AB28?,AB28?,1,1,1,http://sigla.phis.me/document/HT%2079%2B83/index-word.html
1195,CLINE_1195,HT 79 83,AB69 AB03 AB53,,AB69 AB03 AB53,AB69 AB03 AB53,AB69 AB03 AB53,3,3,1,http://sigla.phis.me/document/HT%2079%2B83/index-word.html
1196,CLINE_1196,HT 79 83,AB77,,AB77,AB77,AB77,1,1,1,http://sigla.phis.me/document/HT%2079%2B83/index-word.html
1197,CLINE_1197,HT 79 83,AB79,,AB79,AB79,AB79,1,1,1,http://sigla.phis.me/document/HT%2079%2B83/index-word.html
1198,CLINE_1198,HT 79 83,AB81 AB30,,AB81 AB30,AB81 AB30,AB81 AB30,2,2,1,http://sigla.phis.me/document/HT%2079%2B83/index-word.html
1199,CLINE_1199,HT 79 83,DA PA3[,,DA PA3[,DA PA3[,DA PA3[,2,2,1,https://web.archive.org/web/20190416193018/http://www.people.ku.edu/~jyounger/LinearA/HTtexts.html
1200,CLINE_1200,HT 79 83,]KU NI[,,]KU NI[,]KU NI[,]KU NI[,2,2,1,https://web.archive.org/web/20190416193018/http://www.people.ku.edu/~jyounger/LinearA/HTtexts.html
1201,CLINE_1201,HT 79 83,]TU PA RI,,]TU PA RI,]TU PA RI,]TU PA RI,3,3,1,https://web.archive.org/web/20190416193018/http://www.people.ku.edu/~jyounger/LinearA/HTtexts.html
1202,CLINE_1202,HT 7A,AB01 AB27,,AB01 AB27,AB01 AB27,AB01 AB27,2,2,1,http://sigla.phis.me/document/HT%207a/index-word.html
1203,CLINE_1203,HT 7A,AB04 AB69,,AB04 AB69,AB04 AB69,AB04 AB69,2,2,1,http://sigla.phis.me/document/HT%207a/index-word.html
1204,CLINE_1204,HT 7A,AB28 AB26 AB57,,AB28 AB26 AB57,AB28 AB26 AB57,AB28 AB26 AB57,3,3,1,http://sigla.phis.me/document/HT%207a/index-word.html
1205,CLINE_1205,HT 7A,AB51 AB57,,AB51 AB57,AB51 AB57,AB51 AB57,2,2,1,http://sigla.phis.me/document/HT%207a/index-word.html
1206,CLINE_1206,HT 7A,AB59 AB06 AB37,,AB59 AB06 AB37,AB59 AB06 AB37,AB59 AB06 AB37,3,3,1,http://sigla.phis.me/document/HT%207a/index-word.html
1207,CLINE_1207,HT 7A,AB78 AB37,,AB78 AB37,AB78 AB37,AB78 AB37,2,2,1,http://sigla.phis.me/document/HT%207a/index-word.html
1208,CLINE_1208,HT 7B,AB01 AB26 A329,,AB01 AB26 A329,AB01 AB26 A329,AB01 AB26 A329,3,3,1,http://sigla.phis.me/document/HT%207b/index-word.html
1209,CLINE_1209,HT 7B,AB21F AB69 AB24,,AB21F AB69 AB24,AB21F AB69 AB24,AB21F AB69 AB24,3,3,1,http://sigla.phis.me/document/HT%207b/index-word.html
1210,CLINE_1210,HT 8,JE DI,,JE DI,JE DI,JE DI,2,2,1,https://web.archive.org/web/20190416193018/http://www.people.ku.edu/~jyounger/LinearA/HTtexts.html
1211,CLINE_1211,HT 8,KA PA,,KA PA,KA PA,KA PA,2,2,1,https://web.archive.org/web/20190416193018/http://www.people.ku.edu/~jyounger/LinearA/HTtexts.html
1212,CLINE_1212,HT 8,KI RE TA NA,,KI RE TA NA,KI RE TA NA,KI RE TA NA,4,4,1,https://web.archive.org/web/20190416193018/http://www.people.ku.edu/~jyounger/LinearA/HTtexts.html
1213,CLINE_1213,HT 8,OLE KI,,OLE KI,OLE KI,OLE KI,2,2,2,https://web.archive.org/web/20190416193018/http://www.people.ku.edu/~jyounger/LinearA/HTtexts.html
1214,CLINE_1214,HT 8,PA JA RE,,PA JA RE,PA JA RE,PA JA RE,3,3,1,https://web.archive.org/web/20190416193018/http://www.people.ku.edu/~jyounger/LinearA/HTtexts.html
1215,CLINE_1215,HT 8,PA3 KA RA TI,,PA3 KA RA TI,PA3 KA RA TI,PA3 KA RA TI,4,4,1,https://web.archive.org/web/20190416193018/http://www.people.ku.edu/~jyounger/LinearA/HTtexts.html
1216,CLINE_1216,HT 8,QA I,,QA I,QA I,QA I,2,2,2,https://web.archive.org/web/20190416193018/http://www.people.ku.edu/~jyounger/LinearA/HTtexts.html
1217,CLINE_1217,HT 8,SI KI RA,,SI KI RA,SI KI RA,SI KI RA,3,3,1,https://web.archive.org/web/20190416193018/http://www.people.ku.edu/~jyounger/LinearA/HTtexts.html
1218,CLINE_1218,HT 8,SU PU2,,SU PU2,SU PU2,SU PU2,2,2,2,https://web.archive.org/web/20190416193018/http://www.people.ku.edu/~jyounger/LinearA/HTtexts.html
1219,CLINE_1219,HT 80,AB65 AB60,,AB65 AB60,AB65 AB60,AB65 AB60,2,2,1,http://sigla.phis.me/document/HT%2080/index-word.html
1220,CLINE_1220,HT 80,]JU RA[,,]JU RA[,]JU RA[,]JU RA[,2,2,1,https://web.archive.org/web/20190416193018/http://www.people.ku.edu/~jyounger/LinearA/HTtexts.html
1221,CLINE_1221,HT 81,A SE,,A SE,A SE,A SE,2,2,1,https://web.archive.org/web/20190416193018/http://www.people.ku.edu/~jyounger/LinearA/HTtexts.html
1222,CLINE_1222,HT 81,AB08 AB09,,AB08 AB09,AB08 AB09,AB08 AB09,2,2,1,http://sigla.phis.me/document/HT%2081/index-word.html
1223,CLINE_1223,HT 81,AB53 AB58 AB80,,AB53 AB58 AB80,AB53 AB58 AB80,AB53 AB58 AB80,3,3,1,http://sigla.phis.me/document/HT%2081/index-word.html
1224,CLINE_1224,HT 81,AB67,,AB67,AB67,AB67,1,1,1,http://sigla.phis.me/document/HT%2081/index-word.html
1225,CLINE_1225,HT 81,MI JA RU,,MI JA RU,MI JA RU,MI JA RU,3,3,1,https://web.archive.org/web/20190416193018/http://www.people.ku.edu/~jyounger/LinearA/HTtexts.html
1226,CLINE_1226,HT 81,]RI SU MA,,]RI SU MA,]RI SU MA,]RI SU MA,3,3,1,https://web.archive.org/web/20190416193018/http://www.people.ku.edu/~jyounger/LinearA/HTtexts.html
1227,CLINE_1227,HT 82,GRA OVIS F,,GRA OVIS F,GRA OVIS F,GRA OVIS F,3,3,1,https://web.archive.org/web/20190416193018/http://www.people.ku.edu/~jyounger/LinearA/HTtexts.html
1228,CLINE_1228,HT 84,AB21F AB57 AB51,,AB21F AB57 AB51,AB21F AB57 AB51,AB21F AB57 AB51,3,3,1,http://sigla.phis.me/document/HT%2084/index-word.html
1229,CLINE_1229,HT 84,AB55 AB37,,AB55 AB37,AB55 AB37,AB55 AB37,2,2,1,http://sigla.phis.me/document/HT%2084/index-word.html
1230,CLINE_1230,HT 84,QIF JA DU,,QIF JA DU,QIF JA DU,QIF JA DU,3,3,1,https://web.archive.org/web/20190416193018/http://www.people.ku.edu/~jyounger/LinearA/HTtexts.html
1231,CLINE_1231,HT 84,VIR[,,VIR[,VIR[,VIR[,1,1,1,https://web.archive.org/web/20190416193018/http://www.people.ku.edu/~jyounger/LinearA/HTtexts.html
1232,CLINE_1232,HT 84,]NU TI,,]NU TI,]NU TI,]NU TI,2,2,1,https://web.archive.org/web/20190416193018/http://www.people.ku.edu/~jyounger/LinearA/HTtexts.html
1233,CLINE_1233,HT 85,A DU,,A DU,A DU,A DU,2,2,1,https://web.archive.org/web/20190416193018/http://www.people.ku.edu/~jyounger/LinearA/HTtexts.html
1234,CLINE_1234,HT 85,DA RE,,DA RE,DA RE,DA RE,2,2,1,https://web.archive.org/web/20190416193018/http://www.people.ku.edu/~jyounger/LinearA/HTtexts.html
1235,CLINE_1235,HT 85,DA RI DA,,DA RI DA,DA RI DA,DA RI DA,3,3,1,https://web.archive.org/web/20190416193018/http://www.people.ku.edu/~jyounger/LinearA/HTtexts.html
1236,CLINE_1236,HT 85,DA SI,,DA SI,DA SI,DA SI,2,2,1,https://web.archive.org/web/20190416193018/http://www.people.ku.edu/~jyounger/LinearA/HTtexts.html
1237,CLINE_1237,HT 85,KI KI RA JA,,KI KI RA JA,KI KI RA JA,KI KI RA JA,4,4,1,https://web.archive.org/web/20190416193018/http://www.people.ku.edu/~jyounger/LinearA/HTtexts.html
1238,CLINE_1238,HT 85,KI RE TA2,,KI RE TA2,KI RE TA2,KI RE TA2,3,3,1,https://web.archive.org/web/20190416193018/http://www.people.ku.edu/~jyounger/LinearA/HTtexts.html
1239,CLINE_1239,HT 85,KU RO[,,KU RO[,KU RO[,KU RO[,2,2,1,https://web.archive.org/web/20190416193018/http://www.people.ku.edu/~jyounger/LinearA/HTtexts.html
1240,CLINE_1240,HT 85,KU ZU NI,,KU ZU NI,KU ZU NI,KU ZU NI,3,3,1,https://web.archive.org/web/20190416193018/http://www.people.ku.edu/~jyounger/LinearA/HTtexts.html
1241,CLINE_1241,HT 85,MA DI,,MA DI,MA DI,MA DI,2,2,1,https://web.archive.org/web/20190416193018/http://www.people.ku.edu/~jyounger/LinearA/HTtexts.html
1242,CLINE_1242,HT 85,ME ZA,,ME ZA,ME ZA,ME ZA,2,2,1,https://web.archive.org/web/20190416193018/http://www.people.ku.edu/~jyounger/LinearA/HTtexts.html
1243,CLINE_1243,HT 85,PA3 NI,,PA3 NI,PA3 NI,PA3 NI,2,2,1,https://web.archive.org/web/20190416193018/http://www.people.ku.edu/~jyounger/LinearA/HTtexts.html
1244,CLINE_1244,HT 85,QA I,,QA I,QA I,QA I,2,2,1,https://web.archive.org/web/20190416193018/http://www.people.ku.edu/~jyounger/LinearA/HTtexts.html
1245,CLINE_1245,HT 85,QE KA,,QE KA,QE KA,QE KA,2,2,1,https://web.archive.org/web/20190416193018/http://www.people.ku.edu/~jyounger/LinearA/HTtexts.html
1246,CLINE_1246,HT 85,RE DI SE,,RE DI SE,RE DI SE,RE DI SE,3,3,1,https://web.archive.org/web/20190416193018/http://www.people.ku.edu/~jyounger/LinearA/HTtexts.html
1247,CLINE_1247,HT 85,TE KE,,TE KE,TE KE,TE KE,2,2,1,https://web.archive.org/web/20190416193018/http://www.people.ku.edu/~jyounger/LinearA/HTtexts.html
1248,CLINE_1248,HT 85,TE TU[,,TE TU[,TE TU[,TE TU[,2,2,1,https://web.archive.org/web/20190416193018/http://www.people.ku.edu/~jyounger/LinearA/HTtexts.html
1249,CLINE_1249,HT 85,U ZA,,U ZA,U ZA,U ZA,2,2,1,https://web.archive.org/web/20190416193018/http://www.people.ku.edu/~jyounger/LinearA/HTtexts.html
1250,CLINE_1250,HT 85,WA DU NI MI,,WA DU NI MI,WA DU NI MI,WA DU NI MI,4,4,1,https://web.archive.org/web/20190416193018/http://www.people.ku.edu/~jyounger/LinearA/HTtexts.html
1251,CLINE_1251,HT 85A,AB01 AB27,,AB01 AB27,AB01 AB27,AB01 AB27,2,2,1,http://sigla.phis.me/document/HT%2085a/index-word.html
1252,CLINE_1252,HT 85A,AB01 AB41 AB118,,AB01 AB41 AB118,AB01 AB41 AB118,AB01 AB41 AB118,3,3,1,http://sigla.phis.me/document/HT%2085a/index-word.html
1253,CLINE_1253,HT 85A,AB01 AB53 AB01,,AB01 AB53 AB01,AB01 AB53 AB01,AB01 AB53 AB01,3,3,1,http://sigla.phis.me/document/HT%2085a/index-word.html
1254,CLINE_1254,HT 85A,AB04 AB44,,AB04 AB44,AB04 AB44,AB04 AB44,2,2,1,http://sigla.phis.me/document/HT%2085a/index-word.html
1255,CLINE_1255,HT 85A,AB08 AB51,,AB08 AB51,AB08 AB51,AB08 AB51,2,2,1,http://sigla.phis.me/document/HT%2085a/index-word.html
1256,CLINE_1256,HT 85A,AB10 A325 AB17,,AB10 A325 AB17,AB10 A325 AB17,AB10 A325 AB17,3,3,1,http://sigla.phis.me/document/HT%2085a/index-word.html
1257,CLINE_1257,HT 85A,AB56 AB30,,AB56 AB30,AB56 AB30,AB56 AB30,2,2,1,http://sigla.phis.me/document/HT%2085a/index-word.html
1258,CLINE_1258,HT 85A,AB81 AB02,,AB81 AB02,AB81 AB02,AB81 AB02,2,2,1,http://sigla.phis.me/document/HT%2085a/index-word.html
1259,CLINE_1259,HT 85A,AB81 AB79 AB30,,AB81 AB79 AB30,AB81 AB79 AB30,AB81 AB79 AB30,3,3,1,http://sigla.phis.me/document/HT%2085a/index-word.html
1260,CLINE_1260,HT 85B,AB04 AB69 [?],,AB04 AB69 [?],AB04 AB69 [?],AB04 AB69 [?],3,3,1,http://sigla.phis.me/document/HT%2085b/index-word.html
1261,CLINE_1261,HT 85B,AB13 AB17,,AB13 AB17,AB13 AB17,AB13 AB17,2,2,1,http://sigla.phis.me/document/HT%2085b/index-word.html
1262,CLINE_1262,HT 85B,AB16 A310 AB28,,AB16 A310 AB28,AB16 A310 AB28,AB16 A310 AB28,3,3,1,http://sigla.phis.me/document/HT%2085b/index-word.html
1263,CLINE_1263,HT 85B,AB27 AB07 AB09,,AB27 AB07 AB09,AB27 AB07 AB09,AB27 AB07 AB09,3,3,1,http://sigla.phis.me/document/HT%2085b/index-word.html
1264,CLINE_1264,HT 85B,AB54 AB51 AB30 AB73,,AB54 AB51 AB30 AB73,AB54 AB51 AB30 AB73,AB54 AB51 AB30 AB73,4,4,1,http://sigla.phis.me/document/HT%2085b/index-word.html
1265,CLINE_1265,HT 85B,AB67 AB27 AB66,,AB67 AB27 AB66,AB67 AB27 AB66,AB67 AB27 AB66,3,3,1,http://sigla.phis.me/document/HT%2085b/index-word.html
1266,CLINE_1266,HT 85B,AB67 AB67 AB60 AB57,,AB67 AB67 AB60 AB57,AB67 AB67 AB60 AB57,AB67 AB67 AB60 AB57,4,4,1,http://sigla.phis.me/document/HT%2085b/index-word.html
1267,CLINE_1267,HT 85B,AB78 AB77,,AB78 AB77,AB78 AB77,AB78 AB77,2,2,1,http://sigla.phis.me/document/HT%2085b/index-word.html
1268,CLINE_1268,HT 85B,AB80 AB07,,AB80 AB07,AB80 AB07,AB80 AB07,2,2,1,http://sigla.phis.me/document/HT%2085b/index-word.html
1269,CLINE_1269,HT 86,A DU,,A DU,A DU,A DU,2,2,1,https://web.archive.org/web/20190416193018/http://www.people.ku.edu/~jyounger/LinearA/HTtexts.html
1270,CLINE_1270,HT 86,A KA RU,,A KA RU,A KA RU,A KA RU,3,3,1,https://web.archive.org/web/20190416193018/http://www.people.ku.edu/~jyounger/LinearA/HTtexts.html
1271,CLINE_1271,HT 86,DA ME,,DA ME,DA ME,DA ME,2,2,1,https://web.archive.org/web/20190416193018/http://www.people.ku.edu/~jyounger/LinearA/HTtexts.html
1272,CLINE_1272,HT 86,DI DE RU,,DI DE RU,DI DE RU,DI DE RU,3,3,1,https://web.archive.org/web/20190416193018/http://www.people.ku.edu/~jyounger/LinearA/HTtexts.html
1273,CLINE_1273,HT 86,GRA B,,GRA B,GRA B,GRA B,2,2,1,https://web.archive.org/web/20190416193018/http://www.people.ku.edu/~jyounger/LinearA/HTtexts.html
1274,CLINE_1274,HT 86,GRA K L2,,GRA K L2,GRA K L2,GRA K L2,3,3,2,https://web.archive.org/web/20190416193018/http://www.people.ku.edu/~jyounger/LinearA/HTtexts.html
1275,CLINE_1275,HT 86,KU NI SU,,KU NI SU,KU NI SU,KU NI SU,3,3,1,https://web.archive.org/web/20190416193018/http://www.people.ku.edu/~jyounger/LinearA/HTtexts.html
1276,CLINE_1276,HT 86,MI NU TE,,MI NU TE,MI NU TE,MI NU TE,3,3,1,https://web.archive.org/web/20190416193018/http://www.people.ku.edu/~jyounger/LinearA/HTtexts.html
1277,CLINE_1277,HT 86,QA RA2 WA,,QA RA2 WA,QA RA2 WA,QA RA2 WA,3,3,1,https://web.archive.org/web/20190416193018/http://www.people.ku.edu/~jyounger/LinearA/HTtexts.html
1278,CLINE_1278,HT 86,SA RU,,SA RU,SA RU,SA RU,2,2,1,https://web.archive.org/web/20190416193018/http://www.people.ku.edu/~jyounger/LinearA/HTtexts.html
1279,CLINE_1279,HT 86,[[A KA RU,,[[A KA RU,[[A KA RU,[[A KA RU,3,3,1,https://web.archive.org/web/20190416193018/http://www.people.ku.edu/~jyounger/LinearA/HTtexts.html
1280,CLINE_1280,HT 86,[[DI DE]],,[[DI DE]],[[DI DE]],[[DI DE]],2,2,1,https://web.archive.org/web/20190416193018/http://www.people.ku.edu/~jyounger/LinearA/HTtexts.html
1281,CLINE_1281,HT 86,[[KU NI SU,,[[KU NI SU,[[KU NI SU,[[KU NI SU,3,3,1,https://web.archive.org/web/20190416193018/http://www.people.ku.edu/~jyounger/LinearA/HTtexts.html
1282,CLINE_1282,HT 86,[[SA RU,,[[SA RU,[[SA RU,[[SA RU,2,2,1,https://web.archive.org/web/20190416193018/http://www.people.ku.edu/~jyounger/LinearA/HTtexts.html
1283,CLINE_1283,HT 86A,AB01 AB13,,AB01 AB13,AB01 AB13,AB01 AB13,2,2,1,http://sigla.phis.me/document/HT%2086a/index-word.html
1284,CLINE_1284,HT 86A,AB07 AB45 AB26,,AB07 AB45 AB26,AB07 AB45 AB26,AB07 AB45 AB26,3,3,1,http://sigla.phis.me/document/HT%2086a/index-word.html
1285,CLINE_1285,HT 86A,AB08 AB51,,AB08 AB51,AB08 AB51,AB08 AB51,2,2,1,http://sigla.phis.me/document/HT%2086a/index-word.html
1286,CLINE_1286,HT 86A,AB08 AB77 AB26,,AB08 AB77 AB26,AB08 AB77 AB26,AB08 AB77 AB26,3,3,1,http://sigla.phis.me/document/HT%2086a/index-word.html
1287,CLINE_1287,HT 86A,AB16 AB76 AB54,,AB16 AB76 AB54,AB16 AB76 AB54,AB16 AB76 AB54,3,3,1,http://sigla.phis.me/document/HT%2086a/index-word.html
1288,CLINE_1288,HT 86A,AB31 AB26,,AB31 AB26,AB31 AB26,AB31 AB26,2,2,1,http://sigla.phis.me/document/HT%2086a/index-word.html
1289,CLINE_1289,HT 86A,AB73 AB55 AB04,,AB73 AB55 AB04,AB73 AB55 AB04,AB73 AB55 AB04,3,3,1,http://sigla.phis.me/document/HT%2086a/index-word.html
1290,CLINE_1290,HT 86A,AB81 AB30 AB58,,AB81 AB30 AB58,AB81 AB30 AB58,AB81 AB30 AB58,3,3,1,http://sigla.phis.me/document/HT%2086a/index-word.html
1291,CLINE_1291,HT 86B,AB07 AB45,,AB07 AB45,AB07 AB45,AB07 AB45,2,2,1,http://sigla.phis.me/document/HT%2086b/index-word.html
1292,CLINE_1292,HT 86B,AB08 AB77 AB26,,AB08 AB77 AB26,AB08 AB77 AB26,AB08 AB77 AB26,3,3,1,http://sigla.phis.me/document/HT%2086b/index-word.html
1293,CLINE_1293,HT 86B,AB31 AB26,,AB31 AB26,AB31 AB26,AB31 AB26,2,2,1,http://sigla.phis.me/document/HT%2086b/index-word.html
1294,CLINE_1294,HT 86B,AB81 AB30 AB58,,AB81 AB30 AB58,AB81 AB30 AB58,AB81 AB30 AB58,3,3,1,http://sigla.phis.me/document/HT%2086b/index-word.html
1295,CLINE_1295,HT 87,A RA A TU,,A RA A TU,A RA A TU,A RA A TU,4,4,1,https://web.archive.org/web/20190416193018/http://www.people.ku.edu/~jyounger/LinearA/HTtexts.html
1296,CLINE_1296,HT 87,AB07 AB67 AB09,,AB07 AB67 AB09,AB07 AB67 AB09,AB07 AB67 AB09,3,3,1,http://sigla.phis.me/document/HT%2087/index-word.html
1297,CLINE_1297,HT 87,AB08 AB60 [?] AB08 AB69,,AB08 AB60 [?] AB08 AB69,AB08 AB60 [?] AB08 AB69,AB08 AB60 [?] AB08 AB69,5,5,1,http://sigla.phis.me/document/HT%2087/index-word.html
1298,CLINE_1298,HT 87,AB21F AB69 AB24,,AB21F AB69 AB24,AB21F AB69 AB24,AB21F AB69 AB24,3,3,1,http://sigla.phis.me/document/HT%2087/index-word.html
1299,CLINE_1299,HT 87,AB39 AB59 AB44 AB41,,AB39 AB59 AB44 AB41,AB39 AB59 AB44 AB41,AB39 AB59 AB44 AB41,4,4,1,http://sigla.phis.me/document/HT%2087/index-word.html
1300,CLINE_1300,HT 87,AB57 AB27 AB73,,AB57 AB27 AB73,AB57 AB27 AB73,AB57 AB27 AB73,3,3,1,http://sigla.phis.me/document/HT%2087/index-word.html
1301,CLINE_1301,HT 87,AB78 AB58 AB50,,AB78 AB58 AB50,AB78 AB58 AB50,AB78 AB58 AB50,3,3,1,http://sigla.phis.me/document/HT%2087/index-word.html
1302,CLINE_1302,HT 87,AB80 AB77 AB53 AB04,,AB80 AB77 AB53 AB04,AB80 AB77 AB53 AB04,AB80 AB77 AB53 AB04,4,4,1,http://sigla.phis.me/document/HT%2087/index-word.html
1303,CLINE_1303,HT 87,AB81 AB26 AB81,,AB81 AB26 AB81,AB81 AB26 AB81,AB81 AB26 AB81,3,3,1,http://sigla.phis.me/document/HT%2087/index-word.html
1304,CLINE_1304,HT 87,DI KI SE,,DI KI SE,DI KI SE,DI KI SE,3,3,1,https://web.archive.org/web/20190416193018/http://www.people.ku.edu/~jyounger/LinearA/HTtexts.html
1305,CLINE_1305,HT 87,JA RE MI,,JA RE MI,JA RE MI,JA RE MI,3,3,1,https://web.archive.org/web/20190416193018/http://www.people.ku.edu/~jyounger/LinearA/HTtexts.html
1306,CLINE_1306,HT 87,KU RU KU,,KU RU KU,KU RU KU,KU RU KU,3,3,1,https://web.archive.org/web/20190416193018/http://www.people.ku.edu/~jyounger/LinearA/HTtexts.html
1307,CLINE_1307,HT 87,PI TA KE SI,,PI TA KE SI,PI TA KE SI,PI TA KE SI,4,4,1,https://web.archive.org/web/20190416193018/http://www.people.ku.edu/~jyounger/LinearA/HTtexts.html
1308,CLINE_1308,HT 87,QE SU PU,,QE SU PU,QE SU PU,QE SU PU,3,3,1,https://web.archive.org/web/20190416193018/http://www.people.ku.edu/~jyounger/LinearA/HTtexts.html
1309,CLINE_1309,HT 87,QIF TU NE MA KA RI TE,,QIF TU NE MA KA RI TE,QIF TU NE MA KA RI TE,QIF TU NE MA KA RI TE,7,7,1,https://web.archive.org/web/20190416193018/http://www.people.ku.edu/~jyounger/LinearA/HTtexts.html
1310,CLINE_1310,HT 88,A DU,,A DU,A DU,A DU,2,2,1,https://web.archive.org/web/20190416193018/http://www.people.ku.edu/~jyounger/LinearA/HTtexts.html
1311,CLINE_1311,HT 88,AB01 AB59 AB27,,AB01 AB59 AB27,AB01 AB59 AB27,AB01 AB59 AB27,3,3,1,http://sigla.phis.me/document/HT%2088/index-word.html
1312,CLINE_1312,HT 88,AB03 AB57 AB27,,AB03 AB57 AB27,AB03 AB57 AB27,AB03 AB57 AB27,3,3,1,http://sigla.phis.me/document/HT%2088/index-word.html
1313,CLINE_1313,HT 88,AB08 AB51,,AB08 AB51,AB08 AB51,AB08 AB51,2,2,1,http://sigla.phis.me/document/HT%2088/index-word.html
1314,CLINE_1314,HT 88,AB27 AB17,,AB27 AB17,AB27 AB17,AB27 AB17,2,2,1,http://sigla.phis.me/document/HT%2088/index-word.html
1315,CLINE_1315,HT 88,AB31 AB80 AB02,,AB31 AB80 AB02,AB31 AB80 AB02,AB31 AB80 AB02,3,3,1,http://sigla.phis.me/document/HT%2088/index-word.html
1316,CLINE_1316,HT 88,AB67 AB02,,AB67 AB02,AB67 AB02,AB67 AB02,2,2,1,http://sigla.phis.me/document/HT%2088/index-word.html
1317,CLINE_1317,HT 88,AB67 AB67 AB06,,AB67 AB67 AB06,AB67 AB67 AB06,AB67 AB67 AB06,3,3,1,http://sigla.phis.me/document/HT%2088/index-word.html
1318,CLINE_1318,HT 88,AB77 AB65,,AB77 AB65,AB77 AB65,AB77 AB65,2,2,1,http://sigla.phis.me/document/HT%2088/index-word.html
1319,CLINE_1319,HT 88,AB81 AB02,,AB81 AB02,AB81 AB02,AB81 AB02,2,2,1,http://sigla.phis.me/document/HT%2088/index-word.html
1320,CLINE_1320,HT 88,AB81 AB56 AB55,,AB81 AB56 AB55,AB81 AB56 AB55,AB81 AB56 AB55,3,3,1,http://sigla.phis.me/document/HT%2088/index-word.html
1321,CLINE_1321,HT 88,AB81 AB56 AB56,,AB81 AB56 AB56,AB81 AB56 AB56,AB81 AB56 AB56,3,3,1,http://sigla.phis.me/document/HT%2088/index-word.html
1322,CLINE_1322,HT 88,DA TA RE,,DA TA RE,DA TA RE,DA TA RE,3,3,1,https://web.archive.org/web/20190416193018/http://www.people.ku.edu/~jyounger/LinearA/HTtexts.html
1323,CLINE_1323,HT 88,FIC KI KI NA,,FIC KI KI NA,FIC KI KI NA,FIC KI KI NA,4,4,1,https://web.archive.org/web/20190416193018/http://www.people.ku.edu/~jyounger/LinearA/HTtexts.html
1324,CLINE_1324,HT 88,KA JU,,KA JU,KA JU,KA JU,2,2,1,https://web.archive.org/web/20190416193018/http://www.people.ku.edu/~jyounger/LinearA/HTtexts.html
1325,CLINE_1325,HT 88,KI RO,,KI RO,KI RO,KI RO,2,2,1,https://web.archive.org/web/20190416193018/http://www.people.ku.edu/~jyounger/LinearA/HTtexts.html
1326,CLINE_1326,HT 88,KU PA3 NU,,KU PA3 NU,KU PA3 NU,KU PA3 NU,3,3,1,https://web.archive.org/web/20190416193018/http://www.people.ku.edu/~jyounger/LinearA/HTtexts.html
1327,CLINE_1327,HT 88,KU PA3 PA3,,KU PA3 PA3,KU PA3 PA3,KU PA3 PA3,3,3,1,https://web.archive.org/web/20190416193018/http://www.people.ku.edu/~jyounger/LinearA/HTtexts.html
1328,CLINE_1328,HT 88,KU RO,,KU RO,KU RO,KU RO,2,2,1,https://web.archive.org/web/20190416193018/http://www.people.ku.edu/~jyounger/LinearA/HTtexts.html
1329,CLINE_1329,HT 88,PA JA RE,,PA JA RE,PA JA RE,PA JA RE,3,3,1,https://web.archive.org/web/20190416193018/http://www.people.ku.edu/~jyounger/LinearA/HTtexts.html
1330,CLINE_1330,HT 88,RE ZA,,RE ZA,RE ZA,RE ZA,2,2,1,https://web.archive.org/web/20190416193018/http://www.people.ku.edu/~jyounger/LinearA/HTtexts.html
1331,CLINE_1331,HT 88,SA MA RO,,SA MA RO,SA MA RO,SA MA RO,3,3,1,https://web.archive.org/web/20190416193018/http://www.people.ku.edu/~jyounger/LinearA/HTtexts.html
1332,CLINE_1332,HT 88,VIR KA,,VIR KA,VIR KA,VIR KA,2,2,1,https://web.archive.org/web/20190416193018/http://www.people.ku.edu/~jyounger/LinearA/HTtexts.html
1333,CLINE_1333,HT 89,3RD UNIT WINE TO EACH,,3RD UNIT WINE TO EACH,3RD UNIT WINE TO EACH,3RD UNIT WINE TO EACH,5,5,1,https://web.archive.org/web/20190416193018/http://www.people.ku.edu/~jyounger/LinearA/HTtexts.html
1334,CLINE_1334,HT 89,A SA RA2,,A SA RA2,A SA RA2,A SA RA2,3,3,1,https://web.archive.org/web/20190416193018/http://www.people.ku.edu/~jyounger/LinearA/HTtexts.html
1335,CLINE_1335,HT 89,AB08 AB31 AB76,,AB08 AB31 AB76,AB08 AB31 AB76,AB08 AB31 AB76,3,3,1,http://sigla.phis.me/document/HT%2089/index-word.html
1336,CLINE_1336,HT 89,AB131A,,AB131A,AB131A,AB131A,1,1,1,http://sigla.phis.me/document/HT%2089/index-word.html
1337,CLINE_1337,HT 89,AB59 AB60,,AB59 AB60,AB59 AB60,AB59 AB60,2,2,1,http://sigla.phis.me/document/HT%2089/index-word.html
1338,CLINE_1338,HT 89,AB80 AB28 AB73,,AB80 AB28 AB73,AB80 AB28 AB73,AB80 AB28 AB73,3,3,1,http://sigla.phis.me/document/HT%2089/index-word.html
1339,CLINE_1339,HT 89,AB81 AB02,,AB81 AB02,AB81 AB02,AB81 AB02,2,2,1,http://sigla.phis.me/document/HT%2089/index-word.html
1340,CLINE_1340,HT 89,ASARA2,,ASARA2,ASARA2,ASARA2,1,1,1,https://web.archive.org/web/20190416193018/http://www.people.ku.edu/~jyounger/LinearA/HTtexts.html
1341,CLINE_1341,HT 89,CA 10TH UNIT TO EACH,,CA 10TH UNIT TO EACH,CA 10TH UNIT TO EACH,CA 10TH UNIT TO EACH,5,5,1,https://web.archive.org/web/20190416193018/http://www.people.ku.edu/~jyounger/LinearA/HTtexts.html
1342,CLINE_1342,HT 89,CA 20TH UNIT FIGS TO EACH CF HT WHERE THE RATIO FIC VIR KA IS TIMES THIS AMOUNT IF JU QE ARE PEOPLE MIGHT THEY BE CHILDREN?,,CA 20TH UNIT FIGS TO EACH CF HT WHERE THE RATIO FIC VIR KA IS TIMES THIS AMOUNT IF JU QE ARE PEOPLE MIGHT THEY BE CHILDREN?,CA 20TH UNIT FIGS TO EACH CF HT WHERE THE RATIO FIC VIR KA IS TIMES THIS AMOUNT IF JU QE ARE PEOPLE MIGHT THEY BE CHILDREN?,CA 20TH UNIT FIGS TO EACH CF HT WHERE THE RATIO FIC VIR KA IS TIMES THIS AMOUNT IF JU QE ARE PEOPLE MIGHT THEY BE CHILDREN?,27,27,1,https://web.archive.org/web/20190416193018/http://www.people.ku.edu/~jyounger/LinearA/HTtexts.html
1343,CLINE_1343,HT 89,FIC,,FIC,FIC,FIC,1,1,1,https://web.archive.org/web/20190416193018/http://www.people.ku.edu/~jyounger/LinearA/HTtexts.html
1344,CLINE_1344,HT 89,FIC E,,FIC E,FIC E,FIC E,2,2,1,https://web.archive.org/web/20190416193018/http://www.people.ku.edu/~jyounger/LinearA/HTtexts.html
1345,CLINE_1345,HT 89,JU QE,,JU QE,JU QE,JU QE,2,2,2,https://web.archive.org/web/20190416193018/http://www.people.ku.edu/~jyounger/LinearA/HTtexts.html
1346,CLINE_1346,HT 89,KU RO,,KU RO,KU RO,KU RO,2,2,1,https://web.archive.org/web/20190416193018/http://www.people.ku.edu/~jyounger/LinearA/HTtexts.html
1347,CLINE_1347,HT 89,MA I MI,,MA I MI,MA I MI,MA I MI,3,3,1,https://web.archive.org/web/20190416193018/http://www.people.ku.edu/~jyounger/LinearA/HTtexts.html
1348,CLINE_1348,HT 89,MAIMI,,MAIMI,MAIMI,MAIMI,1,1,2,https://web.archive.org/web/20190416193018/http://www.people.ku.edu/~jyounger/LinearA/HTtexts.html
1349,CLINE_1349,HT 89,TA RA,,TA RA,TA RA,TA RA,2,2,1,https://web.archive.org/web/20190416193018/http://www.people.ku.edu/~jyounger/LinearA/HTtexts.html
1350,CLINE_1350,HT 89,TARA,,TARA,TARA,TARA,1,1,1,https://web.archive.org/web/20190416193018/http://www.people.ku.edu/~jyounger/LinearA/HTtexts.html
1351,CLINE_1351,HT 89,VINA,,VINA,VINA,VINA,1,1,1,https://web.archive.org/web/20190416193018/http://www.people.ku.edu/~jyounger/LinearA/HTtexts.html
1352,CLINE_1352,HT 89,VIR *313A,,VIR *313A,VIR *313A,VIR *313A,2,2,1,https://web.archive.org/web/20190416193018/http://www.people.ku.edu/~jyounger/LinearA/HTtexts.html
1353,CLINE_1353,HT 8A,AB04 A301,,AB04 A301,AB04 A301,AB04 A301,2,2,1,http://sigla.phis.me/document/HT%208a/index-word.html
1354,CLINE_1354,HT 8A,AB16 A310 AB28,,AB16 A310 AB28,AB16 A310 AB28,AB16 A310 AB28,3,3,1,http://sigla.phis.me/document/HT%208a/index-word.html
1355,CLINE_1355,HT 8A,AB41 AB67 AB60,,AB41 AB67 AB60,AB41 AB67 AB60,AB41 AB67 AB60,3,3,1,http://sigla.phis.me/document/HT%208a/index-word.html
1356,CLINE_1356,HT 8A,AB46 AB07,,AB46 AB07,AB46 AB07,AB46 AB07,2,2,1,http://sigla.phis.me/document/HT%208a/index-word.html
1357,CLINE_1357,HT 8A,AB56 AB77 AB60 AB37,,AB56 AB77 AB60 AB37,AB56 AB77 AB60 AB37,AB56 AB77 AB60 AB37,4,4,1,http://sigla.phis.me/document/HT%208a/index-word.html
1358,CLINE_1358,HT 8A,AB67 AB27 AB59 AB06,,AB67 AB27 AB59 AB06,AB67 AB27 AB59 AB06,AB67 AB27 AB59 AB06,4,4,1,http://sigla.phis.me/document/HT%208a/index-word.html
1359,CLINE_1359,HT 8B,AB03 AB57 AB27,,AB03 AB57 AB27,AB03 AB57 AB27,AB03 AB57 AB27,3,3,1,http://sigla.phis.me/document/HT%208b/index-word.html
1360,CLINE_1360,HT 8B,AB16 A310 AB28,,AB16 A310 AB28,AB16 A310 AB28,AB16 A310 AB28,3,3,1,http://sigla.phis.me/document/HT%208b/index-word.html
1361,CLINE_1361,HT 8B,AB56 AB188,,AB56 AB188,AB56 AB188,AB56 AB188,2,2,1,http://sigla.phis.me/document/HT%208b/index-word.html
1362,CLINE_1362,HT 8B,AB58 AB29 AB188,,AB58 AB29 AB188,AB58 AB29 AB188,AB58 AB29 AB188,3,3,1,http://sigla.phis.me/document/HT%208b/index-word.html
1363,CLINE_1363,HT 8B,AB77 AB03,,AB77 AB03,AB77 AB03,AB77 AB03,2,2,1,http://sigla.phis.me/document/HT%208b/index-word.html
1364,CLINE_1364,HT 9,A RU,,A RU,A RU,A RU,2,2,1,https://web.archive.org/web/20190416193018/http://www.people.ku.edu/~jyounger/LinearA/HTtexts.html
1365,CLINE_1365,HT 9,A SI,,A SI,A SI,A SI,2,2,1,https://web.archive.org/web/20190416193018/http://www.people.ku.edu/~jyounger/LinearA/HTtexts.html
1366,CLINE_1366,HT 9,DI NA U,,DI NA U,DI NA U,DI NA U,3,3,2,https://web.archive.org/web/20190416193018/http://www.people.ku.edu/~jyounger/LinearA/HTtexts.html
1367,CLINE_1367,HT 9,DI RA,,DI RA,DI RA,DI RA,2,2,2,https://web.archive.org/web/20190416193018/http://www.people.ku.edu/~jyounger/LinearA/HTtexts.html
1368,CLINE_1368,HT 9,KU RO,,KU RO,KU RO,KU RO,2,2,2,https://web.archive.org/web/20190416193018/http://www.people.ku.edu/~jyounger/LinearA/HTtexts.html
1369,CLINE_1369,HT 9,PA DE,,PA DE,PA DE,PA DE,2,2,2,https://web.archive.org/web/20190416193018/http://www.people.ku.edu/~jyounger/LinearA/HTtexts.html
1370,CLINE_1370,HT 9,PA3,,PA3,PA3,PA3,1,1,1,https://web.archive.org/web/20190416193018/http://www.people.ku.edu/~jyounger/LinearA/HTtexts.html
1371,CLINE_1371,HT 9,QE PU,,QE PU,QE PU,QE PU,2,2,2,https://web.archive.org/web/20190416193018/http://www.people.ku.edu/~jyounger/LinearA/HTtexts.html
1372,CLINE_1372,HT 9,SA RO,,SA RO,SA RO,SA RO,2,2,1,https://web.archive.org/web/20190416193018/http://www.people.ku.edu/~jyounger/LinearA/HTtexts.html
1373,CLINE_1373,HT 9,TA I,,TA I,TA I,TA I,2,2,2,https://web.archive.org/web/20190416193018/http://www.people.ku.edu/~jyounger/LinearA/HTtexts.html
1374,CLINE_1374,HT 9,TE VINA,,TE VINA,TE VINA,TE VINA,2,2,1,https://web.archive.org/web/20190416193018/http://www.people.ku.edu/~jyounger/LinearA/HTtexts.html
1375,CLINE_1375,HT 9,WA JA PI,,WA JA PI,WA JA PI,WA JA PI,3,3,1,https://web.archive.org/web/20190416193018/http://www.people.ku.edu/~jyounger/LinearA/HTtexts.html
1376,CLINE_1376,HT 90,AB28 AB81 AB53 AB06,,AB28 AB81 AB53 AB06,AB28 AB81 AB53 AB06,AB28 AB81 AB53 AB06,4,4,1,http://sigla.phis.me/document/HT%2090/index-word.html
1377,CLINE_1377,HT 90,AB31 AB76,,AB31 AB76,AB31 AB76,AB31 AB76,2,2,1,http://sigla.phis.me/document/HT%2090/index-word.html
1378,CLINE_1378,HT 90,AB41 AB26 AB80 AB53 AB66,,AB41 AB26 AB80 AB53 AB66,AB41 AB26 AB80 AB53 AB66,AB41 AB26 AB80 AB53 AB66,5,5,1,http://sigla.phis.me/document/HT%2090/index-word.html
1379,CLINE_1379,HT 90,FIC,,FIC,FIC,FIC,1,1,2,https://web.archive.org/web/20190416193018/http://www.people.ku.edu/~jyounger/LinearA/HTtexts.html
1380,CLINE_1380,HT 90,GRA,,GRA,GRA,GRA,1,1,2,https://web.archive.org/web/20190416193018/http://www.people.ku.edu/~jyounger/LinearA/HTtexts.html
1381,CLINE_1381,HT 90,I KU RI NA,,I KU RI NA,I KU RI NA,I KU RI NA,4,4,1,https://web.archive.org/web/20190416193018/http://www.people.ku.edu/~jyounger/LinearA/HTtexts.html
1382,CLINE_1382,HT 90,OLE DI,,OLE DI,OLE DI,OLE DI,2,2,1,https://web.archive.org/web/20190416193018/http://www.people.ku.edu/~jyounger/LinearA/HTtexts.html
1383,CLINE_1383,HT 90,OLE MI,,OLE MI,OLE MI,OLE MI,2,2,1,https://web.archive.org/web/20190416193018/http://www.people.ku.edu/~jyounger/LinearA/HTtexts.html
1384,CLINE_1384,HT 90,SA RA2,,SA RA2,SA RA2,SA RA2,2,2,1,https://web.archive.org/web/20190416193018/http://www.people.ku.edu/~jyounger/LinearA/HTtexts.html
1385,CLINE_1385,HT 90,SI RU MA RI TA2,,SI RU MA RI TA2,SI RU MA RI TA2,SI RU MA RI TA2,5,5,1,https://web.archive.org/web/20190416193018/http://www.people.ku.edu/~jyounger/LinearA/HTtexts.html
1386,CLINE_1386,HT 91,AB04 AB53,,AB04 AB53,AB04 AB53,AB04 AB53,2,2,1,http://sigla.phis.me/document/HT%2091/index-word.html
1387,CLINE_1387,HT 91,AB28 AB77,,AB28 AB77,AB28 AB77,AB28 AB77,2,2,1,http://sigla.phis.me/document/HT%2091/index-word.html
1388,CLINE_1388,HT 91,FIC,,FIC,FIC,FIC,1,1,1,https://web.archive.org/web/20190416193018/http://www.people.ku.edu/~jyounger/LinearA/HTtexts.html
1389,CLINE_1389,HT 91,I KA,,I KA,I KA,I KA,2,2,1,https://web.archive.org/web/20190416193018/http://www.people.ku.edu/~jyounger/LinearA/HTtexts.html
1390,CLINE_1390,HT 91,OLE KI,,OLE KI,OLE KI,OLE KI,2,2,1,https://web.archive.org/web/20190416193018/http://www.people.ku.edu/~jyounger/LinearA/HTtexts.html
1391,CLINE_1391,HT 91,OLE MI,,OLE MI,OLE MI,OLE MI,2,2,2,https://web.archive.org/web/20190416193018/http://www.people.ku.edu/~jyounger/LinearA/HTtexts.html
1392,CLINE_1392,HT 91,OLE U,,OLE U,OLE U,OLE U,2,2,1,https://web.archive.org/web/20190416193018/http://www.people.ku.edu/~jyounger/LinearA/HTtexts.html
1393,CLINE_1393,HT 91,OLIV,,OLIV,OLIV,OLIV,1,1,1,https://web.archive.org/web/20190416193018/http://www.people.ku.edu/~jyounger/LinearA/HTtexts.html
1394,CLINE_1394,HT 91,TE RI,,TE RI,TE RI,TE RI,2,2,1,https://web.archive.org/web/20190416193018/http://www.people.ku.edu/~jyounger/LinearA/HTtexts.html
1395,CLINE_1395,HT 91,VINA,,VINA,VINA,VINA,1,1,1,https://web.archive.org/web/20190416193018/http://www.people.ku.edu/~jyounger/LinearA/HTtexts.html
1396,CLINE_1396,HT 92,A DU,,A DU,A DU,A DU,2,2,1,https://web.archive.org/web/20190416193018/http://www.people.ku.edu/~jyounger/LinearA/HTtexts.html
1397,CLINE_1397,HT 92,AB08 AB51,,AB08 AB51,AB08 AB51,AB08 AB51,2,2,1,http://sigla.phis.me/document/HT%2092/index-word.html
1398,CLINE_1398,HT 92,GRA,,GRA,GRA,GRA,1,1,1,https://web.archive.org/web/20190416193018/http://www.people.ku.edu/~jyounger/LinearA/HTtexts.html
1399,CLINE_1399,HT 93,*406VAS,,*406VAS,*406VAS,*406VAS,1,1,1,https://web.archive.org/web/20190416193018/http://www.people.ku.edu/~jyounger/LinearA/HTtexts.html
1400,CLINE_1400,HT 93,A SE,,A SE,A SE,A SE,2,2,1,https://web.archive.org/web/20190416193018/http://www.people.ku.edu/~jyounger/LinearA/HTtexts.html
1401,CLINE_1401,HT 93,DA RE SE,,DA RE SE,DA RE SE,DA RE SE,3,3,1,https://web.archive.org/web/20190416193018/http://www.people.ku.edu/~jyounger/LinearA/HTtexts.html
1402,CLINE_1402,HT 93,DA RI DA,,DA RI DA,DA RI DA,DA RI DA,3,3,1,https://web.archive.org/web/20190416193018/http://www.people.ku.edu/~jyounger/LinearA/HTtexts.html
1403,CLINE_1403,HT 93,DE JU KU,,DE JU KU,DE JU KU,DE JU KU,3,3,1,https://web.archive.org/web/20190416193018/http://www.people.ku.edu/~jyounger/LinearA/HTtexts.html
1404,CLINE_1404,HT 93,DI RI NA,,DI RI NA,DI RI NA,DI RI NA,3,3,1,https://web.archive.org/web/20190416193018/http://www.people.ku.edu/~jyounger/LinearA/HTtexts.html
1405,CLINE_1405,HT 93,GRA PA3 RE SE,,GRA PA3 RE SE,GRA PA3 RE SE,GRA PA3 RE SE,4,4,1,https://web.archive.org/web/20190416193018/http://www.people.ku.edu/~jyounger/LinearA/HTtexts.html
1406,CLINE_1406,HT 93,I GRA PA,,I GRA PA,I GRA PA,I GRA PA,3,3,2,https://web.archive.org/web/20190416193018/http://www.people.ku.edu/~jyounger/LinearA/HTtexts.html
1407,CLINE_1407,HT 93,KI DI NI,,KI DI NI,KI DI NI,KI DI NI,3,3,1,https://web.archive.org/web/20190416193018/http://www.people.ku.edu/~jyounger/LinearA/HTtexts.html
1408,CLINE_1408,HT 93,KI RO[,,KI RO[,KI RO[,KI RO[,2,2,1,https://web.archive.org/web/20190416193018/http://www.people.ku.edu/~jyounger/LinearA/HTtexts.html
1409,CLINE_1409,HT 93,PA SE JA,,PA SE JA,PA SE JA,PA SE JA,3,3,1,https://web.archive.org/web/20190416193018/http://www.people.ku.edu/~jyounger/LinearA/HTtexts.html
1410,CLINE_1410,HT 93,PA3 NI NA,,PA3 NI NA,PA3 NI NA,PA3 NI NA,3,3,1,https://web.archive.org/web/20190416193018/http://www.people.ku.edu/~jyounger/LinearA/HTtexts.html
1411,CLINE_1411,HT 93,PA3 NI NA[,,PA3 NI NA[,PA3 NI NA[,PA3 NI NA[,3,3,1,https://web.archive.org/web/20190416193018/http://www.people.ku.edu/~jyounger/LinearA/HTtexts.html
1412,CLINE_1412,HT 93,QA QA RU,,QA QA RU,QA QA RU,QA QA RU,3,3,1,https://web.archive.org/web/20190416193018/http://www.people.ku.edu/~jyounger/LinearA/HTtexts.html
1413,CLINE_1413,HT 93,SA RA2,,SA RA2,SA RA2,SA RA2,2,2,1,https://web.archive.org/web/20190416193018/http://www.people.ku.edu/~jyounger/LinearA/HTtexts.html
1414,CLINE_1414,HT 93,VIR,,VIR,VIR,VIR,1,1,1,https://web.archive.org/web/20190416193018/http://www.people.ku.edu/~jyounger/LinearA/HTtexts.html
1415,CLINE_1415,HT 93,VIR I,,VIR I,VIR I,VIR I,2,2,1,https://web.archive.org/web/20190416193018/http://www.people.ku.edu/~jyounger/LinearA/HTtexts.html
1416,CLINE_1416,HT 93A,AB01 AB53 AB01,,AB01 AB53 AB01,AB01 AB53 AB01,AB01 AB53 AB01,3,3,1,http://sigla.phis.me/document/HT%2093a/index-word.html
1417,CLINE_1417,HT 93A,AB03 AB09 AB57,,AB03 AB09 AB57,AB03 AB09 AB57,AB03 AB09 AB57,3,3,1,http://sigla.phis.me/document/HT%2093a/index-word.html
1418,CLINE_1418,HT 93A,AB07 AB53 AB06,,AB07 AB53 AB06,AB07 AB53 AB06,AB07 AB53 AB06,3,3,1,http://sigla.phis.me/document/HT%2093a/index-word.html
1419,CLINE_1419,HT 93A,AB08 AB09,,AB08 AB09,AB08 AB09,AB08 AB09,2,2,1,http://sigla.phis.me/document/HT%2093a/index-word.html
1420,CLINE_1420,HT 93A,AB100 AB28,,AB100 AB28,AB100 AB28,AB100 AB28,2,2,1,http://sigla.phis.me/document/HT%2093a/index-word.html
1421,CLINE_1421,HT 93A,AB16 AB16 AB26,,AB16 AB16 AB26,AB16 AB16 AB26,AB16 AB16 AB26,3,3,1,http://sigla.phis.me/document/HT%2093a/index-word.html
1422,CLINE_1422,HT 93A,AB31 AB76,,AB31 AB76,AB31 AB76,AB31 AB76,2,2,1,http://sigla.phis.me/document/HT%2093a/index-word.html
1423,CLINE_1423,HT 93A,AB45 AB65 AB81,,AB45 AB65 AB81,AB45 AB65 AB81,AB45 AB65 AB81,3,3,1,http://sigla.phis.me/document/HT%2093a/index-word.html
1424,CLINE_1424,HT 93A,AB56 AB30 AB06,,AB56 AB30 AB06,AB56 AB30 AB06,AB56 AB30 AB06,3,3,2,http://sigla.phis.me/document/HT%2093a/index-word.html
1425,CLINE_1425,HT 93A,AB61 AB37 [?],,AB61 AB37 [?],AB61 AB37 [?],AB61 AB37 [?],3,3,1,http://sigla.phis.me/document/HT%2093a/index-word.html
1426,CLINE_1426,HT 93A,AB67 AB07 AB30,,AB67 AB07 AB30,AB67 AB07 AB30,AB67 AB07 AB30,3,3,1,http://sigla.phis.me/document/HT%2093a/index-word.html
1427,CLINE_1427,HT 93A,[?] AB77,,[?] AB77,[?] AB77,[?] AB77,2,2,1,http://sigla.phis.me/document/HT%2093a/index-word.html
1428,CLINE_1428,HT 93B,AB67 AB02,,AB67 AB02,AB67 AB02,AB67 AB02,2,2,1,http://sigla.phis.me/document/HT%2093b/index-word.html
1429,CLINE_1429,HT 94,DE DI,,DE DI,DE DI,DE DI,2,2,1,https://web.archive.org/web/20190416193018/http://www.people.ku.edu/~jyounger/LinearA/HTtexts.html
1430,CLINE_1430,HT 94,FIC,,FIC,FIC,FIC,1,1,3,https://web.archive.org/web/20190416193018/http://www.people.ku.edu/~jyounger/LinearA/HTtexts.html
1431,CLINE_1431,HT 94,KA PA,,KA PA,KA PA,KA PA,2,2,1,https://web.archive.org/web/20190416193018/http://www.people.ku.edu/~jyounger/LinearA/HTtexts.html
1432,CLINE_1432,HT 94,KE KI RU,,KE KI RU,KE KI RU,KE KI RU,3,3,1,https://web.archive.org/web/20190416193018/http://www.people.ku.edu/~jyounger/LinearA/HTtexts.html
1433,CLINE_1433,HT 94,KI RO,,KI RO,KI RO,KI RO,2,2,1,https://web.archive.org/web/20190416193018/http://www.people.ku.edu/~jyounger/LinearA/HTtexts.html
1434,CLINE_1434,HT 94,KU RO,,KU RO,KU RO,KU RO,2,2,2,https://web.archive.org/web/20190416193018/http://www.people.ku.edu/~jyounger/LinearA/HTtexts.html
1435,CLINE_1435,HT 94,PA TA NE,,PA TA NE,PA TA NE,PA TA NE,3,3,1,https://web.archive.org/web/20190416193018/http://www.people.ku.edu/~jyounger/LinearA/HTtexts.html
1436,CLINE_1436,HT 94,RA DE ME TE,,RA DE ME TE,RA DE ME TE,RA DE ME TE,4,4,1,https://web.archive.org/web/20190416193018/http://www.people.ku.edu/~jyounger/LinearA/HTtexts.html
1437,CLINE_1437,HT 94,SA RA2,,SA RA2,SA RA2,SA RA2,2,2,2,https://web.archive.org/web/20190416193018/http://www.people.ku.edu/~jyounger/LinearA/HTtexts.html
1438,CLINE_1438,HT 94,SA RU,,SA RU,SA RU,SA RU,2,2,1,https://web.archive.org/web/20190416193018/http://www.people.ku.edu/~jyounger/LinearA/HTtexts.html
1439,CLINE_1439,HT 94,TI A,,TI A,TI A,TI A,2,2,1,https://web.archive.org/web/20190416193018/http://www.people.ku.edu/~jyounger/LinearA/HTtexts.html
1440,CLINE_1440,HT 94,TU MA,,TU MA,TU MA,TU MA,2,2,1,https://web.archive.org/web/20190416193018/http://www.people.ku.edu/~jyounger/LinearA/HTtexts.html
1441,CLINE_1441,HT 94,VIR,,VIR,VIR,VIR,1,1,1,https://web.archive.org/web/20190416193018/http://www.people.ku.edu/~jyounger/LinearA/HTtexts.html
1442,CLINE_1442,HT 94,VIR *313B,,VIR *313B,VIR *313B,VIR *313B,2,2,1,https://web.archive.org/web/20190416193018/http://www.people.ku.edu/~jyounger/LinearA/HTtexts.html
1443,CLINE_1443,HT 94,[NAME,,[NAME,[NAME,[NAME,1,1,2,https://web.archive.org/web/20190416193018/http://www.people.ku.edu/~jyounger/LinearA/HTtexts.html
1444,CLINE_1444,HT 94A,A318 A306,,A318 A306,A318 A306,A318 A306,2,2,1,http://sigla.phis.me/document/HT%2094a/index-word.html
1445,CLINE_1445,HT 94A,AB31 AB76,,AB31 AB76,AB31 AB76,AB31 AB76,2,2,1,http://sigla.phis.me/document/HT%2094a/index-word.html
1446,CLINE_1446,HT 94A,AB77 AB03,,AB77 AB03,AB77 AB03,AB77 AB03,2,2,1,http://sigla.phis.me/document/HT%2094a/index-word.html
1447,CLINE_1447,HT 94A,AB81 AB02,,AB81 AB02,AB81 AB02,AB81 AB02,2,2,1,http://sigla.phis.me/document/HT%2094a/index-word.html
1448,CLINE_1448,HT 94B,AB03 AB59 AB24,,AB03 AB59 AB24,AB03 AB59 AB24,AB03 AB59 AB24,3,3,1,http://sigla.phis.me/document/HT%2094b/index-word.html
1449,CLINE_1449,HT 94B,AB21F AB69,,AB21F AB69,AB21F AB69,AB21F AB69,2,2,1,http://sigla.phis.me/document/HT%2094b/index-word.html
1450,CLINE_1450,HT 94B,AB31 AB26,,AB31 AB26,AB31 AB26,AB31 AB26,2,2,1,http://sigla.phis.me/document/HT%2094b/index-word.html
1451,CLINE_1451,HT 94B,AB44 AB67 AB26,,AB44 AB67 AB26,AB44 AB67 AB26,AB44 AB67 AB26,3,3,1,http://sigla.phis.me/document/HT%2094b/index-word.html
1452,CLINE_1452,HT 94B,AB45 AB07,,AB45 AB07,AB45 AB07,AB45 AB07,2,2,1,http://sigla.phis.me/document/HT%2094b/index-word.html
1453,CLINE_1453,HT 94B,AB60 [?] AB45 AB13 AB04,,AB60 [?] AB45 AB13 AB04,AB60 [?] AB45 AB13 AB04,AB60 [?] AB45 AB13 AB04,5,5,1,http://sigla.phis.me/document/HT%2094b/index-word.html
1454,CLINE_1454,HT 94B,AB67 AB02,,AB67 AB02,AB67 AB02,AB67 AB02,2,2,1,http://sigla.phis.me/document/HT%2094b/index-word.html
1455,CLINE_1455,HT 94B,AB69 AB80,,AB69 AB80,AB69 AB80,AB69 AB80,2,2,1,http://sigla.phis.me/document/HT%2094b/index-word.html
1456,CLINE_1456,HT 94B,AB81 AB02,,AB81 AB02,AB81 AB02,AB81 AB02,2,2,1,http://sigla.phis.me/document/HT%2094b/index-word.html
1457,CLINE_1457,HT 95,A DU,,A DU,A DU,A DU,2,2,1,https://web.archive.org/web/20190416193018/http://www.people.ku.edu/~jyounger/LinearA/HTtexts.html
1458,CLINE_1458,HT 95,DA DU MA TA,,DA DU MA TA,DA DU MA TA,DA DU MA TA,4,4,1,https://web.archive.org/web/20190416193018/http://www.people.ku.edu/~jyounger/LinearA/HTtexts.html
1459,CLINE_1459,HT 95,DA ME,,DA ME,DA ME,DA ME,2,2,2,https://web.archive.org/web/20190416193018/http://www.people.ku.edu/~jyounger/LinearA/HTtexts.html
1460,CLINE_1460,HT 95,DI DE RU,,DI DE RU,DI DE RU,DI DE RU,3,3,2,https://web.archive.org/web/20190416193018/http://www.people.ku.edu/~jyounger/LinearA/HTtexts.html
1461,CLINE_1461,HT 95,GRA,,GRA,GRA,GRA,1,1,1,https://web.archive.org/web/20190416193018/http://www.people.ku.edu/~jyounger/LinearA/HTtexts.html
1462,CLINE_1462,HT 95,KU NI SU,,KU NI SU,KU NI SU,KU NI SU,3,3,2,https://web.archive.org/web/20190416193018/http://www.people.ku.edu/~jyounger/LinearA/HTtexts.html
1463,CLINE_1463,HT 95,MI NU TE,,MI NU TE,MI NU TE,MI NU TE,3,3,2,https://web.archive.org/web/20190416193018/http://www.people.ku.edu/~jyounger/LinearA/HTtexts.html
1464,CLINE_1464,HT 95,QE RA2 U,,QE RA2 U,QE RA2 U,QE RA2 U,3,3,2,https://web.archive.org/web/20190416193018/http://www.people.ku.edu/~jyounger/LinearA/HTtexts.html
1465,CLINE_1465,HT 95,SA RU,,SA RU,SA RU,SA RU,2,2,2,https://web.archive.org/web/20190416193018/http://www.people.ku.edu/~jyounger/LinearA/HTtexts.html
1466,CLINE_1466,HT 95A,AB01 AB13,,AB01 AB13,AB01 AB13,AB01 AB13,2,2,1,http://sigla.phis.me/document/HT%2095a/index-word.html
1467,CLINE_1467,HT 95A,AB01 AB51 AB80 AB59,,AB01 AB51 AB80 AB59,AB01 AB51 AB80 AB59,AB01 AB51 AB80 AB59,4,4,1,http://sigla.phis.me/document/HT%2095a/index-word.html
1468,CLINE_1468,HT 95A,AB07 AB45 AB26 AB78 AB76 AB10,,AB07 AB45 AB26 AB78 AB76 AB10,AB07 AB45 AB26 AB78 AB76 AB10,AB07 AB45 AB26 AB78 AB76 AB10,6,6,1,http://sigla.phis.me/document/HT%2095a/index-word.html
1469,CLINE_1469,HT 95A,AB31 AB26,,AB31 AB26,AB31 AB26,AB31 AB26,2,2,1,http://sigla.phis.me/document/HT%2095a/index-word.html
1470,CLINE_1470,HT 95A,AB73 AB55 AB04,,AB73 AB55 AB04,AB73 AB55 AB04,AB73 AB55 AB04,3,3,1,http://sigla.phis.me/document/HT%2095a/index-word.html
1471,CLINE_1471,HT 95A,AB81 AB30 [?],,AB81 AB30 [?],AB81 AB30 [?],AB81 AB30 [?],3,3,1,http://sigla.phis.me/document/HT%2095a/index-word.html
1472,CLINE_1472,HT 95B,AB01 AB17,,AB01 AB17,AB01 AB17,AB01 AB17,2,2,1,http://sigla.phis.me/document/HT%2095b/index-word.html
1473,CLINE_1473,HT 95B,AB07 AB45 AB26,,AB07 AB45 AB26,AB07 AB45 AB26,AB07 AB45 AB26,3,3,1,http://sigla.phis.me/document/HT%2095b/index-word.html
1474,CLINE_1474,HT 95B,AB08 AB51,,AB08 AB51,AB08 AB51,AB08 AB51,2,2,1,http://sigla.phis.me/document/HT%2095b/index-word.html
1475,CLINE_1475,HT 95B,AB31 AB26,,AB31 AB26,AB31 AB26,AB31 AB26,2,2,1,http://sigla.phis.me/document/HT%2095b/index-word.html
1476,CLINE_1476,HT 95B,AB73 AB55 AB04,,AB73 AB55 AB04,AB73 AB55 AB04,AB73 AB55 AB04,3,3,1,http://sigla.phis.me/document/HT%2095b/index-word.html
1477,CLINE_1477,HT 95B,AB78 AB76 AB10,,AB78 AB76 AB10,AB78 AB76 AB10,AB78 AB76 AB10,3,3,1,http://sigla.phis.me/document/HT%2095b/index-word.html
1478,CLINE_1478,HT 95B,AB81 AB30 AB58,,AB81 AB30 AB58,AB81 AB30 AB58,AB81 AB30 AB58,3,3,1,http://sigla.phis.me/document/HT%2095b/index-word.html
1479,CLINE_1479,HT 96,A PA RA NE,,A PA RA NE,A PA RA NE,A PA RA NE,4,4,1,https://web.archive.org/web/20190416193018/http://www.people.ku.edu/~jyounger/LinearA/HTtexts.html
1480,CLINE_1480,HT 96,FIC,,FIC,FIC,FIC,1,1,1,https://web.archive.org/web/20190416193018/http://www.people.ku.edu/~jyounger/LinearA/HTtexts.html
1481,CLINE_1481,HT 96,GRA,,GRA,GRA,GRA,1,1,1,https://web.archive.org/web/20190416193018/http://www.people.ku.edu/~jyounger/LinearA/HTtexts.html
1482,CLINE_1482,HT 96,I TI TI KU NI A PA RA NE A TE,,I TI TI KU NI A PA RA NE A TE,I TI TI KU NI A PA RA NE A TE,I TI TI KU NI A PA RA NE A TE,11,11,1,https://web.archive.org/web/20190416193018/http://www.people.ku.edu/~jyounger/LinearA/HTtexts.html
1483,CLINE_1483,HT 96,I [?] GRA,,I [?] GRA,I [?] GRA,I [?] GRA,3,3,1,https://web.archive.org/web/20190416193018/http://www.people.ku.edu/~jyounger/LinearA/HTtexts.html
1484,CLINE_1484,HT 96,OLE U,,OLE U,OLE U,OLE U,2,2,1,https://web.archive.org/web/20190416193018/http://www.people.ku.edu/~jyounger/LinearA/HTtexts.html
1485,CLINE_1485,HT 96,PI TA RA,,PI TA RA,PI TA RA,PI TA RA,3,3,1,https://web.archive.org/web/20190416193018/http://www.people.ku.edu/~jyounger/LinearA/HTtexts.html
1486,CLINE_1486,HT 96,QA RA RE,,QA RA RE,QA RA RE,QA RA RE,3,3,1,https://web.archive.org/web/20190416193018/http://www.people.ku.edu/~jyounger/LinearA/HTtexts.html
1487,CLINE_1487,HT 96,RU SA,,RU SA,RU SA,RU SA,2,2,1,https://web.archive.org/web/20190416193018/http://www.people.ku.edu/~jyounger/LinearA/HTtexts.html
1488,CLINE_1488,HT 96,SI MI TA,,SI MI TA,SI MI TA,SI MI TA,3,3,1,https://web.archive.org/web/20190416193018/http://www.people.ku.edu/~jyounger/LinearA/HTtexts.html
1489,CLINE_1489,HT 96,TE FIC,,TE FIC,TE FIC,TE FIC,2,2,1,https://web.archive.org/web/20190416193018/http://www.people.ku.edu/~jyounger/LinearA/HTtexts.html
1490,CLINE_1490,HT 96,]FIC,,]FIC,]FIC,]FIC,1,1,1,https://web.archive.org/web/20190416193018/http://www.people.ku.edu/~jyounger/LinearA/HTtexts.html
1491,CLINE_1491,HT 96,]KU MA RO,,]KU MA RO,]KU MA RO,]KU MA RO,3,3,1,https://web.archive.org/web/20190416193018/http://www.people.ku.edu/~jyounger/LinearA/HTtexts.html
1492,CLINE_1492,HT 96A,AB08 AB03 AB60 AB24,,AB08 AB03 AB60 AB24,AB08 AB03 AB60 AB24,AB08 AB03 AB60 AB24,4,4,1,http://sigla.phis.me/document/HT%2096a/index-word.html
1493,CLINE_1493,HT 96A,AB08 AB123 AB04,,AB08 AB123 AB04,AB08 AB123 AB04,AB08 AB123 AB04,3,3,1,http://sigla.phis.me/document/HT%2096a/index-word.html
1494,CLINE_1494,HT 96A,AB26 AB31,,AB26 AB31,AB26 AB31,AB26 AB31,2,2,1,http://sigla.phis.me/document/HT%2096a/index-word.html
1495,CLINE_1495,HT 96A,AB28 AB37 AB37 AB81 AB30,,AB28 AB37 AB37 AB81 AB30,AB28 AB37 AB37 AB81 AB30,AB28 AB37 AB37 AB81 AB30,5,5,1,http://sigla.phis.me/document/HT%2096a/index-word.html
1496,CLINE_1496,HT 96A,AB39 AB59 AB60,,AB39 AB59 AB60,AB39 AB59 AB60,AB39 AB59 AB60,3,3,1,http://sigla.phis.me/document/HT%2096a/index-word.html
1497,CLINE_1497,HT 96A,AB41 AB73 AB59,,AB41 AB73 AB59,AB41 AB73 AB59,AB41 AB73 AB59,3,3,1,http://sigla.phis.me/document/HT%2096a/index-word.html
1498,CLINE_1498,HT 96A,AB81 AB80 AB02,,AB81 AB80 AB02,AB81 AB80 AB02,AB81 AB80 AB02,3,3,1,http://sigla.phis.me/document/HT%2096a/index-word.html
1499,CLINE_1499,HT 96B,AB08 AB03 AB60 AB24,,AB08 AB03 AB60 AB24,AB08 AB03 AB60 AB24,AB08 AB03 AB60 AB24,4,4,1,http://sigla.phis.me/document/HT%2096b/index-word.html
1500,CLINE_1500,HT 96B,AB16 AB118 AB60 AB27,,AB16 AB118 AB60 AB27,AB16 AB118 AB60 AB27,AB16 AB118 AB60 AB27,4,4,1,http://sigla.phis.me/document/HT%2096b/index-word.html
1501,CLINE_1501,HT 97,KA NU TI,,KA NU TI,KA NU TI,KA NU TI,3,3,1,https://web.archive.org/web/20190416193018/http://www.people.ku.edu/~jyounger/LinearA/HTtexts.html
1502,CLINE_1502,HT 97,KA RU,,KA RU,KA RU,KA RU,2,2,1,https://web.archive.org/web/20190416193018/http://www.people.ku.edu/~jyounger/LinearA/HTtexts.html
1503,CLINE_1503,HT 97,MA DI,,MA DI,MA DI,MA DI,2,2,1,https://web.archive.org/web/20190416193018/http://www.people.ku.edu/~jyounger/LinearA/HTtexts.html
1504,CLINE_1504,HT 97,NA TI,,NA TI,NA TI,NA TI,2,2,1,https://web.archive.org/web/20190416193018/http://www.people.ku.edu/~jyounger/LinearA/HTtexts.html
1505,CLINE_1505,HT 97,PA I TO,,PA I TO,PA I TO,PA I TO,3,3,1,https://web.archive.org/web/20190416193018/http://www.people.ku.edu/~jyounger/LinearA/HTtexts.html
1506,CLINE_1506,HT 97,SA RA2,,SA RA2,SA RA2,SA RA2,2,2,1,https://web.archive.org/web/20190416193018/http://www.people.ku.edu/~jyounger/LinearA/HTtexts.html
1507,CLINE_1507,HT 97,TA TI,,TA TI,TA TI,TA TI,2,2,1,https://web.archive.org/web/20190416193018/http://www.people.ku.edu/~jyounger/LinearA/HTtexts.html
1508,CLINE_1508,HT 97A,AB03 AB28 AB05,,AB03 AB28 AB05,AB03 AB28 AB05,AB03 AB28 AB05,3,3,1,http://sigla.phis.me/document/HT%2097a/index-word.html
1509,CLINE_1509,HT 97A,AB06 AB37 AB80 AB07,,AB06 AB37 AB80 AB07,AB06 AB37 AB80 AB07,AB06 AB37 AB80 AB07,4,4,1,http://sigla.phis.me/document/HT%2097a/index-word.html
1510,CLINE_1510,HT 97A,AB08,,AB08,AB08,AB08,1,1,1,http://sigla.phis.me/document/HT%2097a/index-word.html
1511,CLINE_1511,HT 97A,AB45 [?],,AB45 [?],AB45 [?],AB45 [?],2,2,1,http://sigla.phis.me/document/HT%2097a/index-word.html
1512,CLINE_1512,HT 97A,AB59 AB37,,AB59 AB37,AB59 AB37,AB59 AB37,2,2,1,http://sigla.phis.me/document/HT%2097a/index-word.html
1513,CLINE_1513,HT 97A,AB77 AB26,,AB77 AB26,AB77 AB26,AB77 AB26,2,2,1,http://sigla.phis.me/document/HT%2097a/index-word.html
1514,CLINE_1514,HT 97A,AB77 AB55 AB37,,AB77 AB55 AB37,AB77 AB55 AB37,AB77 AB55 AB37,3,3,1,http://sigla.phis.me/document/HT%2097a/index-word.html
1515,CLINE_1515,HT 97B,AB31 AB76,,AB31 AB76,AB31 AB76,AB31 AB76,2,2,1,http://sigla.phis.me/document/HT%2097b/index-word.html
1516,CLINE_1516,HT 98,DA RU NE TE,,DA RU NE TE,DA RU NE TE,DA RU NE TE,4,4,1,https://web.archive.org/web/20190416193018/http://www.people.ku.edu/~jyounger/LinearA/HTtexts.html
1517,CLINE_1517,HT 98,DI RE DI NA,,DI RE DI NA,DI RE DI NA,DI RE DI NA,4,4,1,https://web.archive.org/web/20190416193018/http://www.people.ku.edu/~jyounger/LinearA/HTtexts.html
1518,CLINE_1518,HT 98,KA RI I,,KA RI I,KA RI I,KA RI I,3,3,1,https://web.archive.org/web/20190416193018/http://www.people.ku.edu/~jyounger/LinearA/HTtexts.html
1519,CLINE_1519,HT 98,RO KE,,RO KE,RO KE,RO KE,2,2,1,https://web.archive.org/web/20190416193018/http://www.people.ku.edu/~jyounger/LinearA/HTtexts.html
1520,CLINE_1520,HT 98,TA NA TI,,TA NA TI,TA NA TI,TA NA TI,3,3,1,https://web.archive.org/web/20190416193018/http://www.people.ku.edu/~jyounger/LinearA/HTtexts.html
1521,CLINE_1521,HT 98,]VINA,,]VINA,]VINA,]VINA,1,1,1,https://web.archive.org/web/20190416193018/http://www.people.ku.edu/~jyounger/LinearA/HTtexts.html
1522,CLINE_1522,HT 98A,AB02 AB44,,AB02 AB44,AB02 AB44,AB02 AB44,2,2,1,http://sigla.phis.me/document/HT%2098a/index-word.html
1523,CLINE_1523,HT 98A,AB04 A301,,AB04 A301,AB04 A301,AB04 A301,2,2,1,http://sigla.phis.me/document/HT%2098a/index-word.html
1524,CLINE_1524,HT 98A,AB07 AB27 AB07 AB06,,AB07 AB27 AB07 AB06,AB07 AB27 AB07 AB06,AB07 AB27 AB07 AB06,4,4,1,http://sigla.phis.me/document/HT%2098a/index-word.html
1525,CLINE_1525,HT 98A,AB59 AB06 AB37,,AB59 AB06 AB37,AB59 AB06 AB37,AB59 AB06 AB37,3,3,1,http://sigla.phis.me/document/HT%2098a/index-word.html
1526,CLINE_1526,HT 98A,AB69,,AB69,AB69,AB69,1,1,1,http://sigla.phis.me/document/HT%2098a/index-word.html
1527,CLINE_1527,HT 98A,AB77 AB53 A310 AB28,,AB77 AB53 A310 AB28,AB77 AB53 A310 AB28,AB77 AB53 A310 AB28,4,4,1,http://sigla.phis.me/document/HT%2098a/index-word.html
1528,CLINE_1528,HT 98A,[?] AB45,,[?] AB45,[?] AB45,[?] AB45,2,2,1,http://sigla.phis.me/document/HT%2098a/index-word.html
1529,CLINE_1529,HT 98B,AB01 AB26 AB24 AB04,,AB01 AB26 AB24 AB04,AB01 AB26 AB24 AB04,AB01 AB26 AB24 AB04,4,4,1,http://sigla.phis.me/document/HT%2098b/index-word.html
1530,CLINE_1530,HT 99,A DU,,A DU,A DU,A DU,2,2,1,https://web.archive.org/web/20190416193018/http://www.people.ku.edu/~jyounger/LinearA/HTtexts.html
1531,CLINE_1531,HT 99,DA SI,,DA SI,DA SI,DA SI,2,2,1,https://web.archive.org/web/20190416193018/http://www.people.ku.edu/~jyounger/LinearA/HTtexts.html
1532,CLINE_1532,HT 99,FIC,,FIC,FIC,FIC,1,1,1,https://web.archive.org/web/20190416193018/http://www.people.ku.edu/~jyounger/LinearA/HTtexts.html
1533,CLINE_1533,HT 99,GRA QE[,,GRA QE[,GRA QE[,GRA QE[,2,2,1,https://web.archive.org/web/20190416193018/http://www.people.ku.edu/~jyounger/LinearA/HTtexts.html
1534,CLINE_1534,HT 99,RU MA TA,,RU MA TA,RU MA TA,RU MA TA,3,3,1,https://web.archive.org/web/20190416193018/http://www.people.ku.edu/~jyounger/LinearA/HTtexts.html
1535,CLINE_1535,HT 99,SA RA2,,SA RA2,SA RA2,SA RA2,2,2,1,https://web.archive.org/web/20190416193018/http://www.people.ku.edu/~jyounger/LinearA/HTtexts.html
1536,CLINE_1536,HT 99,SI SE FIC,,SI SE FIC,SI SE FIC,SI SE FIC,3,3,1,https://web.archive.org/web/20190416193018/http://www.people.ku.edu/~jyounger/LinearA/HTtexts.html
1537,CLINE_1537,HT 99,VINA,,VINA,VINA,VINA,1,1,1,https://web.archive.org/web/20190416193018/http://www.people.ku.edu/~jyounger/LinearA/HTtexts.html
1538,CLINE_1538,HT 99,ZU DU,,ZU DU,ZU DU,ZU DU,2,2,1,https://web.archive.org/web/20190416193018/http://www.people.ku.edu/~jyounger/LinearA/HTtexts.html
1539,CLINE_1539,HT 99A,AB08 AB51,,AB08 AB51,AB08 AB51,AB08 AB51,2,2,1,http://sigla.phis.me/document/HT%2099a/index-word.html
1540,CLINE_1540,HT 99A,AB31 AB76,,AB31 AB76,AB31 AB76,AB31 AB76,2,2,1,http://sigla.phis.me/document/HT%2099a/index-word.html
1541,CLINE_1541,HT 99B,AB01 AB41 AB118,,AB01 AB41 AB118,AB01 AB41 AB118,AB01 AB41 AB118,3,3,1,http://sigla.phis.me/document/HT%2099b/index-word.html
1542,CLINE_1542,HT 99B,AB26 AB80 AB59,,AB26 AB80 AB59,AB26 AB80 AB59,AB26 AB80 AB59,3,3,1,http://sigla.phis.me/document/HT%2099b/index-word.html
1543,CLINE_1543,HT 99B,AB79 AB51,,AB79 AB51,AB79 AB51,AB79 AB51,2,2,1,http://sigla.phis.me/document/HT%2099b/index-word.html
1544,CLINE_1544,HT 9A,A306 AB69,,A306 AB69,A306 AB69,A306 AB69,2,2,1,http://sigla.phis.me/document/HT%209a/index-word.html
1545,CLINE_1545,HT 9A,A324 AB07 AB60,,A324 AB07 AB60,A324 AB07 AB60,A324 AB07 AB60,3,3,1,http://sigla.phis.me/document/HT%209a/index-word.html
1546,CLINE_1546,HT 9A,AB03 AB45,,AB03 AB45,AB03 AB45,AB03 AB45,2,2,1,http://sigla.phis.me/document/HT%209a/index-word.html
1547,CLINE_1547,HT 9A,AB07 AB06 AB10,,AB07 AB06 AB10,AB07 AB06 AB10,AB07 AB06 AB10,3,3,1,http://sigla.phis.me/document/HT%209a/index-word.html
1548,CLINE_1548,HT 9A,AB08 AB26 AB81 AB02,,AB08 AB26 AB81 AB02,AB08 AB26 AB81 AB02,AB08 AB26 AB81 AB02,4,4,1,http://sigla.phis.me/document/HT%209a/index-word.html
1549,CLINE_1549,HT 9A,AB31 AB02,,AB31 AB02,AB31 AB02,AB31 AB02,2,2,1,http://sigla.phis.me/document/HT%209a/index-word.html
1550,CLINE_1550,HT 9A,AB59 AB28 AB123,,AB59 AB28 AB123,AB59 AB28 AB123,AB59 AB28 AB123,3,3,1,http://sigla.phis.me/document/HT%209a/index-word.html
1551,CLINE_1551,HT 9A,AB78 AB50,,AB78 AB50,AB78 AB50,AB78 AB50,2,2,1,http://sigla.phis.me/document/HT%209a/index-word.html
1552,CLINE_1552,HT 9B,A306 AB69,,A306 AB69,A306 AB69,A306 AB69,2,2,1,http://sigla.phis.me/document/HT%209b/index-word.html
1553,CLINE_1553,HT 9B,A324 AB07 AB60,,A324 AB07 AB60,A324 AB07 AB60,A324 AB07 AB60,3,3,1,http://sigla.phis.me/document/HT%209b/index-word.html
1554,CLINE_1554,HT 9B,AB03 AB45,,AB03 AB45,AB03 AB45,AB03 AB45,2,2,1,http://sigla.phis.me/document/HT%209b/index-word.html
1555,CLINE_1555,HT 9B,AB07 AB06 AB10,,AB07 AB06 AB10,AB07 AB06 AB10,AB07 AB06 AB10,3,3,1,http://sigla.phis.me/document/HT%209b/index-word.html
1556,CLINE_1556,HT 9B,AB08 AB41,,AB08 AB41,AB08 AB41,AB08 AB41,2,2,1,http://sigla.phis.me/document/HT%209b/index-word.html
1557,CLINE_1557,HT 9B,AB54 AB57 AB39 [?],,AB54 AB57 AB39 [?],AB54 AB57 AB39 [?],AB54 AB57 AB39 [?],4,4,1,http://sigla.phis.me/document/HT%209b/index-word.html
1558,CLINE_1558,HT 9B,AB59 AB28 AB123,,AB59 AB28 AB123,AB59 AB28 AB123,AB59 AB28 AB123,3,3,1,http://sigla.phis.me/document/HT%209b/index-word.html
1559,CLINE_1559,HT 9B,AB77 A305,,AB77 A305,AB77 A305,AB77 A305,2,2,1,http://sigla.phis.me/document/HT%209b/index-word.html
1560,CLINE_1560,HT 9B,AB78 AB50,,AB78 AB50,AB78 AB50,AB78 AB50,2,2,1,http://sigla.phis.me/document/HT%209b/index-word.html
1561,CLINE_1561,HT 9B,AB81 AB02,,AB81 AB02,AB81 AB02,AB81 AB02,2,2,1,http://sigla.phis.me/document/HT%209b/index-word.html
1562,CLINE_1562,HT WA 1001,AB01 AB77,,AB01 AB77,AB01 AB77,AB01 AB77,2,2,1,http://sigla.phis.me/document/HT%20Wa%201001/index-word.html
1563,CLINE_1563,HT WA 1002,AB01 AB77,,AB01 AB77,AB01 AB77,AB01 AB77,2,2,1,http://sigla.phis.me/document/HT%20Wa%201002/index-word.html
1564,CLINE_1564,HT WA 1003,AB01 AB77,,AB01 AB77,AB01 AB77,AB01 AB77,2,2,1,http://sigla.phis.me/document/HT%20Wa%201003/index-word.html
1565,CLINE_1565,HT WA 1004,AB01 AB77,,AB01 AB77,AB01 AB77,AB01 AB77,2,2,1,http://sigla.phis.me/document/HT%20Wa%201004/index-word.html
1566,CLINE_1566,HT WA 1005,AB01 AB77,,AB01 AB77,AB01 AB77,AB01 AB77,2,2,1,http://sigla.phis.me/document/HT%20Wa%201005/index-word.html
1567,CLINE_1567,HT WA 1006,AB28 AB76,,AB28 AB76,AB28 AB76,AB28 AB76,2,2,1,http://sigla.phis.me/document/HT%20Wa%201006/index-word.html
1568,CLINE_1568,HT WA 1007,AB28 AB76,,AB28 AB76,AB28 AB76,AB28 AB76,2,2,1,http://sigla.phis.me/document/HT%20Wa%201007/index-word.html
1569,CLINE_1569,HT WA 1008,AB28 AB76,,AB28 AB76,AB28 AB76,AB28 AB76,2,2,1,http://sigla.phis.me/document/HT%20Wa%201008/index-word.html
1570,CLINE_1570,HT WA 1009,AB28 AB76,,AB28 AB76,AB28 AB76,AB28 AB76,2,2,1,http://sigla.phis.me/document/HT%20Wa%201009/index-word.html
1571,CLINE_1571,HT WA 1010,AB28 AB76,,AB28 AB76,AB28 AB76,AB28 AB76,2,2,1,http://sigla.phis.me/document/HT%20Wa%201010/index-word.html
1572,CLINE_1572,HT WA 1011,AB28 AB76,,AB28 AB76,AB28 AB76,AB28 AB76,2,2,1,http://sigla.phis.me/document/HT%20Wa%201011/index-word.html
1573,CLINE_1573,HT WA 1012,AB28 AB76,,AB28 AB76,AB28 AB76,AB28 AB76,2,2,1,http://sigla.phis.me/document/HT%20Wa%201012/index-word.html
1574,CLINE_1574,HT WA 1013,AB28 AB76,,AB28 AB76,AB28 AB76,AB28 AB76,2,2,1,http://sigla.phis.me/document/HT%20Wa%201013/index-word.html
1575,CLINE_1575,HT WA 1014,AB41 AB77,,AB41 AB77,AB41 AB77,AB41 AB77,2,2,1,http://sigla.phis.me/document/HT%20Wa%201014/index-word.html
1576,CLINE_1576,HT WA 1015,AB41 AB77,,AB41 AB77,AB41 AB77,AB41 AB77,2,2,1,http://sigla.phis.me/document/HT%20Wa%201015/index-word.html
1577,CLINE_1577,HT WA 1016,AB41 AB77,,AB41 AB77,AB41 AB77,AB41 AB77,2,2,1,http://sigla.phis.me/document/HT%20Wa%201016/index-word.html
1578,CLINE_1578,HT WA 1017,AB41 AB77,,AB41 AB77,AB41 AB77,AB41 AB77,2,2,1,http://sigla.phis.me/document/HT%20Wa%201017/index-word.html
1579,CLINE_1579,HT WA 1018,AB41 AB77,,AB41 AB77,AB41 AB77,AB41 AB77,2,2,1,http://sigla.phis.me/document/HT%20Wa%201018/index-word.html
1580,CLINE_1580,HT WA 1019,AB03 AB59 AB24,,AB03 AB59 AB24,AB03 AB59 AB24,AB03 AB59 AB24,3,3,1,http://sigla.phis.me/document/HT%20Wa%201019%CE%B1/index-word.html
1581,CLINE_1581,HT WA 1019,AB41 AB69,,AB41 AB69,AB41 AB69,AB41 AB69,2,2,1,http://sigla.phis.me/document/HT%20Wa%201019%CE%B3/index-word.html
1582,CLINE_1582,HT WA 1020,A629,,A629,A629,A629,1,1,1,http://sigla.phis.me/document/HT%20Wa%201020%CE%B1/index-word.html
1583,CLINE_1583,HT WA 1020,AB46 AB59 AB06,,AB46 AB59 AB06,AB46 AB59 AB06,AB46 AB59 AB06,3,3,1,http://sigla.phis.me/document/HT%20Wa%201020%CE%B3/index-word.html
1584,CLINE_1584,HT WA 1020,AB81 AB03,,AB81 AB03,AB81 AB03,AB81 AB03,2,2,1,http://sigla.phis.me/document/HT%20Wa%201020%CE%B1/index-word.html
1585,CLINE_1585,HT WA 1021,AB188 AB51,,AB188 AB51,AB188 AB51,AB188 AB51,2,2,1,http://sigla.phis.me/document/HT%20Wa%201021%CE%B1/index-word.html
1586,CLINE_1586,HT WA 1028,AB41,,AB41,AB41,AB41,1,1,1,http://sigla.phis.me/document/HT%20Wa%201028%CE%B1/index-word.html
1587,CLINE_1587,HT WA 1028,AB77,,AB77,AB77,AB77,1,1,1,http://sigla.phis.me/document/HT%20Wa%201028%CE%B3/index-word.html
1588,CLINE_1588,HT WA 1029,A301,,A301,A301,A301,1,1,1,http://sigla.phis.me/document/HT%20Wa%201029%CE%B1/index-word.html
1589,CLINE_1589,HT WA 1242,AB41,,AB41,AB41,AB41,1,1,1,http://sigla.phis.me/document/HT%20Wa%201242/index-word.html
1590,CLINE_1590,HT WC 3001,AB03 AB09 AB57,,AB03 AB09 AB57,AB03 AB09 AB57,AB03 AB09 AB57,3,3,1,http://sigla.phis.me/document/HT%20Wc%203001/index-word.html
1591,CLINE_1591,HT WC 3001,B J,,B J,B J,B J,2,2,1,https://web.archive.org/web/20190416193018/http://www.people.ku.edu/~jyounger/LinearA/HTtexts.html
1592,CLINE_1592,HT WC 3002,AB03 AB09 AB57,,AB03 AB09 AB57,AB03 AB09 AB57,AB03 AB09 AB57,3,3,1,http://sigla.phis.me/document/HT%20Wc%203002/index-word.html
1593,CLINE_1593,HT WC 3003,AB77 AB27 AB02,,AB77 AB27 AB02,AB77 AB27 AB02,AB77 AB27 AB02,3,3,1,http://sigla.phis.me/document/HT%20Wc%203003/index-word.html
1594,CLINE_1594,HT WC 3004,B SE,,B SE,B SE,B SE,2,2,1,https://web.archive.org/web/20190416193018/http://www.people.ku.edu/~jyounger/LinearA/HTtexts.html
1595,CLINE_1595,HT WC 3004A,AB79 AB30 AB77,,AB79 AB30 AB77,AB79 AB30 AB77,AB79 AB30 AB77,3,3,1,http://sigla.phis.me/document/HT%20Wc%203004a/index-word.html
1596,CLINE_1596,HT WC 3005,B SE,,B SE,B SE,B SE,2,2,1,https://web.archive.org/web/20190416193018/http://www.people.ku.edu/~jyounger/LinearA/HTtexts.html
1597,CLINE_1597,HT WC 3005A,AB59 AB30 AB77,,AB59 AB30 AB77,AB59 AB30 AB77,AB59 AB30 AB77,3,3,1,http://sigla.phis.me/document/HT%20Wc%203005a/index-word.html
1598,CLINE_1598,HT WC 3006,B RA PU3 RA,,B RA PU3 RA,B RA PU3 RA,B RA PU3 RA,4,4,1,https://web.archive.org/web/20190416193018/http://www.people.ku.edu/~jyounger/LinearA/HTtexts.html
1599,CLINE_1599,HT WC 3006A,AB54 AB61 AB73,,AB54 AB61 AB73,AB54 AB61 AB73,AB54 AB61 AB73,3,3,1,http://sigla.phis.me/document/HT%20Wc%203006a/index-word.html
1600,CLINE_1600,HT WC 3006B,AB60 A314 AB60,,AB60 A314 AB60,AB60 A314 AB60,AB60 A314 AB60,3,3,1,http://sigla.phis.me/document/HT%20Wc%203006b/index-word.html
1601,CLINE_1601,HT WC 3007,AB54 AB07 AB30,,AB54 AB07 AB30,AB54 AB07 AB30,AB54 AB07 AB30,3,3,1,http://sigla.phis.me/document/HT%20Wc%203007/index-word.html
1602,CLINE_1602,HT WC 3008,B RU JA TA DI,,B RU JA TA DI,B RU JA TA DI,B RU JA TA DI,5,5,1,https://web.archive.org/web/20190416193018/http://www.people.ku.edu/~jyounger/LinearA/HTtexts.html
1603,CLINE_1603,HT WC 3008A,AB54 AB07 AB30,,AB54 AB07 AB30,AB54 AB07 AB30,AB54 AB07 AB30,3,3,1,http://sigla.phis.me/document/HT%20Wc%203008a/index-word.html
1604,CLINE_1604,HT WC 3008B,AB26 AB57 AB59 AB07,,AB26 AB57 AB59 AB07,AB26 AB57 AB59 AB07,AB26 AB57 AB59 AB07,4,4,1,http://sigla.phis.me/document/HT%20Wc%203008b/index-word.html
1605,CLINE_1605,HT WC 3009A,A333 AB07 AB58 AB77,,A333 AB07 AB58 AB77,A333 AB07 AB58 AB77,A333 AB07 AB58 AB77,4,4,1,http://sigla.phis.me/document/HT%20Wc%203009a/index-word.html
1606,CLINE_1606,HT WC 3010,A333 AB07 AB06 AB58 AB77,,A333 AB07 AB06 AB58 AB77,A333 AB07 AB06 AB58 AB77,A333 AB07 AB06 AB58 AB77,5,5,1,http://sigla.phis.me/document/HT%20Wc%203010/index-word.html
1607,CLINE_1607,HT WC 3011,AB79 AB07 AB60,,AB79 AB07 AB60,AB79 AB07 AB60,AB79 AB07 AB60,3,3,1,http://sigla.phis.me/document/HT%20Wc%203011/index-word.html
1608,CLINE_1608,HT WC 3012,B RE RO,,B RE RO,B RE RO,B RE RO,3,3,1,https://web.archive.org/web/20190416193018/http://www.people.ku.edu/~jyounger/LinearA/HTtexts.html
1609,CLINE_1609,HT WC 3012A,AB79 AB07 AB60,,AB79 AB07 AB60,AB79 AB07 AB60,AB79 AB07 AB60,3,3,1,http://sigla.phis.me/document/HT%20Wc%203012a/index-word.html
1610,CLINE_1610,HT WC 3012B,AB27 AB02,,AB27 AB02,AB27 AB02,AB27 AB02,2,2,1,http://sigla.phis.me/document/HT%20Wc%203012b/index-word.html
1611,CLINE_1611,HT WC 3013,NO OFIMPRESSIONS,,NO OFIMPRESSIONS,NO OFIMPRESSIONS,NO OFIMPRESSIONS,2,2,1,https://web.archive.org/web/20190416193018/http://www.people.ku.edu/~jyounger/LinearA/HTtexts.html
1612,CLINE_1612,HT WC 3014,B CAP,,B CAP,B CAP,B CAP,2,2,1,https://web.archive.org/web/20190416193018/http://www.people.ku.edu/~jyounger/LinearA/HTtexts.html
1613,CLINE_1613,HT WC 3014A,AB81 AB73 AB06,,AB81 AB73 AB06,AB81 AB73 AB06,AB81 AB73 AB06,3,3,1,http://sigla.phis.me/document/HT%20Wc%203014a/index-word.html
1614,CLINE_1614,HT WC 3014B,AB78,,AB78,AB78,AB78,1,1,1,http://sigla.phis.me/document/HT%20Wc%203014b/index-word.html
1615,CLINE_1615,HT WC 3015A,AB77 AB81 AB03,,AB77 AB81 AB03,AB77 AB81 AB03,AB77 AB81 AB03,3,3,1,http://sigla.phis.me/document/HT%20Wc%203015a/index-word.html
1616,CLINE_1616,HT WC 3016,B PA D,,B PA D,B PA D,B PA D,3,3,1,https://web.archive.org/web/20190416193018/http://www.people.ku.edu/~jyounger/LinearA/HTtexts.html
1617,CLINE_1617,HT WC 3016A,AB77 AB81 AB03,,AB77 AB81 AB03,AB77 AB81 AB03,AB77 AB81 AB03,3,3,1,http://sigla.phis.me/document/HT%20Wc%203016a/index-word.html
1618,CLINE_1618,HT WC 3017A,AB16 AB81 AB27 AB06 A306,,AB16 AB81 AB27 AB06 A306,AB16 AB81 AB27 AB06 A306,AB16 AB81 AB27 AB06 A306,5,5,1,http://sigla.phis.me/document/HT%20Wc%203017a/index-word.html
1619,CLINE_1619,HT WC 3018,B D,,B D,B D,B D,2,2,1,https://web.archive.org/web/20190416193018/http://www.people.ku.edu/~jyounger/LinearA/HTtexts.html
1620,CLINE_1620,HT WC 3019,A TELA3 B E,,A TELA3 B E,A TELA3 B E,A TELA3 B E,4,4,1,https://web.archive.org/web/20190416193018/http://www.people.ku.edu/~jyounger/LinearA/HTtexts.html
1621,CLINE_1621,HT WC 3020A,AB188 AB51,,AB188 AB51,AB188 AB51,AB188 AB51,2,2,1,http://sigla.phis.me/document/HT%20Wc%203020a/index-word.html
1622,CLINE_1622,HT WC 3022,VIR,,VIR,VIR,VIR,1,1,1,https://web.archive.org/web/20190416193018/http://www.people.ku.edu/~jyounger/LinearA/HTtexts.html
1623,CLINE_1623,HT WC 3024,B OVISF,,B OVISF,B OVISF,B OVISF,2,2,1,https://web.archive.org/web/20190416193018/http://www.people.ku.edu/~jyounger/LinearA/HTtexts.html
1624,CLINE_1624,HT WE WC 3020,B PA D,,B PA D,B PA D,B PA D,3,3,1,https://web.archive.org/web/20190416193018/http://www.people.ku.edu/~jyounger/LinearA/HTtexts.html
1625,CLINE_1625,HT ZB 158A,[?] AB69 AB09 AB58 AB67,,[?] AB69 AB09 AB58 AB67,[?] AB69 AB09 AB58 AB67,[?] AB69 AB09 AB58 AB67,5,5,1,http://sigla.phis.me/document/HT%20Zb%20158a/index-word.html
1626,CLINE_1626,HT ZB 158B,AB58 AB67 AB53 AB04 AB28 AB57,,AB58 AB67 AB53 AB04 AB28 AB57,AB58 AB67 AB53 AB04 AB28 AB57,AB58 AB67 AB53 AB04 AB28 AB57,6,6,1,http://sigla.phis.me/document/HT%20Zb%20158b/index-word.html
1627,CLINE_1627,HT ZB 159,AB08 AB06 AB55 AB41 AB57 AB09,,AB08 AB06 AB55 AB41 AB57 AB09,AB08 AB06 AB55 AB41 AB57 AB09,AB08 AB06 AB55 AB41 AB57 AB09,6,6,1,http://sigla.phis.me/document/HT%20Zb%20159/index-word.html
1628,CLINE_1628,HT ZB 160,AB03 AB59 AB01,,AB03 AB59 AB01,AB03 AB59 AB01,AB03 AB59 AB01,3,3,1,http://sigla.phis.me/document/HT%20Zb%20160/index-word.html
1629,CLINE_1629,HT ZB 160,AB51 AB29 AB27,,AB51 AB29 AB27,AB51 AB29 AB27,AB51 AB29 AB27,3,3,1,http://sigla.phis.me/document/HT%20Zb%20160/index-word.html
1630,CLINE_1630,HT ZB 161,AB41 AB50,,AB41 AB50,AB41 AB50,AB41 AB50,2,2,1,http://sigla.phis.me/document/HT%20Zb%20161/index-word.html
1631,CLINE_1631,HT ZD 155,AB06 AB80 AB80 AB37 AB37 A319,,AB06 AB80 AB80 AB37 AB37 A319,AB06 AB80 AB80 AB37 AB37 A319,AB06 AB80 AB80 AB37 AB37 A319,6,6,1,http://sigla.phis.me/document/HT%20Zd%20155/index-word.html
1632,CLINE_1632,HT ZD 155,AB08 AB65,,AB08 AB65,AB08 AB65,AB08 AB65,2,2,1,http://sigla.phis.me/document/HT%20Zd%20155/index-word.html
1633,CLINE_1633,HT ZD 156,AB59 AB57,,AB59 AB57,AB59 AB57,AB59 AB57,2,2,1,http://sigla.phis.me/document/HT%20Zd%20156/index-word.html
1634,CLINE_1634,HT ZD 157,AB40 AB57 AB58,,AB40 AB57 AB58,AB40 AB57 AB58,AB40 AB57 AB58,3,3,1,http://sigla.phis.me/document/HT%20Zd%20157/index-word.html
1635,CLINE_1635,HT ZD 157,AB80 AB37 AB37 A319,,AB80 AB37 AB37 A319,AB80 AB37 AB37 A319,AB80 AB37 AB37 A319,4,4,1,http://sigla.phis.me/document/HT%20Zd%20157/index-word.html
1636,CLINE_1636,HT10,DA-NE,2,DA NE,DA NE,DA-NE,2,1,3,"linearA/HT10.html:original_pre,linearA/HT10.html:raw_annotation,linearA/mdFiles/LinearA_report.md:raw_annotation"
1637,CLINE_1637,HT10,KU-RA2-TE,2,KU RA2 TE,KU RA2 TE,KU-RA2-TE,3,1,3,"linearA/HT10.html:original_pre,linearA/HT10.html:raw_annotation,linearA/mdFiles/LinearA_report.md:raw_annotation"
1638,CLINE_1638,HT10,KU-RA2-SI,10,KU RA2 SI,KU RA2 SI,KU-RA2-SI,3,1,3,"linearA/HT10.html:original_pre,linearA/HT10.html:raw_annotation,linearA/mdFiles/LinearA_report.md:raw_annotation"
1639,CLINE_1639,HT10,KU-RA2-NE,15,KU RA2 NE,KU RA2 NE,KU-RA2-NE,3,1,3,"linearA/HT10.html:original_pre,linearA/HT10.html:raw_annotation,linearA/mdFiles/LinearA_report.md:raw_annotation"
1640,CLINE_1640,HT10,KU-RA2-TA,32,KU RA2 TA,KU RA2 TA,KU-RA2-TA,3,1,3,"linearA/HT10.html:original_pre,linearA/HT10.html:raw_annotation,linearA/mdFiles/LinearA_report.md:raw_annotation"
1641,CLINE_1641,HT10,KU-RA2,70,KU RA2,KU RA2,KU-RA2,2,1,3,"linearA/HT10.html:original_pre,linearA/HT10.html:raw_annotation,linearA/mdFiles/LinearA_report.md:raw_annotation"
1642,CLINE_1642,HT12,OLIV,5,OLIV,OLIV,OLIV,1,1,5,"linearA/HT12.html:original_pre,linearA/HT12.html:raw_annotation,linearA/mdFiles/HT12.md:original_md_section,linearA/mdFiles/HT12.md:raw_annotation,linearA/mdFiles/LinearA_report.md:raw_annotation"
1643,CLINE_1643,HT12,QA+TU,8,QA TU,QA TU,QA+TU,2,1,5,"linearA/HT12.html:original_pre,linearA/HT12.html:raw_annotation,linearA/mdFiles/HT12.md:original_md_section,linearA/mdFiles/HT12.md:raw_annotation,linearA/mdFiles/LinearA_report.md:raw_annotation"
1644,CLINE_1644,HT12,MA+RU,10,MA RU,MA RU,MA+RU,2,1,5,"linearA/HT12.html:original_pre,linearA/HT12.html:raw_annotation,linearA/mdFiles/HT12.md:original_md_section,linearA/mdFiles/HT12.md:raw_annotation,linearA/mdFiles/LinearA_report.md:raw_annotation"
1645,CLINE_1645,HT12,KU-RA2,28,KU RA2,KU RA2,KU-RA2,2,1,5,"linearA/HT12.html:original_pre,linearA/HT12.html:raw_annotation,linearA/mdFiles/HT12.md:original_md_section,linearA/mdFiles/HT12.md:raw_annotation,linearA/mdFiles/LinearA_report.md:raw_annotation"
1646,CLINE_1646,HT12,QE-TU-NE,30,QE TU NE,QE TU NE,QE-TU-NE,3,1,5,"linearA/HT12.html:original_pre,linearA/HT12.html:raw_annotation,linearA/mdFiles/HT12.md:original_md_section,linearA/mdFiles/HT12.md:raw_annotation,linearA/mdFiles/LinearA_report.md:raw_annotation"
1647,CLINE_1647,HT12,DA-I,50,DA I,DA I,DA-I,2,1,5,"linearA/HT12.html:original_pre,linearA/HT12.html:raw_annotation,linearA/mdFiles/HT12.md:original_md_section,linearA/mdFiles/HT12.md:raw_annotation,linearA/mdFiles/LinearA_report.md:raw_annotation"
1648,CLINE_1648,HT13,AB04 AB40 AB22 AB59,2,AB04 AB40 AB22 AB59,AB04 AB40 AB22 AB59,AB04 AB40 AB22 AB59,4,4,5,"linearA/HT13.html:original_pre,linearA/HT13.html:raw_annotation,linearA/mdFiles/HT13.md:original_md_section,linearA/mdFiles/HT13.md:raw_annotation,linearA/mdFiles/LinearA_report.md:raw_annotation"
1649,CLINE_1649,HT13,AB54 AB67 AB22 AB03,5,AB54 AB67 AB22 AB03,AB54 AB67 AB22 AB03,AB54 AB67 AB22 AB03,4,4,5,"linearA/HT13.html:original_pre,linearA/HT13.html:raw_annotation,linearA/mdFiles/HT13.md:original_md_section,linearA/mdFiles/HT13.md:raw_annotation,linearA/mdFiles/LinearA_report.md:raw_annotation"
1650,CLINE_1650,HT13,AB51 AB24 AB22 AB09,7,AB51 AB24 AB22 AB09,AB51 AB24 AB22 AB09,AB51 AB24 AB22 AB09,4,4,5,"linearA/HT13.html:original_pre,linearA/HT13.html:raw_annotation,linearA/mdFiles/HT13.md:original_md_section,linearA/mdFiles/HT13.md:raw_annotation,linearA/mdFiles/LinearA_report.md:raw_annotation"
1651,CLINE_1651,HT13,AB81 AB02 AB22 AB67,12,AB81 AB02 AB22 AB67,AB81 AB02 AB22 AB67,AB81 AB02 AB22 AB67,4,4,5,"linearA/HT13.html:original_pre,linearA/HT13.html:raw_annotation,linearA/mdFiles/HT13.md:original_md_section,linearA/mdFiles/HT13.md:raw_annotation,linearA/mdFiles/LinearA_report.md:raw_annotation"
1652,CLINE_1652,HT31,AB54 AB67 AB22 AB03,2,AB54 AB67 AB22 AB03,AB54 AB67 AB22 AB03,AB54 AB67 AB22 AB03,4,4,5,"linearA/HT31.html:original_pre,linearA/HT31.html:raw_annotation,linearA/mdFiles/HT31.md:original_md_section,linearA/mdFiles/HT31.md:raw_annotation,linearA/mdFiles/LinearA_report.md:raw_annotation"
1653,CLINE_1653,HT31,AB28 AB67 AB22 AB54,4,AB28 AB67 AB22 AB54,AB28 AB67 AB22 AB54,AB28 AB67 AB22 AB54,4,4,5,"linearA/HT31.html:original_pre,linearA/HT31.html:raw_annotation,linearA/mdFiles/HT31.md:original_md_section,linearA/mdFiles/HT31.md:raw_annotation,linearA/mdFiles/LinearA_report.md:raw_annotation"
1654,CLINE_1654,HT31,AB54 AB28 AB22 AB09,5,AB54 AB28 AB22 AB09,AB54 AB28 AB22 AB09,AB54 AB28 AB22 AB09,4,4,5,"linearA/HT31.html:original_pre,linearA/HT31.html:raw_annotation,linearA/mdFiles/HT31.md:original_md_section,linearA/mdFiles/HT31.md:raw_annotation,linearA/mdFiles/LinearA_report.md:raw_annotation"
1655,CLINE_1655,HT31,AB81 AB02 AB22 AB28,7,AB81 AB02 AB22 AB28,AB81 AB02 AB22 AB28,AB81 AB02 AB22 AB28,4,4,5,"linearA/HT31.html:original_pre,linearA/HT31.html:raw_annotation,linearA/mdFiles/HT31.md:original_md_section,linearA/mdFiles/HT31.md:raw_annotation,linearA/mdFiles/LinearA_report.md:raw_annotation"
1656,CLINE_1656,HT31,AB51 AB45 AB22 AB59,8,AB51 AB45 AB22 AB59,AB51 AB45 AB22 AB59,AB51 AB45 AB22 AB59,4,4,5,"linearA/HT31.html:original_pre,linearA/HT31.html:raw_annotation,linearA/mdFiles/HT31.md:original_md_section,linearA/mdFiles/HT31.md:raw_annotation,linearA/mdFiles/LinearA_report.md:raw_annotation"
1657,CLINE_1657,HT31,AB81 AB02 AB22 AB67,10,AB81 AB02 AB22 AB67,AB81 AB02 AB22 AB67,AB81 AB02 AB22 AB67,4,4,5,"linearA/HT31.html:original_pre,linearA/HT31.html:raw_annotation,linearA/mdFiles/HT31.md:original_md_section,linearA/mdFiles/HT31.md:raw_annotation,linearA/mdFiles/LinearA_report.md:raw_annotation"
1658,CLINE_1658,HT7,DA-NA-TU,1,DA NA TU,DA NA TU,DA-NA-TU,3,1,5,"linearA/HT7.html:original_pre,linearA/HT7.html:raw_annotation,linearA/mdFiles/HT7.md:original_md_section,linearA/mdFiles/HT7.md:raw_annotation,linearA/mdFiles/LinearA_report.md:raw_annotation"
1659,CLINE_1659,HT7,KI-RA,1,KI RA,KI RA,KI-RA,2,1,5,"linearA/HT7.html:original_pre,linearA/HT7.html:raw_annotation,linearA/mdFiles/HT7.md:original_md_section,linearA/mdFiles/HT7.md:raw_annotation,linearA/mdFiles/LinearA_report.md:raw_annotation"
1660,CLINE_1660,HT7,TU-RU-SI,1,TU RU SI,TU RU SI,TU-RU-SI,3,1,5,"linearA/HT7.html:original_pre,linearA/HT7.html:raw_annotation,linearA/mdFiles/HT7.md:original_md_section,linearA/mdFiles/HT7.md:raw_annotation,linearA/mdFiles/LinearA_report.md:raw_annotation"
1661,CLINE_1661,HT7,QE-TU-RA,2,QE TU RA,QE TU RA,QE-TU-RA,3,1,5,"linearA/HT7.html:original_pre,linearA/HT7.html:raw_annotation,linearA/mdFiles/HT7.md:original_md_section,linearA/mdFiles/HT7.md:raw_annotation,linearA/mdFiles/LinearA_report.md:raw_annotation"
1662,CLINE_1662,HT7,TI-RU-SI,2,TI RU SI,TI RU SI,TI-RU-SI,3,1,5,"linearA/HT7.html:original_pre,linearA/HT7.html:raw_annotation,linearA/mdFiles/HT7.md:original_md_section,linearA/mdFiles/HT7.md:raw_annotation,linearA/mdFiles/LinearA_report.md:raw_annotation"
1663,CLINE_1663,HT8,SUP+?,1,SUP ?,SUP ?,SUP+?,2,1,5,"linearA/HT8.html:original_pre,linearA/HT8.html:raw_annotation,linearA/mdFiles/HT8.md:original_md_section,linearA/mdFiles/HT8.md:raw_annotation,linearA/mdFiles/LinearA_report.md:raw_annotation"
1664,CLINE_1664,HT8,KU-RA,2,KU RA,KU RA,KU-RA,2,1,5,"linearA/HT8.html:original_pre,linearA/HT8.html:raw_annotation,linearA/mdFiles/HT8.md:original_md_section,linearA/mdFiles/HT8.md:raw_annotation,linearA/mdFiles/LinearA_report.md:raw_annotation"
1665,CLINE_1665,HT8,PA3,3,PA3,PA3,PA3,1,1,5,"linearA/HT8.html:original_pre,linearA/HT8.html:raw_annotation,linearA/mdFiles/HT8.md:original_md_section,linearA/mdFiles/HT8.md:raw_annotation,linearA/mdFiles/LinearA_report.md:raw_annotation"
1666,CLINE_1666,HT8,QA-KI,5,QA KI,QA KI,QA-KI,2,1,5,"linearA/HT8.html:original_pre,linearA/HT8.html:raw_annotation,linearA/mdFiles/HT8.md:original_md_section,linearA/mdFiles/HT8.md:raw_annotation,linearA/mdFiles/LinearA_report.md:raw_annotation"
1667,CLINE_1667,HT8,OLIV+KI,10,OLIV KI,OLIV KI,OLIV+KI,2,1,5,"linearA/HT8.html:original_pre,linearA/HT8.html:raw_annotation,linearA/mdFiles/HT8.md:original_md_section,linearA/mdFiles/HT8.md:raw_annotation,linearA/mdFiles/LinearA_report.md:raw_annotation"
1668,CLINE_1668,HT9,VIN+TE,18,VIN TE,VIN TE,VIN+TE,2,1,5,"linearA/HT9.html:original_pre,linearA/HT9.html:raw_annotation,linearA/mdFiles/HT9.md:original_md_section,linearA/mdFiles/HT9.md:raw_annotation,linearA/mdFiles/LinearA_report.md:raw_annotation"
1669,CLINE_1669,HT9,VIN+TE,19,VIN TE,VIN TE,VIN+TE,2,1,5,"linearA/HT9.html:original_pre,linearA/HT9.html:raw_annotation,linearA/mdFiles/HT9.md:original_md_section,linearA/mdFiles/HT9.md:raw_annotation,linearA/mdFiles/LinearA_report.md:raw_annotation"
1670,CLINE_1670,HT9,VIN+TE,25,VIN TE,VIN TE,VIN+TE,2,1,5,"linearA/HT9.html:original_pre,linearA/HT9.html:raw_annotation,linearA/mdFiles/HT9.md:original_md_section,linearA/mdFiles/HT9.md:raw_annotation,linearA/mdFiles/LinearA_report.md:raw_annotation"
1671,CLINE_1671,HT9,VIN+TE,51,VIN TE,VIN TE,VIN+TE,2,1,5,"linearA/HT9.html:original_pre,linearA/HT9.html:raw_annotation,linearA/mdFiles/HT9.md:original_md_section,linearA/mdFiles/HT9.md:raw_annotation,linearA/mdFiles/LinearA_report.md:raw_annotation"
1672,CLINE_1672,HT9,VIN+TE,87,VIN TE,VIN TE,VIN+TE,2,1,5,"linearA/HT9.html:original_pre,linearA/HT9.html:raw_annotation,linearA/mdFiles/HT9.md:original_md_section,linearA/mdFiles/HT9.md:raw_annotation,linearA/mdFiles/LinearA_report.md:raw_annotation"
1673,CLINE_1673,HT9,VIN+TE,130,VIN TE,VIN TE,VIN+TE,2,1,5,"linearA/HT9.html:original_pre,linearA/HT9.html:raw_annotation,linearA/mdFiles/HT9.md:original_md_section,linearA/mdFiles/HT9.md:raw_annotation,linearA/mdFiles/LinearA_report.md:raw_annotation"
1674,CLINE_1674,HT95,AB54 AB67 AB22 AB03,2,AB54 AB67 AB22 AB03,AB54 AB67 AB22 AB03,AB54 AB67 AB22 AB03,4,4,5,"linearA/HT95.html:original_pre,linearA/HT95.html:raw_annotation,linearA/mdFiles/HT95.md:original_md_section,linearA/mdFiles/HT95.md:raw_annotation,linearA/mdFiles/LinearA_report.md:raw_annotation"
1675,CLINE_1675,HT95,AB81 AB02 AB22 AB67,10,AB81 AB02 AB22 AB67,AB81 AB02 AB22 AB67,AB81 AB02 AB22 AB67,4,4,5,"linearA/HT95.html:original_pre,linearA/HT95.html:raw_annotation,linearA/mdFiles/HT95.md:original_md_section,linearA/mdFiles/HT95.md:raw_annotation,linearA/mdFiles/LinearA_report.md:raw_annotation"
1676,CLINE_1676,KE 1,AB77 AB31,,AB77 AB31,AB77 AB31,AB77 AB31,2,2,1,http://sigla.phis.me/document/KE%201/index-word.html
1677,CLINE_1677,KE 1,KA SA,,KA SA,KA SA,KA SA,2,2,1,https://web.archive.org/web/20190416192926/http://www.people.ku.edu/~jyounger/LinearA/misctexts.html
1678,CLINE_1678,KE WC 2,B B B,,B B B,B B B,B B B,3,3,1,https://web.archive.org/web/20190416192926/http://www.people.ku.edu/~jyounger/LinearA/misctexts.html
1679,CLINE_1679,KE ZB 4,AB57 AB41 AB38,,AB57 AB41 AB38,AB57 AB41 AB38,AB57 AB41 AB38,3,3,1,http://sigla.phis.me/document/KE%20Zb%204/index-word.html
1680,CLINE_1680,KH 1,AB46,,AB46,AB46,AB46,1,1,1,http://sigla.phis.me/document/KH%201/index-word.html
1681,CLINE_1681,KH 1,GRA F,,GRA F,GRA F,GRA F,2,2,1,https://web.archive.org/web/20190416192926/http://www.people.ku.edu/~jyounger/LinearA/misctexts.html
1682,CLINE_1682,KH 10,A KI PI E TE,,A KI PI E TE,A KI PI E TE,A KI PI E TE,5,5,1,https://web.archive.org/web/20190416192926/http://www.people.ku.edu/~jyounger/LinearA/misctexts.html
1683,CLINE_1683,KH 10,AB08 AB67 AB39 AB38 AB04,,AB08 AB67 AB39 AB38 AB04,AB08 AB67 AB39 AB38 AB04,AB08 AB67 AB39 AB38 AB04,5,5,1,http://sigla.phis.me/document/KH%2010/index-word.html
1684,CLINE_1684,KH 10,AB16 AB118,,AB16 AB118,AB16 AB118,AB16 AB118,2,2,1,http://sigla.phis.me/document/KH%2010/index-word.html
1685,CLINE_1685,KH 10,AB28 AB03 AB31 AB57,,AB28 AB03 AB31 AB57,AB28 AB03 AB31 AB57,AB28 AB03 AB31 AB57,4,4,1,http://sigla.phis.me/document/KH%2010/index-word.html
1686,CLINE_1686,KH 10,GRA,,GRA,GRA,GRA,1,1,2,https://web.archive.org/web/20190416192926/http://www.people.ku.edu/~jyounger/LinearA/misctexts.html
1687,CLINE_1687,KH 10,I PA SA JA QA,,I PA SA JA QA,I PA SA JA QA,I PA SA JA QA,5,5,1,https://web.archive.org/web/20190416192926/http://www.people.ku.edu/~jyounger/LinearA/misctexts.html
1688,CLINE_1688,KH 100,A352 A306,,A352 A306,A352 A306,A352 A306,2,2,1,http://sigla.phis.me/document/KH%20100/index-word.html
1689,CLINE_1689,KH 100,AB02,,AB02,AB02,AB02,1,1,1,http://sigla.phis.me/document/KH%20100/index-word.html
1690,CLINE_1690,KH 100,AB45,,AB45,AB45,AB45,1,1,1,http://sigla.phis.me/document/KH%20100/index-word.html
1691,CLINE_1691,KH 100,VIN[,,VIN[,VIN[,VIN[,1,1,1,https://web.archive.org/web/20190416192926/http://www.people.ku.edu/~jyounger/LinearA/misctexts.html
1692,CLINE_1692,KH 11,A DU ZA,,A DU ZA,A DU ZA,A DU ZA,3,3,1,https://web.archive.org/web/20190416192926/http://www.people.ku.edu/~jyounger/LinearA/misctexts.html
1693,CLINE_1693,KH 11,A TE,,A TE,A TE,A TE,2,2,1,https://web.archive.org/web/20190416192926/http://www.people.ku.edu/~jyounger/LinearA/misctexts.html
1694,CLINE_1694,KH 11,A TO TO I,,A TO TO I,A TO TO I,A TO TO I,4,4,1,https://web.archive.org/web/20190416192926/http://www.people.ku.edu/~jyounger/LinearA/misctexts.html
1695,CLINE_1695,KH 11,AB08 AB05 A349 AB05 AB28,,AB08 AB05 A349 AB05 AB28,AB08 AB05 A349 AB05 AB28,AB08 AB05 A349 AB05 AB28,5,5,1,http://sigla.phis.me/document/KH%2011/index-word.html
1696,CLINE_1696,KH 11,AB08 AB51 [?] AB17,,AB08 AB51 [?] AB17,AB08 AB51 [?] AB17,AB08 AB51 [?] AB17,4,4,1,http://sigla.phis.me/document/KH%2011/index-word.html
1697,CLINE_1697,KH 11,AB08 AB59 A350,,AB08 AB59 A350,AB08 AB59 A350,AB08 AB59 A350,3,3,1,http://sigla.phis.me/document/KH%2011/index-word.html
1698,CLINE_1698,KH 11,FIC,,FIC,FIC,FIC,1,1,1,https://web.archive.org/web/20190416192926/http://www.people.ku.edu/~jyounger/LinearA/misctexts.html
1699,CLINE_1699,KH 11,VINA,,VINA,VINA,VINA,1,1,2,https://web.archive.org/web/20190416192926/http://www.people.ku.edu/~jyounger/LinearA/misctexts.html
1700,CLINE_1700,KH 12,*401VAS RU,,*401VAS RU,*401VAS RU,*401VAS RU,2,2,2,https://web.archive.org/web/20190416192926/http://www.people.ku.edu/~jyounger/LinearA/misctexts.html
1701,CLINE_1701,KH 12,A651,,A651,A651,A651,1,1,1,http://sigla.phis.me/document/KH%2012/index-word.html
1702,CLINE_1702,KH 12,I [?],,I [?],I [?],I [?],2,2,1,https://web.archive.org/web/20190416192926/http://www.people.ku.edu/~jyounger/LinearA/misctexts.html
1703,CLINE_1703,KH 12,MI JA RU,,MI JA RU,MI JA RU,MI JA RU,3,3,1,https://web.archive.org/web/20190416192926/http://www.people.ku.edu/~jyounger/LinearA/misctexts.html
1704,CLINE_1704,KH 13,AB08 AB09 AB27 AB17,,AB08 AB09 AB27 AB17,AB08 AB09 AB27 AB17,AB08 AB09 AB27 AB17,4,4,1,http://sigla.phis.me/document/KH%2013/index-word.html
1705,CLINE_1705,KH 13,[?] AB01 AB28,,[?] AB01 AB28,[?] AB01 AB28,[?] AB01 AB28,3,3,1,http://sigla.phis.me/document/KH%2013/index-word.html
1706,CLINE_1706,KH 13,]A SE RE ZA[,,]A SE RE ZA[,]A SE RE ZA[,]A SE RE ZA[,4,4,1,https://web.archive.org/web/20190416192926/http://www.people.ku.edu/~jyounger/LinearA/misctexts.html
1707,CLINE_1707,KH 13,]DA I[,,]DA I[,]DA I[,]DA I[,2,2,1,https://web.archive.org/web/20190416192926/http://www.people.ku.edu/~jyounger/LinearA/misctexts.html
1708,CLINE_1708,KH 14,A MA JA,,A MA JA,A MA JA,A MA JA,3,3,1,https://web.archive.org/web/20190416192926/http://www.people.ku.edu/~jyounger/LinearA/misctexts.html
1709,CLINE_1709,KH 14,A303,,A303,A303,A303,1,1,1,http://sigla.phis.me/document/KH%2014/index-word.html
1710,CLINE_1710,KH 14,AB08 AB80 AB57,,AB08 AB80 AB57,AB08 AB80 AB57,AB08 AB80 AB57,3,3,1,http://sigla.phis.me/document/KH%2014/index-word.html
1711,CLINE_1711,KH 14,AB60,,AB60,AB60,AB60,1,1,1,http://sigla.phis.me/document/KH%2014/index-word.html
1712,CLINE_1712,KH 15,FIC,,FIC,FIC,FIC,1,1,1,https://web.archive.org/web/20190416192926/http://www.people.ku.edu/~jyounger/LinearA/misctexts.html
1713,CLINE_1713,KH 16,AB10 AB59 AB28 AB41,,AB10 AB59 AB28 AB41,AB10 AB59 AB28 AB41,AB10 AB59 AB28 AB41,4,4,1,http://sigla.phis.me/document/KH%2016/index-word.html
1714,CLINE_1714,KH 16,AB59 [?],,AB59 [?],AB59 [?],AB59 [?],2,2,1,http://sigla.phis.me/document/KH%2016/index-word.html
1715,CLINE_1715,KH 16,]U TA I SI,,]U TA I SI,]U TA I SI,]U TA I SI,4,4,1,https://web.archive.org/web/20190416192926/http://www.people.ku.edu/~jyounger/LinearA/misctexts.html
1716,CLINE_1716,KH 17,AB08,,AB08,AB08,AB08,1,1,1,http://sigla.phis.me/document/KH%2017/index-word.html
1717,CLINE_1717,KH 17,FIC[,,FIC[,FIC[,FIC[,1,1,1,https://web.archive.org/web/20190416192926/http://www.people.ku.edu/~jyounger/LinearA/misctexts.html
1718,CLINE_1718,KH 17,]FIC,,]FIC,]FIC,]FIC,1,1,1,https://web.archive.org/web/20190416192926/http://www.people.ku.edu/~jyounger/LinearA/misctexts.html
1719,CLINE_1719,KH 18,AB28 AB81 AB39,,AB28 AB81 AB39,AB28 AB81 AB39,AB28 AB81 AB39,3,3,1,http://sigla.phis.me/document/KH%2018/index-word.html
1720,CLINE_1720,KH 18,I KU PI[,,I KU PI[,I KU PI[,I KU PI[,3,3,1,https://web.archive.org/web/20190416192926/http://www.people.ku.edu/~jyounger/LinearA/misctexts.html
1721,CLINE_1721,KH 18,RO RO,,RO RO,RO RO,RO RO,2,2,1,https://web.archive.org/web/20190416192926/http://www.people.ku.edu/~jyounger/LinearA/misctexts.html
1722,CLINE_1722,KH 18,VINC,,VINC,VINC,VINC,1,1,1,https://web.archive.org/web/20190416192926/http://www.people.ku.edu/~jyounger/LinearA/misctexts.html
1723,CLINE_1723,KH 19,OLE TA,,OLE TA,OLE TA,OLE TA,2,2,1,https://web.archive.org/web/20190416192926/http://www.people.ku.edu/~jyounger/LinearA/misctexts.html
1724,CLINE_1724,KH 2,AB69 [?],,AB69 [?],AB69 [?],AB69 [?],2,2,1,http://sigla.phis.me/document/KH%202/index-word.html
1725,CLINE_1725,KH 20,A SI KI RA,,A SI KI RA,A SI KI RA,A SI KI RA,4,4,1,https://web.archive.org/web/20190416192926/http://www.people.ku.edu/~jyounger/LinearA/misctexts.html
1726,CLINE_1726,KH 20,AB08 AB41 AB67 AB60,,AB08 AB41 AB67 AB60,AB08 AB41 AB67 AB60,AB08 AB41 AB67 AB60,4,4,1,http://sigla.phis.me/document/KH%2020/index-word.html
1727,CLINE_1727,KH 20,AB51 AB27 AB17,,AB51 AB27 AB17,AB51 AB27 AB17,AB51 AB27 AB17,3,3,1,http://sigla.phis.me/document/KH%2020/index-word.html
1728,CLINE_1728,KH 20,DU RE ZA,,DU RE ZA,DU RE ZA,DU RE ZA,3,3,1,https://web.archive.org/web/20190416192926/http://www.people.ku.edu/~jyounger/LinearA/misctexts.html
1729,CLINE_1729,KH 20,FIC,,FIC,FIC,FIC,1,1,1,https://web.archive.org/web/20190416192926/http://www.people.ku.edu/~jyounger/LinearA/misctexts.html
1730,CLINE_1730,KH 21,A306 AB78 AB51,,A306 AB78 AB51,A306 AB78 AB51,A306 AB78 AB51,3,3,1,http://sigla.phis.me/document/KH%2021/index-word.html
1731,CLINE_1731,KH 21,FIC,,FIC,FIC,FIC,1,1,1,https://web.archive.org/web/20190416192926/http://www.people.ku.edu/~jyounger/LinearA/misctexts.html
1732,CLINE_1732,KH 22,[?] AB17,,[?] AB17,[?] AB17,[?] AB17,2,2,1,http://sigla.phis.me/document/KH%2022/index-word.html
1733,CLINE_1733,KH 23,A DU[,,A DU[,A DU[,A DU[,2,2,1,https://web.archive.org/web/20190416192926/http://www.people.ku.edu/~jyounger/LinearA/misctexts.html
1734,CLINE_1734,KH 23,AB08 AB51,,AB08 AB51,AB08 AB51,AB08 AB51,2,2,1,http://sigla.phis.me/document/KH%2023/index-word.html
1735,CLINE_1735,KH 24,[?] AB58,,[?] AB58,[?] AB58,[?] AB58,2,2,1,http://sigla.phis.me/document/KH%2024/index-word.html
1736,CLINE_1736,KH 25,]VIR,,]VIR,]VIR,]VIR,1,1,2,https://web.archive.org/web/20190416192926/http://www.people.ku.edu/~jyounger/LinearA/misctexts.html
1737,CLINE_1737,KH 26,]VIR,,]VIR,]VIR,]VIR,1,1,1,https://web.archive.org/web/20190416192926/http://www.people.ku.edu/~jyounger/LinearA/misctexts.html
1738,CLINE_1738,KH 27,]FIC[,,]FIC[,]FIC[,]FIC[,1,1,1,https://web.archive.org/web/20190416192926/http://www.people.ku.edu/~jyounger/LinearA/misctexts.html
1739,CLINE_1739,KH 27,]GRA PA,,]GRA PA,]GRA PA,]GRA PA,2,2,1,https://web.archive.org/web/20190416192926/http://www.people.ku.edu/~jyounger/LinearA/misctexts.html
1740,CLINE_1740,KH 28,AB09,,AB09,AB09,AB09,1,1,1,http://sigla.phis.me/document/KH%2028/index-word.html
1741,CLINE_1741,KH 28,]SE GRA F,,]SE GRA F,]SE GRA F,]SE GRA F,3,3,1,https://web.archive.org/web/20190416192926/http://www.people.ku.edu/~jyounger/LinearA/misctexts.html
1742,CLINE_1742,KH 29,AB66 [?],,AB66 [?],AB66 [?],AB66 [?],2,2,1,http://sigla.phis.me/document/KH%2029/index-word.html
1743,CLINE_1743,KH 29,AB81 AB03,,AB81 AB03,AB81 AB03,AB81 AB03,2,2,1,http://sigla.phis.me/document/KH%2029/index-word.html
1744,CLINE_1744,KH 29,KU PA,,KU PA,KU PA,KU PA,2,2,1,https://web.archive.org/web/20190416192926/http://www.people.ku.edu/~jyounger/LinearA/misctexts.html
1745,CLINE_1745,KH 29,RA TA2[,,RA TA2[,RA TA2[,RA TA2[,2,2,1,https://web.archive.org/web/20190416192926/http://www.people.ku.edu/~jyounger/LinearA/misctexts.html
1746,CLINE_1746,KH 29,[?] AB60,,[?] AB60,[?] AB60,[?] AB60,2,2,1,http://sigla.phis.me/document/KH%2029/index-word.html
1747,CLINE_1747,KH 3,AB55?,,AB55?,AB55?,AB55?,1,1,1,http://sigla.phis.me/document/KH%203/index-word.html
1748,CLINE_1748,KH 30,]FIC,,]FIC,]FIC,]FIC,1,1,1,https://web.archive.org/web/20190416192926/http://www.people.ku.edu/~jyounger/LinearA/misctexts.html
1749,CLINE_1749,KH 31,*401VAS RA,,*401VAS RA,*401VAS RA,*401VAS RA,2,2,1,https://web.archive.org/web/20190416192926/http://www.people.ku.edu/~jyounger/LinearA/misctexts.html
1750,CLINE_1750,KH 32,AB28 A331,,AB28 A331,AB28 A331,AB28 A331,2,2,1,http://sigla.phis.me/document/KH%2032/index-word.html
1751,CLINE_1751,KH 33,[?] AB08,,[?] AB08,[?] AB08,[?] AB08,2,2,1,http://sigla.phis.me/document/KH%2033/index-word.html
1752,CLINE_1752,KH 36,AB06,,AB06,AB06,AB06,1,1,1,http://sigla.phis.me/document/KH%2036/index-word.html
1753,CLINE_1753,KH 36,AB77,,AB77,AB77,AB77,1,1,1,http://sigla.phis.me/document/KH%2036/index-word.html
1754,CLINE_1754,KH 36,]KA MI JA RU,,]KA MI JA RU,]KA MI JA RU,]KA MI JA RU,4,4,1,https://web.archive.org/web/20190416192926/http://www.people.ku.edu/~jyounger/LinearA/misctexts.html
1755,CLINE_1755,KH 37,AB40,,AB40,AB40,AB40,1,1,1,http://sigla.phis.me/document/KH%2037/index-word.html
1756,CLINE_1756,KH 39,A TA,,A TA,A TA,A TA,2,2,1,https://web.archive.org/web/20190416192926/http://www.people.ku.edu/~jyounger/LinearA/misctexts.html
1757,CLINE_1757,KH 39,AB08 AB59 [?],,AB08 AB59 [?],AB08 AB59 [?],AB08 AB59 [?],3,3,1,http://sigla.phis.me/document/KH%2039/index-word.html
1758,CLINE_1758,KH 4,A DU RE[,,A DU RE[,A DU RE[,A DU RE[,3,3,1,https://web.archive.org/web/20190416192926/http://www.people.ku.edu/~jyounger/LinearA/misctexts.html
1759,CLINE_1759,KH 4,AB08 AB51 AB27,,AB08 AB51 AB27,AB08 AB51 AB27,AB08 AB51 AB27,3,3,1,http://sigla.phis.me/document/KH%204/index-word.html
1760,CLINE_1760,KH 40,AB41 AB06 [?],,AB41 AB06 [?],AB41 AB06 [?],AB41 AB06 [?],3,3,1,http://sigla.phis.me/document/KH%2040/index-word.html
1761,CLINE_1761,KH 41,AB77 AB59 AB27,,AB77 AB59 AB27,AB77 AB59 AB27,AB77 AB59 AB27,3,3,1,http://sigla.phis.me/document/KH%2041/index-word.html
1762,CLINE_1762,KH 41,KA TA RE[,,KA TA RE[,KA TA RE[,KA TA RE[,3,3,1,https://web.archive.org/web/20190416192926/http://www.people.ku.edu/~jyounger/LinearA/misctexts.html
1763,CLINE_1763,KH 43,MA RU RE,,MA RU RE,MA RU RE,MA RU RE,3,3,1,https://web.archive.org/web/20190416192926/http://www.people.ku.edu/~jyounger/LinearA/misctexts.html
1764,CLINE_1764,KH 43,WI ZE,,WI ZE,WI ZE,WI ZE,2,2,1,https://web.archive.org/web/20190416192926/http://www.people.ku.edu/~jyounger/LinearA/misctexts.html
1765,CLINE_1765,KH 44,A335,,A335,A335,A335,1,1,1,http://sigla.phis.me/document/KH%2044/index-word.html
1766,CLINE_1766,KH 45,AB08,,AB08,AB08,AB08,1,1,1,http://sigla.phis.me/document/KH%2045/index-word.html
1767,CLINE_1767,KH 47,A306,,A306,A306,A306,1,1,1,http://sigla.phis.me/document/KH%2047/index-word.html
1768,CLINE_1768,KH 47,AB16 AB24,,AB16 AB24,AB16 AB24,AB16 AB24,2,2,1,http://sigla.phis.me/document/KH%2047/index-word.html
1769,CLINE_1769,KH 47,AB41,,AB41,AB41,AB41,1,1,1,http://sigla.phis.me/document/KH%2047/index-word.html
1770,CLINE_1770,KH 47,AB60,,AB60,AB60,AB60,1,1,1,http://sigla.phis.me/document/KH%2047/index-word.html
1771,CLINE_1771,KH 49,AB81,,AB81,AB81,AB81,1,1,1,http://sigla.phis.me/document/KH%2049/index-word.html
1772,CLINE_1772,KH 49,[?] AB26,,[?] AB26,[?] AB26,[?] AB26,2,2,1,http://sigla.phis.me/document/KH%2049/index-word.html
1773,CLINE_1773,KH 5,A DA KI SI KA A RA U DA,,A DA KI SI KA A RA U DA,A DA KI SI KA A RA U DA,A DA KI SI KA A RA U DA,9,9,1,https://web.archive.org/web/20190416192926/http://www.people.ku.edu/~jyounger/LinearA/misctexts.html
1774,CLINE_1774,KH 5,A301 AB06,,A301 AB06,A301 AB06,A301 AB06,2,2,1,http://sigla.phis.me/document/KH%205/index-word.html
1775,CLINE_1775,KH 5,AB08 AB01 AB67 AB41 AB77,,AB08 AB01 AB67 AB41 AB77,AB08 AB01 AB67 AB41 AB77,AB08 AB01 AB67 AB41 AB77,5,5,1,http://sigla.phis.me/document/KH%205/index-word.html
1776,CLINE_1776,KH 5,AB08 AB60 AB10 AB01,,AB08 AB60 AB10 AB01,AB08 AB60 AB10 AB01,AB08 AB60 AB10 AB01,4,4,1,http://sigla.phis.me/document/KH%205/index-word.html
1777,CLINE_1777,KH 5,AB40 AB06 AB51,,AB40 AB06 AB51,AB40 AB06 AB51,AB40 AB06 AB51,3,3,1,http://sigla.phis.me/document/KH%205/index-word.html
1778,CLINE_1778,KH 5,AB40 AB31 AB31 AB24,,AB40 AB31 AB31 AB24,AB40 AB31 AB31 AB24,AB40 AB31 AB31 AB24,4,4,1,http://sigla.phis.me/document/KH%205/index-word.html
1779,CLINE_1779,KH 5,AB81 AB03 AB79,,AB81 AB03 AB79,AB81 AB03 AB79,AB81 AB03 AB79,3,3,1,http://sigla.phis.me/document/KH%205/index-word.html
1780,CLINE_1780,KH 5,FIC,,FIC,FIC,FIC,1,1,1,https://web.archive.org/web/20190416192926/http://www.people.ku.edu/~jyounger/LinearA/misctexts.html
1781,CLINE_1781,KH 5,KU PA ZU,,KU PA ZU,KU PA ZU,KU PA ZU,3,3,1,https://web.archive.org/web/20190416192926/http://www.people.ku.edu/~jyounger/LinearA/misctexts.html
1782,CLINE_1782,KH 5,VINB WI,,VINB WI,VINB WI,VINB WI,2,2,1,https://web.archive.org/web/20190416192926/http://www.people.ku.edu/~jyounger/LinearA/misctexts.html
1783,CLINE_1783,KH 5,WI NA DU,,WI NA DU,WI NA DU,WI NA DU,3,3,1,https://web.archive.org/web/20190416192926/http://www.people.ku.edu/~jyounger/LinearA/misctexts.html
1784,CLINE_1784,KH 5,WI SA SA NE,,WI SA SA NE,WI SA SA NE,WI SA SA NE,4,4,1,https://web.archive.org/web/20190416192926/http://www.people.ku.edu/~jyounger/LinearA/misctexts.html
1785,CLINE_1785,KH 50,AB46,,AB46,AB46,AB46,1,1,1,http://sigla.phis.me/document/KH%2050/index-word.html
1786,CLINE_1786,KH 50,AB78,,AB78,AB78,AB78,1,1,1,http://sigla.phis.me/document/KH%2050/index-word.html
1787,CLINE_1787,KH 50,[?] AB59,,[?] AB59,[?] AB59,[?] AB59,2,2,1,http://sigla.phis.me/document/KH%2050/index-word.html
1788,CLINE_1788,KH 51,AB41 AB28 AB41,,AB41 AB28 AB41,AB41 AB28 AB41,AB41 AB28 AB41,3,3,1,http://sigla.phis.me/document/KH%2051/index-word.html
1789,CLINE_1789,KH 51,AB69,,AB69,AB69,AB69,1,1,1,http://sigla.phis.me/document/KH%2051/index-word.html
1790,CLINE_1790,KH 51,SI I SI,,SI I SI,SI I SI,SI I SI,3,3,1,https://web.archive.org/web/20190416192926/http://www.people.ku.edu/~jyounger/LinearA/misctexts.html
1791,CLINE_1791,KH 52,AB59 AB10,,AB59 AB10,AB59 AB10,AB59 AB10,2,2,1,http://sigla.phis.me/document/KH%2052/index-word.html
1792,CLINE_1792,KH 52,]TA U,,]TA U,]TA U,]TA U,2,2,1,https://web.archive.org/web/20190416192926/http://www.people.ku.edu/~jyounger/LinearA/misctexts.html
1793,CLINE_1793,KH 53,AB08 AB13 AB123,,AB08 AB13 AB123,AB08 AB13 AB123,AB08 AB13 AB123,3,3,1,http://sigla.phis.me/document/KH%2053/index-word.html
1794,CLINE_1794,KH 53,AB24,,AB24,AB24,AB24,1,1,1,http://sigla.phis.me/document/KH%2053/index-word.html
1795,CLINE_1795,KH 55,OLE TA,,OLE TA,OLE TA,OLE TA,2,2,1,https://web.archive.org/web/20190416192926/http://www.people.ku.edu/~jyounger/LinearA/misctexts.html
1796,CLINE_1796,KH 57,AB20,,AB20,AB20,AB20,1,1,1,http://sigla.phis.me/document/KH%2057/index-word.html
1797,CLINE_1797,KH 57,AB69,,AB69,AB69,AB69,1,1,1,http://sigla.phis.me/document/KH%2057/index-word.html
1798,CLINE_1798,KH 58,AB08,,AB08,AB08,AB08,1,1,1,http://sigla.phis.me/document/KH%2058/index-word.html
1799,CLINE_1799,KH 58,AB08 A301,,AB08 A301,AB08 A301,AB08 A301,2,2,1,http://sigla.phis.me/document/KH%2058/index-word.html
1800,CLINE_1800,KH 59,AB07 AB06,,AB07 AB06,AB07 AB06,AB07 AB06,2,2,1,http://sigla.phis.me/document/KH%2059/index-word.html
1801,CLINE_1801,KH 59,AB28,,AB28,AB28,AB28,1,1,1,http://sigla.phis.me/document/KH%2059/index-word.html
1802,CLINE_1802,KH 59,DI NA,,DI NA,DI NA,DI NA,2,2,1,https://web.archive.org/web/20190416192926/http://www.people.ku.edu/~jyounger/LinearA/misctexts.html
1803,CLINE_1803,KH 6,AB04 AB55 AB27,,AB04 AB55 AB27,AB04 AB55 AB27,AB04 AB55 AB27,3,3,1,http://sigla.phis.me/document/KH%206/index-word.html
1804,CLINE_1804,KH 6,AB07 AB41,,AB07 AB41,AB07 AB41,AB07 AB41,2,2,1,http://sigla.phis.me/document/KH%206/index-word.html
1805,CLINE_1805,KH 6,AB27,,AB27,AB27,AB27,1,1,1,http://sigla.phis.me/document/KH%206/index-word.html
1806,CLINE_1806,KH 6,AB39 AB31,,AB39 AB31,AB39 AB31,AB39 AB31,2,2,1,http://sigla.phis.me/document/KH%206/index-word.html
1807,CLINE_1807,KH 6,AB53 AB59 AB46,,AB53 AB59 AB46,AB53 AB59 AB46,AB53 AB59 AB46,3,3,1,http://sigla.phis.me/document/KH%206/index-word.html
1808,CLINE_1808,KH 6,AB67 AB31 AB24,,AB67 AB31 AB24,AB67 AB31 AB24,AB67 AB31 AB24,3,3,1,http://sigla.phis.me/document/KH%206/index-word.html
1809,CLINE_1809,KH 6,AB85 AB27 AB04,,AB85 AB27 AB04,AB85 AB27 AB04,AB85 AB27 AB04,3,3,1,http://sigla.phis.me/document/KH%206/index-word.html
1810,CLINE_1810,KH 6,AU RE TE,,AU RE TE,AU RE TE,AU RE TE,3,3,1,https://web.archive.org/web/20190416192926/http://www.people.ku.edu/~jyounger/LinearA/misctexts.html
1811,CLINE_1811,KH 6,BOS,,BOS,BOS,BOS,1,1,1,https://web.archive.org/web/20190416192926/http://www.people.ku.edu/~jyounger/LinearA/misctexts.html
1812,CLINE_1812,KH 6,DI SI,,DI SI,DI SI,DI SI,2,2,1,https://web.archive.org/web/20190416192926/http://www.people.ku.edu/~jyounger/LinearA/misctexts.html
1813,CLINE_1813,KH 6,PI SA[,,PI SA[,PI SA[,PI SA[,2,2,1,https://web.archive.org/web/20190416192926/http://www.people.ku.edu/~jyounger/LinearA/misctexts.html
1814,CLINE_1814,KH 6,RI TA JE,,RI TA JE,RI TA JE,RI TA JE,3,3,1,https://web.archive.org/web/20190416192926/http://www.people.ku.edu/~jyounger/LinearA/misctexts.html
1815,CLINE_1815,KH 6,TE NU RE[,,TE NU RE[,TE NU RE[,TE NU RE[,3,3,1,https://web.archive.org/web/20190416192926/http://www.people.ku.edu/~jyounger/LinearA/misctexts.html
1816,CLINE_1816,KH 6,]KI SA NE,,]KI SA NE,]KI SA NE,]KI SA NE,3,3,1,https://web.archive.org/web/20190416192926/http://www.people.ku.edu/~jyounger/LinearA/misctexts.html
1817,CLINE_1817,KH 60,AB60 AB67 AB59 AB06 AB41,,AB60 AB67 AB59 AB06 AB41,AB60 AB67 AB59 AB06 AB41,AB60 AB67 AB59 AB06 AB41,5,5,1,http://sigla.phis.me/document/KH%2060/index-word.html
1818,CLINE_1818,KH 60,MI JA RU,,MI JA RU,MI JA RU,MI JA RU,3,3,1,https://web.archive.org/web/20190416192926/http://www.people.ku.edu/~jyounger/LinearA/misctexts.html
1819,CLINE_1819,KH 60,]*131C,,]*131C,]*131C,]*131C,1,1,1,https://web.archive.org/web/20190416192926/http://www.people.ku.edu/~jyounger/LinearA/misctexts.html
1820,CLINE_1820,KH 60,]RA KI TA NA SI[,,]RA KI TA NA SI[,]RA KI TA NA SI[,]RA KI TA NA SI[,5,5,1,https://web.archive.org/web/20190416192926/http://www.people.ku.edu/~jyounger/LinearA/misctexts.html
1821,CLINE_1821,KH 61,AB80,,AB80,AB80,AB80,1,1,1,http://sigla.phis.me/document/KH%2061/index-word.html
1822,CLINE_1822,KH 61,GRA,,GRA,GRA,GRA,1,1,1,https://web.archive.org/web/20190416192926/http://www.people.ku.edu/~jyounger/LinearA/misctexts.html
1823,CLINE_1823,KH 61,OLE TA,,OLE TA,OLE TA,OLE TA,2,2,1,https://web.archive.org/web/20190416192926/http://www.people.ku.edu/~jyounger/LinearA/misctexts.html
1824,CLINE_1824,KH 62,AB80,,AB80,AB80,AB80,1,1,1,http://sigla.phis.me/document/KH%2062/index-word.html
1825,CLINE_1825,KH 63,AB58,,AB58,AB58,AB58,1,1,1,http://sigla.phis.me/document/KH%2063/index-word.html
1826,CLINE_1826,KH 63,]*401VAS RU,,]*401VAS RU,]*401VAS RU,]*401VAS RU,2,2,1,https://web.archive.org/web/20190416192926/http://www.people.ku.edu/~jyounger/LinearA/misctexts.html
1827,CLINE_1827,KH 64,AB59 [?],,AB59 [?],AB59 [?],AB59 [?],2,2,1,http://sigla.phis.me/document/KH%2064/index-word.html
1828,CLINE_1828,KH 65,AB30,,AB30,AB30,AB30,1,1,1,http://sigla.phis.me/document/KH%2065/index-word.html
1829,CLINE_1829,KH 65,]FIC[,,]FIC[,]FIC[,]FIC[,1,1,1,https://web.archive.org/web/20190416192926/http://www.people.ku.edu/~jyounger/LinearA/misctexts.html
1830,CLINE_1830,KH 68,[?] [?],,[?] [?],[?] [?],[?] [?],2,2,1,http://sigla.phis.me/document/KH%2068/index-word.html
1831,CLINE_1831,KH 7,E NA SI,,E NA SI,E NA SI,E NA SI,3,3,1,https://web.archive.org/web/20190416192926/http://www.people.ku.edu/~jyounger/LinearA/misctexts.html
1832,CLINE_1832,KH 7,I JA PA ME TA TA,,I JA PA ME TA TA,I JA PA ME TA TA,I JA PA ME TA TA,6,6,1,https://web.archive.org/web/20190416192926/http://www.people.ku.edu/~jyounger/LinearA/misctexts.html
1833,CLINE_1833,KH 7,KU KO E,,KU KO E,KU KO E,KU KO E,3,3,1,https://web.archive.org/web/20190416192926/http://www.people.ku.edu/~jyounger/LinearA/misctexts.html
1834,CLINE_1834,KH 7,PA NA TU,,PA NA TU,PA NA TU,PA NA TU,3,3,1,https://web.archive.org/web/20190416192926/http://www.people.ku.edu/~jyounger/LinearA/misctexts.html
1835,CLINE_1835,KH 7,QA TI KI,,QA TI KI,QA TI KI,QA TI KI,3,3,1,https://web.archive.org/web/20190416192926/http://www.people.ku.edu/~jyounger/LinearA/misctexts.html
1836,CLINE_1836,KH 7,U TA I SE,,U TA I SE,U TA I SE,U TA I SE,4,4,1,https://web.archive.org/web/20190416192926/http://www.people.ku.edu/~jyounger/LinearA/misctexts.html
1837,CLINE_1837,KH 7,VIR *313B,,VIR *313B,VIR *313B,VIR *313B,2,2,3,https://web.archive.org/web/20190416192926/http://www.people.ku.edu/~jyounger/LinearA/misctexts.html
1838,CLINE_1838,KH 70,[?] [?],,[?] [?],[?] [?],[?] [?],2,2,1,http://sigla.phis.me/document/KH%2070/index-word.html
1839,CLINE_1839,KH 73,AB08 [?],,AB08 [?],AB08 [?],AB08 [?],2,2,1,http://sigla.phis.me/document/KH%2073/index-word.html
1840,CLINE_1840,KH 73,FIC,,FIC,FIC,FIC,1,1,1,https://web.archive.org/web/20190416192926/http://www.people.ku.edu/~jyounger/LinearA/misctexts.html
1841,CLINE_1841,KH 73,[?] [?] AB08,,[?] [?] AB08,[?] [?] AB08,[?] [?] AB08,3,3,1,http://sigla.phis.me/document/KH%2073/index-word.html
1842,CLINE_1842,KH 74,AB41,,AB41,AB41,AB41,1,1,1,http://sigla.phis.me/document/KH%2074/index-word.html
1843,CLINE_1843,KH 74,AB57 AB01 AB58,,AB57 AB01 AB58,AB57 AB01 AB58,AB57 AB01 AB58,3,3,1,http://sigla.phis.me/document/KH%2074/index-word.html
1844,CLINE_1844,KH 74,SI JA DA SU[,,SI JA DA SU[,SI JA DA SU[,SI JA DA SU[,4,4,1,https://web.archive.org/web/20190416192926/http://www.people.ku.edu/~jyounger/LinearA/misctexts.html
1845,CLINE_1845,KH 74,[?] AB41,,[?] AB41,[?] AB41,[?] AB41,2,2,1,http://sigla.phis.me/document/KH%2074/index-word.html
1846,CLINE_1846,KH 75,FIC,,FIC,FIC,FIC,1,1,1,https://web.archive.org/web/20190416192926/http://www.people.ku.edu/~jyounger/LinearA/misctexts.html
1847,CLINE_1847,KH 76,AB41,,AB41,AB41,AB41,1,1,1,http://sigla.phis.me/document/KH%2076/index-word.html
1848,CLINE_1848,KH 79,[?] AB03 AB01,,[?] AB03 AB01,[?] AB03 AB01,[?] AB03 AB01,3,3,1,http://sigla.phis.me/document/KH%2079/index-word.html
1849,CLINE_1849,KH 79 89,AB03 AB59,,AB03 AB59,AB03 AB59,AB03 AB59,2,2,1,http://sigla.phis.me/document/KH%2079%2B89/index-word.html
1850,CLINE_1850,KH 79 89,AB08 AB60,,AB08 AB60,AB08 AB60,AB08 AB60,2,2,1,http://sigla.phis.me/document/KH%2079%2B89/index-word.html
1851,CLINE_1851,KH 79 89,AB73 AB06,,AB73 AB06,AB73 AB06,AB73 AB06,2,2,1,http://sigla.phis.me/document/KH%2079%2B89/index-word.html
1852,CLINE_1852,KH 79 89,PA DA NI,,PA DA NI,PA DA NI,PA DA NI,3,3,1,https://web.archive.org/web/20190416192926/http://www.people.ku.edu/~jyounger/LinearA/misctexts.html
1853,CLINE_1853,KH 79 89,[?] AB03 AB01 AB30,,[?] AB03 AB01 AB30,[?] AB03 AB01 AB30,[?] AB03 AB01 AB30,4,4,1,http://sigla.phis.me/document/KH%2079%2B89/index-word.html
1854,CLINE_1854,KH 79 89,]MI NA[,,]MI NA[,]MI NA[,]MI NA[,2,2,1,https://web.archive.org/web/20190416192926/http://www.people.ku.edu/~jyounger/LinearA/misctexts.html
1855,CLINE_1855,KH 79 89,]PA TA A RA,,]PA TA A RA,]PA TA A RA,]PA TA A RA,4,4,1,https://web.archive.org/web/20190416192926/http://www.people.ku.edu/~jyounger/LinearA/misctexts.html
1856,CLINE_1856,KH 7A,AB09 A305,,AB09 A305,AB09 A305,AB09 A305,2,2,1,http://sigla.phis.me/document/KH%207a/index-word.html
1857,CLINE_1857,KH 7A,AB16 AB37 AB67,,AB16 AB37 AB67,AB16 AB37 AB67,AB16 AB37 AB67,3,3,1,http://sigla.phis.me/document/KH%207a/index-word.html
1858,CLINE_1858,KH 7A,AB28,,AB28,AB28,AB28,1,1,1,http://sigla.phis.me/document/KH%207a/index-word.html
1859,CLINE_1859,KH 7A,AB28 AB57 AB03 AB13,,AB28 AB57 AB03 AB13,AB28 AB57 AB03 AB13,AB28 AB57 AB03 AB13,4,4,1,http://sigla.phis.me/document/KH%207a/index-word.html
1860,CLINE_1860,KH 7A,AB38 AB06 AB41,,AB38 AB06 AB41,AB38 AB06 AB41,AB38 AB06 AB41,3,3,1,http://sigla.phis.me/document/KH%207a/index-word.html
1861,CLINE_1861,KH 7A,AB59 AB59,,AB59 AB59,AB59 AB59,AB59 AB59,2,2,1,http://sigla.phis.me/document/KH%207a/index-word.html
1862,CLINE_1862,KH 7A,AB81 [?] AB70 AB38,,AB81 [?] AB70 AB38,AB81 [?] AB70 AB38,AB81 [?] AB70 AB38,4,4,1,http://sigla.phis.me/document/KH%207a/index-word.html
1863,CLINE_1863,KH 7B,AB03 AB06 AB69,,AB03 AB06 AB69,AB03 AB06 AB69,AB03 AB06 AB69,3,3,1,http://sigla.phis.me/document/KH%207b/index-word.html
1864,CLINE_1864,KH 7B,AB10 AB59 AB28 AB09,,AB10 AB59 AB28 AB09,AB10 AB59 AB28 AB09,AB10 AB59 AB28 AB09,4,4,1,http://sigla.phis.me/document/KH%207b/index-word.html
1865,CLINE_1865,KH 8,AB27 [?],,AB27 [?],AB27 [?],AB27 [?],2,2,1,http://sigla.phis.me/document/KH%208/index-word.html
1866,CLINE_1866,KH 8,R E[,,R E[,R E[,R E[,2,2,1,https://web.archive.org/web/20190416192926/http://www.people.ku.edu/~jyounger/LinearA/misctexts.html
1867,CLINE_1867,KH 8,[?] AB59,,[?] AB59,[?] AB59,[?] AB59,2,2,1,http://sigla.phis.me/document/KH%208/index-word.html
1868,CLINE_1868,KH 8,[[FIC,,[[FIC,[[FIC,[[FIC,1,1,1,https://web.archive.org/web/20190416192926/http://www.people.ku.edu/~jyounger/LinearA/misctexts.html
1869,CLINE_1869,KH 8,]FIC,,]FIC,]FIC,]FIC,1,1,1,https://web.archive.org/web/20190416192926/http://www.people.ku.edu/~jyounger/LinearA/misctexts.html
1870,CLINE_1870,KH 8,]GRA,,]GRA,]GRA,]GRA,1,1,1,https://web.archive.org/web/20190416192926/http://www.people.ku.edu/~jyounger/LinearA/misctexts.html
1871,CLINE_1871,KH 81,MI JA I,,MI JA I,MI JA I,MI JA I,3,3,1,https://web.archive.org/web/20190416192926/http://www.people.ku.edu/~jyounger/LinearA/misctexts.html
1872,CLINE_1872,KH 82,]OLE RI,,]OLE RI,]OLE RI,]OLE RI,2,2,1,https://web.archive.org/web/20190416192926/http://www.people.ku.edu/~jyounger/LinearA/misctexts.html
1873,CLINE_1873,KH 83,A DI NE[,,A DI NE[,A DI NE[,A DI NE[,3,3,1,https://web.archive.org/web/20190416192926/http://www.people.ku.edu/~jyounger/LinearA/misctexts.html
1874,CLINE_1874,KH 83,AB08 AB07 AB24,,AB08 AB07 AB24,AB08 AB07 AB24,AB08 AB07 AB24,3,3,1,http://sigla.phis.me/document/KH%2083/index-word.html
1875,CLINE_1875,KH 83,VAS A,,VAS A,VAS A,VAS A,2,2,1,https://web.archive.org/web/20190416192926/http://www.people.ku.edu/~jyounger/LinearA/misctexts.html
1876,CLINE_1876,KH 85,*401VAS RU,,*401VAS RU,*401VAS RU,*401VAS RU,2,2,1,https://web.archive.org/web/20190416192926/http://www.people.ku.edu/~jyounger/LinearA/misctexts.html
1877,CLINE_1877,KH 85,OLE TA,,OLE TA,OLE TA,OLE TA,2,2,1,https://web.archive.org/web/20190416192926/http://www.people.ku.edu/~jyounger/LinearA/misctexts.html
1878,CLINE_1878,KH 85,VINC[,,VINC[,VINC[,VINC[,1,1,1,https://web.archive.org/web/20190416192926/http://www.people.ku.edu/~jyounger/LinearA/misctexts.html
1879,CLINE_1879,KH 86,AB27 AB17,,AB27 AB17,AB27 AB17,AB27 AB17,2,2,1,http://sigla.phis.me/document/KH%2086/index-word.html
1880,CLINE_1880,KH 86,AB39 AB55,,AB39 AB55,AB39 AB55,AB39 AB55,2,2,1,http://sigla.phis.me/document/KH%2086/index-word.html
1881,CLINE_1881,KH 86,PI NU,,PI NU,PI NU,PI NU,2,2,1,https://web.archive.org/web/20190416192926/http://www.people.ku.edu/~jyounger/LinearA/misctexts.html
1882,CLINE_1882,KH 86,RE ZA,,RE ZA,RE ZA,RE ZA,2,2,1,https://web.archive.org/web/20190416192926/http://www.people.ku.edu/~jyounger/LinearA/misctexts.html
1883,CLINE_1883,KH 87,BOSM,,BOSM,BOSM,BOSM,1,1,1,https://web.archive.org/web/20190416192926/http://www.people.ku.edu/~jyounger/LinearA/misctexts.html
1884,CLINE_1884,KH 88,AB16 AB55 AB80,,AB16 AB55 AB80,AB16 AB55 AB80,AB16 AB55 AB80,3,3,1,http://sigla.phis.me/document/KH%2088/index-word.html
1885,CLINE_1885,KH 88,AB21F AB118,,AB21F AB118,AB21F AB118,AB21F AB118,2,2,1,http://sigla.phis.me/document/KH%2088/index-word.html
1886,CLINE_1886,KH 88,AB50 AB45,,AB50 AB45,AB50 AB45,AB50 AB45,2,2,1,http://sigla.phis.me/document/KH%2088/index-word.html
1887,CLINE_1887,KH 88,FIC,,FIC,FIC,FIC,1,1,1,https://web.archive.org/web/20190416192926/http://www.people.ku.edu/~jyounger/LinearA/misctexts.html
1888,CLINE_1888,KH 88,PU DE,,PU DE,PU DE,PU DE,2,2,1,https://web.archive.org/web/20190416192926/http://www.people.ku.edu/~jyounger/LinearA/misctexts.html
1889,CLINE_1889,KH 88,QA NU MA QIF,,QA NU MA QIF,QA NU MA QIF,QA NU MA QIF,4,4,1,https://web.archive.org/web/20190416192926/http://www.people.ku.edu/~jyounger/LinearA/misctexts.html
1890,CLINE_1890,KH 9,A SI SU PO A,,A SI SU PO A,A SI SU PO A,A SI SU PO A,5,5,1,https://web.archive.org/web/20190416192926/http://www.people.ku.edu/~jyounger/LinearA/misctexts.html
1891,CLINE_1891,KH 9,AB08 AB41 AB58 AB11 AB08,,AB08 AB41 AB58 AB11 AB08,AB08 AB41 AB58 AB11 AB08,AB08 AB41 AB58 AB11 AB08,5,5,1,http://sigla.phis.me/document/KH%209/index-word.html
1892,CLINE_1892,KH 9,AB28 AB41,,AB28 AB41,AB28 AB41,AB28 AB41,2,2,1,http://sigla.phis.me/document/KH%209/index-word.html
1893,CLINE_1893,KH 9,FIC,,FIC,FIC,FIC,1,1,1,https://web.archive.org/web/20190416192926/http://www.people.ku.edu/~jyounger/LinearA/misctexts.html
1894,CLINE_1894,KH 9,SI TA2,,SI TA2,SI TA2,SI TA2,2,2,1,https://web.archive.org/web/20190416192926/http://www.people.ku.edu/~jyounger/LinearA/misctexts.html
1895,CLINE_1895,KH 9,]I SI,,]I SI,]I SI,]I SI,2,2,1,https://web.archive.org/web/20190416192926/http://www.people.ku.edu/~jyounger/LinearA/misctexts.html
1896,CLINE_1896,KH 90,AB80 AB59 AB53 AB59,,AB80 AB59 AB53 AB59,AB80 AB59 AB53 AB59,AB80 AB59 AB53 AB59,4,4,1,http://sigla.phis.me/document/KH%2090/index-word.html
1897,CLINE_1897,KH 90,MA TA RI TA,,MA TA RI TA,MA TA RI TA,MA TA RI TA,4,4,1,https://web.archive.org/web/20190416192926/http://www.people.ku.edu/~jyounger/LinearA/misctexts.html
1898,CLINE_1898,KH 90,[?] AB57 [?],,[?] AB57 [?],[?] AB57 [?],[?] AB57 [?],3,3,1,http://sigla.phis.me/document/KH%2090/index-word.html
1899,CLINE_1899,KH 91,*401VAS RA,,*401VAS RA,*401VAS RA,*401VAS RA,2,2,1,https://web.archive.org/web/20190416192926/http://www.people.ku.edu/~jyounger/LinearA/misctexts.html
1900,CLINE_1900,KH 91,*401VAS RU,,*401VAS RU,*401VAS RU,*401VAS RU,2,2,1,https://web.archive.org/web/20190416192926/http://www.people.ku.edu/~jyounger/LinearA/misctexts.html
1901,CLINE_1901,KH 91,AB79,,AB79,AB79,AB79,1,1,1,http://sigla.phis.me/document/KH%2091/index-word.html
1902,CLINE_1902,KH 91,FIC[,,FIC[,FIC[,FIC[,1,1,1,https://web.archive.org/web/20190416192926/http://www.people.ku.edu/~jyounger/LinearA/misctexts.html
1903,CLINE_1903,KH 91,GRA,,GRA,GRA,GRA,1,1,1,https://web.archive.org/web/20190416192926/http://www.people.ku.edu/~jyounger/LinearA/misctexts.html
1904,CLINE_1904,KH 92,A DA QIF RI,,A DA QIF RI,A DA QIF RI,A DA QIF RI,4,4,1,https://web.archive.org/web/20190416192926/http://www.people.ku.edu/~jyounger/LinearA/misctexts.html
1905,CLINE_1905,KH 92,AB06 AB67,,AB06 AB67,AB06 AB67,AB06 AB67,2,2,1,http://sigla.phis.me/document/KH%2092/index-word.html
1906,CLINE_1906,KH 92,AB08 AB01 AB21F AB53,,AB08 AB01 AB21F AB53,AB08 AB01 AB21F AB53,AB08 AB01 AB21F AB53,4,4,1,http://sigla.phis.me/document/KH%2092/index-word.html
1907,CLINE_1907,KH 92,AB08? [?],,AB08? [?],AB08? [?],AB08? [?],2,2,1,http://sigla.phis.me/document/KH%2092/index-word.html
1908,CLINE_1908,KH 92,AB81 AB30 AB04,,AB81 AB30 AB04,AB81 AB30 AB04,AB81 AB30 AB04,3,3,1,http://sigla.phis.me/document/KH%2092/index-word.html
1909,CLINE_1909,KH 92,KU NI TE,,KU NI TE,KU NI TE,KU NI TE,3,3,1,https://web.archive.org/web/20190416192926/http://www.people.ku.edu/~jyounger/LinearA/misctexts.html
1910,CLINE_1910,KH 92,]NA KI,,]NA KI,]NA KI,]NA KI,2,2,1,https://web.archive.org/web/20190416192926/http://www.people.ku.edu/~jyounger/LinearA/misctexts.html
1911,CLINE_1911,KH 94,AB17?,,AB17?,AB17?,AB17?,1,1,1,http://sigla.phis.me/document/KH%2094/index-word.html
1912,CLINE_1912,KH 95,AB09,,AB09,AB09,AB09,1,1,1,http://sigla.phis.me/document/KH%2095/index-word.html
1913,CLINE_1913,KH 97,SE I[,,SE I[,SE I[,SE I[,2,2,1,https://web.archive.org/web/20190416192926/http://www.people.ku.edu/~jyounger/LinearA/misctexts.html
1914,CLINE_1914,KH 97,]RE A JA,,]RE A JA,]RE A JA,]RE A JA,3,3,1,https://web.archive.org/web/20190416192926/http://www.people.ku.edu/~jyounger/LinearA/misctexts.html
1915,CLINE_1915,KH 97A,AB06,,AB06,AB06,AB06,1,1,1,http://sigla.phis.me/document/KH%2097a/index-word.html
1916,CLINE_1916,KH 97A,AB08 AB57,,AB08 AB57,AB08 AB57,AB08 AB57,2,2,1,http://sigla.phis.me/document/KH%2097a/index-word.html
1917,CLINE_1917,KH 97A,AB27,,AB27,AB27,AB27,1,1,1,http://sigla.phis.me/document/KH%2097a/index-word.html
1918,CLINE_1918,KH 97B,AB09,,AB09,AB09,AB09,1,1,1,http://sigla.phis.me/document/KH%2097b/index-word.html
1919,CLINE_1919,KH 97B,AB28?,,AB28?,AB28?,AB28?,1,1,1,http://sigla.phis.me/document/KH%2097b/index-word.html
1920,CLINE_1920,KH 99,AB03 AB53 AB45,,AB03 AB53 AB45,AB03 AB53 AB45,AB03 AB53 AB45,3,3,1,http://sigla.phis.me/document/KH%2099/index-word.html
1921,CLINE_1921,KH 99,AB08 AB41 AB118,,AB08 AB41 AB118,AB08 AB41 AB118,AB08 AB41 AB118,3,3,1,http://sigla.phis.me/document/KH%2099/index-word.html
1922,CLINE_1922,KH 99,AB81 AB77 [?],,AB81 AB77 [?],AB81 AB77 [?],AB81 AB77 [?],3,3,1,http://sigla.phis.me/document/KH%2099/index-word.html
1923,CLINE_1923,KH 99,]A SI,,]A SI,]A SI,]A SI,2,2,1,https://web.archive.org/web/20190416192926/http://www.people.ku.edu/~jyounger/LinearA/misctexts.html
1924,CLINE_1924,KH 99,]KU KA,,]KU KA,]KU KA,]KU KA,2,2,1,https://web.archive.org/web/20190416192926/http://www.people.ku.edu/~jyounger/LinearA/misctexts.html
1925,CLINE_1925,KH 99,]PA RI DE,,]PA RI DE,]PA RI DE,]PA RI DE,3,3,1,https://web.archive.org/web/20190416192926/http://www.people.ku.edu/~jyounger/LinearA/misctexts.html
1926,CLINE_1926,KH WA 1002,A501,,A501,A501,A501,1,1,1,http://sigla.phis.me/document/KH%20Wa%201002%CE%B3/index-word.html
1927,CLINE_1927,KH WA 1002,A640,,A640,A640,A640,1,1,1,http://sigla.phis.me/document/KH%20Wa%201002%CE%B1/index-word.html
1928,CLINE_1928,KH WA 1013,AB02,,AB02,AB02,AB02,1,1,1,http://sigla.phis.me/document/KH%20Wa%201013%CE%B3/index-word.html
1929,CLINE_1929,KH WA 1013,AB86,,AB86,AB86,AB86,1,1,1,http://sigla.phis.me/document/KH%20Wa%201013%CE%B1/index-word.html
1930,CLINE_1930,KH WA 1014,AB02,,AB02,AB02,AB02,1,1,1,http://sigla.phis.me/document/KH%20Wa%201014%CE%B3/index-word.html
1931,CLINE_1931,KH WA 1014,AB86,,AB86,AB86,AB86,1,1,1,http://sigla.phis.me/document/KH%20Wa%201014%CE%B1/index-word.html
1932,CLINE_1932,KH WA 1015,AB02,,AB02,AB02,AB02,1,1,1,http://sigla.phis.me/document/KH%20Wa%201015%CE%B3/index-word.html
1933,CLINE_1933,KH WA 1015,AB86,,AB86,AB86,AB86,1,1,1,http://sigla.phis.me/document/KH%20Wa%201015%CE%B1/index-word.html
1934,CLINE_1934,KH WA 1016,AB02,,AB02,AB02,AB02,1,1,1,http://sigla.phis.me/document/KH%20Wa%201016%CE%B3/index-word.html
1935,CLINE_1935,KH WA 1016,AB86,,AB86,AB86,AB86,1,1,1,http://sigla.phis.me/document/KH%20Wa%201016%CE%B1/index-word.html
1936,CLINE_1936,KH WC 2004,VIR[,,VIR[,VIR[,VIR[,1,1,1,https://web.archive.org/web/20190416192926/http://www.people.ku.edu/~jyounger/LinearA/misctexts.html
1937,CLINE_1937,KH WC 2005,AB77 AB06 AB30 AB37,,AB77 AB06 AB30 AB37,AB77 AB06 AB30 AB37,AB77 AB06 AB30 AB37,4,4,1,http://sigla.phis.me/document/KH%20Wc%202005/index-word.html
1938,CLINE_1938,KH WC 2006,*417VAS,,*417VAS,*417VAS,*417VAS,1,1,1,https://web.archive.org/web/20190416192926/http://www.people.ku.edu/~jyounger/LinearA/misctexts.html
1939,CLINE_1939,KH WC 2007,*417VAS,,*417VAS,*417VAS,*417VAS,1,1,1,https://web.archive.org/web/20190416192926/http://www.people.ku.edu/~jyounger/LinearA/misctexts.html
1940,CLINE_1940,KH WC 2008,*411VASB,,*411VASB,*411VASB,*411VASB,1,1,1,https://web.archive.org/web/20190416192926/http://www.people.ku.edu/~jyounger/LinearA/misctexts.html
1941,CLINE_1941,KH WC 2008,A411B,,A411B,A411B,A411B,1,1,1,http://sigla.phis.me/document/KH%20Wc%202008/index-word.html
1942,CLINE_1942,KH WC 2009,*411VASB,,*411VASB,*411VASB,*411VASB,1,1,1,https://web.archive.org/web/20190416192926/http://www.people.ku.edu/~jyounger/LinearA/misctexts.html
1943,CLINE_1943,KH WC 2009,A411B,,A411B,A411B,A411B,1,1,1,http://sigla.phis.me/document/KH%20Wc%202009/index-word.html
1944,CLINE_1944,KH WC 2010,*409VAS,,*409VAS,*409VAS,*409VAS,1,1,1,https://web.archive.org/web/20190416192926/http://www.people.ku.edu/~jyounger/LinearA/misctexts.html
1945,CLINE_1945,KH WC 2011,*411VASB,,*411VASB,*411VASB,*411VASB,1,1,1,https://web.archive.org/web/20190416192926/http://www.people.ku.edu/~jyounger/LinearA/misctexts.html
1946,CLINE_1946,KH WC 2012,*411VASB,,*411VASB,*411VASB,*411VASB,1,1,1,https://web.archive.org/web/20190416192926/http://www.people.ku.edu/~jyounger/LinearA/misctexts.html
1947,CLINE_1947,KH WC 2013,*411VASB,,*411VASB,*411VASB,*411VASB,1,1,1,https://web.archive.org/web/20190416192926/http://www.people.ku.edu/~jyounger/LinearA/misctexts.html
1948,CLINE_1948,KH WC 2014,*411VASB,,*411VASB,*411VASB,*411VASB,1,1,1,https://web.archive.org/web/20190416192926/http://www.people.ku.edu/~jyounger/LinearA/misctexts.html
1949,CLINE_1949,KH WC 2015,*411VASB,,*411VASB,*411VASB,*411VASB,1,1,1,https://web.archive.org/web/20190416192926/http://www.people.ku.edu/~jyounger/LinearA/misctexts.html
1950,CLINE_1950,KH WC 2016,*411VASB,,*411VASB,*411VASB,*411VASB,1,1,1,https://web.archive.org/web/20190416192926/http://www.people.ku.edu/~jyounger/LinearA/misctexts.html
1951,CLINE_1951,KH WC 2017,*411VASB,,*411VASB,*411VASB,*411VASB,1,1,1,https://web.archive.org/web/20190416192926/http://www.people.ku.edu/~jyounger/LinearA/misctexts.html
1952,CLINE_1952,KH WC 2018,*411VASB,,*411VASB,*411VASB,*411VASB,1,1,1,https://web.archive.org/web/20190416192926/http://www.people.ku.edu/~jyounger/LinearA/misctexts.html
1953,CLINE_1953,KH WC 2019,*411VASA,,*411VASA,*411VASA,*411VASA,1,1,1,https://web.archive.org/web/20190416192926/http://www.people.ku.edu/~jyounger/LinearA/misctexts.html
1954,CLINE_1954,KH WC 2020,*409VAS,,*409VAS,*409VAS,*409VAS,1,1,1,https://web.archive.org/web/20190416192926/http://www.people.ku.edu/~jyounger/LinearA/misctexts.html
1955,CLINE_1955,KH WC 2021,*409VAS,,*409VAS,*409VAS,*409VAS,1,1,1,https://web.archive.org/web/20190416192926/http://www.people.ku.edu/~jyounger/LinearA/misctexts.html
1956,CLINE_1956,KH WC 2022,*411VASB,,*411VASB,*411VASB,*411VASB,1,1,1,https://web.archive.org/web/20190416192926/http://www.people.ku.edu/~jyounger/LinearA/misctexts.html
1957,CLINE_1957,KH WC 2023,*411VASB,,*411VASB,*411VASB,*411VASB,1,1,1,https://web.archive.org/web/20190416192926/http://www.people.ku.edu/~jyounger/LinearA/misctexts.html
1958,CLINE_1958,KH WC 2024,*411VASB,,*411VASB,*411VASB,*411VASB,1,1,1,https://web.archive.org/web/20190416192926/http://www.people.ku.edu/~jyounger/LinearA/misctexts.html
1959,CLINE_1959,KH WC 2029 2030,VIR KA,,VIR KA,VIR KA,VIR KA,2,2,1,https://web.archive.org/web/20190416192926/http://www.people.ku.edu/~jyounger/LinearA/misctexts.html
1960,CLINE_1960,KH WC 2031,VIR KA,,VIR KA,VIR KA,VIR KA,2,2,1,https://web.archive.org/web/20190416192926/http://www.people.ku.edu/~jyounger/LinearA/misctexts.html
1961,CLINE_1961,KH WC 2032,VIR KA,,VIR KA,VIR KA,VIR KA,2,2,1,https://web.archive.org/web/20190416192926/http://www.people.ku.edu/~jyounger/LinearA/misctexts.html
1962,CLINE_1962,KH WC 2035,AB61,,AB61,AB61,AB61,1,1,1,http://sigla.phis.me/document/KH%20Wc%202035/index-word.html
1963,CLINE_1963,KH WC 2036,*164D,,*164D,*164D,*164D,1,1,1,https://web.archive.org/web/20190416192926/http://www.people.ku.edu/~jyounger/LinearA/misctexts.html
1964,CLINE_1964,KH WC 2037,*164D,,*164D,*164D,*164D,1,1,1,https://web.archive.org/web/20190416192926/http://www.people.ku.edu/~jyounger/LinearA/misctexts.html
1965,CLINE_1965,KH WC 2038,*164D,,*164D,*164D,*164D,1,1,1,https://web.archive.org/web/20190416192926/http://www.people.ku.edu/~jyounger/LinearA/misctexts.html
1966,CLINE_1966,KH WC 2039,*164D,,*164D,*164D,*164D,1,1,1,https://web.archive.org/web/20190416192926/http://www.people.ku.edu/~jyounger/LinearA/misctexts.html
1967,CLINE_1967,KH WC 2040,*164B,,*164B,*164B,*164B,1,1,1,https://web.archive.org/web/20190416192926/http://www.people.ku.edu/~jyounger/LinearA/misctexts.html
1968,CLINE_1968,KH WC 2041,*164C,,*164C,*164C,*164C,1,1,1,https://web.archive.org/web/20190416192926/http://www.people.ku.edu/~jyounger/LinearA/misctexts.html
1969,CLINE_1969,KH WC 2042,*164A,,*164A,*164A,*164A,1,1,1,https://web.archive.org/web/20190416192926/http://www.people.ku.edu/~jyounger/LinearA/misctexts.html
1970,CLINE_1970,KH WC 2043,*164A,,*164A,*164A,*164A,1,1,1,https://web.archive.org/web/20190416192926/http://www.people.ku.edu/~jyounger/LinearA/misctexts.html
1971,CLINE_1971,KH WC 2044 2096,*164A,,*164A,*164A,*164A,1,1,1,https://web.archive.org/web/20190416192926/http://www.people.ku.edu/~jyounger/LinearA/misctexts.html
1972,CLINE_1972,KH WC 2045,*164D,,*164D,*164D,*164D,1,1,1,https://web.archive.org/web/20190416192926/http://www.people.ku.edu/~jyounger/LinearA/misctexts.html
1973,CLINE_1973,KH WC 2063,OVIS,,OVIS,OVIS,OVIS,1,1,1,https://web.archive.org/web/20190416192926/http://www.people.ku.edu/~jyounger/LinearA/misctexts.html
1974,CLINE_1974,KH WC 2066,I [?],,I [?],I [?],I [?],2,2,1,https://web.archive.org/web/20190416192926/http://www.people.ku.edu/~jyounger/LinearA/misctexts.html
1975,CLINE_1975,KH WC 2069,BOSM,,BOSM,BOSM,BOSM,1,1,1,https://web.archive.org/web/20190416192926/http://www.people.ku.edu/~jyounger/LinearA/misctexts.html
1976,CLINE_1976,KH WC 2070,I [?],,I [?],I [?],I [?],2,2,1,https://web.archive.org/web/20190416192926/http://www.people.ku.edu/~jyounger/LinearA/misctexts.html
1977,CLINE_1977,KH WC 2100,AB100 A352 AB57,,AB100 A352 AB57,AB100 A352 AB57,AB100 A352 AB57,3,3,1,http://sigla.phis.me/document/KH%20Wc%202100/index-word.html
1978,CLINE_1978,KH WC 2100,VIR JA,,VIR JA,VIR JA,VIR JA,2,2,1,https://web.archive.org/web/20190416192926/http://www.people.ku.edu/~jyounger/LinearA/misctexts.html
1979,CLINE_1979,KH WC 2102,OVIS,,OVIS,OVIS,OVIS,1,1,1,https://web.archive.org/web/20190416192926/http://www.people.ku.edu/~jyounger/LinearA/misctexts.html
1980,CLINE_1980,KH WC 2103,*408VAS,,*408VAS,*408VAS,*408VAS,1,1,1,https://web.archive.org/web/20190416192926/http://www.people.ku.edu/~jyounger/LinearA/misctexts.html
1981,CLINE_1981,KH WC 2111,*164D,,*164D,*164D,*164D,1,1,1,https://web.archive.org/web/20190416192926/http://www.people.ku.edu/~jyounger/LinearA/misctexts.html
1982,CLINE_1982,KH WC 2122,*408VAS,,*408VAS,*408VAS,*408VAS,1,1,1,https://web.archive.org/web/20190416192926/http://www.people.ku.edu/~jyounger/LinearA/misctexts.html
1983,CLINE_1983,KH WC 2124,TELA,,TELA,TELA,TELA,1,1,1,https://web.archive.org/web/20190416192926/http://www.people.ku.edu/~jyounger/LinearA/misctexts.html
1984,CLINE_1984,KN 1,JA DU RA TI,,JA DU RA TI,JA DU RA TI,JA DU RA TI,4,4,1,https://web.archive.org/web/20190416192926/http://www.people.ku.edu/~jyounger/LinearA/misctexts.html
1985,CLINE_1985,KN 1,JA KU TI,,JA KU TI,JA KU TI,JA KU TI,3,3,1,https://web.archive.org/web/20190416192926/http://www.people.ku.edu/~jyounger/LinearA/misctexts.html
1986,CLINE_1986,KN 1A,AB57 AB81 AB37,,AB57 AB81 AB37,AB57 AB81 AB37,AB57 AB81 AB37,3,3,1,http://sigla.phis.me/document/KN%201a/index-word.html
1987,CLINE_1987,KN 1B,AB57 AB51 AB60 AB37,,AB57 AB51 AB60 AB37,AB57 AB51 AB60 AB37,AB57 AB51 AB60 AB37,4,4,1,http://sigla.phis.me/document/KN%201b/index-word.html
1988,CLINE_1988,KN 2,AB26 AB06,,AB26 AB06,AB26 AB06,AB26 AB06,2,2,1,http://sigla.phis.me/document/KN%202/index-word.html
1989,CLINE_1989,KN 2,]RU NA,,]RU NA,]RU NA,]RU NA,2,2,1,https://web.archive.org/web/20190416192926/http://www.people.ku.edu/~jyounger/LinearA/misctexts.html
1990,CLINE_1990,KN 22,PO DI PA3,,PO DI PA3,PO DI PA3,PO DI PA3,3,3,1,https://web.archive.org/web/20190416192926/http://www.people.ku.edu/~jyounger/LinearA/misctexts.html
1991,CLINE_1991,KN 22,]SU JU TA,,]SU JU TA,]SU JU TA,]SU JU TA,3,3,1,https://web.archive.org/web/20190416192926/http://www.people.ku.edu/~jyounger/LinearA/misctexts.html
1992,CLINE_1992,KN 22A,AB58 AB65 AB59,,AB58 AB65 AB59,AB58 AB65 AB59,AB58 AB65 AB59,3,3,1,http://sigla.phis.me/document/KN%2022a/index-word.html
1993,CLINE_1993,KN 22A,AB77 AB46 [?],,AB77 AB46 [?],AB77 AB46 [?],AB77 AB46 [?],3,3,1,http://sigla.phis.me/document/KN%2022a/index-word.html
1994,CLINE_1994,KN 22B,AB11 AB07 AB56,,AB11 AB07 AB56,AB11 AB07 AB56,AB11 AB07 AB56,3,3,1,http://sigla.phis.me/document/KN%2022b/index-word.html
1995,CLINE_1995,KN 22C,AB80 AB58 AB73 [?] AB06 [?],,AB80 AB58 AB73 [?] AB06 [?],AB80 AB58 AB73 [?] AB06 [?],AB80 AB58 AB73 [?] AB06 [?],6,6,1,http://sigla.phis.me/document/KN%2022c/index-word.html
1996,CLINE_1996,KN 28,SU MI,,SU MI,SU MI,SU MI,2,2,1,https://web.archive.org/web/20190416192926/http://www.people.ku.edu/~jyounger/LinearA/misctexts.html
1997,CLINE_1997,KN 28B,[?] AB04,,[?] AB04,[?] AB04,[?] AB04,2,2,1,http://sigla.phis.me/document/KN%2028b/index-word.html
1998,CLINE_1998,KN 32,A KA TA[,,A KA TA[,A KA TA[,A KA TA[,3,3,1,https://web.archive.org/web/20190416192926/http://www.people.ku.edu/~jyounger/LinearA/misctexts.html
1999,CLINE_1999,KN 32,JA SU,,JA SU,JA SU,JA SU,2,2,1,https://web.archive.org/web/20190416192926/http://www.people.ku.edu/~jyounger/LinearA/misctexts.html
2000,CLINE_2000,KN 32,SA PU,,SA PU,SA PU,SA PU,2,2,1,https://web.archive.org/web/20190416192926/http://www.people.ku.edu/~jyounger/LinearA/misctexts.html
2001,CLINE_2001,KN 32A,AB08 AB03 [?],,AB08 AB03 [?],AB08 AB03 [?],AB08 AB03 [?],3,3,1,http://sigla.phis.me/document/KN%2032a/index-word.html
2002,CLINE_2002,KN 32A,AB08 AB77 AB59 [?],,AB08 AB77 AB59 [?],AB08 AB77 AB59 [?],AB08 AB77 AB59 [?],4,4,1,http://sigla.phis.me/document/KN%2032a/index-word.html
2003,CLINE_2003,KN 32B,AB03,,AB03,AB03,AB03,1,1,1,http://sigla.phis.me/document/KN%2032b/index-word.html
2004,CLINE_2004,KN 32B,[?] AB04,,[?] AB04,[?] AB04,[?] AB04,2,2,1,http://sigla.phis.me/document/KN%2032b/index-word.html
2005,CLINE_2005,KN 32B,[?] AB31 AB50,,[?] AB31 AB50,[?] AB31 AB50,[?] AB31 AB50,3,3,1,http://sigla.phis.me/document/KN%2032b/index-word.html
2006,CLINE_2006,KN 32B,[?] AB57 AB58,,[?] AB57 AB58,[?] AB57 AB58,[?] AB57 AB58,3,3,1,http://sigla.phis.me/document/KN%2032b/index-word.html
2007,CLINE_2007,KN WB 33A,AB16 AB67,,AB16 AB67,AB16 AB67,AB16 AB67,2,2,1,http://sigla.phis.me/document/KN%20Wb%2033a/index-word.html
2008,CLINE_2008,KN WB 33B,AB55 AB09 [?],,AB55 AB09 [?],AB55 AB09 [?],AB55 AB09 [?],3,3,1,http://sigla.phis.me/document/KN%20Wb%2033b/index-word.html
2009,CLINE_2009,KN WC 26,B NI PI,,B NI PI,B NI PI,B NI PI,3,3,1,https://web.archive.org/web/20190416192926/http://www.people.ku.edu/~jyounger/LinearA/misctexts.html
2010,CLINE_2010,KN WC 26,IMPRESSION DISC NO PAPYRUS,,IMPRESSION DISC NO PAPYRUS,IMPRESSION DISC NO PAPYRUS,IMPRESSION DISC NO PAPYRUS,4,4,1,https://web.archive.org/web/20190416192926/http://www.people.ku.edu/~jyounger/LinearA/misctexts.html
2011,CLINE_2011,KN WC 26A,AB26 AB57,,AB26 AB57,AB26 AB57,AB26 AB57,2,2,1,http://sigla.phis.me/document/KN%20Wc%2026a/index-word.html
2012,CLINE_2012,KN WC 26B,AB30 AB39,,AB30 AB39,AB30 AB39,AB30 AB39,2,2,1,http://sigla.phis.me/document/KN%20Wc%2026b/index-word.html
2013,CLINE_2013,KN WC 29,CAPM,,CAPM,CAPM,CAPM,1,1,1,https://web.archive.org/web/20190416192926/http://www.people.ku.edu/~jyounger/LinearA/misctexts.html
2014,CLINE_2014,KN WC 3,AB77 AB28 AB77,,AB77 AB28 AB77,AB77 AB28 AB77,AB77 AB28 AB77,3,3,1,http://sigla.phis.me/document/KN%20Wc%203/index-word.html
2015,CLINE_2015,KN WC 30,AB57 AB60,,AB57 AB60,AB57 AB60,AB57 AB60,2,2,1,http://sigla.phis.me/document/KN%20Wc%2030/index-word.html
2016,CLINE_2016,KN WC 42,A O,,A O,A O,A O,2,2,1,https://web.archive.org/web/20190416192926/http://www.people.ku.edu/~jyounger/LinearA/misctexts.html
2017,CLINE_2017,KN WC 42,IMPRESSION MOTIF NOT PRESERVED,,IMPRESSION MOTIF NOT PRESERVED,IMPRESSION MOTIF NOT PRESERVED,IMPRESSION MOTIF NOT PRESERVED,4,4,1,https://web.archive.org/web/20190416192926/http://www.people.ku.edu/~jyounger/LinearA/misctexts.html
2018,CLINE_2018,KN WC 43,NOT PRESERVED,,NOT PRESERVED,NOT PRESERVED,NOT PRESERVED,2,2,1,https://web.archive.org/web/20190416192926/http://www.people.ku.edu/~jyounger/LinearA/misctexts.html
2019,CLINE_2019,KN WC 48,B VESTIGIA,,B VESTIGIA,B VESTIGIA,B VESTIGIA,2,2,1,https://web.archive.org/web/20190416192926/http://www.people.ku.edu/~jyounger/LinearA/misctexts.html
2020,CLINE_2020,KN ZB 20,AB06 AB08 AB56,,AB06 AB08 AB56,AB06 AB08 AB56,AB06 AB08 AB56,3,3,1,http://sigla.phis.me/document/KN%20Zb%2020/index-word.html
2021,CLINE_2021,KN ZB 35,AB07,,AB07,AB07,AB07,1,1,1,http://sigla.phis.me/document/KN%20Zb%2035/index-word.html
2022,CLINE_2022,KN ZB 35,AB40,,AB40,AB40,AB40,1,1,1,http://sigla.phis.me/document/KN%20Zb%2035/index-word.html
2023,CLINE_2023,KN ZB 35,AB57,,AB57,AB57,AB57,1,1,1,http://sigla.phis.me/document/KN%20Zb%2035/index-word.html
2024,CLINE_2024,KN ZB 35,]JA[ ]DI ]WI[,,]JA[ ]DI ]WI[,]JA[ ]DI ]WI[,]JA[ ]DI ]WI[,3,3,1,https://web.archive.org/web/20190416192926/http://www.people.ku.edu/~jyounger/LinearA/misctexts.html
2025,CLINE_2025,KN ZB 35,]OLE,,]OLE,]OLE,]OLE,1,1,1,https://web.archive.org/web/20190416192926/http://www.people.ku.edu/~jyounger/LinearA/misctexts.html
2026,CLINE_2026,KN ZB 4,AB41,,AB41,AB41,AB41,1,1,1,http://sigla.phis.me/document/KN%20Zb%204/index-word.html
2027,CLINE_2027,KN ZB 4,AB57 AB41,,AB57 AB41,AB57 AB41,AB57 AB41,2,2,1,http://sigla.phis.me/document/KN%20Zb%204/index-word.html
2028,CLINE_2028,KN ZB 4,[?] AB65,,[?] AB65,[?] AB65,[?] AB65,2,2,1,http://sigla.phis.me/document/KN%20Zb%204/index-word.html
2029,CLINE_2029,KN ZB 40,AB08 AB03 AB67,,AB08 AB03 AB67,AB08 AB03 AB67,AB08 AB03 AB67,3,3,1,http://sigla.phis.me/document/KN%20Zb%2040/index-word.html
2030,CLINE_2030,KN ZB 40,AB10 AB06 AB08,,AB10 AB06 AB08,AB10 AB06 AB08,AB10 AB06 AB08,3,3,1,http://sigla.phis.me/document/KN%20Zb%2040/index-word.html
2031,CLINE_2031,KN ZB 5,AB08 AB69 AB53 AB41 AB37,,AB08 AB69 AB53 AB41 AB37,AB08 AB69 AB53 AB41 AB37,AB08 AB69 AB53 AB41 AB37,5,5,1,http://sigla.phis.me/document/KN%20Zb%205/index-word.html
2032,CLINE_2032,KN ZC 6,AB08 AB07 AB01 AB67 AB37 AB03 AB81,,AB08 AB07 AB01 AB67 AB37 AB03 AB81,AB08 AB07 AB01 AB67 AB37 AB03 AB81,AB08 AB07 AB01 AB67 AB37 AB03 AB81,7,7,1,http://sigla.phis.me/document/KN%20Zc%206/index-word.html
2033,CLINE_2033,KN ZC 6,AB30 AB57 AB55,,AB30 AB57 AB55,AB30 AB57 AB55,AB30 AB57 AB55,3,3,1,http://sigla.phis.me/document/KN%20Zc%206/index-word.html
2034,CLINE_2034,KN ZC 6,AB34 AB37 AB53,,AB34 AB37 AB53,AB34 AB37 AB53,AB34 AB37 AB53,3,3,1,http://sigla.phis.me/document/KN%20Zc%206/index-word.html
2035,CLINE_2035,KN ZC 6,AB65 AB81 AB06 AB03 AB81 AB55 AB10 [?] AB28 AB79,,AB65 AB81 AB06 AB03 AB81 AB55 AB10 [?] AB28 AB79,AB65 AB81 AB06 AB03 AB81 AB55 AB10 [?] AB28 AB79,AB65 AB81 AB06 AB03 AB81 AB55 AB10 [?] AB28 AB79,10,10,1,http://sigla.phis.me/document/KN%20Zc%206/index-word.html
2036,CLINE_2036,KN ZC 7,AB08 AB77 AB55 AB74 AB37,,AB08 AB77 AB55 AB74 AB37,AB08 AB77 AB55 AB74 AB37,AB08 AB77 AB55 AB74 AB37,5,5,1,http://sigla.phis.me/document/KN%20Zc%207/index-word.html
2037,CLINE_2037,KN ZC 7,AB08 AB79 AB60,,AB08 AB79 AB60,AB08 AB79 AB60,AB08 AB79 AB60,3,3,1,http://sigla.phis.me/document/KN%20Zc%207/index-word.html
2038,CLINE_2038,KN ZC 7,AB51 AB60 AB27,,AB51 AB60 AB27,AB51 AB60 AB27,AB51 AB60 AB27,3,3,1,http://sigla.phis.me/document/KN%20Zc%207/index-word.html
2039,CLINE_2039,KN ZC 7,AB57 AB31 AB60 AB08 AB06 AB24 AB40 AB39 [?],,AB57 AB31 AB60 AB08 AB06 AB24 AB40 AB39 [?],AB57 AB31 AB60 AB08 AB06 AB24 AB40 AB39 [?],AB57 AB31 AB60 AB08 AB06 AB24 AB40 AB39 [?],9,9,1,http://sigla.phis.me/document/KN%20Zc%207/index-word.html
2040,CLINE_2040,KN ZE 16,AB08 AB39,,AB08 AB39,AB08 AB39,AB08 AB39,2,2,1,http://sigla.phis.me/document/KN%20Ze%2016/index-word.html
2041,CLINE_2041,KN ZF 13,AB08 AB27 AB24 AB41 AB07 A301 AB39 AB44 AB03 AB57 AB59 AB53 AB09 AB04 AB53 AB23 AB08 AB57 AB81,,AB08 AB27 AB24 AB41 AB07 A301 AB39 AB44 AB03 AB57 AB59 AB53 AB09 AB04 AB53 AB23 AB08 AB57 AB81,AB08 AB27 AB24 AB41 AB07 A301 AB39 AB44 AB03 AB57 AB59 AB53 AB09 AB04 AB53 AB23 AB08 AB57 AB81,AB08 AB27 AB24 AB41 AB07 A301 AB39 AB44 AB03 AB57 AB59 AB53 AB09 AB04 AB53 AB23 AB08 AB57 AB81,19,19,1,http://sigla.phis.me/document/KN%20Zf%2013/index-word.html
2042,CLINE_2042,MA 1,A MA,,A MA,A MA,A MA,2,2,1,https://web.archive.org/web/20190416192926/http://www.people.ku.edu/~jyounger/LinearA/misctexts.html
2043,CLINE_2043,MA 1,QE DE MI NU,,QE DE MI NU,QE DE MI NU,QE DE MI NU,4,4,2,https://web.archive.org/web/20190416192926/http://www.people.ku.edu/~jyounger/LinearA/misctexts.html
2044,CLINE_2044,MA 1,X I DU WI,,X I DU WI,X I DU WI,X I DU WI,4,4,1,https://web.archive.org/web/20190416192926/http://www.people.ku.edu/~jyounger/LinearA/misctexts.html
2045,CLINE_2045,MA 10,*404VAS ?][,,*404VAS ?][,*404VAS ?][,*404VAS ?][,2,2,1,https://web.archive.org/web/20190416192926/http://www.people.ku.edu/~jyounger/LinearA/misctexts.html
2046,CLINE_2046,MA 10,*404VAS A,,*404VAS A,*404VAS A,*404VAS A,2,2,1,https://web.archive.org/web/20190416192926/http://www.people.ku.edu/~jyounger/LinearA/misctexts.html
2047,CLINE_2047,MA 10,*404VAS TI,,*404VAS TI,*404VAS TI,*404VAS TI,2,2,1,https://web.archive.org/web/20190416192926/http://www.people.ku.edu/~jyounger/LinearA/misctexts.html
2048,CLINE_2048,MA 10,*405VAS,,*405VAS,*405VAS,*405VAS,1,1,1,https://web.archive.org/web/20190416192926/http://www.people.ku.edu/~jyounger/LinearA/misctexts.html
2049,CLINE_2049,MA 10,*412VAS E,,*412VAS E,*412VAS E,*412VAS E,2,2,3,https://web.archive.org/web/20190416192926/http://www.people.ku.edu/~jyounger/LinearA/misctexts.html
2050,CLINE_2050,MA 10,*412VAS F,,*412VAS F,*412VAS F,*412VAS F,2,2,2,https://web.archive.org/web/20190416192926/http://www.people.ku.edu/~jyounger/LinearA/misctexts.html
2051,CLINE_2051,MA 10,*413VAS SU,,*413VAS SU,*413VAS SU,*413VAS SU,2,2,1,https://web.archive.org/web/20190416192926/http://www.people.ku.edu/~jyounger/LinearA/misctexts.html
2052,CLINE_2052,MA 10,DU PI TE WA,,DU PI TE WA,DU PI TE WA,DU PI TE WA,4,4,1,https://web.archive.org/web/20190416192926/http://www.people.ku.edu/~jyounger/LinearA/misctexts.html
2053,CLINE_2053,MA 10A,AB26,,AB26,AB26,AB26,1,1,1,http://sigla.phis.me/document/MA%2010a/index-word.html
2054,CLINE_2054,MA 10B,AB51 AB39 AB04 AB54,,AB51 AB39 AB04 AB54,AB51 AB39 AB04 AB54,AB51 AB39 AB04 AB54,4,4,1,http://sigla.phis.me/document/MA%2010b/index-word.html
2055,CLINE_2055,MA 1A,AB28 AB51 AB40,,AB28 AB51 AB40,AB28 AB51 AB40,AB28 AB51 AB40,3,3,1,http://sigla.phis.me/document/MA%201a/index-word.html
2056,CLINE_2056,MA 1A,AB78 AB45 AB73 AB55,,AB78 AB45 AB73 AB55,AB78 AB45 AB73 AB55,AB78 AB45 AB73 AB55,4,4,1,http://sigla.phis.me/document/MA%201a/index-word.html
2057,CLINE_2057,MA 1B,AB08 AB80,,AB08 AB80,AB08 AB80,AB08 AB80,2,2,1,http://sigla.phis.me/document/MA%201b/index-word.html
2058,CLINE_2058,MA 1B,AB78 AB45 AB73 AB55,,AB78 AB45 AB73 AB55,AB78 AB45 AB73 AB55,AB78 AB45 AB73 AB55,4,4,1,http://sigla.phis.me/document/MA%201b/index-word.html
2059,CLINE_2059,MA 1C,AB37,,AB37,AB37,AB37,1,1,1,http://sigla.phis.me/document/MA%201c/index-word.html
2060,CLINE_2060,MA 2,JA KU,,JA KU,JA KU,JA KU,2,2,1,https://web.archive.org/web/20190416192926/http://www.people.ku.edu/~jyounger/LinearA/misctexts.html
2061,CLINE_2061,MA 2,RE TI,,RE TI,RE TI,RE TI,2,2,1,https://web.archive.org/web/20190416192926/http://www.people.ku.edu/~jyounger/LinearA/misctexts.html
2062,CLINE_2062,MA 2,U NA NA,,U NA NA,U NA NA,U NA NA,3,3,1,https://web.archive.org/web/20190416192926/http://www.people.ku.edu/~jyounger/LinearA/misctexts.html
2063,CLINE_2063,MA 2,]DU RA,,]DU RA,]DU RA,]DU RA,2,2,1,https://web.archive.org/web/20190416192926/http://www.people.ku.edu/~jyounger/LinearA/misctexts.html
2064,CLINE_2064,MA 2,]JA MA U TI,,]JA MA U TI,]JA MA U TI,]JA MA U TI,4,4,1,https://web.archive.org/web/20190416192926/http://www.people.ku.edu/~jyounger/LinearA/misctexts.html
2065,CLINE_2065,MA 2A,AB51 AB60,,AB51 AB60,AB51 AB60,AB51 AB60,2,2,1,http://sigla.phis.me/document/MA%202a/index-word.html
2066,CLINE_2066,MA 2B,AB37,,AB37,AB37,AB37,1,1,2,http://sigla.phis.me/document/MA%202b/index-word.html
2067,CLINE_2067,MA 2B,AB57 AB81,,AB57 AB81,AB57 AB81,AB57 AB81,2,2,1,http://sigla.phis.me/document/MA%202b/index-word.html
2068,CLINE_2068,MA 2B,[?] AB27 AB37,,[?] AB27 AB37,[?] AB27 AB37,[?] AB27 AB37,3,3,1,http://sigla.phis.me/document/MA%202b/index-word.html
2069,CLINE_2069,MA 2C,AB10 AB06 AB06,,AB10 AB06 AB06,AB10 AB06 AB06,AB10 AB06 AB06,3,3,1,http://sigla.phis.me/document/MA%202c/index-word.html
2070,CLINE_2070,MA 2C,AB57 AB80 AB10 AB37,,AB57 AB80 AB10 AB37,AB57 AB80 AB10 AB37,AB57 AB80 AB10 AB37,4,4,1,http://sigla.phis.me/document/MA%202c/index-word.html
2071,CLINE_2071,MA 4,SA B,,SA B,SA B,SA B,2,2,1,https://web.archive.org/web/20190416192926/http://www.people.ku.edu/~jyounger/LinearA/misctexts.html
2072,CLINE_2072,MA 4,SA L,,SA L,SA L,SA L,2,2,1,https://web.archive.org/web/20190416192926/http://www.people.ku.edu/~jyounger/LinearA/misctexts.html
2073,CLINE_2073,MA 4,TA *180B,,TA *180B,TA *180B,TA *180B,2,2,1,https://web.archive.org/web/20190416192926/http://www.people.ku.edu/~jyounger/LinearA/misctexts.html
2074,CLINE_2074,MA 4B,AB08 [?] AB57,,AB08 [?] AB57,AB08 [?] AB57,AB08 [?] AB57,3,3,1,http://sigla.phis.me/document/MA%204b/index-word.html
2075,CLINE_2075,MA WC 5,B GRA E,,B GRA E,B GRA E,B GRA E,3,3,1,https://web.archive.org/web/20190416192926/http://www.people.ku.edu/~jyounger/LinearA/misctexts.html
2076,CLINE_2076,MA WC 5A,AB08 AB31 AB01 AB77,,AB08 AB31 AB01 AB77,AB08 AB31 AB01 AB77,AB08 AB31 AB01 AB77,4,4,1,http://sigla.phis.me/document/MA%20Wc%20%3C5a%3E/index-word.html
2077,CLINE_2077,MI 2,*401VAS RA,,*401VAS RA,*401VAS RA,*401VAS RA,2,2,1,https://web.archive.org/web/20190416192926/http://www.people.ku.edu/~jyounger/LinearA/misctexts.html
2078,CLINE_2078,MI 2,AB50,,AB50,AB50,AB50,1,1,1,http://sigla.phis.me/document/MI%202/index-word.html
2079,CLINE_2079,MI 2,AB51 AB77,,AB51 AB77,AB51 AB77,AB51 AB77,2,2,1,http://sigla.phis.me/document/MI%202/index-word.html
2080,CLINE_2080,MI 2,AB77,,AB77,AB77,AB77,1,1,1,http://sigla.phis.me/document/MI%202/index-word.html
2081,CLINE_2081,MI 2,DU KA[,,DU KA[,DU KA[,DU KA[,2,2,1,https://web.archive.org/web/20190416192926/http://www.people.ku.edu/~jyounger/LinearA/misctexts.html
2082,CLINE_2082,MY ZF 2,AB43,,AB43,AB43,AB43,1,1,1,http://sigla.phis.me/document/MY%20Zf%202/index-word.html
2083,CLINE_2083,NOTES TO HT ZD 155 157,E F,,E F,E F,E F,2,2,1,https://web.archive.org/web/20190416193018/http://www.people.ku.edu/~jyounger/LinearA/HTtexts.html
2084,CLINE_2084,PA 1,A KU JU PA,,A KU JU PA,A KU JU PA,A KU JU PA,4,4,1,https://web.archive.org/web/20190416192926/http://www.people.ku.edu/~jyounger/LinearA/misctexts.html
2085,CLINE_2085,PA 1,AB08 AB81 AB65 AB03 AB118,,AB08 AB81 AB65 AB03 AB118,AB08 AB81 AB65 AB03 AB118,AB08 AB81 AB65 AB03 AB118,5,5,1,http://sigla.phis.me/document/PA%201/index-word.html
2086,CLINE_2086,PE 1,E KA[,,E KA[,E KA[,E KA[,2,2,1,https://web.archive.org/web/20190416192926/http://www.people.ku.edu/~jyounger/LinearA/misctexts.html
2087,CLINE_2087,PE 1,GRA PA,,GRA PA,GRA PA,GRA PA,2,2,2,https://web.archive.org/web/20190416192926/http://www.people.ku.edu/~jyounger/LinearA/misctexts.html
2088,CLINE_2088,PE 1,KU PA RI,,KU PA RI,KU PA RI,KU PA RI,3,3,1,https://web.archive.org/web/20190416192926/http://www.people.ku.edu/~jyounger/LinearA/misctexts.html
2089,CLINE_2089,PE 1,U KA RE A SE SI NA,,U KA RE A SE SI NA,U KA RE A SE SI NA,U KA RE A SE SI NA,7,7,1,https://web.archive.org/web/20190416192926/http://www.people.ku.edu/~jyounger/LinearA/misctexts.html
2090,CLINE_2090,PE 1,VIR,,VIR,VIR,VIR,1,1,2,https://web.archive.org/web/20190416192926/http://www.people.ku.edu/~jyounger/LinearA/misctexts.html
2091,CLINE_2091,PE 2,A RI PA,,A RI PA,A RI PA,A RI PA,3,3,1,https://web.archive.org/web/20190416192926/http://www.people.ku.edu/~jyounger/LinearA/misctexts.html
2092,CLINE_2092,PE 2,A ZA,,A ZA,A ZA,A ZA,2,2,1,https://web.archive.org/web/20190416192926/http://www.people.ku.edu/~jyounger/LinearA/misctexts.html
2093,CLINE_2093,PE 2,QA QA DA,,QA QA DA,QA QA DA,QA QA DA,3,3,1,https://web.archive.org/web/20190416192926/http://www.people.ku.edu/~jyounger/LinearA/misctexts.html
2094,CLINE_2094,PE 2,RU PI[ MI,,RU PI[ MI,RU PI[ MI,RU PI[ MI,3,3,1,https://web.archive.org/web/20190416192926/http://www.people.ku.edu/~jyounger/LinearA/misctexts.html
2095,CLINE_2095,PE 2,TO ME,,TO ME,TO ME,TO ME,2,2,1,https://web.archive.org/web/20190416192926/http://www.people.ku.edu/~jyounger/LinearA/misctexts.html
2096,CLINE_2096,PE 2,TO RE,,TO RE,TO RE,TO RE,2,2,1,https://web.archive.org/web/20190416192926/http://www.people.ku.edu/~jyounger/LinearA/misctexts.html
2097,CLINE_2097,PH 1,]DI RA DI NA,,]DI RA DI NA,]DI RA DI NA,]DI RA DI NA,4,4,1,https://web.archive.org/web/20190416192926/http://www.people.ku.edu/~jyounger/LinearA/misctexts.html
2098,CLINE_2098,PH 10,A355 AB38 A354,,A355 AB38 A354,A355 AB38 A354,A355 AB38 A354,3,3,1,http://sigla.phis.me/document/PH%2010/index-word.html
2099,CLINE_2099,PH 13,]TE ZU,,]TE ZU,]TE ZU,]TE ZU,2,2,1,https://web.archive.org/web/20190416192926/http://www.people.ku.edu/~jyounger/LinearA/misctexts.html
2100,CLINE_2100,PH 13A,A328,,A328,A328,A328,1,1,1,http://sigla.phis.me/document/PH%2013a/index-word.html
2101,CLINE_2101,PH 13B,A356,,A356,A356,A356,1,1,1,http://sigla.phis.me/document/PH%2013b/index-word.html
2102,CLINE_2102,PH 13C,AB04 AB79,,AB04 AB79,AB04 AB79,AB04 AB79,2,2,1,http://sigla.phis.me/document/PH%2013c/index-word.html
2103,CLINE_2103,PH 14,A MI,,A MI,A MI,A MI,2,2,1,https://web.archive.org/web/20190416192926/http://www.people.ku.edu/~jyounger/LinearA/misctexts.html
2104,CLINE_2104,PH 14,FIC,,FIC,FIC,FIC,1,1,1,https://web.archive.org/web/20190416192926/http://www.people.ku.edu/~jyounger/LinearA/misctexts.html
2105,CLINE_2105,PH 14A,AB57 A304,,AB57 A304,AB57 A304,AB57 A304,2,2,1,http://sigla.phis.me/document/PH%2014a/index-word.html
2106,CLINE_2106,PH 14B,AB08 AB73,,AB08 AB73,AB08 AB73,AB08 AB73,2,2,1,http://sigla.phis.me/document/PH%2014b/index-word.html
2107,CLINE_2107,PH 15,]MA TE RE,,]MA TE RE,]MA TE RE,]MA TE RE,3,3,1,https://web.archive.org/web/20190416192926/http://www.people.ku.edu/~jyounger/LinearA/misctexts.html
2108,CLINE_2108,PH 15A,AB80 AB04 AB27,,AB80 AB04 AB27,AB80 AB04 AB27,AB80 AB04 AB27,3,3,1,http://sigla.phis.me/document/PH%2015a/index-word.html
2109,CLINE_2109,PH 15B,[?] A357,,[?] A357,[?] A357,[?] A357,2,2,1,http://sigla.phis.me/document/PH%2015b/index-word.html
2110,CLINE_2110,PH 16,JA SA[,,JA SA[,JA SA[,JA SA[,2,2,1,https://web.archive.org/web/20190416192926/http://www.people.ku.edu/~jyounger/LinearA/misctexts.html
2111,CLINE_2111,PH 16A,A320 AB06 [?],,A320 AB06 [?],A320 AB06 [?],A320 AB06 [?],3,3,1,http://sigla.phis.me/document/PH%2016a/index-word.html
2112,CLINE_2112,PH 16A,[?] A358 AB30 [?],,[?] A358 AB30 [?],[?] A358 AB30 [?],[?] A358 AB30 [?],4,4,1,http://sigla.phis.me/document/PH%2016a/index-word.html
2113,CLINE_2113,PH 16B,[?] A320 [?],,[?] A320 [?],[?] A320 [?],[?] A320 [?],3,3,1,http://sigla.phis.me/document/PH%2016b/index-word.html
2114,CLINE_2114,PH 16B,[?] AB57 AB31,,[?] AB57 AB31,[?] AB57 AB31,[?] AB57 AB31,3,3,1,http://sigla.phis.me/document/PH%2016b/index-word.html
2115,CLINE_2115,PH 17A,A359,,A359,A359,A359,1,1,1,http://sigla.phis.me/document/PH%2017a/index-word.html
2116,CLINE_2116,PH 17B,A360,,A360,A360,A360,1,1,1,http://sigla.phis.me/document/PH%2017b/index-word.html
2117,CLINE_2117,PH 18,]WI JA[,,]WI JA[,]WI JA[,]WI JA[,2,2,1,https://web.archive.org/web/20190416192926/http://www.people.ku.edu/~jyounger/LinearA/misctexts.html
2118,CLINE_2118,PH 18A,[?] AB40 AB57,,[?] AB40 AB57,[?] AB40 AB57,[?] AB40 AB57,3,3,1,http://sigla.phis.me/document/PH%2018a/index-word.html
2119,CLINE_2119,PH 19,AB39 AB61,,AB39 AB61,AB39 AB61,AB39 AB61,2,2,1,http://sigla.phis.me/document/PH%2019/index-word.html
2120,CLINE_2120,PH 19,PI O,,PI O,PI O,PI O,2,2,1,https://web.archive.org/web/20190416192926/http://www.people.ku.edu/~jyounger/LinearA/misctexts.html
2121,CLINE_2121,PH 1A,AB07 AB60 AB07 AB06,,AB07 AB60 AB07 AB06,AB07 AB60 AB07 AB06,AB07 AB60 AB07 AB06,4,4,1,http://sigla.phis.me/document/PH%201a/index-word.html
2122,CLINE_2122,PH 1A,AB57,,AB57,AB57,AB57,1,1,1,http://sigla.phis.me/document/PH%201a/index-word.html
2123,CLINE_2123,PH 1B,[?] AB06,,[?] AB06,[?] AB06,[?] AB06,2,2,1,http://sigla.phis.me/document/PH%201b/index-word.html
2124,CLINE_2124,PH 2,A SE TU QIF,,A SE TU QIF,A SE TU QIF,A SE TU QIF,4,4,1,https://web.archive.org/web/20190416192926/http://www.people.ku.edu/~jyounger/LinearA/misctexts.html
2125,CLINE_2125,PH 2,AB08 AB09 AB69 AB21F,,AB08 AB09 AB69 AB21F,AB08 AB09 AB69 AB21F,AB08 AB09 AB69 AB21F,4,4,1,http://sigla.phis.me/document/PH%202/index-word.html
2126,CLINE_2126,PH 2,AB09 AB31 AB56,,AB09 AB31 AB56,AB09 AB31 AB56,AB09 AB31 AB56,3,3,1,http://sigla.phis.me/document/PH%202/index-word.html
2127,CLINE_2127,PH 2,AB39 AB26 AB38 AB65,,AB39 AB26 AB38 AB65,AB39 AB26 AB38 AB65,AB39 AB26 AB38 AB65,4,4,1,http://sigla.phis.me/document/PH%202/index-word.html
2128,CLINE_2128,PH 2,AB60 AB61 AB07 AB67,,AB60 AB61 AB07 AB67,AB60 AB61 AB07 AB67,AB60 AB61 AB07 AB67,4,4,1,http://sigla.phis.me/document/PH%202/index-word.html
2129,CLINE_2129,PH 2,PI RU E JU,,PI RU E JU,PI RU E JU,PI RU E JU,4,4,1,https://web.archive.org/web/20190416192926/http://www.people.ku.edu/~jyounger/LinearA/misctexts.html
2130,CLINE_2130,PH 2,RA O DI KI,,RA O DI KI,RA O DI KI,RA O DI KI,4,4,1,https://web.archive.org/web/20190416192926/http://www.people.ku.edu/~jyounger/LinearA/misctexts.html
2131,CLINE_2131,PH 2,SE SA PA3,,SE SA PA3,SE SA PA3,SE SA PA3,3,3,1,https://web.archive.org/web/20190416192926/http://www.people.ku.edu/~jyounger/LinearA/misctexts.html
2132,CLINE_2132,PH 24,AB02 AB38,,AB02 AB38,AB02 AB38,AB02 AB38,2,2,1,http://sigla.phis.me/document/PH%2024/index-word.html
2133,CLINE_2133,PH 24,RO E,,RO E,RO E,RO E,2,2,1,https://web.archive.org/web/20190416192926/http://www.people.ku.edu/~jyounger/LinearA/misctexts.html
2134,CLINE_2134,PH 25,VINA,,VINA,VINA,VINA,1,1,1,https://web.archive.org/web/20190416192926/http://www.people.ku.edu/~jyounger/LinearA/misctexts.html
2135,CLINE_2135,PH 26,[?] A314,,[?] A314,[?] A314,[?] A314,2,2,1,http://sigla.phis.me/document/PH%2026/index-word.html
2136,CLINE_2136,PH 27,AB04 [?],,AB04 [?],AB04 [?],AB04 [?],2,2,1,http://sigla.phis.me/document/PH%2027/index-word.html
2137,CLINE_2137,PH 27,AB08,,AB08,AB08,AB08,1,1,1,http://sigla.phis.me/document/PH%2027/index-word.html
2138,CLINE_2138,PH 28,A RI JA[,,A RI JA[,A RI JA[,A RI JA[,3,3,1,https://web.archive.org/web/20190416192926/http://www.people.ku.edu/~jyounger/LinearA/misctexts.html
2139,CLINE_2139,PH 28,JA KI PA3[,,JA KI PA3[,JA KI PA3[,JA KI PA3[,3,3,1,https://web.archive.org/web/20190416192926/http://www.people.ku.edu/~jyounger/LinearA/misctexts.html
2140,CLINE_2140,PH 28,[[GRAFFITO]],,[[GRAFFITO]],[[GRAFFITO]],[[GRAFFITO]],1,1,1,https://web.archive.org/web/20190416192926/http://www.people.ku.edu/~jyounger/LinearA/misctexts.html
2141,CLINE_2141,PH 28A,AB08 AB53 AB57,,AB08 AB53 AB57,AB08 AB53 AB57,AB08 AB53 AB57,3,3,1,http://sigla.phis.me/document/PH%2028a/index-word.html
2142,CLINE_2142,PH 28A,AB08 AB56 [?],,AB08 AB56 [?],AB08 AB56 [?],AB08 AB56 [?],3,3,1,http://sigla.phis.me/document/PH%2028a/index-word.html
2143,CLINE_2143,PH 28A,AB57 AB67 AB56 [?],,AB57 AB67 AB56 [?],AB57 AB67 AB56 [?],AB57 AB67 AB56 [?],4,4,1,http://sigla.phis.me/document/PH%2028a/index-word.html
2144,CLINE_2144,PH 3,MA A,,MA A,MA A,MA A,2,2,1,https://web.archive.org/web/20190416192926/http://www.people.ku.edu/~jyounger/LinearA/misctexts.html
2145,CLINE_2145,PH 3,MA MA,,MA MA,MA MA,MA MA,2,2,1,https://web.archive.org/web/20190416192926/http://www.people.ku.edu/~jyounger/LinearA/misctexts.html
2146,CLINE_2146,PH 3,MA RU,,MA RU,MA RU,MA RU,2,2,1,https://web.archive.org/web/20190416192926/http://www.people.ku.edu/~jyounger/LinearA/misctexts.html
2147,CLINE_2147,PH 3,MI JA,,MI JA,MI JA,MI JA,2,2,1,https://web.archive.org/web/20190416192926/http://www.people.ku.edu/~jyounger/LinearA/misctexts.html
2148,CLINE_2148,PH 3,PA RA,,PA RA,PA RA,PA RA,2,2,1,https://web.archive.org/web/20190416192926/http://www.people.ku.edu/~jyounger/LinearA/misctexts.html
2149,CLINE_2149,PH 30,AB80 AB27 AB53 AB73 AB45,,AB80 AB27 AB53 AB73 AB45,AB80 AB27 AB53 AB73 AB45,AB80 AB27 AB53 AB73 AB45,5,5,1,http://sigla.phis.me/document/PH%2030/index-word.html
2150,CLINE_2150,PH 30,[?] AB37 AB53,,[?] AB37 AB53,[?] AB37 AB53,[?] AB37 AB53,3,3,1,http://sigla.phis.me/document/PH%2030/index-word.html
2151,CLINE_2151,PH 30,]MA RE RI MI DE,,]MA RE RI MI DE,]MA RE RI MI DE,]MA RE RI MI DE,5,5,1,https://web.archive.org/web/20190416192926/http://www.people.ku.edu/~jyounger/LinearA/misctexts.html
2152,CLINE_2152,PH 31,A MI DA O,,A MI DA O,A MI DA O,A MI DA O,4,4,1,https://web.archive.org/web/20190416192926/http://www.people.ku.edu/~jyounger/LinearA/misctexts.html
2153,CLINE_2153,PH 31,B NA,,B NA,B NA,B NA,2,2,1,https://web.archive.org/web/20190416192926/http://www.people.ku.edu/~jyounger/LinearA/misctexts.html
2154,CLINE_2154,PH 31,B RO,,B RO,B RO,B RO,2,2,1,https://web.archive.org/web/20190416192926/http://www.people.ku.edu/~jyounger/LinearA/misctexts.html
2155,CLINE_2155,PH 31,CAPF,,CAPF,CAPF,CAPF,1,1,2,https://web.archive.org/web/20190416192926/http://www.people.ku.edu/~jyounger/LinearA/misctexts.html
2156,CLINE_2156,PH 31,CAPM,,CAPM,CAPM,CAPM,1,1,2,https://web.archive.org/web/20190416192926/http://www.people.ku.edu/~jyounger/LinearA/misctexts.html
2157,CLINE_2157,PH 31,CAPM KU,,CAPM KU,CAPM KU,CAPM KU,2,2,3,https://web.archive.org/web/20190416192926/http://www.people.ku.edu/~jyounger/LinearA/misctexts.html
2158,CLINE_2158,PH 31,CF DU RI TE HT,,CF DU RI TE HT,CF DU RI TE HT,CF DU RI TE HT,5,5,1,https://web.archive.org/web/20190416192926/http://www.people.ku.edu/~jyounger/LinearA/misctexts.html
2159,CLINE_2159,PH 31,CF PA TA NE HT 122A IMMEDIATELY AFTER KU PA3 NE,,CF PA TA NE HT 122A IMMEDIATELY AFTER KU PA3 NE,CF PA TA NE HT 122A IMMEDIATELY AFTER KU PA3 NE,CF PA TA NE HT 122A IMMEDIATELY AFTER KU PA3 NE,11,11,1,https://web.archive.org/web/20190416192926/http://www.people.ku.edu/~jyounger/LinearA/misctexts.html
2160,CLINE_2160,PH 31,CF QA QA RU HT IMMEDIATELY BEFORE MA DI,,CF QA QA RU HT IMMEDIATELY BEFORE MA DI,CF QA QA RU HT IMMEDIATELY BEFORE MA DI,CF QA QA RU HT IMMEDIATELY BEFORE MA DI,9,9,1,https://web.archive.org/web/20190416192926/http://www.people.ku.edu/~jyounger/LinearA/misctexts.html
2161,CLINE_2161,PH 31,CF TU JU MA HT A3 IMMEDIATELY AFTER KU PA3 NU,,CF TU JU MA HT A3 IMMEDIATELY AFTER KU PA3 NU,CF TU JU MA HT A3 IMMEDIATELY AFTER KU PA3 NU,CF TU JU MA HT A3 IMMEDIATELY AFTER KU PA3 NU,11,11,1,https://web.archive.org/web/20190416192926/http://www.people.ku.edu/~jyounger/LinearA/misctexts.html
2162,CLINE_2162,PH 31,DU RI,,DU RI,DU RI,DU RI,2,2,2,https://web.archive.org/web/20190416192926/http://www.people.ku.edu/~jyounger/LinearA/misctexts.html
2163,CLINE_2163,PH 31,JA MI DA RE HT 122A THE SAME AS A MI DA U? ZA 10A CF PH 14B A MI,,JA MI DA RE HT 122A THE SAME AS A MI DA U? ZA 10A CF PH 14B A MI,JA MI DA RE HT 122A THE SAME AS A MI DA U? ZA 10A CF PH 14B A MI,JA MI DA RE HT 122A THE SAME AS A MI DA U? ZA 10A CF PH 14B A MI,20,20,1,https://web.archive.org/web/20190416192926/http://www.people.ku.edu/~jyounger/LinearA/misctexts.html
2164,CLINE_2164,PH 31,KU PA3 NU,,KU PA3 NU,KU PA3 NU,KU PA3 NU,3,3,1,https://web.archive.org/web/20190416192926/http://www.people.ku.edu/~jyounger/LinearA/misctexts.html
2165,CLINE_2165,PH 31,KU PA3 NU HT HT 49A HT HT 117A HT 122A CF KU PA3 HT KU PA3 NA TU HT 47A HT,,KU PA3 NU HT HT 49A HT HT 117A HT 122A CF KU PA3 HT KU PA3 NA TU HT 47A HT,KU PA3 NU HT HT 49A HT HT 117A HT 122A CF KU PA3 HT KU PA3 NA TU HT 47A HT,KU PA3 NU HT HT 49A HT HT 117A HT 122A CF KU PA3 HT KU PA3 NA TU HT 47A HT,22,22,1,https://web.archive.org/web/20190416192926/http://www.people.ku.edu/~jyounger/LinearA/misctexts.html
2166,CLINE_2166,PH 31,KU RO,,KU RO,KU RO,KU RO,2,2,1,https://web.archive.org/web/20190416192926/http://www.people.ku.edu/~jyounger/LinearA/misctexts.html
2167,CLINE_2167,PH 31,MA DI,,MA DI,MA DI,MA DI,2,2,1,https://web.archive.org/web/20190416192926/http://www.people.ku.edu/~jyounger/LinearA/misctexts.html
2168,CLINE_2168,PH 31,MA DI HT HT 85B HT 97A HT,,MA DI HT HT 85B HT 97A HT,MA DI HT HT 85B HT 97A HT,MA DI HT HT 85B HT 97A HT,8,8,1,https://web.archive.org/web/20190416192926/http://www.people.ku.edu/~jyounger/LinearA/misctexts.html
2169,CLINE_2169,PH 31,OVIS,,OVIS,OVIS,OVIS,1,1,1,https://web.archive.org/web/20190416192926/http://www.people.ku.edu/~jyounger/LinearA/misctexts.html
2170,CLINE_2170,PH 31,OVISF,,OVISF,OVISF,OVISF,1,1,3,https://web.archive.org/web/20190416192926/http://www.people.ku.edu/~jyounger/LinearA/misctexts.html
2171,CLINE_2171,PH 31,OVISM,,OVISM,OVISM,OVISM,1,1,5,https://web.archive.org/web/20190416192926/http://www.people.ku.edu/~jyounger/LinearA/misctexts.html
2172,CLINE_2172,PH 31,OVISM SI AU RE,,OVISM SI AU RE,OVISM SI AU RE,OVISM SI AU RE,4,4,1,https://web.archive.org/web/20190416192926/http://www.people.ku.edu/~jyounger/LinearA/misctexts.html
2173,CLINE_2173,PH 31,OVISM SI AU[ RE,,OVISM SI AU[ RE,OVISM SI AU[ RE,OVISM SI AU[ RE,4,4,1,https://web.archive.org/web/20190416192926/http://www.people.ku.edu/~jyounger/LinearA/misctexts.html
2174,CLINE_2174,PH 31,PA TA DA,,PA TA DA,PA TA DA,PA TA DA,3,3,1,https://web.archive.org/web/20190416192926/http://www.people.ku.edu/~jyounger/LinearA/misctexts.html
2175,CLINE_2175,PH 31,PA TA DA DU PU2 RE HT ZB,,PA TA DA DU PU2 RE HT ZB,PA TA DA DU PU2 RE HT ZB,PA TA DA DU PU2 RE HT ZB,8,8,1,https://web.archive.org/web/20190416192926/http://www.people.ku.edu/~jyounger/LinearA/misctexts.html
2176,CLINE_2176,PH 31,PA TA DA[,,PA TA DA[,PA TA DA[,PA TA DA[,3,3,1,https://web.archive.org/web/20190416192926/http://www.people.ku.edu/~jyounger/LinearA/misctexts.html
2177,CLINE_2177,PH 31,PA TA DA[ DU PU2 RE,,PA TA DA[ DU PU2 RE,PA TA DA[ DU PU2 RE,PA TA DA[ DU PU2 RE,6,6,1,https://web.archive.org/web/20190416192926/http://www.people.ku.edu/~jyounger/LinearA/misctexts.html
2178,CLINE_2178,PH 31,PA TA NE,,PA TA NE,PA TA NE,PA TA NE,3,3,1,https://web.archive.org/web/20190416192926/http://www.people.ku.edu/~jyounger/LinearA/misctexts.html
2179,CLINE_2179,PH 31,QA QA ]RU,,QA QA ]RU,QA QA ]RU,QA QA ]RU,3,3,1,https://web.archive.org/web/20190416192926/http://www.people.ku.edu/~jyounger/LinearA/misctexts.html
2180,CLINE_2180,PH 31,RI RU MA HT,,RI RU MA HT,RI RU MA HT,RI RU MA HT,4,4,1,https://web.archive.org/web/20190416192926/http://www.people.ku.edu/~jyounger/LinearA/misctexts.html
2181,CLINE_2181,PH 31,RI RU MA TI,,RI RU MA TI,RI RU MA TI,RI RU MA TI,4,4,1,https://web.archive.org/web/20190416192926/http://www.people.ku.edu/~jyounger/LinearA/misctexts.html
2182,CLINE_2182,PH 31,SI AU RE,,SI AU RE,SI AU RE,SI AU RE,3,3,1,https://web.archive.org/web/20190416192926/http://www.people.ku.edu/~jyounger/LinearA/misctexts.html
2183,CLINE_2183,PH 31,SUS SI RE,,SUS SI RE,SUS SI RE,SUS SI RE,3,3,1,https://web.archive.org/web/20190416192926/http://www.people.ku.edu/~jyounger/LinearA/misctexts.html
2184,CLINE_2184,PH 31,SUS SI[,,SUS SI[,SUS SI[,SUS SI[,2,2,1,https://web.archive.org/web/20190416192926/http://www.people.ku.edu/~jyounger/LinearA/misctexts.html
2185,CLINE_2185,PH 31,TE RI,,TE RI,TE RI,TE RI,2,2,1,https://web.archive.org/web/20190416192926/http://www.people.ku.edu/~jyounger/LinearA/misctexts.html
2186,CLINE_2186,PH 31,TE RI HT,,TE RI HT,TE RI HT,TE RI HT,3,3,1,https://web.archive.org/web/20190416192926/http://www.people.ku.edu/~jyounger/LinearA/misctexts.html
2187,CLINE_2187,PH 31,TU JU MA,,TU JU MA,TU JU MA,TU JU MA,3,3,1,https://web.archive.org/web/20190416192926/http://www.people.ku.edu/~jyounger/LinearA/misctexts.html
2188,CLINE_2188,PH 31,VIN,,VIN,VIN,VIN,1,1,1,https://web.archive.org/web/20190416192926/http://www.people.ku.edu/~jyounger/LinearA/misctexts.html
2189,CLINE_2189,PH 31,VINA,,VINA,VINA,VINA,1,1,1,https://web.archive.org/web/20190416192926/http://www.people.ku.edu/~jyounger/LinearA/misctexts.html
2190,CLINE_2190,PH 31,VINA J,,VINA J,VINA J,VINA J,2,2,1,https://web.archive.org/web/20190416192926/http://www.people.ku.edu/~jyounger/LinearA/misctexts.html
2191,CLINE_2191,PH 31A,AB03 AB59 AB01,,AB03 AB59 AB01,AB03 AB59 AB01,AB03 AB59 AB01,3,3,1,http://sigla.phis.me/document/PH%2031a/index-word.html
2192,CLINE_2192,PH 31A,AB26,,AB26,AB26,AB26,1,1,1,http://sigla.phis.me/document/PH%2031a/index-word.html
2193,CLINE_2193,PH 31A,AB80 AB07,,AB80 AB07,AB80 AB07,AB80 AB07,2,2,1,http://sigla.phis.me/document/PH%2031a/index-word.html
2194,CLINE_2194,PH 31A,AB81 AB02,,AB81 AB02,AB81 AB02,AB81 AB02,2,2,1,http://sigla.phis.me/document/PH%2031a/index-word.html
2195,CLINE_2195,PH 31A,AB81 AB56 AB55,,AB81 AB56 AB55,AB81 AB56 AB55,AB81 AB56 AB55,3,3,1,http://sigla.phis.me/document/PH%2031a/index-word.html
2196,CLINE_2196,PH 31A,[?] AB08 [?],,[?] AB08 [?],[?] AB08 [?],[?] AB08 [?],3,3,1,http://sigla.phis.me/document/PH%2031a/index-word.html
2197,CLINE_2197,PH 31B,AB04 AB53,,AB04 AB53,AB04 AB53,AB04 AB53,2,2,1,http://sigla.phis.me/document/PH%2031b/index-word.html
2198,CLINE_2198,PH 31B,AB08 AB73 AB01 AB61,,AB08 AB73 AB01 AB61,AB08 AB73 AB01 AB61,AB08 AB73 AB01 AB61,4,4,1,http://sigla.phis.me/document/PH%2031b/index-word.html
2199,CLINE_2199,PH 31B,AB24,,AB24,AB24,AB24,1,1,1,http://sigla.phis.me/document/PH%2031b/index-word.html
2200,CLINE_2200,PH 31B,AB51 AB53,,AB51 AB53,AB51 AB53,AB51 AB53,2,2,1,http://sigla.phis.me/document/PH%2031b/index-word.html
2201,CLINE_2201,PH 31B,AB53 AB26 AB80 AB37,,AB53 AB26 AB80 AB37,AB53 AB26 AB80 AB37,AB53 AB26 AB80 AB37,4,4,1,http://sigla.phis.me/document/PH%2031b/index-word.html
2202,CLINE_2202,PH 31B,AB69 [?],,AB69 [?],AB69 [?],AB69 [?],2,2,1,http://sigla.phis.me/document/PH%2031b/index-word.html
2203,CLINE_2203,PH 3A,AB03 AB60,,AB03 AB60,AB03 AB60,AB03 AB60,2,2,1,http://sigla.phis.me/document/PH%203a/index-word.html
2204,CLINE_2204,PH 3A,[?] [?],,[?] [?],[?] [?],[?] [?],2,2,1,http://sigla.phis.me/document/PH%203a/index-word.html
2205,CLINE_2205,PH 3B,AB05,,AB05,AB05,AB05,1,1,1,http://sigla.phis.me/document/PH%203b/index-word.html
2206,CLINE_2206,PH 3B,AB41,,AB41,AB41,AB41,1,1,1,http://sigla.phis.me/document/PH%203b/index-word.html
2207,CLINE_2207,PH 6,A RI,,A RI,A RI,A RI,2,2,2,https://web.archive.org/web/20190416192926/http://www.people.ku.edu/~jyounger/LinearA/misctexts.html
2208,CLINE_2208,PH 6,AB08 AB53,,AB08 AB53,AB08 AB53,AB08 AB53,2,2,2,http://sigla.phis.me/document/PH%206/index-word.html
2209,CLINE_2209,PH 6,AB28 AB01 AB56 AB28 AB31 AB53,,AB28 AB01 AB56 AB28 AB31 AB53,AB28 AB01 AB56 AB28 AB31 AB53,AB28 AB01 AB56 AB28 AB31 AB53,6,6,1,http://sigla.phis.me/document/PH%206/index-word.html
2210,CLINE_2210,PH 6,AB28 AB06 AB54,,AB28 AB06 AB54,AB28 AB06 AB54,AB28 AB06 AB54,3,3,1,http://sigla.phis.me/document/PH%206/index-word.html
2211,CLINE_2211,PH 6,AB28 AB79 AB53 AB30 AB59,,AB28 AB79 AB53 AB30 AB59,AB28 AB79 AB53 AB30 AB59,AB28 AB79 AB53 AB30 AB59,5,5,1,http://sigla.phis.me/document/PH%206/index-word.html
2212,CLINE_2212,PH 6,I DA PA3 I SA RI,,I DA PA3 I SA RI,I DA PA3 I SA RI,I DA PA3 I SA RI,6,6,1,https://web.archive.org/web/20190416192926/http://www.people.ku.edu/~jyounger/LinearA/misctexts.html
2213,CLINE_2213,PH 6,I NA WA,,I NA WA,I NA WA,I NA WA,3,3,1,https://web.archive.org/web/20190416192926/http://www.people.ku.edu/~jyounger/LinearA/misctexts.html
2214,CLINE_2214,PH 6,I ZU RI NI TA,,I ZU RI NI TA,I ZU RI NI TA,I ZU RI NI TA,5,5,1,https://web.archive.org/web/20190416192926/http://www.people.ku.edu/~jyounger/LinearA/misctexts.html
2215,CLINE_2215,PH 7,]DA RA,,]DA RA,]DA RA,]DA RA,2,2,1,https://web.archive.org/web/20190416192926/http://www.people.ku.edu/~jyounger/LinearA/misctexts.html
2216,CLINE_2216,PH 7,]DI PA JA[,,]DI PA JA[,]DI PA JA[,]DI PA JA[,3,3,1,https://web.archive.org/web/20190416192926/http://www.people.ku.edu/~jyounger/LinearA/misctexts.html
2217,CLINE_2217,PH 7,]JA RU MA NE[,,]JA RU MA NE[,]JA RU MA NE[,]JA RU MA NE[,4,4,1,https://web.archive.org/web/20190416192926/http://www.people.ku.edu/~jyounger/LinearA/misctexts.html
2218,CLINE_2218,PH 7,]JA SI DA RA,,]JA SI DA RA,]JA SI DA RA,]JA SI DA RA,4,4,1,https://web.archive.org/web/20190416192926/http://www.people.ku.edu/~jyounger/LinearA/misctexts.html
2219,CLINE_2219,PH 7,]U DI RI KI[,,]U DI RI KI[,]U DI RI KI[,]U DI RI KI[,4,4,1,https://web.archive.org/web/20190416192926/http://www.people.ku.edu/~jyounger/LinearA/misctexts.html
2220,CLINE_2220,PH 7A,AB07 AB03 AB57,,AB07 AB03 AB57,AB07 AB03 AB57,AB07 AB03 AB57,3,3,1,http://sigla.phis.me/document/PH%207a/index-word.html
2221,CLINE_2221,PH 7A,AB10 AB07 AB53 AB67,,AB10 AB07 AB53 AB67,AB10 AB07 AB53 AB67,AB10 AB07 AB53 AB67,4,4,1,http://sigla.phis.me/document/PH%207a/index-word.html
2222,CLINE_2222,PH 7A,AB57 AB26 AB80 AB24,,AB57 AB26 AB80 AB24,AB57 AB26 AB80 AB24,AB57 AB26 AB80 AB24,4,4,1,http://sigla.phis.me/document/PH%207a/index-word.html
2223,CLINE_2223,PH 7A,AB57 AB41 AB01 AB60,,AB57 AB41 AB01 AB60,AB57 AB41 AB01 AB60,AB57 AB41 AB01 AB60,4,4,1,http://sigla.phis.me/document/PH%207a/index-word.html
2224,CLINE_2224,PH 7B,AB01 AB60,,AB01 AB60,AB01 AB60,AB01 AB60,2,2,1,http://sigla.phis.me/document/PH%207b/index-word.html
2225,CLINE_2225,PH 7B,AB59,,AB59,AB59,AB59,1,1,1,http://sigla.phis.me/document/PH%207b/index-word.html
2226,CLINE_2226,PH 8,*418VAS L2,,*418VAS L2,*418VAS L2,*418VAS L2,2,2,1,https://web.archive.org/web/20190416192926/http://www.people.ku.edu/~jyounger/LinearA/misctexts.html
2227,CLINE_2227,PH 8,]*417VAS L2,,]*417VAS L2,]*417VAS L2,]*417VAS L2,2,2,1,https://web.archive.org/web/20190416192926/http://www.people.ku.edu/~jyounger/LinearA/misctexts.html
2228,CLINE_2228,PH 8,]VIR,,]VIR,]VIR,]VIR,1,1,1,https://web.archive.org/web/20190416192926/http://www.people.ku.edu/~jyounger/LinearA/misctexts.html
2229,CLINE_2229,PH 9,VAS VINA,,VAS VINA,VAS VINA,VAS VINA,2,2,1,https://web.archive.org/web/20190416192926/http://www.people.ku.edu/~jyounger/LinearA/misctexts.html
2230,CLINE_2230,PH 9A,A317 AB78 A353,,A317 AB78 A353,A317 AB78 A353,A317 AB78 A353,3,3,1,http://sigla.phis.me/document/PH%209a/index-word.html
2231,CLINE_2231,PH WA 32,AB58 AB67 AB60 AB59,,AB58 AB67 AB60 AB59,AB58 AB67 AB60 AB59,AB58 AB67 AB60 AB59,4,4,1,http://sigla.phis.me/document/PH%20Wa%2032/index-word.html
2232,CLINE_2232,PH WC 37A,AB77 A314 AB41,,AB77 A314 AB41,AB77 A314 AB41,AB77 A314 AB41,3,3,1,http://sigla.phis.me/document/PH%20Wc%2037a/index-word.html
2233,CLINE_2233,PH WC 38,A314 AB59 AB80,,A314 AB59 AB80,A314 AB59 AB80,A314 AB59 AB80,3,3,1,http://sigla.phis.me/document/PH%20Wc%2038/index-word.html
2234,CLINE_2234,PH WC 39A,AB57 AB07,,AB57 AB07,AB57 AB07,AB57 AB07,2,2,1,http://sigla.phis.me/document/PH%20Wc%2039a/index-word.html
2235,CLINE_2235,PH WC 40A,A320 A320 AB80,,A320 A320 AB80,A320 A320 AB80,A320 A320 AB80,3,3,1,http://sigla.phis.me/document/PH%20Wc%2040a/index-word.html
2236,CLINE_2236,PH WC 45,[?] [?] [?],,[?] [?] [?],[?] [?] [?],[?] [?] [?],3,3,1,http://sigla.phis.me/document/PH%20Wc%2045/index-word.html
2237,CLINE_2237,PK 1,A DU ZA,,A DU ZA,A DU ZA,A DU ZA,3,3,1,https://web.archive.org/web/20190416192926/http://www.people.ku.edu/~jyounger/LinearA/misctexts.html
2238,CLINE_2238,PK 1,KA QA,,KA QA,KA QA,KA QA,2,2,1,https://web.archive.org/web/20190416192926/http://www.people.ku.edu/~jyounger/LinearA/misctexts.html
2239,CLINE_2239,PK 1,MA KA I TA,,MA KA I TA,MA KA I TA,MA KA I TA,4,4,1,https://web.archive.org/web/20190416192926/http://www.people.ku.edu/~jyounger/LinearA/misctexts.html
2240,CLINE_2240,PK 1,MA TE TI,,MA TE TI,MA TE TI,MA TE TI,3,3,1,https://web.archive.org/web/20190416192926/http://www.people.ku.edu/~jyounger/LinearA/misctexts.html
2241,CLINE_2241,PK 1,MA TI ZA I TE,,MA TI ZA I TE,MA TI ZA I TE,MA TI ZA I TE,5,5,1,https://web.archive.org/web/20190416192926/http://www.people.ku.edu/~jyounger/LinearA/misctexts.html
2242,CLINE_2242,PK 1,NI MI,,NI MI,NI MI,NI MI,2,2,1,https://web.archive.org/web/20190416192926/http://www.people.ku.edu/~jyounger/LinearA/misctexts.html
2243,CLINE_2243,PK 1,O KA MI ZA SI I NA,,O KA MI ZA SI I NA,O KA MI ZA SI I NA,O KA MI ZA SI I NA,7,7,1,https://web.archive.org/web/20190416192926/http://www.people.ku.edu/~jyounger/LinearA/misctexts.html
2244,CLINE_2244,PK 1,O TE JA,,O TE JA,O TE JA,O TE JA,3,3,1,https://web.archive.org/web/20190416192926/http://www.people.ku.edu/~jyounger/LinearA/misctexts.html
2245,CLINE_2245,PK 1,RA NA TU SU,,RA NA TU SU,RA NA TU SU,RA NA TU SU,4,4,1,https://web.archive.org/web/20190416192926/http://www.people.ku.edu/~jyounger/LinearA/misctexts.html
2246,CLINE_2246,PK 1,SI NE TI,,SI NE TI,SI NE TI,SI NE TI,3,3,1,https://web.archive.org/web/20190416192926/http://www.people.ku.edu/~jyounger/LinearA/misctexts.html
2247,CLINE_2247,PK 1,TA2 TA RE,,TA2 TA RE,TA2 TA RE,TA2 TA RE,3,3,1,https://web.archive.org/web/20190416192926/http://www.people.ku.edu/~jyounger/LinearA/misctexts.html
2248,CLINE_2248,PK 1,TA2 TI TE,,TA2 TI TE,TA2 TI TE,TA2 TI TE,3,3,1,https://web.archive.org/web/20190416192926/http://www.people.ku.edu/~jyounger/LinearA/misctexts.html
2249,CLINE_2249,PK 1,TU SU,,TU SU,TU SU,TU SU,2,2,1,https://web.archive.org/web/20190416192926/http://www.people.ku.edu/~jyounger/LinearA/misctexts.html
2250,CLINE_2250,PK 3,DA RE,,DA RE,DA RE,DA RE,2,2,1,https://web.archive.org/web/20190416192926/http://www.people.ku.edu/~jyounger/LinearA/misctexts.html
2251,CLINE_2251,PS ZA 2,?? RE I KE,,?? RE I KE,?? RE I KE,?? RE I KE,4,4,1,https://web.archive.org/web/20190416192926/http://www.people.ku.edu/~jyounger/LinearA/misctexts.html
2252,CLINE_2252,PS ZA 2,AB27 AB28 AB44,,AB27 AB28 AB44,AB27 AB28 AB44,AB27 AB28 AB44,3,3,1,http://sigla.phis.me/document/PS%20Za%202/index-word.html
2253,CLINE_2253,PS ZA 2,AB57 AB31 AB31 AB60 AB13,,AB57 AB31 AB31 AB60 AB13,AB57 AB31 AB31 AB60 AB13,AB57 AB31 AB31 AB60 AB13,5,5,1,http://sigla.phis.me/document/PS%20Za%202/index-word.html
2254,CLINE_2254,PS ZA 2,AB57 AB37,,AB57 AB37,AB57 AB37,AB57 AB37,2,2,1,http://sigla.phis.me/document/PS%20Za%202/index-word.html
2255,CLINE_2255,PS ZA 2,AB59 AB06 AB28 A301 AB37,,AB59 AB06 AB28 A301 AB37,AB59 AB06 AB28 A301 AB37,AB59 AB06 AB28 A301 AB37,5,5,1,http://sigla.phis.me/document/PS%20Za%202/index-word.html
2256,CLINE_2256,PS ZA 2,RO VINA,,RO VINA,RO VINA,RO VINA,2,2,1,https://web.archive.org/web/20190416192926/http://www.people.ku.edu/~jyounger/LinearA/misctexts.html
2257,CLINE_2257,PS ZA 2,TA NA I TI ? JA TI JA SA SA RA ME,,TA NA I TI ? JA TI JA SA SA RA ME,TA NA I TI ? JA TI JA SA SA RA ME,TA NA I TI ? JA TI JA SA SA RA ME,12,12,1,https://web.archive.org/web/20190416192926/http://www.people.ku.edu/~jyounger/LinearA/misctexts.html
2258,CLINE_2258,PS ZA 2,TI MA RU WI TE,,TI MA RU WI TE,TI MA RU WI TE,TI MA RU WI TE,5,5,1,https://web.archive.org/web/20190416192926/http://www.people.ku.edu/~jyounger/LinearA/misctexts.html
2259,CLINE_2259,PYR 1,AB37 AB80 AB26 AB40 AB04,,AB37 AB80 AB26 AB40 AB04,AB37 AB80 AB26 AB40 AB04,AB37 AB80 AB26 AB40 AB04,5,5,1,http://sigla.phis.me/document/PYR%201/index-word.html
2260,CLINE_2260,SY ZA 4,AB08 AB59 AB28 A301 AB54 AB57,,AB08 AB59 AB28 A301 AB54 AB57,AB08 AB59 AB28 A301 AB54 AB57,AB08 AB59 AB28 A301 AB54 AB57,6,6,1,http://sigla.phis.me/document/SY%20Za%204/index-word.html
2261,CLINE_2261,SY ZA 4,AB56 AB30 AB40,,AB56 AB30 AB40,AB56 AB30 AB40,AB56 AB30 AB40,3,3,1,http://sigla.phis.me/document/SY%20Za%204/index-word.html
2262,CLINE_2262,SY ZA 4,AB57 AB28 AB48 AB17,,AB57 AB28 AB48 AB17,AB57 AB28 AB48 AB17,AB57 AB28 AB48 AB17,4,4,1,http://sigla.phis.me/document/SY%20Za%204/index-word.html
2263,CLINE_2263,THE TABLET 4,]OVIS,,]OVIS,]OVIS,]OVIS,1,1,1,https://web.archive.org/web/20190416192926/http://www.people.ku.edu/~jyounger/LinearA/misctexts.html
2264,CLINE_2264,THE TABLET 5,TE ME DA I[,,TE ME DA I[,TE ME DA I[,TE ME DA I[,4,4,1,https://web.archive.org/web/20190416192926/http://www.people.ku.edu/~jyounger/LinearA/misctexts.html
2265,CLINE_2265,THE TABLET 6,]TELA SE,,]TELA SE,]TELA SE,]TELA SE,2,2,1,https://web.archive.org/web/20190416192926/http://www.people.ku.edu/~jyounger/LinearA/misctexts.html
2266,CLINE_2266,TY 2,*309A DA PU[,,*309A DA PU[,*309A DA PU[,*309A DA PU[,3,3,1,https://web.archive.org/web/20190416192926/http://www.people.ku.edu/~jyounger/LinearA/misctexts.html
2267,CLINE_2267,TY 2,*309A JU KI,,*309A JU KI,*309A JU KI,*309A JU KI,3,3,1,https://web.archive.org/web/20190416192926/http://www.people.ku.edu/~jyounger/LinearA/misctexts.html
2268,CLINE_2268,TY 2,*309A RI JU,,*309A RI JU,*309A RI JU,*309A RI JU,3,3,1,https://web.archive.org/web/20190416192926/http://www.people.ku.edu/~jyounger/LinearA/misctexts.html
2269,CLINE_2269,TY 2,*309A RI WA JU,,*309A RI WA JU,*309A RI WA JU,*309A RI WA JU,4,4,1,https://web.archive.org/web/20190416192926/http://www.people.ku.edu/~jyounger/LinearA/misctexts.html
2270,CLINE_2270,TY 2,*309B KI PU,,*309B KI PU,*309B KI PU,*309B KI PU,3,3,1,https://web.archive.org/web/20190416192926/http://www.people.ku.edu/~jyounger/LinearA/misctexts.html
2271,CLINE_2271,TY 2,*309B PU PI,,*309B PU PI,*309B PU PI,*309B PU PI,3,3,1,https://web.archive.org/web/20190416192926/http://www.people.ku.edu/~jyounger/LinearA/misctexts.html
2272,CLINE_2272,TY 2,*309B[,,*309B[,*309B[,*309B[,1,1,1,https://web.archive.org/web/20190416192926/http://www.people.ku.edu/~jyounger/LinearA/misctexts.html
2273,CLINE_2273,TY 2,*309C DA JU,,*309C DA JU,*309C DA JU,*309C DA JU,3,3,1,https://web.archive.org/web/20190416192926/http://www.people.ku.edu/~jyounger/LinearA/misctexts.html
2274,CLINE_2274,TY 2,*309C RU KA,,*309C RU KA,*309C RU KA,*309C RU KA,3,3,1,https://web.archive.org/web/20190416192926/http://www.people.ku.edu/~jyounger/LinearA/misctexts.html
2275,CLINE_2275,TY 2,A309A AB65? AB67,,A309A AB65? AB67,A309A AB65? AB67,A309A AB65? AB67,3,3,1,http://sigla.phis.me/document/TY%202/index-word.html
2276,CLINE_2276,TY 2,A309A [?],,A309A [?],A309A [?],A309A [?],2,2,1,http://sigla.phis.me/document/TY%202/index-word.html
2277,CLINE_2277,TY 2,A309A? AB53 AB65?,,A309A? AB53 AB65?,A309A? AB53 AB65?,A309A? AB53 AB65?,3,3,1,http://sigla.phis.me/document/TY%202/index-word.html
2278,CLINE_2278,TY 2,A309A? [?],,A309A? [?],A309A? [?],A309A? [?],2,2,1,http://sigla.phis.me/document/TY%202/index-word.html
2279,CLINE_2279,TY 2,A309A? [?] AB01 AB50,,A309A? [?] AB01 AB50,A309A? [?] AB01 AB50,A309A? [?] AB01 AB50,4,4,1,http://sigla.phis.me/document/TY%202/index-word.html
2280,CLINE_2280,TY 2,A309B,,A309B,A309B,A309B,1,1,1,http://sigla.phis.me/document/TY%202/index-word.html
2281,CLINE_2281,TY 2,A309B AB53? AB65? [?],,A309B AB53? AB65? [?],A309B AB53? AB65? [?],A309B AB53? AB65? [?],4,4,1,http://sigla.phis.me/document/TY%202/index-word.html
2282,CLINE_2282,TY 2,A309B AB53? [?] AB54 AB65?,,A309B AB53? [?] AB54 AB65?,A309B AB53? [?] AB54 AB65?,A309B AB53? [?] AB54 AB65?,5,5,1,http://sigla.phis.me/document/TY%202/index-word.html
2283,CLINE_2283,TY 2,A309B [?] AB34? AB50 AB39,,A309B [?] AB34? AB50 AB39,A309B [?] AB34? AB50 AB39,A309B [?] AB34? AB50 AB39,5,5,1,http://sigla.phis.me/document/TY%202/index-word.html
2284,CLINE_2284,TY 2,A309B [?] AB67 AB50,,A309B [?] AB67 AB50,A309B [?] AB67 AB50,A309B [?] AB67 AB50,4,4,1,http://sigla.phis.me/document/TY%202/index-word.html
2285,CLINE_2285,TY 2,A309C AB53? AB01 [?] AB65?,,A309C AB53? AB01 [?] AB65?,A309C AB53? AB01 [?] AB65?,A309C AB53? AB01 [?] AB65?,5,5,1,http://sigla.phis.me/document/TY%202/index-word.html
2286,CLINE_2286,TY 2,A309C AB53? AB77 AB26,,A309C AB53? AB77 AB26,A309C AB53? AB77 AB26,A309C AB53? AB77 AB26,4,4,1,http://sigla.phis.me/document/TY%202/index-word.html
2287,CLINE_2287,TY 2,AB03 AB01 AB26,,AB03 AB01 AB26,AB03 AB01 AB26,AB03 AB01 AB26,3,3,1,http://sigla.phis.me/document/TY%202/index-word.html
2288,CLINE_2288,TY 2,PA DA RU,,PA DA RU,PA DA RU,PA DA RU,3,3,1,https://web.archive.org/web/20190416192926/http://www.people.ku.edu/~jyounger/LinearA/misctexts.html
2289,CLINE_2289,TY 2,VIR,,VIR,VIR,VIR,1,1,1,https://web.archive.org/web/20190416192926/http://www.people.ku.edu/~jyounger/LinearA/misctexts.html
2290,CLINE_2290,TY 2,]*309B RI JU,,]*309B RI JU,]*309B RI JU,]*309B RI JU,3,3,1,https://web.archive.org/web/20190416192926/http://www.people.ku.edu/~jyounger/LinearA/misctexts.html
2291,CLINE_2291,TY 3,A DA,,A DA,A DA,A DA,2,2,1,https://web.archive.org/web/20190416192926/http://www.people.ku.edu/~jyounger/LinearA/misctexts.html
2292,CLINE_2292,TY 3,A KU TU,,A KU TU,A KU TU,A KU TU,3,3,1,https://web.archive.org/web/20190416192926/http://www.people.ku.edu/~jyounger/LinearA/misctexts.html
2293,CLINE_2293,TY 3,DESUNT,,DESUNT,DESUNT,DESUNT,1,1,1,https://web.archive.org/web/20190416192926/http://www.people.ku.edu/~jyounger/LinearA/misctexts.html
2294,CLINE_2294,TY 3,KI RI SI,,KI RI SI,KI RI SI,KI RI SI,3,3,1,https://web.archive.org/web/20190416192926/http://www.people.ku.edu/~jyounger/LinearA/misctexts.html
2295,CLINE_2295,TY 3,OLE KI,,OLE KI,OLE KI,OLE KI,2,2,3,https://web.archive.org/web/20190416192926/http://www.people.ku.edu/~jyounger/LinearA/misctexts.html
2296,CLINE_2296,TY 3,OLE KI ME,,OLE KI ME,OLE KI ME,OLE KI ME,3,3,1,https://web.archive.org/web/20190416192926/http://www.people.ku.edu/~jyounger/LinearA/misctexts.html
2297,CLINE_2297,TY 3,OLE KI U,,OLE KI U,OLE KI U,OLE KI U,3,3,1,https://web.archive.org/web/20190416192926/http://www.people.ku.edu/~jyounger/LinearA/misctexts.html
2298,CLINE_2298,TY 3,OLE MI,,OLE MI,OLE MI,OLE MI,2,2,3,https://web.archive.org/web/20190416192926/http://www.people.ku.edu/~jyounger/LinearA/misctexts.html
2299,CLINE_2299,TY 3,OLE MI[,,OLE MI[,OLE MI[,OLE MI[,2,2,1,https://web.archive.org/web/20190416192926/http://www.people.ku.edu/~jyounger/LinearA/misctexts.html
2300,CLINE_2300,TY 3,OLE OVISF,,OLE OVISF,OLE OVISF,OLE OVISF,2,2,2,https://web.archive.org/web/20190416192926/http://www.people.ku.edu/~jyounger/LinearA/misctexts.html
2301,CLINE_2301,TY 3,OLE TU,,OLE TU,OLE TU,OLE TU,2,2,1,https://web.archive.org/web/20190416192926/http://www.people.ku.edu/~jyounger/LinearA/misctexts.html
2302,CLINE_2302,TY 3,OLE U,,OLE U,OLE U,OLE U,2,2,3,https://web.archive.org/web/20190416192926/http://www.people.ku.edu/~jyounger/LinearA/misctexts.html
2303,CLINE_2303,TY 3,PA OLE MI[,,PA OLE MI[,PA OLE MI[,PA OLE MI[,3,3,1,https://web.archive.org/web/20190416192926/http://www.people.ku.edu/~jyounger/LinearA/misctexts.html
2304,CLINE_2304,TY 3,PI KU ZU,,PI KU ZU,PI KU ZU,PI KU ZU,3,3,1,https://web.archive.org/web/20190416192926/http://www.people.ku.edu/~jyounger/LinearA/misctexts.html
2305,CLINE_2305,TY 3,]KO A DU WA,,]KO A DU WA,]KO A DU WA,]KO A DU WA,4,4,1,https://web.archive.org/web/20190416192926/http://www.people.ku.edu/~jyounger/LinearA/misctexts.html
2306,CLINE_2306,TY 3,]OLE NE,,]OLE NE,]OLE NE,]OLE NE,2,2,1,https://web.archive.org/web/20190416192926/http://www.people.ku.edu/~jyounger/LinearA/misctexts.html
2307,CLINE_2307,TY 3,]OLIV[,,]OLIV[,]OLIV[,]OLIV[,1,1,1,https://web.archive.org/web/20190416192926/http://www.people.ku.edu/~jyounger/LinearA/misctexts.html
2308,CLINE_2308,TY 3A,AB08 AB01,,AB08 AB01,AB08 AB01,AB08 AB01,2,2,1,http://sigla.phis.me/document/TY%203a/index-word.html
2309,CLINE_2309,TY 3A,AB08 AB51 [?] [?],,AB08 AB51 [?] [?],AB08 AB51 [?] [?],AB08 AB51 [?] [?],4,4,1,http://sigla.phis.me/document/TY%203a/index-word.html
2310,CLINE_2310,TY 3A,AB08 AB81 AB69 A361,,AB08 AB81 AB69 A361,AB08 AB81 AB69 A361,AB08 AB81 AB69 A361,4,4,1,http://sigla.phis.me/document/TY%203a/index-word.html
2311,CLINE_2311,TY 3A,AB17 A321,,AB17 A321,AB17 A321,AB17 A321,2,2,1,http://sigla.phis.me/document/TY%203a/index-word.html
2312,CLINE_2312,TY 3A,AB70 AB08 AB51 AB54,,AB70 AB08 AB51 AB54,AB70 AB08 AB51 AB54,AB70 AB08 AB51 AB54,4,4,1,http://sigla.phis.me/document/TY%203a/index-word.html
2313,CLINE_2313,TY 3B,AB03 AB73,,AB03 AB73,AB03 AB73,AB03 AB73,2,2,1,http://sigla.phis.me/document/TY%203b/index-word.html
2314,CLINE_2314,TY 3B,AB39 AB81 AB79,,AB39 AB81 AB79,AB39 AB81 AB79,AB39 AB81 AB79,3,3,1,http://sigla.phis.me/document/TY%203b/index-word.html
2315,CLINE_2315,TY 3B,AB67 AB53 AB41,,AB67 AB53 AB41,AB67 AB53 AB41,AB67 AB53 AB41,3,3,1,http://sigla.phis.me/document/TY%203b/index-word.html
2316,CLINE_2316,ZA 1,E MI,,E MI,E MI,E MI,2,2,1,https://web.archive.org/web/20190416192926/http://www.people.ku.edu/~jyounger/LinearA/misctexts.html
2317,CLINE_2317,ZA 1,FIC,,FIC,FIC,FIC,1,1,1,https://web.archive.org/web/20190416192926/http://www.people.ku.edu/~jyounger/LinearA/misctexts.html
2318,CLINE_2318,ZA 1,GRA,,GRA,GRA,GRA,1,1,1,https://web.archive.org/web/20190416192926/http://www.people.ku.edu/~jyounger/LinearA/misctexts.html
2319,CLINE_2319,ZA 1,I [?],,I [?],I [?],I [?],2,2,1,https://web.archive.org/web/20190416192926/http://www.people.ku.edu/~jyounger/LinearA/misctexts.html
2320,CLINE_2320,ZA 1,KI RE ZA,,KI RE ZA,KI RE ZA,KI RE ZA,3,3,1,https://web.archive.org/web/20190416192926/http://www.people.ku.edu/~jyounger/LinearA/misctexts.html
2321,CLINE_2321,ZA 10,A DE,,A DE,A DE,A DE,2,2,1,https://web.archive.org/web/20190416192926/http://www.people.ku.edu/~jyounger/LinearA/misctexts.html
2322,CLINE_2322,ZA 10,A DU KU MI NA,,A DU KU MI NA,A DU KU MI NA,A DU KU MI NA,5,5,1,https://web.archive.org/web/20190416192926/http://www.people.ku.edu/~jyounger/LinearA/misctexts.html
2323,CLINE_2323,ZA 10,A KU MI NA,,A KU MI NA,A KU MI NA,A KU MI NA,4,4,1,https://web.archive.org/web/20190416192926/http://www.people.ku.edu/~jyounger/LinearA/misctexts.html
2324,CLINE_2324,ZA 10,A MI DA U,,A MI DA U,A MI DA U,A MI DA U,4,4,1,https://web.archive.org/web/20190416192926/http://www.people.ku.edu/~jyounger/LinearA/misctexts.html
2325,CLINE_2325,ZA 10,A MI TA,,A MI TA,A MI TA,A MI TA,3,3,1,https://web.archive.org/web/20190416192926/http://www.people.ku.edu/~jyounger/LinearA/misctexts.html
2326,CLINE_2326,ZA 10,A TA NA TE,,A TA NA TE,A TA NA TE,A TA NA TE,4,4,1,https://web.archive.org/web/20190416192926/http://www.people.ku.edu/~jyounger/LinearA/misctexts.html
2327,CLINE_2327,ZA 10,DA I PI TA,,DA I PI TA,DA I PI TA,DA I PI TA,4,4,1,https://web.archive.org/web/20190416192926/http://www.people.ku.edu/~jyounger/LinearA/misctexts.html
2328,CLINE_2328,ZA 10,DU RE ZA SE,,DU RE ZA SE,DU RE ZA SE,DU RE ZA SE,4,4,2,https://web.archive.org/web/20190416192926/http://www.people.ku.edu/~jyounger/LinearA/misctexts.html
2329,CLINE_2329,ZA 10,KA KU NE TE,,KA KU NE TE,KA KU NE TE,KA KU NE TE,4,4,1,https://web.archive.org/web/20190416192926/http://www.people.ku.edu/~jyounger/LinearA/misctexts.html
2330,CLINE_2330,ZA 10,MA KI DE TE,,MA KI DE TE,MA KI DE TE,MA KI DE TE,4,4,1,https://web.archive.org/web/20190416192926/http://www.people.ku.edu/~jyounger/LinearA/misctexts.html
2331,CLINE_2331,ZA 10,MA ZA,,MA ZA,MA ZA,MA ZA,2,2,1,https://web.archive.org/web/20190416192926/http://www.people.ku.edu/~jyounger/LinearA/misctexts.html
2332,CLINE_2332,ZA 10,PA JA RE,,PA JA RE,PA JA RE,PA JA RE,3,3,1,https://web.archive.org/web/20190416192926/http://www.people.ku.edu/~jyounger/LinearA/misctexts.html
2333,CLINE_2333,ZA 10,PA [?],,PA [?],PA [?],PA [?],2,2,1,https://web.archive.org/web/20190416192926/http://www.people.ku.edu/~jyounger/LinearA/misctexts.html
2334,CLINE_2334,ZA 10,RA2 RO RE,,RA2 RO RE,RA2 RO RE,RA2 RO RE,3,3,1,https://web.archive.org/web/20190416192926/http://www.people.ku.edu/~jyounger/LinearA/misctexts.html
2335,CLINE_2335,ZA 10,SA MA,,SA MA,SA MA,SA MA,2,2,1,https://web.archive.org/web/20190416192926/http://www.people.ku.edu/~jyounger/LinearA/misctexts.html
2336,CLINE_2336,ZA 10,TA NA TE,,TA NA TE,TA NA TE,TA NA TE,3,3,1,https://web.archive.org/web/20190416192926/http://www.people.ku.edu/~jyounger/LinearA/misctexts.html
2337,CLINE_2337,ZA 10,VINB,,VINB,VINB,VINB,1,1,1,https://web.archive.org/web/20190416192926/http://www.people.ku.edu/~jyounger/LinearA/misctexts.html
2338,CLINE_2338,ZA 10A,AB01 AB28 AB39 AB59,,AB01 AB28 AB39 AB59,AB01 AB28 AB39 AB59,AB01 AB28 AB39 AB59,4,4,1,http://sigla.phis.me/document/ZA%2010a/index-word.html
2339,CLINE_2339,ZA 10A,AB08 AB51 AB81 AB73 AB06,,AB08 AB51 AB81 AB73 AB06,AB08 AB51 AB81 AB73 AB06,AB08 AB51 AB81 AB73 AB06,5,5,1,http://sigla.phis.me/document/ZA%2010a/index-word.html
2340,CLINE_2340,ZA 10A,AB08 AB59 AB06 AB04,,AB08 AB59 AB06 AB04,AB08 AB59 AB06 AB04,AB08 AB59 AB06 AB04,4,4,1,http://sigla.phis.me/document/ZA%2010a/index-word.html
2341,CLINE_2341,ZA 10A,AB08 AB73 AB01 AB10,,AB08 AB73 AB01 AB10,AB08 AB73 AB01 AB10,AB08 AB73 AB01 AB10,4,4,1,http://sigla.phis.me/document/ZA%2010a/index-word.html
2342,CLINE_2342,ZA 10A,AB08 AB81 AB73 AB06,,AB08 AB81 AB73 AB06,AB08 AB81 AB73 AB06,AB08 AB81 AB73 AB06,4,4,1,http://sigla.phis.me/document/ZA%2010a/index-word.html
2343,CLINE_2343,ZA 10A,AB51 AB27 AB17 AB09,,AB51 AB27 AB17 AB09,AB51 AB27 AB17 AB09,AB51 AB27 AB17 AB09,4,4,1,http://sigla.phis.me/document/ZA%2010a/index-word.html
2344,CLINE_2344,ZA 10A,AB59 AB06 AB04,,AB59 AB06 AB04,AB59 AB06 AB04,AB59 AB06 AB04,3,3,1,http://sigla.phis.me/document/ZA%2010a/index-word.html
2345,CLINE_2345,ZA 10B,AB03 AB57 AB27,,AB03 AB57 AB27,AB03 AB57 AB27,AB03 AB57 AB27,3,3,1,http://sigla.phis.me/document/ZA%2010b/index-word.html
2346,CLINE_2346,ZA 10B,AB08 AB45,,AB08 AB45,AB08 AB45,AB08 AB45,2,2,1,http://sigla.phis.me/document/ZA%2010b/index-word.html
2347,CLINE_2347,ZA 10B,AB08 AB73 AB59,,AB08 AB73 AB59,AB08 AB73 AB59,AB08 AB73 AB59,3,3,1,http://sigla.phis.me/document/ZA%2010b/index-word.html
2348,CLINE_2348,ZA 10B,AB10 AB49,,AB10 AB49,AB10 AB49,AB10 AB49,2,2,1,http://sigla.phis.me/document/ZA%2010b/index-word.html
2349,CLINE_2349,ZA 10B,AB31 AB80,,AB31 AB80,AB31 AB80,AB31 AB80,2,2,1,http://sigla.phis.me/document/ZA%2010b/index-word.html
2350,CLINE_2350,ZA 10B,AB51 AB27 AB17 AB09,,AB51 AB27 AB17 AB09,AB51 AB27 AB17 AB09,AB51 AB27 AB17 AB09,4,4,1,http://sigla.phis.me/document/ZA%2010b/index-word.html
2351,CLINE_2351,ZA 10B,AB54 A362,,AB54 A362,AB54 A362,AB54 A362,2,2,1,http://sigla.phis.me/document/ZA%2010b/index-word.html
2352,CLINE_2352,ZA 10B,AB76 AB02 AB27,,AB76 AB02 AB27,AB76 AB02 AB27,AB76 AB02 AB27,3,3,1,http://sigla.phis.me/document/ZA%2010b/index-word.html
2353,CLINE_2353,ZA 10B,AB77 AB81 AB24 AB04,,AB77 AB81 AB24 AB04,AB77 AB81 AB24 AB04,AB77 AB81 AB24 AB04,4,4,1,http://sigla.phis.me/document/ZA%2010b/index-word.html
2354,CLINE_2354,ZA 10B,AB80 AB17,,AB80 AB17,AB80 AB17,AB80 AB17,2,2,1,http://sigla.phis.me/document/ZA%2010b/index-word.html
2355,CLINE_2355,ZA 10B,AB80 AB67 AB45 AB04,,AB80 AB67 AB45 AB04,AB80 AB67 AB45 AB04,AB80 AB67 AB45 AB04,4,4,1,http://sigla.phis.me/document/ZA%2010b/index-word.html
2356,CLINE_2356,ZA 11,DI DI KO RA ME[ ]TA2,,DI DI KO RA ME[ ]TA2,DI DI KO RA ME[ ]TA2,DI DI KO RA ME[ ]TA2,6,6,1,https://web.archive.org/web/20190416192926/http://www.people.ku.edu/~jyounger/LinearA/misctexts.html
2357,CLINE_2357,ZA 11,E TO RI,,E TO RI,E TO RI,E TO RI,3,3,1,https://web.archive.org/web/20190416192926/http://www.people.ku.edu/~jyounger/LinearA/misctexts.html
2358,CLINE_2358,ZA 11,GRA PA,,GRA PA,GRA PA,GRA PA,2,2,3,https://web.archive.org/web/20190416192926/http://www.people.ku.edu/~jyounger/LinearA/misctexts.html
2359,CLINE_2359,ZA 11,GRA PA[,,GRA PA[,GRA PA[,GRA PA[,2,2,1,https://web.archive.org/web/20190416192926/http://www.people.ku.edu/~jyounger/LinearA/misctexts.html
2360,CLINE_2360,ZA 11,I OLIV,,I OLIV,I OLIV,I OLIV,2,2,1,https://web.archive.org/web/20190416192926/http://www.people.ku.edu/~jyounger/LinearA/misctexts.html
2361,CLINE_2361,ZA 11,I [?],,I [?],I [?],I [?],2,2,2,https://web.archive.org/web/20190416192926/http://www.people.ku.edu/~jyounger/LinearA/misctexts.html
2362,CLINE_2362,ZA 11,KU PA,,KU PA,KU PA,KU PA,2,2,2,https://web.archive.org/web/20190416192926/http://www.people.ku.edu/~jyounger/LinearA/misctexts.html
2363,CLINE_2363,ZA 11,PI A[,,PI A[,PI A[,PI A[,2,2,1,https://web.archive.org/web/20190416192926/http://www.people.ku.edu/~jyounger/LinearA/misctexts.html
2364,CLINE_2364,ZA 11,QE GRA PA,,QE GRA PA,QE GRA PA,QE GRA PA,3,3,1,https://web.archive.org/web/20190416192926/http://www.people.ku.edu/~jyounger/LinearA/misctexts.html
2365,CLINE_2365,ZA 11,RA MA SI,,RA MA SI,RA MA SI,RA MA SI,3,3,1,https://web.archive.org/web/20190416192926/http://www.people.ku.edu/~jyounger/LinearA/misctexts.html
2366,CLINE_2366,ZA 11,SA RI,,SA RI,SA RI,SA RI,2,2,1,https://web.archive.org/web/20190416192926/http://www.people.ku.edu/~jyounger/LinearA/misctexts.html
2367,CLINE_2367,ZA 11,VINA,,VINA,VINA,VINA,1,1,2,https://web.archive.org/web/20190416192926/http://www.people.ku.edu/~jyounger/LinearA/misctexts.html
2368,CLINE_2368,ZA 11,]E KU RU,,]E KU RU,]E KU RU,]E KU RU,3,3,1,https://web.archive.org/web/20190416192926/http://www.people.ku.edu/~jyounger/LinearA/misctexts.html
2369,CLINE_2369,ZA 11,]I DE[,,]I DE[,]I DE[,]I DE[,2,2,1,https://web.archive.org/web/20190416192926/http://www.people.ku.edu/~jyounger/LinearA/misctexts.html
2370,CLINE_2370,ZA 11,]OLIV,,]OLIV,]OLIV,]OLIV,1,1,1,https://web.archive.org/web/20190416192926/http://www.people.ku.edu/~jyounger/LinearA/misctexts.html
2371,CLINE_2371,ZA 11A,AB07 AB07 AB70 AB60 AB13 AB66,,AB07 AB07 AB70 AB60 AB13 AB66,AB07 AB07 AB70 AB60 AB13 AB66,AB07 AB07 AB70 AB60 AB13 AB66,6,6,1,http://sigla.phis.me/document/ZA%2011a/index-word.html
2372,CLINE_2372,ZA 11A,AB38 AB81 AB26,,AB38 AB81 AB26,AB38 AB81 AB26,AB38 AB81 AB26,3,3,1,http://sigla.phis.me/document/ZA%2011a/index-word.html
2373,CLINE_2373,ZA 11A,AB39 A310 AB08,,AB39 A310 AB08,AB39 A310 AB08,AB39 A310 AB08,3,3,1,http://sigla.phis.me/document/ZA%2011a/index-word.html
2374,CLINE_2374,ZA 11A,AB60 AB80 AB41,,AB60 AB80 AB41,AB60 AB80 AB41,AB60 AB80 AB41,3,3,1,http://sigla.phis.me/document/ZA%2011a/index-word.html
2375,CLINE_2375,ZA 11A,AB81 AB03,,AB81 AB03,AB81 AB03,AB81 AB03,2,2,1,http://sigla.phis.me/document/ZA%2011a/index-word.html
2376,CLINE_2376,ZA 11B,AB28 AB45,,AB28 AB45,AB28 AB45,AB28 AB45,2,2,1,http://sigla.phis.me/document/ZA%2011b/index-word.html
2377,CLINE_2377,ZA 11B,AB31 A301 AB53,,AB31 A301 AB53,AB31 A301 AB53,AB31 A301 AB53,3,3,1,http://sigla.phis.me/document/ZA%2011b/index-word.html
2378,CLINE_2378,ZA 11B,AB38 AB05 AB53,,AB38 AB05 AB53,AB38 AB05 AB53,AB38 AB05 AB53,3,3,1,http://sigla.phis.me/document/ZA%2011b/index-word.html
2379,CLINE_2379,ZA 11B,AB81 AB03,,AB81 AB03,AB81 AB03,AB81 AB03,2,2,1,http://sigla.phis.me/document/ZA%2011b/index-word.html
2380,CLINE_2380,ZA 12,PA [?],,PA [?],PA [?],PA [?],2,2,2,https://web.archive.org/web/20190416192926/http://www.people.ku.edu/~jyounger/LinearA/misctexts.html
2381,CLINE_2381,ZA 13,[?] AB58 AB03,,[?] AB58 AB03,[?] AB58 AB03,[?] AB58 AB03,3,3,1,http://sigla.phis.me/document/ZA%2013/index-word.html
2382,CLINE_2382,ZA 14,AB03 AB55 AB78,,AB03 AB55 AB78,AB03 AB55 AB78,AB03 AB55 AB78,3,3,1,http://sigla.phis.me/document/ZA%2014/index-word.html
2383,CLINE_2383,ZA 14,AB13 AB67 AB07,,AB13 AB67 AB07,AB13 AB67 AB07,AB13 AB67 AB07,3,3,1,http://sigla.phis.me/document/ZA%2014/index-word.html
2384,CLINE_2384,ZA 14,AB16 AB37 AB65,,AB16 AB37 AB65,AB16 AB37 AB65,AB16 AB37 AB65,3,3,1,http://sigla.phis.me/document/ZA%2014/index-word.html
2385,CLINE_2385,ZA 14,AB21F AB118,,AB21F AB118,AB21F AB118,AB21F AB118,2,2,1,http://sigla.phis.me/document/ZA%2014/index-word.html
2386,CLINE_2386,ZA 14,AB50 AB30 AB77 A363,,AB50 AB30 AB77 A363,AB50 AB30 AB77 A363,AB50 AB30 AB77 A363,4,4,1,http://sigla.phis.me/document/ZA%2014/index-word.html
2387,CLINE_2387,ZA 14,AB57 AB40,,AB57 AB40,AB57 AB40,AB57 AB40,2,2,1,http://sigla.phis.me/document/ZA%2014/index-word.html
2388,CLINE_2388,ZA 14,AB69 AB73 AB37 AB17 AB09,,AB69 AB73 AB37 AB17 AB09,AB69 AB73 AB37 AB17 AB09,AB69 AB73 AB37 AB17 AB09,5,5,1,http://sigla.phis.me/document/ZA%2014/index-word.html
2389,CLINE_2389,ZA 14,AB81 AB39,,AB81 AB39,AB81 AB39,AB81 AB39,2,2,1,http://sigla.phis.me/document/ZA%2014/index-word.html
2390,CLINE_2390,ZA 14,JA WI[,,JA WI[,JA WI[,JA WI[,2,2,1,https://web.archive.org/web/20190416192926/http://www.people.ku.edu/~jyounger/LinearA/misctexts.html
2391,CLINE_2391,ZA 14,KU PI,,KU PI,KU PI,KU PI,2,2,1,https://web.archive.org/web/20190416192926/http://www.people.ku.edu/~jyounger/LinearA/misctexts.html
2392,CLINE_2392,ZA 14,ME KI DI,,ME KI DI,ME KI DI,ME KI DI,3,3,1,https://web.archive.org/web/20190416192926/http://www.people.ku.edu/~jyounger/LinearA/misctexts.html
2393,CLINE_2393,ZA 14,PA NU QE,,PA NU QE,PA NU QE,PA NU QE,3,3,1,https://web.archive.org/web/20190416192926/http://www.people.ku.edu/~jyounger/LinearA/misctexts.html
2394,CLINE_2394,ZA 14,PU NI KA SO,,PU NI KA SO,PU NI KA SO,PU NI KA SO,4,4,1,https://web.archive.org/web/20190416192926/http://www.people.ku.edu/~jyounger/LinearA/misctexts.html
2395,CLINE_2395,ZA 14,QA TI JU,,QA TI JU,QA TI JU,QA TI JU,3,3,1,https://web.archive.org/web/20190416192926/http://www.people.ku.edu/~jyounger/LinearA/misctexts.html
2396,CLINE_2396,ZA 14,TU MI TI ZA SE,,TU MI TI ZA SE,TU MI TI ZA SE,TU MI TI ZA SE,5,5,1,https://web.archive.org/web/20190416192926/http://www.people.ku.edu/~jyounger/LinearA/misctexts.html
2397,CLINE_2397,ZA 15,I TI NI SA,,I TI NI SA,I TI NI SA,I TI NI SA,4,4,1,https://web.archive.org/web/20190416192926/http://www.people.ku.edu/~jyounger/LinearA/misctexts.html
2398,CLINE_2398,ZA 15,IB NU MA RE,,IB NU MA RE,IB NU MA RE,IB NU MA RE,4,4,1,https://web.archive.org/web/20190416192926/http://www.people.ku.edu/~jyounger/LinearA/misctexts.html
2399,CLINE_2399,ZA 15,JA SA MU,,JA SA MU,JA SA MU,JA SA MU,3,3,1,https://web.archive.org/web/20190416192926/http://www.people.ku.edu/~jyounger/LinearA/misctexts.html
2400,CLINE_2400,ZA 15,KA DI,,KA DI,KA DI,KA DI,2,2,1,https://web.archive.org/web/20190416192926/http://www.people.ku.edu/~jyounger/LinearA/misctexts.html
2401,CLINE_2401,ZA 15,KU NA,,KU NA,KU NA,KU NA,2,2,1,https://web.archive.org/web/20190416192926/http://www.people.ku.edu/~jyounger/LinearA/misctexts.html
2402,CLINE_2402,ZA 15,KU RO,,KU RO,KU RO,KU RO,2,2,1,https://web.archive.org/web/20190416192926/http://www.people.ku.edu/~jyounger/LinearA/misctexts.html
2403,CLINE_2403,ZA 15,ME VINA,,ME VINA,ME VINA,ME VINA,2,2,1,https://web.archive.org/web/20190416192926/http://www.people.ku.edu/~jyounger/LinearA/misctexts.html
2404,CLINE_2404,ZA 15,MI ZA SE,,MI ZA SE,MI ZA SE,MI ZA SE,3,3,1,https://web.archive.org/web/20190416192926/http://www.people.ku.edu/~jyounger/LinearA/misctexts.html
2405,CLINE_2405,ZA 15,QE SI ZU E,,QE SI ZU E,QE SI ZU E,QE SI ZU E,4,4,1,https://web.archive.org/web/20190416192926/http://www.people.ku.edu/~jyounger/LinearA/misctexts.html
2406,CLINE_2406,ZA 15,SA MI DA E,,SA MI DA E,SA MI DA E,SA MI DA E,4,4,1,https://web.archive.org/web/20190416192926/http://www.people.ku.edu/~jyounger/LinearA/misctexts.html
2407,CLINE_2407,ZA 15,SA VINA,,SA VINA,SA VINA,SA VINA,2,2,1,https://web.archive.org/web/20190416192926/http://www.people.ku.edu/~jyounger/LinearA/misctexts.html
2408,CLINE_2408,ZA 15,SI PI KI,,SI PI KI,SI PI KI,SI PI KI,3,3,1,https://web.archive.org/web/20190416192926/http://www.people.ku.edu/~jyounger/LinearA/misctexts.html
2409,CLINE_2409,ZA 15,SO KE MA SE,,SO KE MA SE,SO KE MA SE,SO KE MA SE,4,4,1,https://web.archive.org/web/20190416192926/http://www.people.ku.edu/~jyounger/LinearA/misctexts.html
2410,CLINE_2410,ZA 15,VINA,,VINA,VINA,VINA,1,1,2,https://web.archive.org/web/20190416192926/http://www.people.ku.edu/~jyounger/LinearA/misctexts.html
2411,CLINE_2411,ZA 15,VINA RA,,VINA RA,VINA RA,VINA RA,2,2,1,https://web.archive.org/web/20190416192926/http://www.people.ku.edu/~jyounger/LinearA/misctexts.html
2412,CLINE_2412,ZA 15A,A364 AB44 AB80 AB09,,A364 AB44 AB80 AB09,A364 AB44 AB80 AB09,A364 AB44 AB80 AB09,4,4,1,http://sigla.phis.me/document/ZA%2015a/index-word.html
2413,CLINE_2413,ZA 15A,AB28 AB37 AB30 AB31,,AB28 AB37 AB30 AB31,AB28 AB37 AB30 AB31,AB28 AB37 AB30 AB31,4,4,1,http://sigla.phis.me/document/ZA%2015a/index-word.html
2414,CLINE_2414,ZA 15A,AB28B AB55 AB80 AB27,,AB28B AB55 AB80 AB27,AB28B AB55 AB80 AB27,AB28B AB55 AB80 AB27,4,4,1,http://sigla.phis.me/document/ZA%2015a/index-word.html
2415,CLINE_2415,ZA 15A,AB41 [?] AB67,,AB41 [?] AB67,AB41 [?] AB67,AB41 [?] AB67,3,3,1,http://sigla.phis.me/document/ZA%2015a/index-word.html
2416,CLINE_2416,ZA 15A,AB47 AB81 AB06,,AB47 AB81 AB06,AB47 AB81 AB06,AB47 AB81 AB06,3,3,1,http://sigla.phis.me/document/ZA%2015a/index-word.html
2417,CLINE_2417,ZA 15A,AB57 AB31 AB23,,AB57 AB31 AB23,AB57 AB31 AB23,AB57 AB31 AB23,3,3,1,http://sigla.phis.me/document/ZA%2015a/index-word.html
2418,CLINE_2418,ZA 15A,AB73 AB01 AB38,,AB73 AB01 AB38,AB73 AB01 AB38,AB73 AB01 AB38,3,3,1,http://sigla.phis.me/document/ZA%2015a/index-word.html
2419,CLINE_2419,ZA 15A,AB73 AB17 AB09,,AB73 AB17 AB09,AB73 AB17 AB09,AB73 AB17 AB09,3,3,1,http://sigla.phis.me/document/ZA%2015a/index-word.html
2420,CLINE_2420,ZA 15A,AB78 AB41 AB79 AB38,,AB78 AB41 AB79 AB38,AB78 AB41 AB79 AB38,AB78 AB41 AB79 AB38,4,4,1,http://sigla.phis.me/document/ZA%2015a/index-word.html
2421,CLINE_2421,ZA 15B,AB77 AB07,,AB77 AB07,AB77 AB07,AB77 AB07,2,2,1,http://sigla.phis.me/document/ZA%2015b/index-word.html
2422,CLINE_2422,ZA 15B,AB81 AB02,,AB81 AB02,AB81 AB02,AB81 AB02,2,2,1,http://sigla.phis.me/document/ZA%2015b/index-word.html
2423,CLINE_2423,ZA 16,DESUNT,,DESUNT,DESUNT,DESUNT,1,1,1,https://web.archive.org/web/20190416192926/http://www.people.ku.edu/~jyounger/LinearA/misctexts.html
2424,CLINE_2424,ZA 16,[?] AB41,,[?] AB41,[?] AB41,[?] AB41,2,2,1,http://sigla.phis.me/document/ZA%2016/index-word.html
2425,CLINE_2425,ZA 18,DA RE KU[,,DA RE KU[,DA RE KU[,DA RE KU[,3,3,1,https://web.archive.org/web/20190416192926/http://www.people.ku.edu/~jyounger/LinearA/misctexts.html
2426,CLINE_2426,ZA 18,GRA PA,,GRA PA,GRA PA,GRA PA,2,2,1,https://web.archive.org/web/20190416192926/http://www.people.ku.edu/~jyounger/LinearA/misctexts.html
2427,CLINE_2427,ZA 18,OLE KI,,OLE KI,OLE KI,OLE KI,2,2,1,https://web.archive.org/web/20190416192926/http://www.people.ku.edu/~jyounger/LinearA/misctexts.html
2428,CLINE_2428,ZA 18,OLIV,,OLIV,OLIV,OLIV,1,1,1,https://web.archive.org/web/20190416192926/http://www.people.ku.edu/~jyounger/LinearA/misctexts.html
2429,CLINE_2429,ZA 18A,AB01 AB27 AB81,,AB01 AB27 AB81,AB01 AB27 AB81,AB01 AB27 AB81,3,3,1,http://sigla.phis.me/document/ZA%2018a/index-word.html
2430,CLINE_2430,ZA 18A,AB81 A321,,AB81 A321,AB81 A321,AB81 A321,2,2,1,http://sigla.phis.me/document/ZA%2018a/index-word.html
2431,CLINE_2431,ZA 19,AB60 AB04 [?],,AB60 AB04 [?],AB60 AB04 [?],AB60 AB04 [?],3,3,1,http://sigla.phis.me/document/ZA%2019/index-word.html
2432,CLINE_2432,ZA 19,]RA TE,,]RA TE,]RA TE,]RA TE,2,2,1,https://web.archive.org/web/20190416192926/http://www.people.ku.edu/~jyounger/LinearA/misctexts.html
2433,CLINE_2433,ZA 1A,AB67 AB27 AB17,,AB67 AB27 AB17,AB67 AB27 AB17,AB67 AB27 AB17,3,3,1,http://sigla.phis.me/document/ZA%201a/index-word.html
2434,CLINE_2434,ZA 1B,AB02,,AB02,AB02,AB02,1,1,1,http://sigla.phis.me/document/ZA%201b/index-word.html
2435,CLINE_2435,ZA 1B,AB38 AB73 [?],,AB38 AB73 [?],AB38 AB73 [?],AB38 AB73 [?],3,3,1,http://sigla.phis.me/document/ZA%201b/index-word.html
2436,CLINE_2436,ZA 20,AB04 AB123,,AB04 AB123,AB04 AB123,AB04 AB123,2,2,1,http://sigla.phis.me/document/ZA%2020/index-word.html
2437,CLINE_2437,ZA 20,AB26 AB80 AB59 AB09,,AB26 AB80 AB59 AB09,AB26 AB80 AB59 AB09,AB26 AB80 AB59 AB09,4,4,1,http://sigla.phis.me/document/ZA%2020/index-word.html
2438,CLINE_2438,ZA 20,AB41 AB04 AB69,,AB41 AB04 AB69,AB41 AB04 AB69,AB41 AB04 AB69,3,3,1,http://sigla.phis.me/document/ZA%2020/index-word.html
2439,CLINE_2439,ZA 20,AB41 AB69,,AB41 AB69,AB41 AB69,AB41 AB69,2,2,1,http://sigla.phis.me/document/ZA%2020/index-word.html
2440,CLINE_2440,ZA 20,AB51 AB27 AB17 AB09,,AB51 AB27 AB17 AB09,AB51 AB27 AB17 AB09,AB51 AB27 AB17 AB09,4,4,1,http://sigla.phis.me/document/ZA%2020/index-word.html
2441,CLINE_2441,ZA 20,AB73 [?] [?],,AB73 [?] [?],AB73 [?] [?],AB73 [?] [?],3,3,1,http://sigla.phis.me/document/ZA%2020/index-word.html
2442,CLINE_2442,ZA 20,AB81 AB60,,AB81 AB60,AB81 AB60,AB81 AB60,2,2,1,http://sigla.phis.me/document/ZA%2020/index-word.html
2443,CLINE_2443,ZA 20,KU RA,,KU RA,KU RA,KU RA,2,2,1,https://web.archive.org/web/20190416192926/http://www.people.ku.edu/~jyounger/LinearA/misctexts.html
2444,CLINE_2444,ZA 20,RU MA TA SE,,RU MA TA SE,RU MA TA SE,RU MA TA SE,4,4,1,https://web.archive.org/web/20190416192926/http://www.people.ku.edu/~jyounger/LinearA/misctexts.html
2445,CLINE_2445,ZA 20,SI TE TU,,SI TE TU,SI TE TU,SI TE TU,3,3,1,https://web.archive.org/web/20190416192926/http://www.people.ku.edu/~jyounger/LinearA/misctexts.html
2446,CLINE_2446,ZA 20,SI TU,,SI TU,SI TU,SI TU,2,2,1,https://web.archive.org/web/20190416192926/http://www.people.ku.edu/~jyounger/LinearA/misctexts.html
2447,CLINE_2447,ZA 20,]DU RE ZA SE,,]DU RE ZA SE,]DU RE ZA SE,]DU RE ZA SE,4,4,1,https://web.archive.org/web/20190416192926/http://www.people.ku.edu/~jyounger/LinearA/misctexts.html
2448,CLINE_2448,ZA 21,I DA[,,I DA[,I DA[,I DA[,2,2,1,https://web.archive.org/web/20190416192926/http://www.people.ku.edu/~jyounger/LinearA/misctexts.html
2449,CLINE_2449,ZA 21,SA RI,,SA RI,SA RI,SA RI,2,2,1,https://web.archive.org/web/20190416192926/http://www.people.ku.edu/~jyounger/LinearA/misctexts.html
2450,CLINE_2450,ZA 21,TA KE,,TA KE,TA KE,TA KE,2,2,1,https://web.archive.org/web/20190416192926/http://www.people.ku.edu/~jyounger/LinearA/misctexts.html
2451,CLINE_2451,ZA 21,TA MA PI,,TA MA PI,TA MA PI,TA MA PI,3,3,1,https://web.archive.org/web/20190416192926/http://www.people.ku.edu/~jyounger/LinearA/misctexts.html
2452,CLINE_2452,ZA 21,]PA [?],,]PA [?],]PA [?],]PA [?],2,2,1,https://web.archive.org/web/20190416192926/http://www.people.ku.edu/~jyounger/LinearA/misctexts.html
2453,CLINE_2453,ZA 21,]PI MU,,]PI MU,]PI MU,]PI MU,2,2,1,https://web.archive.org/web/20190416192926/http://www.people.ku.edu/~jyounger/LinearA/misctexts.html
2454,CLINE_2454,ZA 21A,AB03,,AB03,AB03,AB03,1,1,1,http://sigla.phis.me/document/ZA%2021a/index-word.html
2455,CLINE_2455,ZA 21A,AB04,,AB04,AB04,AB04,1,1,1,http://sigla.phis.me/document/ZA%2021a/index-word.html
2456,CLINE_2456,ZA 21A,AB08,,AB08,AB08,AB08,1,1,1,http://sigla.phis.me/document/ZA%2021a/index-word.html
2457,CLINE_2457,ZA 21A,AB118 AB73,,AB118 AB73,AB118 AB73,AB118 AB73,2,2,1,http://sigla.phis.me/document/ZA%2021a/index-word.html
2458,CLINE_2458,ZA 21A,AB39 AB23,,AB39 AB23,AB39 AB23,AB39 AB23,2,2,1,http://sigla.phis.me/document/ZA%2021a/index-word.html
2459,CLINE_2459,ZA 21A,AB59 AB44,,AB59 AB44,AB59 AB44,AB59 AB44,2,2,1,http://sigla.phis.me/document/ZA%2021a/index-word.html
2460,CLINE_2460,ZA 21A,AB59 AB80 AB39,,AB59 AB80 AB39,AB59 AB80 AB39,AB59 AB80 AB39,3,3,1,http://sigla.phis.me/document/ZA%2021a/index-word.html
2461,CLINE_2461,ZA 21A,AB80,,AB80,AB80,AB80,1,1,1,http://sigla.phis.me/document/ZA%2021a/index-word.html
2462,CLINE_2462,ZA 21A,[?] AB13,,[?] AB13,[?] AB13,[?] AB13,2,2,1,http://sigla.phis.me/document/ZA%2021a/index-word.html
2463,CLINE_2463,ZA 21B,AB13,,AB13,AB13,AB13,1,1,1,http://sigla.phis.me/document/ZA%2021b/index-word.html
2464,CLINE_2464,ZA 21B,AB28 AB01,,AB28 AB01,AB28 AB01,AB28 AB01,2,2,1,http://sigla.phis.me/document/ZA%2021b/index-word.html
2465,CLINE_2465,ZA 21B,AB31 AB53,,AB31 AB53,AB31 AB53,AB31 AB53,2,2,1,http://sigla.phis.me/document/ZA%2021b/index-word.html
2466,CLINE_2466,ZA 21B,AB67,,AB67,AB67,AB67,1,1,1,http://sigla.phis.me/document/ZA%2021b/index-word.html
2467,CLINE_2467,ZA 22,AB51 AB65,,AB51 AB65,AB51 AB65,AB51 AB65,2,2,1,http://sigla.phis.me/document/ZA%2022/index-word.html
2468,CLINE_2468,ZA 22,AB60,,AB60,AB60,AB60,1,1,1,http://sigla.phis.me/document/ZA%2022/index-word.html
2469,CLINE_2469,ZA 22,DU JU,,DU JU,DU JU,DU JU,2,2,1,https://web.archive.org/web/20190416192926/http://www.people.ku.edu/~jyounger/LinearA/misctexts.html
2470,CLINE_2470,ZA 22,OVISF,,OVISF,OVISF,OVISF,1,1,2,https://web.archive.org/web/20190416192926/http://www.people.ku.edu/~jyounger/LinearA/misctexts.html
2471,CLINE_2471,ZA 22,OVISM,,OVISM,OVISM,OVISM,1,1,1,https://web.archive.org/web/20190416192926/http://www.people.ku.edu/~jyounger/LinearA/misctexts.html
2472,CLINE_2472,ZA 22,]OVISF[,,]OVISF[,]OVISF[,]OVISF[,1,1,1,https://web.archive.org/web/20190416192926/http://www.people.ku.edu/~jyounger/LinearA/misctexts.html
2473,CLINE_2473,ZA 23,AB04 AB04,,AB04 AB04,AB04 AB04,AB04 AB04,2,2,1,http://sigla.phis.me/document/ZA%2023/index-word.html
2474,CLINE_2474,ZA 23,AB73 AB27,,AB73 AB27,AB73 AB27,AB73 AB27,2,2,1,http://sigla.phis.me/document/ZA%2023/index-word.html
2475,CLINE_2475,ZA 23,]MI RE[,,]MI RE[,]MI RE[,]MI RE[,2,2,1,https://web.archive.org/web/20190416192926/http://www.people.ku.edu/~jyounger/LinearA/misctexts.html
2476,CLINE_2476,ZA 23,]TE TE,,]TE TE,]TE TE,]TE TE,2,2,1,https://web.archive.org/web/20190416192926/http://www.people.ku.edu/~jyounger/LinearA/misctexts.html
2477,CLINE_2477,ZA 24,I DA,,I DA,I DA,I DA,2,2,1,https://web.archive.org/web/20190416192926/http://www.people.ku.edu/~jyounger/LinearA/misctexts.html
2478,CLINE_2478,ZA 24A,AB28 AB01,,AB28 AB01,AB28 AB01,AB28 AB01,2,2,1,http://sigla.phis.me/document/ZA%2024a/index-word.html
2479,CLINE_2479,ZA 24B,AB59,,AB59,AB59,AB59,1,1,1,http://sigla.phis.me/document/ZA%2024b/index-word.html
2480,CLINE_2480,ZA 26,JA KI[,,JA KI[,JA KI[,JA KI[,2,2,1,https://web.archive.org/web/20190416192926/http://www.people.ku.edu/~jyounger/LinearA/misctexts.html
2481,CLINE_2481,ZA 26,SI TE DI DI,,SI TE DI DI,SI TE DI DI,SI TE DI DI,4,4,1,https://web.archive.org/web/20190416192926/http://www.people.ku.edu/~jyounger/LinearA/misctexts.html
2482,CLINE_2482,ZA 26,]OVISF,,]OVISF,]OVISF,]OVISF,1,1,2,https://web.archive.org/web/20190416192926/http://www.people.ku.edu/~jyounger/LinearA/misctexts.html
2483,CLINE_2483,ZA 26A,AB07 AB07,,AB07 AB07,AB07 AB07,AB07 AB07,2,2,1,http://sigla.phis.me/document/ZA%2026a/index-word.html
2484,CLINE_2484,ZA 26A,AB41 AB04,,AB41 AB04,AB41 AB04,AB41 AB04,2,2,1,http://sigla.phis.me/document/ZA%2026a/index-word.html
2485,CLINE_2485,ZA 26A,AB57 AB67,,AB57 AB67,AB57 AB67,AB57 AB67,2,2,1,http://sigla.phis.me/document/ZA%2026a/index-word.html
2486,CLINE_2486,ZA 27,AB07 AB67,,AB07 AB67,AB07 AB67,AB07 AB67,2,2,1,http://sigla.phis.me/document/ZA%2027/index-word.html
2487,CLINE_2487,ZA 27,AB61 AB73,,AB61 AB73,AB61 AB73,AB61 AB73,2,2,1,http://sigla.phis.me/document/ZA%2027/index-word.html
2488,CLINE_2488,ZA 27,O MI[,,O MI[,O MI[,O MI[,2,2,1,https://web.archive.org/web/20190416192926/http://www.people.ku.edu/~jyounger/LinearA/misctexts.html
2489,CLINE_2489,ZA 27,]DI KI,,]DI KI,]DI KI,]DI KI,2,2,1,https://web.archive.org/web/20190416192926/http://www.people.ku.edu/~jyounger/LinearA/misctexts.html
2490,CLINE_2490,ZA 28,GRA PA,,GRA PA,GRA PA,GRA PA,2,2,1,https://web.archive.org/web/20190416192926/http://www.people.ku.edu/~jyounger/LinearA/misctexts.html
2491,CLINE_2491,ZA 29,AB04,,AB04,AB04,AB04,1,1,1,http://sigla.phis.me/document/ZA%2029/index-word.html
2492,CLINE_2492,ZA 29,AB80,,AB80,AB80,AB80,1,1,1,http://sigla.phis.me/document/ZA%2029/index-word.html
2493,CLINE_2493,ZA 31,AB51?,,AB51?,AB51?,AB51?,1,1,1,http://sigla.phis.me/document/ZA%2031/index-word.html
2494,CLINE_2494,ZA 32,AB57?,,AB57?,AB57?,AB57?,1,1,1,http://sigla.phis.me/document/ZA%2032/index-word.html
2495,CLINE_2495,ZA 4,A TI RU,,A TI RU,A TI RU,A TI RU,3,3,1,https://web.archive.org/web/20190416192926/http://www.people.ku.edu/~jyounger/LinearA/misctexts.html
2496,CLINE_2496,ZA 4,IB NU MA RE,,IB NU MA RE,IB NU MA RE,IB NU MA RE,4,4,1,https://web.archive.org/web/20190416192926/http://www.people.ku.edu/~jyounger/LinearA/misctexts.html
2497,CLINE_2497,ZA 4,JA PA,,JA PA,JA PA,JA PA,2,2,1,https://web.archive.org/web/20190416192926/http://www.people.ku.edu/~jyounger/LinearA/misctexts.html
2498,CLINE_2498,ZA 4,JA TO JA[,,JA TO JA[,JA TO JA[,JA TO JA[,3,3,1,https://web.archive.org/web/20190416192926/http://www.people.ku.edu/~jyounger/LinearA/misctexts.html
2499,CLINE_2499,ZA 4,KA DI,,KA DI,KA DI,KA DI,2,2,1,https://web.archive.org/web/20190416192926/http://www.people.ku.edu/~jyounger/LinearA/misctexts.html
2500,CLINE_2500,ZA 4,QE SI ZU E,,QE SI ZU E,QE SI ZU E,QE SI ZU E,4,4,1,https://web.archive.org/web/20190416192926/http://www.people.ku.edu/~jyounger/LinearA/misctexts.html
2501,CLINE_2501,ZA 4,SI PI KI,,SI PI KI,SI PI KI,SI PI KI,3,3,1,https://web.archive.org/web/20190416192926/http://www.people.ku.edu/~jyounger/LinearA/misctexts.html
2502,CLINE_2502,ZA 4,TU ME SE,,TU ME SE,TU ME SE,TU ME SE,3,3,1,https://web.archive.org/web/20190416192926/http://www.people.ku.edu/~jyounger/LinearA/misctexts.html
2503,CLINE_2503,ZA 4A,AB08 AB37 AB26,,AB08 AB37 AB26,AB08 AB37 AB26,AB08 AB37 AB26,3,3,1,http://sigla.phis.me/document/ZA%204a/index-word.html
2504,CLINE_2504,ZA 4A,AB28B AB55 AB80 AB27,,AB28B AB55 AB80 AB27,AB28B AB55 AB80 AB27,AB28B AB55 AB80 AB27,4,4,1,http://sigla.phis.me/document/ZA%204a/index-word.html
2505,CLINE_2505,ZA 4A,AB38 AB82,,AB38 AB82,AB38 AB82,AB38 AB82,2,2,1,http://sigla.phis.me/document/ZA%204a/index-word.html
2506,CLINE_2506,ZA 4A,AB39 [?] AB09,,AB39 [?] AB09,AB39 [?] AB09,AB39 [?] AB09,3,3,1,http://sigla.phis.me/document/ZA%204a/index-word.html
2507,CLINE_2507,ZA 4A,AB41 AB39 AB67,,AB41 AB39 AB67,AB41 AB39 AB67,AB41 AB39 AB67,3,3,1,http://sigla.phis.me/document/ZA%204a/index-word.html
2508,CLINE_2508,ZA 4A,AB57 AB03,,AB57 AB03,AB57 AB03,AB57 AB03,2,2,1,http://sigla.phis.me/document/ZA%204a/index-word.html
2509,CLINE_2509,ZA 4A,AB57 AB05 AB57,,AB57 AB05 AB57,AB57 AB05 AB57,AB57 AB05 AB57,3,3,1,http://sigla.phis.me/document/ZA%204a/index-word.html
2510,CLINE_2510,ZA 4A,AB69 AB13 AB09,,AB69 AB13 AB09,AB69 AB13 AB09,AB69 AB13 AB09,3,3,1,http://sigla.phis.me/document/ZA%204a/index-word.html
2511,CLINE_2511,ZA 4A,AB77 AB07,,AB77 AB07,AB77 AB07,AB77 AB07,2,2,1,http://sigla.phis.me/document/ZA%204a/index-word.html
2512,CLINE_2512,ZA 4A,AB78 AB41 AB79 AB38,,AB78 AB41 AB79 AB38,AB78 AB41 AB79 AB38,AB78 AB41 AB79 AB38,4,4,1,http://sigla.phis.me/document/ZA%204a/index-word.html
2513,CLINE_2513,ZA 5,DESUNT,,DESUNT,DESUNT,DESUNT,1,1,1,https://web.archive.org/web/20190416192926/http://www.people.ku.edu/~jyounger/LinearA/misctexts.html
2514,CLINE_2514,ZA 5,IB NU MA RE,,IB NU MA RE,IB NU MA RE,IB NU MA RE,4,4,1,https://web.archive.org/web/20190416192926/http://www.people.ku.edu/~jyounger/LinearA/misctexts.html
2515,CLINE_2515,ZA 5,KI NI MA,,KI NI MA,KI NI MA,KI NI MA,3,3,1,https://web.archive.org/web/20190416192926/http://www.people.ku.edu/~jyounger/LinearA/misctexts.html
2516,CLINE_2516,ZA 5,MA KA I TA,,MA KA I TA,MA KA I TA,MA KA I TA,4,4,1,https://web.archive.org/web/20190416192926/http://www.people.ku.edu/~jyounger/LinearA/misctexts.html
2517,CLINE_2517,ZA 5,O TA NI ZA SE,,O TA NI ZA SE,O TA NI ZA SE,O TA NI ZA SE,5,5,1,https://web.archive.org/web/20190416192926/http://www.people.ku.edu/~jyounger/LinearA/misctexts.html
2518,CLINE_2518,ZA 5,SA MI DA E[,,SA MI DA E[,SA MI DA E[,SA MI DA E[,4,4,1,https://web.archive.org/web/20190416192926/http://www.people.ku.edu/~jyounger/LinearA/misctexts.html
2519,CLINE_2519,ZA 5,SI PI KI,,SI PI KI,SI PI KI,SI PI KI,3,3,1,https://web.archive.org/web/20190416192926/http://www.people.ku.edu/~jyounger/LinearA/misctexts.html
2520,CLINE_2520,ZA 5,VINA SU,,VINA SU,VINA SU,VINA SU,2,2,1,https://web.archive.org/web/20190416192926/http://www.people.ku.edu/~jyounger/LinearA/misctexts.html
2521,CLINE_2521,ZA 5A,AB21F AB118,,AB21F AB118,AB21F AB118,AB21F AB118,2,2,1,http://sigla.phis.me/document/ZA%205a/index-word.html
2522,CLINE_2522,ZA 5A,AB31 AB73 AB01 AB38,,AB31 AB73 AB01 AB38,AB31 AB73 AB01 AB38,AB31 AB73 AB01 AB38,4,4,1,http://sigla.phis.me/document/ZA%205a/index-word.html
2523,CLINE_2523,ZA 5A,AB61 AB59 AB30 AB17 AB09,,AB61 AB59 AB30 AB17 AB09,AB61 AB59 AB30 AB17 AB09,AB61 AB59 AB30 AB17 AB09,5,5,1,http://sigla.phis.me/document/ZA%205a/index-word.html
2524,CLINE_2524,ZA 5A,AB67 AB30 AB80,,AB67 AB30 AB80,AB67 AB30 AB80,AB67 AB30 AB80,3,3,1,http://sigla.phis.me/document/ZA%205a/index-word.html
2525,CLINE_2525,ZA 5B,AB28B AB55 AB80 AB27,,AB28B AB55 AB80 AB27,AB28B AB55 AB80 AB27,AB28B AB55 AB80 AB27,4,4,1,http://sigla.phis.me/document/ZA%205b/index-word.html
2526,CLINE_2526,ZA 5B,AB41 AB39 AB67,,AB41 AB39 AB67,AB41 AB39 AB67,AB41 AB39 AB67,3,3,1,http://sigla.phis.me/document/ZA%205b/index-word.html
2527,CLINE_2527,ZA 5B,AB80 AB77 AB28 AB59,,AB80 AB77 AB28 AB59,AB80 AB77 AB28 AB59,AB80 AB77 AB28 AB59,4,4,1,http://sigla.phis.me/document/ZA%205b/index-word.html
2528,CLINE_2528,ZA 6,GRA PA,,GRA PA,GRA PA,GRA PA,2,2,3,https://web.archive.org/web/20190416192926/http://www.people.ku.edu/~jyounger/LinearA/misctexts.html
2529,CLINE_2529,ZA 6,I KU JU TI IB,,I KU JU TI IB,I KU JU TI IB,I KU JU TI IB,5,5,1,https://web.archive.org/web/20190416192926/http://www.people.ku.edu/~jyounger/LinearA/misctexts.html
2530,CLINE_2530,ZA 6,I SE,,I SE,I SE,I SE,2,2,2,https://web.archive.org/web/20190416192926/http://www.people.ku.edu/~jyounger/LinearA/misctexts.html
2531,CLINE_2531,ZA 6,JU TE MI[,,JU TE MI[,JU TE MI[,JU TE MI[,3,3,1,https://web.archive.org/web/20190416192926/http://www.people.ku.edu/~jyounger/LinearA/misctexts.html
2532,CLINE_2532,ZA 6,OLIV[,,OLIV[,OLIV[,OLIV[,1,1,1,https://web.archive.org/web/20190416192926/http://www.people.ku.edu/~jyounger/LinearA/misctexts.html
2533,CLINE_2533,ZA 6,PA ZA,,PA ZA,PA ZA,PA ZA,2,2,1,https://web.archive.org/web/20190416192926/http://www.people.ku.edu/~jyounger/LinearA/misctexts.html
2534,CLINE_2534,ZA 6,VINA KA,,VINA KA,VINA KA,VINA KA,2,2,1,https://web.archive.org/web/20190416192926/http://www.people.ku.edu/~jyounger/LinearA/misctexts.html
2535,CLINE_2535,ZA 6,VINA RA,,VINA RA,VINA RA,VINA RA,2,2,1,https://web.archive.org/web/20190416192926/http://www.people.ku.edu/~jyounger/LinearA/misctexts.html
2536,CLINE_2536,ZA 6,WA NA,,WA NA,WA NA,WA NA,2,2,1,https://web.archive.org/web/20190416192926/http://www.people.ku.edu/~jyounger/LinearA/misctexts.html
2537,CLINE_2537,ZA 6,]I MA[,,]I MA[,]I MA[,]I MA[,2,2,1,https://web.archive.org/web/20190416192926/http://www.people.ku.edu/~jyounger/LinearA/misctexts.html
2538,CLINE_2538,ZA 6,]OLIV,,]OLIV,]OLIV,]OLIV,1,1,2,https://web.archive.org/web/20190416192926/http://www.people.ku.edu/~jyounger/LinearA/misctexts.html
2539,CLINE_2539,ZA 6,]PU2 RA2,,]PU2 RA2,]PU2 RA2,]PU2 RA2,2,2,1,https://web.archive.org/web/20190416192926/http://www.people.ku.edu/~jyounger/LinearA/misctexts.html
2540,CLINE_2540,ZA 6A,A305 AB54 AB06,,A305 AB54 AB06,A305 AB54 AB06,A305 AB54 AB06,3,3,1,http://sigla.phis.me/document/ZA%206a/index-word.html
2541,CLINE_2541,ZA 6A,AB28,,AB28,AB28,AB28,1,1,1,http://sigla.phis.me/document/ZA%206a/index-word.html
2542,CLINE_2542,ZA 6A,AB28 AB09,,AB28 AB09,AB28 AB09,AB28 AB09,2,2,2,http://sigla.phis.me/document/ZA%206a/index-word.html
2543,CLINE_2543,ZA 6A,AB29 AB76,,AB29 AB76,AB29 AB76,AB29 AB76,2,2,1,http://sigla.phis.me/document/ZA%206a/index-word.html
2544,CLINE_2544,ZA 6A,AB34 AB65 AB04 AB73,,AB34 AB65 AB04 AB73,AB34 AB65 AB04 AB73,AB34 AB65 AB04 AB73,4,4,1,http://sigla.phis.me/document/ZA%206a/index-word.html
2545,CLINE_2545,ZA 6B,A312 AB66,,A312 AB66,A312 AB66,A312 AB66,2,2,1,http://sigla.phis.me/document/ZA%206b/index-word.html
2546,CLINE_2546,ZA 6B,AB03 AB17,,AB03 AB17,AB03 AB17,AB03 AB17,2,2,1,http://sigla.phis.me/document/ZA%206b/index-word.html
2547,CLINE_2547,ZA 6B,AB28 AB80,,AB28 AB80,AB28 AB80,AB28 AB80,2,2,1,http://sigla.phis.me/document/ZA%206b/index-word.html
2548,CLINE_2548,ZA 6B,AB28 AB81 AB65 AB37 AB28B,,AB28 AB81 AB65 AB37 AB28B,AB28 AB81 AB65 AB37 AB28B,AB28 AB81 AB65 AB37 AB28B,5,5,1,http://sigla.phis.me/document/ZA%206b/index-word.html
2549,CLINE_2549,ZA 7,A MA[,,A MA[,A MA[,A MA[,2,2,1,https://web.archive.org/web/20190416192926/http://www.people.ku.edu/~jyounger/LinearA/misctexts.html
2550,CLINE_2550,ZA 7,A RA TU,,A RA TU,A RA TU,A RA TU,3,3,1,https://web.archive.org/web/20190416192926/http://www.people.ku.edu/~jyounger/LinearA/misctexts.html
2551,CLINE_2551,ZA 7,A RE TU MI[,,A RE TU MI[,A RE TU MI[,A RE TU MI[,4,4,1,https://web.archive.org/web/20190416192926/http://www.people.ku.edu/~jyounger/LinearA/misctexts.html
2552,CLINE_2552,ZA 7,DESUNT,,DESUNT,DESUNT,DESUNT,1,1,2,https://web.archive.org/web/20190416192926/http://www.people.ku.edu/~jyounger/LinearA/misctexts.html
2553,CLINE_2553,ZA 7,U JU,,U JU,U JU,U JU,2,2,1,https://web.archive.org/web/20190416192926/http://www.people.ku.edu/~jyounger/LinearA/misctexts.html
2554,CLINE_2554,ZA 7A,AB08 AB27 AB69 AB73,,AB08 AB27 AB69 AB73,AB08 AB27 AB69 AB73,AB08 AB27 AB69 AB73,4,4,1,http://sigla.phis.me/document/ZA%207a/index-word.html
2555,CLINE_2555,ZA 7A,AB08 AB60 AB69,,AB08 AB60 AB69,AB08 AB60 AB69,AB08 AB60 AB69,3,3,1,http://sigla.phis.me/document/ZA%207a/index-word.html
2556,CLINE_2556,ZA 7A,AB10 AB65,,AB10 AB65,AB10 AB65,AB10 AB65,2,2,1,http://sigla.phis.me/document/ZA%207a/index-word.html
2557,CLINE_2557,ZA 7B,AB08 AB80,,AB08 AB80,AB08 AB80,AB08 AB80,2,2,1,http://sigla.phis.me/document/ZA%207b/index-word.html
2558,CLINE_2558,ZA 8,A RI NI TA,,A RI NI TA,A RI NI TA,A RI NI TA,4,4,1,https://web.archive.org/web/20190416192926/http://www.people.ku.edu/~jyounger/LinearA/misctexts.html
2559,CLINE_2559,ZA 8,A TA RE,,A TA RE,A TA RE,A TA RE,3,3,1,https://web.archive.org/web/20190416192926/http://www.people.ku.edu/~jyounger/LinearA/misctexts.html
2560,CLINE_2560,ZA 8,AB01 AB28 AB39 AB59,,AB01 AB28 AB39 AB59,AB01 AB28 AB39 AB59,AB01 AB28 AB39 AB59,4,4,1,http://sigla.phis.me/document/ZA%208/index-word.html
2561,CLINE_2561,ZA 8,AB08 AB53 AB30 AB59,,AB08 AB53 AB30 AB59,AB08 AB53 AB30 AB59,AB08 AB53 AB30 AB59,4,4,1,http://sigla.phis.me/document/ZA%208/index-word.html
2562,CLINE_2562,ZA 8,AB08 AB59 AB27,,AB08 AB59 AB27,AB08 AB59 AB27,AB08 AB59 AB27,3,3,1,http://sigla.phis.me/document/ZA%208/index-word.html
2563,CLINE_2563,ZA 8,AB59 AB28 AB55 AB80 AB03,,AB59 AB28 AB55 AB80 AB03,AB59 AB28 AB55 AB80 AB03,AB59 AB28 AB55 AB80 AB03,5,5,1,http://sigla.phis.me/document/ZA%208/index-word.html
2564,CLINE_2564,ZA 8,AB67 AB60,,AB67 AB60,AB67 AB60,AB67 AB60,2,2,1,http://sigla.phis.me/document/ZA%208/index-word.html
2565,CLINE_2565,ZA 8,AB77 AB28 AB02,,AB77 AB28 AB02,AB77 AB28 AB02,AB77 AB28 AB02,3,3,1,http://sigla.phis.me/document/ZA%208/index-word.html
2566,CLINE_2566,ZA 8,AB80 AB77 AB28 AB09,,AB80 AB77 AB28 AB09,AB80 AB77 AB28 AB09,AB80 AB77 AB28 AB09,4,4,1,http://sigla.phis.me/document/ZA%208/index-word.html
2567,CLINE_2567,ZA 8,AB81 AB69 AB70 AB27,,AB81 AB69 AB70 AB27,AB81 AB69 AB70 AB27,AB81 AB69 AB70 AB27,4,4,1,http://sigla.phis.me/document/ZA%208/index-word.html
2568,CLINE_2568,ZA 8,DA I PI TA,,DA I PI TA,DA I PI TA,DA I PI TA,4,4,1,https://web.archive.org/web/20190416192926/http://www.people.ku.edu/~jyounger/LinearA/misctexts.html
2569,CLINE_2569,ZA 8,FIC,,FIC,FIC,FIC,1,1,1,https://web.archive.org/web/20190416192926/http://www.people.ku.edu/~jyounger/LinearA/misctexts.html
2570,CLINE_2570,ZA 8,KA I RO,,KA I RO,KA I RO,KA I RO,3,3,1,https://web.archive.org/web/20190416192926/http://www.people.ku.edu/~jyounger/LinearA/misctexts.html
2571,CLINE_2571,ZA 8,KI RA,,KI RA,KI RA,KI RA,2,2,1,https://web.archive.org/web/20190416192926/http://www.people.ku.edu/~jyounger/LinearA/misctexts.html
2572,CLINE_2572,ZA 8,KU TU KO RE,,KU TU KO RE,KU TU KO RE,KU TU KO RE,4,4,1,https://web.archive.org/web/20190416192926/http://www.people.ku.edu/~jyounger/LinearA/misctexts.html
2573,CLINE_2573,ZA 8,MA KA I SE,,MA KA I SE,MA KA I SE,MA KA I SE,4,4,1,https://web.archive.org/web/20190416192926/http://www.people.ku.edu/~jyounger/LinearA/misctexts.html
2574,CLINE_2574,ZA 8,TA I NU MA PA,,TA I NU MA PA,TA I NU MA PA,TA I NU MA PA,5,5,1,https://web.archive.org/web/20190416192926/http://www.people.ku.edu/~jyounger/LinearA/misctexts.html
2575,CLINE_2575,ZA 9,A TA NA,,A TA NA,A TA NA,A TA NA,3,3,1,https://web.archive.org/web/20190416192926/http://www.people.ku.edu/~jyounger/LinearA/misctexts.html
2576,CLINE_2576,ZA 9,AB02 AB41 AB60,,AB02 AB41 AB60,AB02 AB41 AB60,AB02 AB41 AB60,3,3,1,http://sigla.phis.me/document/ZA%209/index-word.html
2577,CLINE_2577,ZA 9,AB08 AB59 AB06 [?],,AB08 AB59 AB06 [?],AB08 AB59 AB06 [?],AB08 AB59 AB06 [?],4,4,1,http://sigla.phis.me/document/ZA%209/index-word.html
2578,CLINE_2578,ZA 9,AB17 [?],,AB17 [?],AB17 [?],AB17 [?],2,2,1,http://sigla.phis.me/document/ZA%209/index-word.html
2579,CLINE_2579,ZA 9,AB40 AB60 AB27 AB73 AB04,,AB40 AB60 AB27 AB73 AB04,AB40 AB60 AB27 AB73 AB04,AB40 AB60 AB27 AB73 AB04,5,5,1,http://sigla.phis.me/document/ZA%209/index-word.html
2580,CLINE_2580,ZA 9,NU TI,,NU TI,NU TI,NU TI,2,2,1,https://web.archive.org/web/20190416192926/http://www.people.ku.edu/~jyounger/LinearA/misctexts.html
2581,CLINE_2581,ZA 9,OVIS SI,,OVIS SI,OVIS SI,OVIS SI,2,2,3,https://web.archive.org/web/20190416192926/http://www.people.ku.edu/~jyounger/LinearA/misctexts.html
2582,CLINE_2582,ZA 9,OVISF,,OVISF,OVISF,OVISF,1,1,2,https://web.archive.org/web/20190416192926/http://www.people.ku.edu/~jyounger/LinearA/misctexts.html
2583,CLINE_2583,ZA 9,RO SI RA[,,RO SI RA[,RO SI RA[,RO SI RA[,3,3,1,https://web.archive.org/web/20190416192926/http://www.people.ku.edu/~jyounger/LinearA/misctexts.html
2584,CLINE_2584,ZA 9,WI RA RE MI TE,,WI RA RE MI TE,WI RA RE MI TE,WI RA RE MI TE,5,5,1,https://web.archive.org/web/20190416192926/http://www.people.ku.edu/~jyounger/LinearA/misctexts.html
2585,CLINE_2585,ZA 9,[?] AB55 AB37,,[?] AB55 AB37,[?] AB55 AB37,[?] AB55 AB37,3,3,1,http://sigla.phis.me/document/ZA%209/index-word.html
2586,CLINE_2586,ZA 9,[?] AB60,,[?] AB60,[?] AB60,[?] AB60,2,2,1,http://sigla.phis.me/document/ZA%209/index-word.html
2587,CLINE_2587,ZA 9,[?] AB80 AB65,,[?] AB80 AB65,[?] AB80 AB65,[?] AB80 AB65,3,3,1,http://sigla.phis.me/document/ZA%209/index-word.html
2588,CLINE_2588,ZA WC 2,AB08 AB37 AB77,,AB08 AB37 AB77,AB08 AB37 AB77,AB08 AB37 AB77,3,3,1,http://sigla.phis.me/document/ZA%20Wc%202/index-word.html
2589,CLINE_2589,ZA WC 2,AB08 AB51 AB70 AB73,,AB08 AB51 AB70 AB73,AB08 AB51 AB70 AB73,AB08 AB51 AB70 AB73,4,4,1,http://sigla.phis.me/document/ZA%20Wc%202/index-word.html
2590,CLINE_2590,ZA ZB 34,TELA,,TELA,TELA,TELA,1,1,1,https://web.archive.org/web/20190416192926/http://www.people.ku.edu/~jyounger/LinearA/misctexts.html
2591,CLINE_2591,ZA10,AB04 AB69 AB22 AB67,1,AB04 AB69 AB22 AB67,AB04 AB69 AB22 AB67,AB04 AB69 AB22 AB67,4,4,5,"linearA/ZA10.html:original_pre,linearA/ZA10.html:raw_annotation,linearA/mdFiles/LinearA_report.md:raw_annotation,linearA/mdFiles/ZA10.md:original_md_section,linearA/mdFiles/ZA10.md:raw_annotation"
2592,CLINE_2592,ZA10,AB27 AB17 AB22 AB40,3,AB27 AB17 AB22 AB40,AB27 AB17 AB22 AB40,AB27 AB17 AB22 AB40,4,4,5,"linearA/ZA10.html:original_pre,linearA/ZA10.html:raw_annotation,linearA/mdFiles/LinearA_report.md:raw_annotation,linearA/mdFiles/ZA10.md:original_md_section,linearA/mdFiles/ZA10.md:raw_annotation"
2593,CLINE_2593,ZA10,AB81 AB02 AB22 AB67,9,AB81 AB02 AB22 AB67,AB81 AB02 AB22 AB67,AB81 AB02 AB22 AB67,4,4,5,"linearA/ZA10.html:original_pre,linearA/ZA10.html:raw_annotation,linearA/mdFiles/LinearA_report.md:raw_annotation,linearA/mdFiles/ZA10.md:original_md_section,linearA/mdFiles/ZA10.md:raw_annotation"
