observation_id,artifact_id,line_id,token_index,original_sign,canonical_sign,mapping_status,mapping_confidence,uncertainty_flag,mapping_notes
OBS_000001,HT10,1,0,KU,KU,identity,1.000000,0,
OBS_000001,HT10,1,1,RA2,RA2,exact,1.000000,0,Canonical sign form
OBS_000001,HT10,1,2,TA,TA,identity,1.000000,0,
OBS_000002,HT10,2,0,DA,DA,identity,1.000000,0,
OBS_000002,HT10,2,1,NE,NE,identity,1.000000,0,
OBS_000003,HT10,3,0,KU,KU,identity,1.000000,0,
OBS_000003,HT10,3,1,RA2,RA2,exact,1.000000,0,Canonical sign form
OBS_000003,HT10,3,2,TE,TE,identity,1.000000,0,
OBS_000004,HT10,4,0,KU,KU,identity,1.000000,0,
OBS_000004,HT10,4,1,RA2,RA2,exact,1.000000,0,Canonical sign form
OBS_000004,HT10,4,2,SI,SI,identity,1.000000,0,
OBS_000005,HT10,5,0,KU,KU,identity,1.000000,0,
OBS_000005,HT10,5,1,RA2,RA2,exact,1.000000,0,Canonical sign form
OBS_000005,HT10,5,2,NE,NE,identity,1.000000,0,
OBS_000006,HT10,6,0,KU,KU,identity,1.000000,0,
OBS_000006,HT10,6,1,RA2,RA2,exact,1.000000,0,Canonical sign form
OBS_000007,HT10,28,0,KU,KU,identity,1.000000,0,
OBS_000007,HT10,28,1,RA2,RA2,exact,1.000000,0,Canonical sign form
OBS_000007,HT10,28,2,TA,TA,identity,1.000000,0,
OBS_000008,HT10,29,0,DA,DA,identity,1.000000,0,
OBS_000008,HT10,29,1,NE,NE,identity,1.000000,0,
OBS_000009,HT10,30,0,KU,KU,identity,1.000000,0,
OBS_000009,HT10,30,1,RA2,RA2,exact,1.000000,0,Canonical sign form
OBS_000009,HT10,30,2,TE,TE,identity,1.000000,0,
OBS_000010,HT10,31,0,KU,KU,identity,1.000000,0,
OBS_000010,HT10,31,1,RA2,RA2,exact,1.000000,0,Canonical sign form
OBS_000010,HT10,31,2,SI,SI,identity,1.000000,0,
OBS_000011,HT10,32,0,KU,KU,identity,1.000000,0,
OBS_000011,HT10,32,1,RA2,RA2,exact,1.000000,0,Canonical sign form
OBS_000011,HT10,32,2,NE,NE,identity,1.000000,0,
OBS_000012,HT10,33,0,KU,KU,identity,1.000000,0,
OBS_000012,HT10,33,1,RA2,RA2,exact,1.000000,0,Canonical sign form
OBS_000013,HT12,1,0,OLIV,OLIV,exact,1.000000,0,Canonical sign form
OBS_000014,HT12,2,0,QA,QA,identity,1.000000,0,
OBS_000014,HT12,2,1,TU,TU,identity,1.000000,0,
OBS_000015,HT12,3,0,QE,QE,identity,1.000000,0,
OBS_000015,HT12,3,1,TU,TU,identity,1.000000,0,
OBS_000015,HT12,3,2,NE,NE,identity,1.000000,0,
OBS_000016,HT12,4,0,DA,DA,identity,1.000000,0,
OBS_000016,HT12,4,1,I,I,identity,1.000000,0,
OBS_000017,HT12,5,0,MA,MA,identity,1.000000,0,
OBS_000017,HT12,5,1,RU,RU,identity,1.000000,0,
OBS_000018,HT12,6,0,KU,KU,identity,1.000000,0,
OBS_000018,HT12,6,1,RA2,RA2,exact,1.000000,0,Canonical sign form
OBS_000019,HT12,28,0,OLIV,OLIV,exact,1.000000,0,Canonical sign form
OBS_000020,HT12,29,0,QA,QA,identity,1.000000,0,
OBS_000020,HT12,29,1,TU,TU,identity,1.000000,0,
OBS_000021,HT12,30,0,QE,QE,identity,1.000000,0,
OBS_000021,HT12,30,1,TU,TU,identity,1.000000,0,
OBS_000021,HT12,30,2,NE,NE,identity,1.000000,0,
OBS_000022,HT12,31,0,DA,DA,identity,1.000000,0,
OBS_000022,HT12,31,1,I,I,identity,1.000000,0,
OBS_000023,HT12,32,0,MA,MA,identity,1.000000,0,
OBS_000023,HT12,32,1,RU,RU,identity,1.000000,0,
OBS_000024,HT12,33,0,KU,KU,identity,1.000000,0,
OBS_000024,HT12,33,1,RA2,RA2,exact,1.000000,0,Canonical sign form
OBS_000025,HT13,1,0,AB51,AB51,identity,1.000000,0,
OBS_000025,HT13,1,1,AB24,AB24,identity,1.000000,0,
OBS_000025,HT13,1,2,AB22,AB22,exact,1.000000,0,Canonical sign form
OBS_000025,HT13,1,3,AB09,AB09,identity,1.000000,0,
OBS_000026,HT13,2,0,AB81,AB81,identity,1.000000,0,
OBS_000026,HT13,2,1,AB02,AB02,identity,1.000000,0,
OBS_000026,HT13,2,2,AB22,AB22,exact,1.000000,0,Canonical sign form
OBS_000026,HT13,2,3,AB67,AB67,exact,1.000000,0,Canonical sign form
OBS_000027,HT13,3,0,AB04,AB04,identity,1.000000,0,
OBS_000027,HT13,3,1,AB40,AB40,identity,1.000000,0,
OBS_000027,HT13,3,2,AB22,AB22,exact,1.000000,0,Canonical sign form
OBS_000027,HT13,3,3,AB59,AB59,identity,1.000000,0,
OBS_000028,HT13,4,0,AB54,AB54,identity,1.000000,0,
OBS_000028,HT13,4,1,AB67,AB67,exact,1.000000,0,Canonical sign form
OBS_000028,HT13,4,2,AB22,AB22,exact,1.000000,0,Canonical sign form
OBS_000028,HT13,4,3,AB03,AB03,identity,1.000000,0,
OBS_000029,HT13,28,0,AB51,AB51,identity,1.000000,0,
OBS_000029,HT13,28,1,AB24,AB24,identity,1.000000,0,
OBS_000029,HT13,28,2,AB22,AB22,exact,1.000000,0,Canonical sign form
OBS_000029,HT13,28,3,AB09,AB09,identity,1.000000,0,
OBS_000030,HT13,29,0,AB81,AB81,identity,1.000000,0,
OBS_000030,HT13,29,1,AB02,AB02,identity,1.000000,0,
OBS_000030,HT13,29,2,AB22,AB22,exact,1.000000,0,Canonical sign form
OBS_000030,HT13,29,3,AB67,AB67,exact,1.000000,0,Canonical sign form
OBS_000031,HT13,30,0,AB04,AB04,identity,1.000000,0,
OBS_000031,HT13,30,1,AB40,AB40,identity,1.000000,0,
OBS_000031,HT13,30,2,AB22,AB22,exact,1.000000,0,Canonical sign form
OBS_000031,HT13,30,3,AB59,AB59,identity,1.000000,0,
OBS_000032,HT13,31,0,AB54,AB54,identity,1.000000,0,
OBS_000032,HT13,31,1,AB67,AB67,exact,1.000000,0,Canonical sign form
OBS_000032,HT13,31,2,AB22,AB22,exact,1.000000,0,Canonical sign form
OBS_000032,HT13,31,3,AB03,AB03,identity,1.000000,0,
OBS_000033,HT31,1,0,AB54,AB54,identity,1.000000,0,
OBS_000033,HT31,1,1,AB67,AB67,exact,1.000000,0,Canonical sign form
OBS_000033,HT31,1,2,AB22,AB22,exact,1.000000,0,Canonical sign form
OBS_000033,HT31,1,3,AB03,AB03,identity,1.000000,0,
OBS_000034,HT31,2,0,AB81,AB81,identity,1.000000,0,
OBS_000034,HT31,2,1,AB02,AB02,identity,1.000000,0,
OBS_000034,HT31,2,2,AB22,AB22,exact,1.000000,0,Canonical sign form
OBS_000034,HT31,2,3,AB67,AB67,exact,1.000000,0,Canonical sign form
OBS_000035,HT31,3,0,AB81,AB81,identity,1.000000,0,
OBS_000035,HT31,3,1,AB02,AB02,identity,1.000000,0,
OBS_000035,HT31,3,2,AB22,AB22,exact,1.000000,0,Canonical sign form
OBS_000035,HT31,3,3,AB28,AB28,identity,1.000000,0,
OBS_000036,HT31,4,0,AB54,AB54,identity,1.000000,0,
OBS_000036,HT31,4,1,AB28,AB28,identity,1.000000,0,
OBS_000036,HT31,4,2,AB22,AB22,exact,1.000000,0,Canonical sign form
OBS_000036,HT31,4,3,AB09,AB09,identity,1.000000,0,
OBS_000037,HT31,5,0,AB51,AB51,identity,1.000000,0,
OBS_000037,HT31,5,1,AB45,AB45,identity,1.000000,0,
OBS_000037,HT31,5,2,AB22,AB22,exact,1.000000,0,Canonical sign form
OBS_000037,HT31,5,3,AB59,AB59,identity,1.000000,0,
OBS_000038,HT31,6,0,AB28,AB28,identity,1.000000,0,
OBS_000038,HT31,6,1,AB67,AB67,exact,1.000000,0,Canonical sign form
OBS_000038,HT31,6,2,AB22,AB22,exact,1.000000,0,Canonical sign form
OBS_000038,HT31,6,3,AB54,AB54,identity,1.000000,0,
OBS_000039,HT31,28,0,AB54,AB54,identity,1.000000,0,
OBS_000039,HT31,28,1,AB67,AB67,exact,1.000000,0,Canonical sign form
OBS_000039,HT31,28,2,AB22,AB22,exact,1.000000,0,Canonical sign form
OBS_000039,HT31,28,3,AB03,AB03,identity,1.000000,0,
OBS_000040,HT31,29,0,AB81,AB81,identity,1.000000,0,
OBS_000040,HT31,29,1,AB02,AB02,identity,1.000000,0,
OBS_000040,HT31,29,2,AB22,AB22,exact,1.000000,0,Canonical sign form
OBS_000040,HT31,29,3,AB67,AB67,exact,1.000000,0,Canonical sign form
OBS_000041,HT31,30,0,AB81,AB81,identity,1.000000,0,
OBS_000041,HT31,30,1,AB02,AB02,identity,1.000000,0,
OBS_000041,HT31,30,2,AB22,AB22,exact,1.000000,0,Canonical sign form
OBS_000041,HT31,30,3,AB28,AB28,identity,1.000000,0,
OBS_000042,HT31,31,0,AB54,AB54,identity,1.000000,0,
OBS_000042,HT31,31,1,AB28,AB28,identity,1.000000,0,
OBS_000042,HT31,31,2,AB22,AB22,exact,1.000000,0,Canonical sign form
OBS_000042,HT31,31,3,AB09,AB09,identity,1.000000,0,
OBS_000043,HT31,32,0,AB51,AB51,identity,1.000000,0,
OBS_000043,HT31,32,1,AB45,AB45,identity,1.000000,0,
OBS_000043,HT31,32,2,AB22,AB22,exact,1.000000,0,Canonical sign form
OBS_000043,HT31,32,3,AB59,AB59,identity,1.000000,0,
OBS_000044,HT31,33,0,AB28,AB28,identity,1.000000,0,
OBS_000044,HT31,33,1,AB67,AB67,exact,1.000000,0,Canonical sign form
OBS_000044,HT31,33,2,AB22,AB22,exact,1.000000,0,Canonical sign form
OBS_000044,HT31,33,3,AB54,AB54,identity,1.000000,0,
OBS_000045,HT7,1,0,QE,QE,identity,1.000000,0,
OBS_000045,HT7,1,1,TU,TU,identity,1.000000,0,
OBS_000045,HT7,1,2,RA,RA,suppressed_in_strict,0.350000,1,
OBS_000046,HT7,2,0,KI,KI,identity,1.000000,0,
OBS_000046,HT7,2,1,RA,RA,suppressed_in_strict,0.350000,1,
OBS_000047,HT7,3,0,DA,DA,identity,1.000000,0,
OBS_000047,HT7,3,1,NA,NA,identity,1.000000,0,
OBS_000047,HT7,3,2,TU,TU,identity,1.000000,0,
OBS_000048,HT7,4,0,TU,TU,identity,1.000000,0,
OBS_000048,HT7,4,1,RU,RU,identity,1.000000,0,
OBS_000048,HT7,4,2,SI,SI,identity,1.000000,0,
OBS_000049,HT7,5,0,TI,TI,identity,1.000000,0,
OBS_000049,HT7,5,1,RU,RU,identity,1.000000,0,
OBS_000049,HT7,5,2,SI,SI,identity,1.000000,0,
OBS_000050,HT7,28,0,QE,QE,identity,1.000000,0,
OBS_000050,HT7,28,1,TU,TU,identity,1.000000,0,
OBS_000050,HT7,28,2,RA,RA,suppressed_in_strict,0.350000,1,
OBS_000051,HT7,29,0,KI,KI,identity,1.000000,0,
OBS_000051,HT7,29,1,RA,RA,suppressed_in_strict,0.350000,1,
OBS_000052,HT7,30,0,DA,DA,identity,1.000000,0,
OBS_000052,HT7,30,1,NA,NA,identity,1.000000,0,
OBS_000052,HT7,30,2,TU,TU,identity,1.000000,0,
OBS_000053,HT7,31,0,TU,TU,identity,1.000000,0,
OBS_000053,HT7,31,1,RU,RU,identity,1.000000,0,
OBS_000053,HT7,31,2,SI,SI,identity,1.000000,0,
OBS_000054,HT7,32,0,TI,TI,identity,1.000000,0,
OBS_000054,HT7,32,1,RU,RU,identity,1.000000,0,
OBS_000054,HT7,32,2,SI,SI,identity,1.000000,0,
OBS_000055,HT8,1,0,OLIV,OLIV,exact,1.000000,0,Canonical sign form
OBS_000055,HT8,1,1,KI,KI,identity,1.000000,0,
OBS_000056,HT8,2,0,PA3,PA3,identity,1.000000,0,
OBS_000057,HT8,3,0,SUP,SUP,identity,1.000000,0,
OBS_000057,HT8,3,1,?,?,suppressed_in_strict,0.200000,1,
OBS_000058,HT8,4,0,QA,QA,identity,1.000000,0,
OBS_000058,HT8,4,1,KI,KI,identity,1.000000,0,
OBS_000059,HT8,5,0,KU,KU,identity,1.000000,0,
OBS_000059,HT8,5,1,RA,RA,suppressed_in_strict,0.350000,1,
OBS_000060,HT8,28,0,OLIV,OLIV,exact,1.000000,0,Canonical sign form
OBS_000060,HT8,28,1,KI,KI,identity,1.000000,0,
OBS_000061,HT8,29,0,PA3,PA3,identity,1.000000,0,
OBS_000062,HT8,30,0,SUP,SUP,identity,1.000000,0,
OBS_000062,HT8,30,1,?,?,suppressed_in_strict,0.200000,1,
OBS_000063,HT8,31,0,QA,QA,identity,1.000000,0,
OBS_000063,HT8,31,1,KI,KI,identity,1.000000,0,
OBS_000064,HT8,32,0,KU,KU,identity,1.000000,0,
OBS_000064,HT8,32,1,RA,RA,suppressed_in_strict,0.350000,1,
OBS_000065,HT9,1,0,VIN,VIN,exact,1.000000,0,Canonical sign form
OBS_000065,HT9,1,1,TE,TE,identity,1.000000,0,
OBS_000066,HT9,2,0,VIN,VIN,exact,1.000000,0,Canonical sign form
OBS_000066,HT9,2,1,TE,TE,identity,1.000000,0,
OBS_000067,HT9,3,0,VIN,VIN,exact,1.000000,0,Canonical sign form
OBS_000067,HT9,3,1,TE,TE,identity,1.000000,0,
OBS_000068,HT9,4,0,VIN,VIN,exact,1.000000,0,Canonical sign form
OBS_000068,HT9,4,1,TE,TE,identity,1.000000,0,
OBS_000069,HT9,5,0,VIN,VIN,exact,1.000000,0,Canonical sign form
OBS_000069,HT9,5,1,TE,TE,identity,1.000000,0,
OBS_000070,HT9,6,0,VIN,VIN,exact,1.000000,0,Canonical sign form
OBS_000070,HT9,6,1,TE,TE,identity,1.000000,0,
OBS_000071,HT9,28,0,VIN,VIN,exact,1.000000,0,Canonical sign form
OBS_000071,HT9,28,1,TE,TE,identity,1.000000,0,
OBS_000072,HT9,29,0,VIN,VIN,exact,1.000000,0,Canonical sign form
OBS_000072,HT9,29,1,TE,TE,identity,1.000000,0,
OBS_000073,HT9,30,0,VIN,VIN,exact,1.000000,0,Canonical sign form
OBS_000073,HT9,30,1,TE,TE,identity,1.000000,0,
OBS_000074,HT9,31,0,VIN,VIN,exact,1.000000,0,Canonical sign form
OBS_000074,HT9,31,1,TE,TE,identity,1.000000,0,
OBS_000075,HT9,32,0,VIN,VIN,exact,1.000000,0,Canonical sign form
OBS_000075,HT9,32,1,TE,TE,identity,1.000000,0,
OBS_000076,HT9,33,0,VIN,VIN,exact,1.000000,0,Canonical sign form
OBS_000076,HT9,33,1,TE,TE,identity,1.000000,0,
OBS_000077,HT95,1,0,AB54,AB54,identity,1.000000,0,
OBS_000077,HT95,1,1,AB67,AB67,exact,1.000000,0,Canonical sign form
OBS_000077,HT95,1,2,AB22,AB22,exact,1.000000,0,Canonical sign form
OBS_000077,HT95,1,3,AB03,AB03,identity,1.000000,0,
OBS_000078,HT95,2,0,AB81,AB81,identity,1.000000,0,
OBS_000078,HT95,2,1,AB02,AB02,identity,1.000000,0,
OBS_000078,HT95,2,2,AB22,AB22,exact,1.000000,0,Canonical sign form
OBS_000078,HT95,2,3,AB67,AB67,exact,1.000000,0,Canonical sign form
OBS_000079,HT95,28,0,AB54,AB54,identity,1.000000,0,
OBS_000079,HT95,28,1,AB67,AB67,exact,1.000000,0,Canonical sign form
OBS_000079,HT95,28,2,AB22,AB22,exact,1.000000,0,Canonical sign form
OBS_000079,HT95,28,3,AB03,AB03,identity,1.000000,0,
OBS_000080,HT95,29,0,AB81,AB81,identity,1.000000,0,
OBS_000080,HT95,29,1,AB02,AB02,identity,1.000000,0,
OBS_000080,HT95,29,2,AB22,AB22,exact,1.000000,0,Canonical sign form
OBS_000080,HT95,29,3,AB67,AB67,exact,1.000000,0,Canonical sign form
OBS_000081,ZA10,1,0,AB27,AB27,identity,1.000000,0,
OBS_000081,ZA10,1,1,AB17,AB17,identity,1.000000,0,
OBS_000081,ZA10,1,2,AB22,AB22,exact,1.000000,0,Canonical sign form
OBS_000081,ZA10,1,3,AB40,AB40,identity,1.000000,0,
OBS_000082,ZA10,2,0,AB04,AB04,identity,1.000000,0,
OBS_000082,ZA10,2,1,AB69,AB69,identity,1.000000,0,
OBS_000082,ZA10,2,2,AB22,AB22,exact,1.000000,0,Canonical sign form
OBS_000082,ZA10,2,3,AB67,AB67,exact,1.000000,0,Canonical sign form
OBS_000083,ZA10,3,0,AB81,AB81,identity,1.000000,0,
OBS_000083,ZA10,3,1,AB02,AB02,identity,1.000000,0,
OBS_000083,ZA10,3,2,AB22,AB22,exact,1.000000,0,Canonical sign form
OBS_000083,ZA10,3,3,AB67,AB67,exact,1.000000,0,Canonical sign form
OBS_000084,ZA10,28,0,AB27,AB27,identity,1.000000,0,
OBS_000084,ZA10,28,1,AB17,AB17,identity,1.000000,0,
OBS_000084,ZA10,28,2,AB22,AB22,exact,1.000000,0,Canonical sign form
OBS_000084,ZA10,28,3,AB40,AB40,identity,1.000000,0,
OBS_000085,ZA10,29,0,AB04,AB04,identity,1.000000,0,
OBS_000085,ZA10,29,1,AB69,AB69,identity,1.000000,0,
OBS_000085,ZA10,29,2,AB22,AB22,exact,1.000000,0,Canonical sign form
OBS_000085,ZA10,29,3,AB67,AB67,exact,1.000000,0,Canonical sign form
OBS_000086,ZA10,30,0,AB81,AB81,identity,1.000000,0,
OBS_000086,ZA10,30,1,AB02,AB02,identity,1.000000,0,
OBS_000086,ZA10,30,2,AB22,AB22,exact,1.000000,0,Canonical sign form
OBS_000086,ZA10,30,3,AB67,AB67,exact,1.000000,0,Canonical sign form
OBS_000087,HT12,1,0,OLIV,OLIV,exact,1.000000,0,Canonical sign form
OBS_000088,HT12,2,0,QA,QA,identity,1.000000,0,
OBS_000088,HT12,2,1,TU,TU,identity,1.000000,0,
OBS_000089,HT12,3,0,QE,QE,identity,1.000000,0,
OBS_000089,HT12,3,1,TU,TU,identity,1.000000,0,
OBS_000089,HT12,3,2,NE,NE,identity,1.000000,0,
OBS_000090,HT12,4,0,DA,DA,identity,1.000000,0,
OBS_000090,HT12,4,1,I,I,identity,1.000000,0,
OBS_000091,HT12,5,0,MA,MA,identity,1.000000,0,
OBS_000091,HT12,5,1,RU,RU,identity,1.000000,0,
OBS_000092,HT12,6,0,KU,KU,identity,1.000000,0,
OBS_000092,HT12,6,1,RA2,RA2,exact,1.000000,0,Canonical sign form
OBS_000093,HT12,11,0,OLIV,OLIV,exact,1.000000,0,Canonical sign form
OBS_000094,HT12,12,0,QA,QA,identity,1.000000,0,
OBS_000094,HT12,12,1,TU,TU,identity,1.000000,0,
OBS_000095,HT12,13,0,QE,QE,identity,1.000000,0,
OBS_000095,HT12,13,1,TU,TU,identity,1.000000,0,
OBS_000095,HT12,13,2,NE,NE,identity,1.000000,0,
OBS_000096,HT12,14,0,DA,DA,identity,1.000000,0,
OBS_000096,HT12,14,1,I,I,identity,1.000000,0,
OBS_000097,HT12,15,0,MA,MA,identity,1.000000,0,
OBS_000097,HT12,15,1,RU,RU,identity,1.000000,0,
OBS_000098,HT12,16,0,KU,KU,identity,1.000000,0,
OBS_000098,HT12,16,1,RA2,RA2,exact,1.000000,0,Canonical sign form
OBS_000099,HT13,1,0,AB51,AB51,identity,1.000000,0,
OBS_000099,HT13,1,1,AB24,AB24,identity,1.000000,0,
OBS_000099,HT13,1,2,AB22,AB22,exact,1.000000,0,Canonical sign form
OBS_000099,HT13,1,3,AB09,AB09,identity,1.000000,0,
OBS_000100,HT13,2,0,AB81,AB81,identity,1.000000,0,
OBS_000100,HT13,2,1,AB02,AB02,identity,1.000000,0,
OBS_000100,HT13,2,2,AB22,AB22,exact,1.000000,0,Canonical sign form
OBS_000100,HT13,2,3,AB67,AB67,exact,1.000000,0,Canonical sign form
OBS_000101,HT13,3,0,AB04,AB04,identity,1.000000,0,
OBS_000101,HT13,3,1,AB40,AB40,identity,1.000000,0,
OBS_000101,HT13,3,2,AB22,AB22,exact,1.000000,0,Canonical sign form
OBS_000101,HT13,3,3,AB59,AB59,identity,1.000000,0,
OBS_000102,HT13,4,0,AB54,AB54,identity,1.000000,0,
OBS_000102,HT13,4,1,AB67,AB67,exact,1.000000,0,Canonical sign form
OBS_000102,HT13,4,2,AB22,AB22,exact,1.000000,0,Canonical sign form
OBS_000102,HT13,4,3,AB03,AB03,identity,1.000000,0,
OBS_000103,HT13,11,0,AB51,AB51,identity,1.000000,0,
OBS_000103,HT13,11,1,AB24,AB24,identity,1.000000,0,
OBS_000103,HT13,11,2,AB22,AB22,exact,1.000000,0,Canonical sign form
OBS_000103,HT13,11,3,AB09,AB09,identity,1.000000,0,
OBS_000104,HT13,12,0,AB81,AB81,identity,1.000000,0,
OBS_000104,HT13,12,1,AB02,AB02,identity,1.000000,0,
OBS_000104,HT13,12,2,AB22,AB22,exact,1.000000,0,Canonical sign form
OBS_000104,HT13,12,3,AB67,AB67,exact,1.000000,0,Canonical sign form
OBS_000105,HT13,13,0,AB04,AB04,identity,1.000000,0,
OBS_000105,HT13,13,1,AB40,AB40,identity,1.000000,0,
OBS_000105,HT13,13,2,AB22,AB22,exact,1.000000,0,Canonical sign form
OBS_000105,HT13,13,3,AB59,AB59,identity,1.000000,0,
OBS_000106,HT13,14,0,AB54,AB54,identity,1.000000,0,
OBS_000106,HT13,14,1,AB67,AB67,exact,1.000000,0,Canonical sign form
OBS_000106,HT13,14,2,AB22,AB22,exact,1.000000,0,Canonical sign form
OBS_000106,HT13,14,3,AB03,AB03,identity,1.000000,0,
OBS_000107,HT31,1,0,AB54,AB54,identity,1.000000,0,
OBS_000107,HT31,1,1,AB67,AB67,exact,1.000000,0,Canonical sign form
OBS_000107,HT31,1,2,AB22,AB22,exact,1.000000,0,Canonical sign form
OBS_000107,HT31,1,3,AB03,AB03,identity,1.000000,0,
OBS_000108,HT31,2,0,AB81,AB81,identity,1.000000,0,
OBS_000108,HT31,2,1,AB02,AB02,identity,1.000000,0,
OBS_000108,HT31,2,2,AB22,AB22,exact,1.000000,0,Canonical sign form
OBS_000108,HT31,2,3,AB67,AB67,exact,1.000000,0,Canonical sign form
OBS_000109,HT31,3,0,AB81,AB81,identity,1.000000,0,
OBS_000109,HT31,3,1,AB02,AB02,identity,1.000000,0,
OBS_000109,HT31,3,2,AB22,AB22,exact,1.000000,0,Canonical sign form
OBS_000109,HT31,3,3,AB28,AB28,identity,1.000000,0,
OBS_000110,HT31,4,0,AB54,AB54,identity,1.000000,0,
OBS_000110,HT31,4,1,AB28,AB28,identity,1.000000,0,
OBS_000110,HT31,4,2,AB22,AB22,exact,1.000000,0,Canonical sign form
OBS_000110,HT31,4,3,AB09,AB09,identity,1.000000,0,
OBS_000111,HT31,5,0,AB51,AB51,identity,1.000000,0,
OBS_000111,HT31,5,1,AB45,AB45,identity,1.000000,0,
OBS_000111,HT31,5,2,AB22,AB22,exact,1.000000,0,Canonical sign form
OBS_000111,HT31,5,3,AB59,AB59,identity,1.000000,0,
OBS_000112,HT31,6,0,AB28,AB28,identity,1.000000,0,
OBS_000112,HT31,6,1,AB67,AB67,exact,1.000000,0,Canonical sign form
OBS_000112,HT31,6,2,AB22,AB22,exact,1.000000,0,Canonical sign form
OBS_000112,HT31,6,3,AB54,AB54,identity,1.000000,0,
OBS_000113,HT31,10,0,AB54,AB54,identity,1.000000,0,
OBS_000113,HT31,10,1,AB67,AB67,exact,1.000000,0,Canonical sign form
OBS_000113,HT31,10,2,AB22,AB22,exact,1.000000,0,Canonical sign form
OBS_000113,HT31,10,3,AB03,AB03,identity,1.000000,0,
OBS_000114,HT31,11,0,AB81,AB81,identity,1.000000,0,
OBS_000114,HT31,11,1,AB02,AB02,identity,1.000000,0,
OBS_000114,HT31,11,2,AB22,AB22,exact,1.000000,0,Canonical sign form
OBS_000114,HT31,11,3,AB67,AB67,exact,1.000000,0,Canonical sign form
OBS_000115,HT31,12,0,AB81,AB81,identity,1.000000,0,
OBS_000115,HT31,12,1,AB02,AB02,identity,1.000000,0,
OBS_000115,HT31,12,2,AB22,AB22,exact,1.000000,0,Canonical sign form
OBS_000115,HT31,12,3,AB28,AB28,identity,1.000000,0,
OBS_000116,HT31,13,0,AB54,AB54,identity,1.000000,0,
OBS_000116,HT31,13,1,AB28,AB28,identity,1.000000,0,
OBS_000116,HT31,13,2,AB22,AB22,exact,1.000000,0,Canonical sign form
OBS_000116,HT31,13,3,AB09,AB09,identity,1.000000,0,
OBS_000117,HT31,14,0,AB51,AB51,identity,1.000000,0,
OBS_000117,HT31,14,1,AB45,AB45,identity,1.000000,0,
OBS_000117,HT31,14,2,AB22,AB22,exact,1.000000,0,Canonical sign form
OBS_000117,HT31,14,3,AB59,AB59,identity,1.000000,0,
OBS_000118,HT31,15,0,AB28,AB28,identity,1.000000,0,
OBS_000118,HT31,15,1,AB67,AB67,exact,1.000000,0,Canonical sign form
OBS_000118,HT31,15,2,AB22,AB22,exact,1.000000,0,Canonical sign form
OBS_000118,HT31,15,3,AB54,AB54,identity,1.000000,0,
OBS_000119,HT7,1,0,QE,QE,identity,1.000000,0,
OBS_000119,HT7,1,1,TU,TU,identity,1.000000,0,
OBS_000119,HT7,1,2,RA,RA,suppressed_in_strict,0.350000,1,
OBS_000120,HT7,2,0,KI,KI,identity,1.000000,0,
OBS_000120,HT7,2,1,RA,RA,suppressed_in_strict,0.350000,1,
OBS_000121,HT7,3,0,DA,DA,identity,1.000000,0,
OBS_000121,HT7,3,1,NA,NA,identity,1.000000,0,
OBS_000121,HT7,3,2,TU,TU,identity,1.000000,0,
OBS_000122,HT7,4,0,TU,TU,identity,1.000000,0,
OBS_000122,HT7,4,1,RU,RU,identity,1.000000,0,
OBS_000122,HT7,4,2,SI,SI,identity,1.000000,0,
OBS_000123,HT7,5,0,TI,TI,identity,1.000000,0,
OBS_000123,HT7,5,1,RU,RU,identity,1.000000,0,
OBS_000123,HT7,5,2,SI,SI,identity,1.000000,0,
OBS_000124,HT7,10,0,QE,QE,identity,1.000000,0,
OBS_000124,HT7,10,1,TU,TU,identity,1.000000,0,
OBS_000124,HT7,10,2,RA,RA,suppressed_in_strict,0.350000,1,
OBS_000125,HT7,11,0,KI,KI,identity,1.000000,0,
OBS_000125,HT7,11,1,RA,RA,suppressed_in_strict,0.350000,1,
OBS_000126,HT7,12,0,DA,DA,identity,1.000000,0,
OBS_000126,HT7,12,1,NA,NA,identity,1.000000,0,
OBS_000126,HT7,12,2,TU,TU,identity,1.000000,0,
OBS_000127,HT7,13,0,TU,TU,identity,1.000000,0,
OBS_000127,HT7,13,1,RU,RU,identity,1.000000,0,
OBS_000127,HT7,13,2,SI,SI,identity,1.000000,0,
OBS_000128,HT7,14,0,TI,TI,identity,1.000000,0,
OBS_000128,HT7,14,1,RU,RU,identity,1.000000,0,
OBS_000128,HT7,14,2,SI,SI,identity,1.000000,0,
OBS_000129,HT8,1,0,OLIV,OLIV,exact,1.000000,0,Canonical sign form
OBS_000129,HT8,1,1,KI,KI,identity,1.000000,0,
OBS_000130,HT8,2,0,PA3,PA3,identity,1.000000,0,
OBS_000131,HT8,3,0,SUP,SUP,identity,1.000000,0,
OBS_000131,HT8,3,1,?,?,suppressed_in_strict,0.200000,1,
OBS_000132,HT8,4,0,QA,QA,identity,1.000000,0,
OBS_000132,HT8,4,1,KI,KI,identity,1.000000,0,
OBS_000133,HT8,5,0,KU,KU,identity,1.000000,0,
OBS_000133,HT8,5,1,RA,RA,suppressed_in_strict,0.350000,1,
OBS_000134,HT8,10,0,OLIV,OLIV,exact,1.000000,0,Canonical sign form
OBS_000134,HT8,10,1,KI,KI,identity,1.000000,0,
OBS_000135,HT8,11,0,PA3,PA3,identity,1.000000,0,
OBS_000136,HT8,12,0,SUP,SUP,identity,1.000000,0,
OBS_000136,HT8,12,1,?,?,suppressed_in_strict,0.200000,1,
OBS_000137,HT8,13,0,QA,QA,identity,1.000000,0,
OBS_000137,HT8,13,1,KI,KI,identity,1.000000,0,
OBS_000138,HT8,14,0,KU,KU,identity,1.000000,0,
OBS_000138,HT8,14,1,RA,RA,suppressed_in_strict,0.350000,1,
OBS_000139,HT9,1,0,VIN,VIN,exact,1.000000,0,Canonical sign form
OBS_000139,HT9,1,1,TE,TE,identity,1.000000,0,
OBS_000140,HT9,2,0,VIN,VIN,exact,1.000000,0,Canonical sign form
OBS_000140,HT9,2,1,TE,TE,identity,1.000000,0,
OBS_000141,HT9,3,0,VIN,VIN,exact,1.000000,0,Canonical sign form
OBS_000141,HT9,3,1,TE,TE,identity,1.000000,0,
OBS_000142,HT9,4,0,VIN,VIN,exact,1.000000,0,Canonical sign form
OBS_000142,HT9,4,1,TE,TE,identity,1.000000,0,
OBS_000143,HT9,5,0,VIN,VIN,exact,1.000000,0,Canonical sign form
OBS_000143,HT9,5,1,TE,TE,identity,1.000000,0,
OBS_000144,HT9,6,0,VIN,VIN,exact,1.000000,0,Canonical sign form
OBS_000144,HT9,6,1,TE,TE,identity,1.000000,0,
OBS_000145,HT9,10,0,VIN,VIN,exact,1.000000,0,Canonical sign form
OBS_000145,HT9,10,1,TE,TE,identity,1.000000,0,
OBS_000146,HT9,11,0,VIN,VIN,exact,1.000000,0,Canonical sign form
OBS_000146,HT9,11,1,TE,TE,identity,1.000000,0,
OBS_000147,HT9,12,0,VIN,VIN,exact,1.000000,0,Canonical sign form
OBS_000147,HT9,12,1,TE,TE,identity,1.000000,0,
OBS_000148,HT9,13,0,VIN,VIN,exact,1.000000,0,Canonical sign form
OBS_000148,HT9,13,1,TE,TE,identity,1.000000,0,
OBS_000149,HT9,14,0,VIN,VIN,exact,1.000000,0,Canonical sign form
OBS_000149,HT9,14,1,TE,TE,identity,1.000000,0,
OBS_000150,HT9,15,0,VIN,VIN,exact,1.000000,0,Canonical sign form
OBS_000150,HT9,15,1,TE,TE,identity,1.000000,0,
OBS_000151,HT95,1,0,AB54,AB54,identity,1.000000,0,
OBS_000151,HT95,1,1,AB67,AB67,exact,1.000000,0,Canonical sign form
OBS_000151,HT95,1,2,AB22,AB22,exact,1.000000,0,Canonical sign form
OBS_000151,HT95,1,3,AB03,AB03,identity,1.000000,0,
OBS_000152,HT95,2,0,AB81,AB81,identity,1.000000,0,
OBS_000152,HT95,2,1,AB02,AB02,identity,1.000000,0,
OBS_000152,HT95,2,2,AB22,AB22,exact,1.000000,0,Canonical sign form
OBS_000152,HT95,2,3,AB67,AB67,exact,1.000000,0,Canonical sign form
OBS_000153,HT95,10,0,AB54,AB54,identity,1.000000,0,
OBS_000153,HT95,10,1,AB67,AB67,exact,1.000000,0,Canonical sign form
OBS_000153,HT95,10,2,AB22,AB22,exact,1.000000,0,Canonical sign form
OBS_000153,HT95,10,3,AB03,AB03,identity,1.000000,0,
OBS_000154,HT95,11,0,AB81,AB81,identity,1.000000,0,
OBS_000154,HT95,11,1,AB02,AB02,identity,1.000000,0,
OBS_000154,HT95,11,2,AB22,AB22,exact,1.000000,0,Canonical sign form
OBS_000154,HT95,11,3,AB67,AB67,exact,1.000000,0,Canonical sign form
OBS_000155,HT10,40,0,KU,KU,identity,1.000000,0,
OBS_000155,HT10,40,1,RA2,RA2,exact,1.000000,0,Canonical sign form
OBS_000155,HT10,40,2,TA,TA,identity,1.000000,0,
OBS_000156,HT10,41,0,DA,DA,identity,1.000000,0,
OBS_000156,HT10,41,1,NE,NE,identity,1.000000,0,
OBS_000157,HT10,42,0,KU,KU,identity,1.000000,0,
OBS_000157,HT10,42,1,RA2,RA2,exact,1.000000,0,Canonical sign form
OBS_000157,HT10,42,2,TE,TE,identity,1.000000,0,
OBS_000158,HT10,43,0,KU,KU,identity,1.000000,0,
OBS_000158,HT10,43,1,RA2,RA2,exact,1.000000,0,Canonical sign form
OBS_000158,HT10,43,2,SI,SI,identity,1.000000,0,
OBS_000159,HT10,44,0,KU,KU,identity,1.000000,0,
OBS_000159,HT10,44,1,RA2,RA2,exact,1.000000,0,Canonical sign form
OBS_000159,HT10,44,2,NE,NE,identity,1.000000,0,
OBS_000160,HT10,45,0,KU,KU,identity,1.000000,0,
OBS_000160,HT10,45,1,RA2,RA2,exact,1.000000,0,Canonical sign form
OBS_000161,HT12,48,0,OLIV,OLIV,exact,1.000000,0,Canonical sign form
OBS_000162,HT12,49,0,QA,QA,identity,1.000000,0,
OBS_000162,HT12,49,1,TU,TU,identity,1.000000,0,
OBS_000163,HT12,50,0,QE,QE,identity,1.000000,0,
OBS_000163,HT12,50,1,TU,TU,identity,1.000000,0,
OBS_000163,HT12,50,2,NE,NE,identity,1.000000,0,
OBS_000164,HT12,51,0,DA,DA,identity,1.000000,0,
OBS_000164,HT12,51,1,I,I,identity,1.000000,0,
OBS_000165,HT12,52,0,MA,MA,identity,1.000000,0,
OBS_000165,HT12,52,1,RU,RU,identity,1.000000,0,
OBS_000166,HT12,53,0,KU,KU,identity,1.000000,0,
OBS_000166,HT12,53,1,RA2,RA2,exact,1.000000,0,Canonical sign form
OBS_000167,HT13,56,0,AB51,AB51,identity,1.000000,0,
OBS_000167,HT13,56,1,AB24,AB24,identity,1.000000,0,
OBS_000167,HT13,56,2,AB22,AB22,exact,1.000000,0,Canonical sign form
OBS_000167,HT13,56,3,AB09,AB09,identity,1.000000,0,
OBS_000168,HT13,57,0,AB81,AB81,identity,1.000000,0,
OBS_000168,HT13,57,1,AB02,AB02,identity,1.000000,0,
OBS_000168,HT13,57,2,AB22,AB22,exact,1.000000,0,Canonical sign form
OBS_000168,HT13,57,3,AB67,AB67,exact,1.000000,0,Canonical sign form
OBS_000169,HT13,58,0,AB04,AB04,identity,1.000000,0,
OBS_000169,HT13,58,1,AB40,AB40,identity,1.000000,0,
OBS_000169,HT13,58,2,AB22,AB22,exact,1.000000,0,Canonical sign form
OBS_000169,HT13,58,3,AB59,AB59,identity,1.000000,0,
OBS_000170,HT13,59,0,AB54,AB54,identity,1.000000,0,
OBS_000170,HT13,59,1,AB67,AB67,exact,1.000000,0,Canonical sign form
OBS_000170,HT13,59,2,AB22,AB22,exact,1.000000,0,Canonical sign form
OBS_000170,HT13,59,3,AB03,AB03,identity,1.000000,0,
OBS_000171,HT31,62,0,AB54,AB54,identity,1.000000,0,
OBS_000171,HT31,62,1,AB67,AB67,exact,1.000000,0,Canonical sign form
OBS_000171,HT31,62,2,AB22,AB22,exact,1.000000,0,Canonical sign form
OBS_000171,HT31,62,3,AB03,AB03,identity,1.000000,0,
OBS_000172,HT31,63,0,AB81,AB81,identity,1.000000,0,
OBS_000172,HT31,63,1,AB02,AB02,identity,1.000000,0,
OBS_000172,HT31,63,2,AB22,AB22,exact,1.000000,0,Canonical sign form
OBS_000172,HT31,63,3,AB67,AB67,exact,1.000000,0,Canonical sign form
OBS_000173,HT31,64,0,AB81,AB81,identity,1.000000,0,
OBS_000173,HT31,64,1,AB02,AB02,identity,1.000000,0,
OBS_000173,HT31,64,2,AB22,AB22,exact,1.000000,0,Canonical sign form
OBS_000173,HT31,64,3,AB28,AB28,identity,1.000000,0,
OBS_000174,HT31,65,0,AB54,AB54,identity,1.000000,0,
OBS_000174,HT31,65,1,AB28,AB28,identity,1.000000,0,
OBS_000174,HT31,65,2,AB22,AB22,exact,1.000000,0,Canonical sign form
OBS_000174,HT31,65,3,AB09,AB09,identity,1.000000,0,
OBS_000175,HT31,66,0,AB51,AB51,identity,1.000000,0,
OBS_000175,HT31,66,1,AB45,AB45,identity,1.000000,0,
OBS_000175,HT31,66,2,AB22,AB22,exact,1.000000,0,Canonical sign form
OBS_000175,HT31,66,3,AB59,AB59,identity,1.000000,0,
OBS_000176,HT31,67,0,AB28,AB28,identity,1.000000,0,
OBS_000176,HT31,67,1,AB67,AB67,exact,1.000000,0,Canonical sign form
OBS_000176,HT31,67,2,AB22,AB22,exact,1.000000,0,Canonical sign form
OBS_000176,HT31,67,3,AB54,AB54,identity,1.000000,0,
OBS_000177,HT7,70,0,QE,QE,identity,1.000000,0,
OBS_000177,HT7,70,1,TU,TU,identity,1.000000,0,
OBS_000177,HT7,70,2,RA,RA,suppressed_in_strict,0.350000,1,
OBS_000178,HT7,71,0,KI,KI,identity,1.000000,0,
OBS_000178,HT7,71,1,RA,RA,suppressed_in_strict,0.350000,1,
OBS_000179,HT7,72,0,DA,DA,identity,1.000000,0,
OBS_000179,HT7,72,1,NA,NA,identity,1.000000,0,
OBS_000179,HT7,72,2,TU,TU,identity,1.000000,0,
OBS_000180,HT7,73,0,TU,TU,identity,1.000000,0,
OBS_000180,HT7,73,1,RU,RU,identity,1.000000,0,
OBS_000180,HT7,73,2,SI,SI,identity,1.000000,0,
OBS_000181,HT7,74,0,TI,TI,identity,1.000000,0,
OBS_000181,HT7,74,1,RU,RU,identity,1.000000,0,
OBS_000181,HT7,74,2,SI,SI,identity,1.000000,0,
OBS_000182,HT8,77,0,OLIV,OLIV,exact,1.000000,0,Canonical sign form
OBS_000182,HT8,77,1,KI,KI,identity,1.000000,0,
OBS_000183,HT8,78,0,PA3,PA3,identity,1.000000,0,
OBS_000184,HT8,79,0,SUP,SUP,identity,1.000000,0,
OBS_000184,HT8,79,1,?,?,suppressed_in_strict,0.200000,1,
OBS_000185,HT8,80,0,QA,QA,identity,1.000000,0,
OBS_000185,HT8,80,1,KI,KI,identity,1.000000,0,
OBS_000186,HT8,81,0,KU,KU,identity,1.000000,0,
OBS_000186,HT8,81,1,RA,RA,suppressed_in_strict,0.350000,1,
OBS_000187,HT95,84,0,AB54,AB54,identity,1.000000,0,
OBS_000187,HT95,84,1,AB67,AB67,exact,1.000000,0,Canonical sign form
OBS_000187,HT95,84,2,AB22,AB22,exact,1.000000,0,Canonical sign form
OBS_000187,HT95,84,3,AB03,AB03,identity,1.000000,0,
OBS_000188,HT95,85,0,AB81,AB81,identity,1.000000,0,
OBS_000188,HT95,85,1,AB02,AB02,identity,1.000000,0,
OBS_000188,HT95,85,2,AB22,AB22,exact,1.000000,0,Canonical sign form
OBS_000188,HT95,85,3,AB67,AB67,exact,1.000000,0,Canonical sign form
OBS_000189,HT9,88,0,VIN,VIN,exact,1.000000,0,Canonical sign form
OBS_000189,HT9,88,1,TE,TE,identity,1.000000,0,
OBS_000190,HT9,89,0,VIN,VIN,exact,1.000000,0,Canonical sign form
OBS_000190,HT9,89,1,TE,TE,identity,1.000000,0,
OBS_000191,HT9,90,0,VIN,VIN,exact,1.000000,0,Canonical sign form
OBS_000191,HT9,90,1,TE,TE,identity,1.000000,0,
OBS_000192,HT9,91,0,VIN,VIN,exact,1.000000,0,Canonical sign form
OBS_000192,HT9,91,1,TE,TE,identity,1.000000,0,
OBS_000193,HT9,92,0,VIN,VIN,exact,1.000000,0,Canonical sign form
OBS_000193,HT9,92,1,TE,TE,identity,1.000000,0,
OBS_000194,HT9,93,0,VIN,VIN,exact,1.000000,0,Canonical sign form
OBS_000194,HT9,93,1,TE,TE,identity,1.000000,0,
OBS_000195,ZA10,96,0,AB27,AB27,identity,1.000000,0,
OBS_000195,ZA10,96,1,AB17,AB17,identity,1.000000,0,
OBS_000195,ZA10,96,2,AB22,AB22,exact,1.000000,0,Canonical sign form
OBS_000195,ZA10,96,3,AB40,AB40,identity,1.000000,0,
OBS_000196,ZA10,97,0,AB04,AB04,identity,1.000000,0,
OBS_000196,ZA10,97,1,AB69,AB69,identity,1.000000,0,
OBS_000196,ZA10,97,2,AB22,AB22,exact,1.000000,0,Canonical sign form
OBS_000196,ZA10,97,3,AB67,AB67,exact,1.000000,0,Canonical sign form
OBS_000197,ZA10,98,0,AB81,AB81,identity,1.000000,0,
OBS_000197,ZA10,98,1,AB02,AB02,identity,1.000000,0,
OBS_000197,ZA10,98,2,AB22,AB22,exact,1.000000,0,Canonical sign form
OBS_000197,ZA10,98,3,AB67,AB67,exact,1.000000,0,Canonical sign form
OBS_000198,ZA10,1,0,AB27,AB27,identity,1.000000,0,
OBS_000198,ZA10,1,1,AB17,AB17,identity,1.000000,0,
OBS_000198,ZA10,1,2,AB22,AB22,exact,1.000000,0,Canonical sign form
OBS_000198,ZA10,1,3,AB40,AB40,identity,1.000000,0,
OBS_000199,ZA10,2,0,AB04,AB04,identity,1.000000,0,
OBS_000199,ZA10,2,1,AB69,AB69,identity,1.000000,0,
OBS_000199,ZA10,2,2,AB22,AB22,exact,1.000000,0,Canonical sign form
OBS_000199,ZA10,2,3,AB67,AB67,exact,1.000000,0,Canonical sign form
OBS_000200,ZA10,3,0,AB81,AB81,identity,1.000000,0,
OBS_000200,ZA10,3,1,AB02,AB02,identity,1.000000,0,
OBS_000200,ZA10,3,2,AB22,AB22,exact,1.000000,0,Canonical sign form
OBS_000200,ZA10,3,3,AB67,AB67,exact,1.000000,0,Canonical sign form
OBS_000201,ZA10,10,0,AB27,AB27,identity,1.000000,0,
OBS_000201,ZA10,10,1,AB17,AB17,identity,1.000000,0,
OBS_000201,ZA10,10,2,AB22,AB22,exact,1.000000,0,Canonical sign form
OBS_000201,ZA10,10,3,AB40,AB40,identity,1.000000,0,
OBS_000202,ZA10,11,0,AB04,AB04,identity,1.000000,0,
OBS_000202,ZA10,11,1,AB69,AB69,identity,1.000000,0,
OBS_000202,ZA10,11,2,AB22,AB22,exact,1.000000,0,Canonical sign form
OBS_000202,ZA10,11,3,AB67,AB67,exact,1.000000,0,Canonical sign form
OBS_000203,ZA10,12,0,AB81,AB81,identity,1.000000,0,
OBS_000203,ZA10,12,1,AB02,AB02,identity,1.000000,0,
OBS_000203,ZA10,12,2,AB22,AB22,exact,1.000000,0,Canonical sign form
OBS_000203,ZA10,12,3,AB67,AB67,exact,1.000000,0,Canonical sign form
OBS_000204,ARKH 1,a.1_stmt,0,]TA,]TA,identity,1.000000,0,
OBS_000204,ARKH 1,a.1_stmt,1,PI,PI,identity,1.000000,0,
OBS_000205,ARKH 1,a.2_stmt,0,A,A,identity,1.000000,0,
OBS_000205,ARKH 1,a.2_stmt,1,RA[,RA[,identity,1.000000,0,
OBS_000206,ARKH 1,a.4_stmt,0,]A,]A,identity,1.000000,0,
OBS_000206,ARKH 1,a.4_stmt,1,SU,SU,identity,1.000000,0,
OBS_000206,ARKH 1,a.4_stmt,2,MI,MI,identity,1.000000,0,
OBS_000207,ARKH 1,a.5_stmt,0,A,A,identity,1.000000,0,
OBS_000207,ARKH 1,a.5_stmt,1,PA,PA,identity,1.000000,0,
OBS_000208,ARKH 1,a.6_stmt,0,]MI,]MI,identity,1.000000,0,
OBS_000208,ARKH 1,a.6_stmt,1,KI,KI,identity,1.000000,0,
OBS_000208,ARKH 1,a.6_stmt,2,SA,SA,identity,1.000000,0,
OBS_000208,ARKH 1,a.6_stmt,3,NE[,NE[,identity,1.000000,0,
OBS_000209,ARKH 1,b.1_stmt,0,PA,PA,identity,1.000000,0,
OBS_000209,ARKH 1,b.1_stmt,1,RE,RE,identity,1.000000,0,
OBS_000210,ARKH 1,b.2_log,0,]PA3[,]PA3[,identity,1.000000,0,
OBS_000211,ARKH 1A,word_1,0,AB59,AB59,identity,1.000000,0,
OBS_000211,ARKH 1A,word_1,1,AB39,AB39,identity,1.000000,0,
OBS_000212,ARKH 1A,word_2,0,AB67,AB67,exact,1.000000,0,Canonical sign form
OBS_000213,ARKH 1A,word_3,0,AB08,AB08,identity,1.000000,0,
OBS_000213,ARKH 1A,word_3,1,AB60,AB60,identity,1.000000,0,
OBS_000214,ARKH 1A,word_4,0,AB08,AB08,identity,1.000000,0,
OBS_000214,ARKH 1A,word_4,1,AB58,AB58,identity,1.000000,0,
OBS_000214,ARKH 1A,word_4,2,AB73,AB73,identity,1.000000,0,
OBS_000214,ARKH 1A,word_4,3,AB118,AB118,identity,1.000000,0,
OBS_000215,ARKH 1A,word_5,0,AB08,AB08,identity,1.000000,0,
OBS_000215,ARKH 1A,word_5,1,AB03,AB03,identity,1.000000,0,
OBS_000215,ARKH 1A,word_5,2,[?],[?],identity,1.000000,0,
OBS_000216,ARKH 1A,word_6,0,AB73,AB73,identity,1.000000,0,
OBS_000216,ARKH 1A,word_6,1,AB67,AB67,exact,1.000000,0,Canonical sign form
OBS_000216,ARKH 1A,word_6,2,AB31,AB31,identity,1.000000,0,
OBS_000216,ARKH 1A,word_6,3,AB24,AB24,identity,1.000000,0,
OBS_000217,ARKH 1B,word_1,0,AB08,AB08,identity,1.000000,0,
OBS_000218,ARKH 1B,word_2,0,AB57,AB57,identity,1.000000,0,
OBS_000218,ARKH 1B,word_2,1,AB27,AB27,identity,1.000000,0,
OBS_000219,ARKH 1B,word_3,0,AB56,AB56,identity,1.000000,0,
OBS_000220,ARKH 1B,word_4,0,AB06,AB06,identity,1.000000,0,
OBS_000221,ARKH 2,.1-2_log,0,VINB,VINB,identity,1.000000,0,
OBS_000222,ARKH 2,.1-2_stmt,0,KU,KU,identity,1.000000,0,
OBS_000222,ARKH 2,.1-2_stmt,1,RA,RA,suppressed_in_strict,0.350000,1,
OBS_000223,ARKH 2,.1_stmt,0,SI,SI,identity,1.000000,0,
OBS_000223,ARKH 2,.1_stmt,1,DA,DA,identity,1.000000,0,
OBS_000223,ARKH 2,.1_stmt,2,TE,TE,identity,1.000000,0,
OBS_000224,ARKH 2,.2-3_stmt,0,A,A,identity,1.000000,0,
OBS_000224,ARKH 2,.2-3_stmt,1,SI,SI,identity,1.000000,0,
OBS_000224,ARKH 2,.2-3_stmt,2,DA,DA,identity,1.000000,0,
OBS_000224,ARKH 2,.2-3_stmt,3,TO,TO,identity,1.000000,0,
OBS_000224,ARKH 2,.2-3_stmt,4,I,I,identity,1.000000,0,
OBS_000225,ARKH 2,.3-4_stmt,0,ZU,ZU,identity,1.000000,0,
OBS_000225,ARKH 2,.3-4_stmt,1,SE,SE,identity,1.000000,0,
OBS_000225,ARKH 2,.3-4_stmt,2,DE,DE,identity,1.000000,0,
OBS_000225,ARKH 2,.3-4_stmt,3,QIF,QIF,identity,1.000000,0,
OBS_000226,ARKH 2,.5-6_stmt,0,A,A,identity,1.000000,0,
OBS_000226,ARKH 2,.5-6_stmt,1,SU,SU,identity,1.000000,0,
OBS_000226,ARKH 2,.5-6_stmt,2,PU,PU,identity,1.000000,0,
OBS_000226,ARKH 2,.5-6_stmt,3,WA,WA,identity,1.000000,0,
OBS_000227,ARKH 2,.6_stmt,0,RU,RU,identity,1.000000,0,
OBS_000227,ARKH 2,.6_stmt,1,MI,MI,identity,1.000000,0,
OBS_000228,ARKH 2,word_1,0,AB41,AB41,identity,1.000000,0,
OBS_000228,ARKH 2,word_1,1,AB01,AB01,identity,1.000000,0,
OBS_000228,ARKH 2,word_1,2,AB04,AB04,identity,1.000000,0,
OBS_000229,ARKH 2,word_2,0,AB81,AB81,identity,1.000000,0,
OBS_000229,ARKH 2,word_2,1,AB60,AB60,identity,1.000000,0,
OBS_000229,ARKH 2,word_2,2,AB131B,AB131B,identity,1.000000,0,
OBS_000230,ARKH 2,word_3,0,AB08,AB08,identity,1.000000,0,
OBS_000230,ARKH 2,word_3,1,AB41,AB41,identity,1.000000,0,
OBS_000230,ARKH 2,word_3,2,AB01,AB01,identity,1.000000,0,
OBS_000230,ARKH 2,word_3,3,AB05,AB05,identity,1.000000,0,
OBS_000230,ARKH 2,word_3,4,AB28,AB28,identity,1.000000,0,
OBS_000231,ARKH 2,word_4,0,AB79,AB79,identity,1.000000,0,
OBS_000231,ARKH 2,word_4,1,A301,A301,identity,1.000000,0,
OBS_000231,ARKH 2,word_4,2,AB09,AB09,identity,1.000000,0,
OBS_000231,ARKH 2,word_4,3,AB45,AB45,identity,1.000000,0,
OBS_000231,ARKH 2,word_4,4,AB21F,AB21F,identity,1.000000,0,
OBS_000231,ARKH 2,word_4,5,AB118,AB118,identity,1.000000,0,
OBS_000232,ARKH 2,word_5,0,AB08,AB08,identity,1.000000,0,
OBS_000232,ARKH 2,word_5,1,AB58,AB58,identity,1.000000,0,
OBS_000232,ARKH 2,word_5,2,AB50,AB50,identity,1.000000,0,
OBS_000232,ARKH 2,word_5,3,AB54,AB54,identity,1.000000,0,
OBS_000233,ARKH 2,word_6,0,AB26,AB26,identity,1.000000,0,
OBS_000233,ARKH 2,word_6,1,AB73,AB73,identity,1.000000,0,
OBS_000234,ARKH 3,a.1_log,0,GRA[,GRA[,identity,1.000000,0,
OBS_000235,ARKH 3,a.1_stmt,0,KA,KA,identity,1.000000,0,
OBS_000235,ARKH 3,a.1_stmt,1,NE,NE,identity,1.000000,0,
OBS_000236,ARKH 3,a.2_log,0,OLIV,OLIV,exact,1.000000,0,Canonical sign form
OBS_000237,ARKH 3,a.2_log,0,VINB,VINB,identity,1.000000,0,
OBS_000238,ARKH 3,a.4_log,0,GRA,GRA,identity,1.000000,0,
OBS_000239,ARKH 3,a.4_stmt,0,]KI,]KI,identity,1.000000,0,
OBS_000239,ARKH 3,a.4_stmt,1,NU,NU,identity,1.000000,0,
OBS_000240,ARKH 3,b.1_log,0,GRA,GRA,identity,1.000000,0,
OBS_000241,ARKH 3,b.1_stmt,0,JA,JA,identity,1.000000,0,
OBS_000241,ARKH 3,b.1_stmt,1,PI,PI,identity,1.000000,0,
OBS_000242,ARKH 3,b.2_log,0,GRA,GRA,identity,1.000000,0,
OBS_000243,ARKH 3,b.2_stmt,0,]PI,]PI,identity,1.000000,0,
OBS_000243,ARKH 3,b.2_stmt,1,PU3,PU3,identity,1.000000,0,
OBS_000244,ARKH 3,b.4_log,0,OLE,OLE,identity,1.000000,0,
OBS_000245,ARKH 3,b.5_log,0,]VINA,]VINA,identity,1.000000,0,
OBS_000246,ARKH 3A,word_1,0,AB77,AB77,identity,1.000000,0,
OBS_000246,ARKH 3A,word_1,1,AB24,AB24,identity,1.000000,0,
OBS_000247,ARKH 3A,word_2,0,AB67,AB67,exact,1.000000,0,Canonical sign form
OBS_000247,ARKH 3A,word_2,1,AB55,AB55,identity,1.000000,0,
OBS_000248,ARKH 3A,word_3,0,AB81,AB81,identity,1.000000,0,
OBS_000249,ARKH 3B,word_1,0,[?],[?],identity,1.000000,0,
OBS_000249,ARKH 3B,word_1,1,AB57,AB57,identity,1.000000,0,
OBS_000249,ARKH 3B,word_1,2,AB39,AB39,identity,1.000000,0,
OBS_000250,ARKH 3B,word_2,0,AB39,AB39,identity,1.000000,0,
OBS_000250,ARKH 3B,word_2,1,A314,A314,identity,1.000000,0,
OBS_000251,ARKH 4,a.4-5_stmt,0,PI,PI,identity,1.000000,0,
OBS_000251,ARKH 4,a.4-5_stmt,1,TI,TI,identity,1.000000,0,
OBS_000251,ARKH 4,a.4-5_stmt,2,NE,NE,identity,1.000000,0,
OBS_000251,ARKH 4,a.4-5_stmt,3,A,A,identity,1.000000,0,
OBS_000252,ARKH 4,b.3_stmt,0,]DE,]DE,identity,1.000000,0,
OBS_000252,ARKH 4,b.3_stmt,1,MI,MI,identity,1.000000,0,
OBS_000253,ARKH 4,b.4_stmt,0,A,A,identity,1.000000,0,
OBS_000253,ARKH 4,b.4_stmt,1,KI,KI,identity,1.000000,0,
OBS_000253,ARKH 4,b.4_stmt,2,RO,RO,identity,1.000000,0,
OBS_000254,ARKH 4,b.5_stmt,0,ZA,ZA,identity,1.000000,0,
OBS_000254,ARKH 4,b.5_stmt,1,SI,SI,identity,1.000000,0,
OBS_000254,ARKH 4,b.5_stmt,2,ZU,ZU,identity,1.000000,0,
OBS_000255,ARKH 4A,word_1,0,[?],[?],identity,1.000000,0,
OBS_000255,ARKH 4A,word_1,1,AB30,AB30,identity,1.000000,0,
OBS_000255,ARKH 4A,word_1,2,AB59,AB59,identity,1.000000,0,
OBS_000256,ARKH 4A,word_2,0,AB59,AB59,identity,1.000000,0,
OBS_000257,ARKH 4A,word_3,0,AB08,AB08,identity,1.000000,0,
OBS_000257,ARKH 4A,word_3,1,[?],[?],identity,1.000000,0,
OBS_000257,ARKH 4A,word_3,2,[?],[?],identity,1.000000,0,
OBS_000257,ARKH 4A,word_3,3,AB65,AB65,identity,1.000000,0,
OBS_000258,ARKH 4A,word_4,0,AB45,AB45,identity,1.000000,0,
OBS_000258,ARKH 4A,word_4,1,AB58,AB58,identity,1.000000,0,
OBS_000258,ARKH 4A,word_4,2,[?],[?],identity,1.000000,0,
OBS_000258,ARKH 4A,word_4,3,AB47,AB47,identity,1.000000,0,
OBS_000258,ARKH 4A,word_4,4,AB04,AB04,identity,1.000000,0,
OBS_000259,ARKH 4A,word_5,0,AB39,AB39,identity,1.000000,0,
OBS_000259,ARKH 4A,word_5,1,AB37,AB37,identity,1.000000,0,
OBS_000259,ARKH 4A,word_5,2,AB24,AB24,identity,1.000000,0,
OBS_000259,ARKH 4A,word_5,3,AB08,AB08,identity,1.000000,0,
OBS_000259,ARKH 4A,word_5,4,[?],[?],identity,1.000000,0,
OBS_000260,ARKH 4B,word_1,0,[?],[?],identity,1.000000,0,
OBS_000260,ARKH 4B,word_1,1,AB27,AB27,identity,1.000000,0,
OBS_000261,ARKH 4B,word_2,0,AB10,AB10,identity,1.000000,0,
OBS_000262,ARKH 4B,word_3,0,AB45,AB45,identity,1.000000,0,
OBS_000262,ARKH 4B,word_3,1,AB73,AB73,identity,1.000000,0,
OBS_000263,ARKH 4B,word_4,0,AB28,AB28,identity,1.000000,0,
OBS_000263,ARKH 4B,word_4,1,AB47,AB47,identity,1.000000,0,
OBS_000264,ARKH 4B,word_5,0,AB08,AB08,identity,1.000000,0,
OBS_000264,ARKH 4B,word_5,1,AB67,AB67,exact,1.000000,0,Canonical sign form
OBS_000264,ARKH 4B,word_5,2,AB02,AB02,identity,1.000000,0,
OBS_000265,ARKH 4B,word_6,0,AB17?,AB17?,identity,1.000000,0,
OBS_000265,ARKH 4B,word_6,1,AB41,AB41,identity,1.000000,0,
OBS_000265,ARKH 4B,word_6,2,AB79,AB79,identity,1.000000,0,
OBS_000266,ARKH 5,.1_stmt,0,A,A,identity,1.000000,0,
OBS_000266,ARKH 5,.1_stmt,1,DU,DU,identity,1.000000,0,
OBS_000266,ARKH 5,.1_stmt,2,NI,NI,identity,1.000000,0,
OBS_000266,ARKH 5,.1_stmt,3,TA,TA,identity,1.000000,0,
OBS_000266,ARKH 5,.1_stmt,4,NA,NA,identity,1.000000,0,
OBS_000267,ARKH 5,.2_log,0,GRA,GRA,identity,1.000000,0,
OBS_000268,ARKH 5,.2_stmt,0,A,A,identity,1.000000,0,
OBS_000268,ARKH 5,.2_stmt,1,DA,DA,identity,1.000000,0,
OBS_000268,ARKH 5,.2_stmt,2,RO,RO,identity,1.000000,0,
OBS_000269,ARKH 5,.3_log,0,VINB,VINB,identity,1.000000,0,
OBS_000270,ARKH 5,word_1,0,AB08,AB08,identity,1.000000,0,
OBS_000270,ARKH 5,word_1,1,AB51,AB51,identity,1.000000,0,
OBS_000270,ARKH 5,word_1,2,AB30,AB30,identity,1.000000,0,
OBS_000270,ARKH 5,word_1,3,AB59,AB59,identity,1.000000,0,
OBS_000270,ARKH 5,word_1,4,AB06,AB06,identity,1.000000,0,
OBS_000271,ARKH 5,word_2,0,AB08,AB08,identity,1.000000,0,
OBS_000271,ARKH 5,word_2,1,AB01,AB01,identity,1.000000,0,
OBS_000271,ARKH 5,word_2,2,AB02,AB02,identity,1.000000,0,
OBS_000272,ARKH 5,word_3,0,AB08,AB08,identity,1.000000,0,
OBS_000273,ARKH 6,.1_stmt,0,DA,DA,identity,1.000000,0,
OBS_000273,ARKH 6,.1_stmt,1,NA,NA,identity,1.000000,0,
OBS_000273,ARKH 6,.1_stmt,2,TU,TU,identity,1.000000,0,
OBS_000274,ARKH 6,word_1,0,AB01,AB01,identity,1.000000,0,
OBS_000274,ARKH 6,word_1,1,AB06,AB06,identity,1.000000,0,
OBS_000274,ARKH 6,word_1,2,AB69,AB69,identity,1.000000,0,
OBS_000275,ARKH 6,word_2,0,AB81,AB81,identity,1.000000,0,
OBS_000276,ARKH 6,word_3,0,[?],[?],identity,1.000000,0,
OBS_000276,ARKH 6,word_3,1,AB53,AB53,identity,1.000000,0,
OBS_000277,GO 2,r03._stmt,0,SI,SI,identity,1.000000,0,
OBS_000277,GO 2,r03._stmt,1,DA,DA,identity,1.000000,0,
OBS_000277,GO 2,r03._stmt,2,RO,RO,identity,1.000000,0,
OBS_000278,GO 2,v02._stmt,0,SE,SE,identity,1.000000,0,
OBS_000278,GO 2,v02._stmt,1,SI[,SI[,identity,1.000000,0,
OBS_000279,GO WC 1,a: A-SA- SU -MA-I- SE_stmt,0,B,B,identity,1.000000,0,
OBS_000279,GO WC 1,a: A-SA- SU -MA-I- SE_stmt,1,BOSM,BOSM,identity,1.000000,0,
OBS_000280,GO WC 1A,word_1,0,AB08,AB08,identity,1.000000,0,
OBS_000280,GO WC 1A,word_1,1,AB31,AB31,identity,1.000000,0,
OBS_000280,GO WC 1A,word_1,2,AB58,AB58,identity,1.000000,0,
OBS_000280,GO WC 1A,word_1,3,AB80,AB80,identity,1.000000,0,
OBS_000280,GO WC 1A,word_1,4,AB28,AB28,identity,1.000000,0,
OBS_000280,GO WC 1A,word_1,5,AB09,AB09,identity,1.000000,0,
OBS_000281,GO WC 3,a._stmt,0,NEW,NEW,identity,1.000000,0,
OBS_000282,HS ZG 1,word_1,0,AB08,AB08,identity,1.000000,0,
OBS_000282,HS ZG 1,word_1,1,AB80,AB80,identity,1.000000,0,
OBS_000283,HT 1,.1-2_stmt,0,QE,QE,identity,1.000000,0,
OBS_000283,HT 1,.1-2_stmt,1,RA2,RA2,exact,1.000000,0,Canonical sign form
OBS_000283,HT 1,.1-2_stmt,2,U,U,identity,1.000000,0,
OBS_000283,HT 1,.1-2_stmt,3,KI,KI,identity,1.000000,0,
OBS_000283,HT 1,.1-2_stmt,4,RO,RO,identity,1.000000,0,
OBS_000284,HT 1,.2-3_stmt,0,DI,DI,identity,1.000000,0,
OBS_000284,HT 1,.2-3_stmt,1,DI,DI,identity,1.000000,0,
OBS_000284,HT 1,.2-3_stmt,2,ZA,ZA,identity,1.000000,0,
OBS_000284,HT 1,.2-3_stmt,3,KE,KE,identity,1.000000,0,
OBS_000285,HT 1,.2_stmt,0,ZU,ZU,identity,1.000000,0,
OBS_000285,HT 1,.2_stmt,1,SU,SU,identity,1.000000,0,
OBS_000286,HT 1,.3-4_stmt,0,KU,KU,identity,1.000000,0,
OBS_000286,HT 1,.3-4_stmt,1,PA3,PA3,identity,1.000000,0,
OBS_000286,HT 1,.3-4_stmt,2,NU,NU,identity,1.000000,0,
OBS_000287,HT 1,.4_stmt,0,A,A,identity,1.000000,0,
OBS_000287,HT 1,.4_stmt,1,RA,RA,suppressed_in_strict,0.350000,1,
OBS_000287,HT 1,.4_stmt,2,NA,NA,identity,1.000000,0,
OBS_000287,HT 1,.4_stmt,3,RE,RE,identity,1.000000,0,
OBS_000288,HT 1,word_1,0,AB78,AB78,identity,1.000000,0,
OBS_000288,HT 1,word_1,1,AB76,AB76,identity,1.000000,0,
OBS_000288,HT 1,word_1,2,AB10,AB10,identity,1.000000,0,
OBS_000289,HT 1,word_2,0,AB67,AB67,exact,1.000000,0,Canonical sign form
OBS_000289,HT 1,word_2,1,AB02,AB02,identity,1.000000,0,
OBS_000290,HT 1,word_3,0,AB79,AB79,identity,1.000000,0,
OBS_000290,HT 1,word_3,1,AB58,AB58,identity,1.000000,0,
OBS_000291,HT 1,word_4,0,AB07,AB07,identity,1.000000,0,
OBS_000291,HT 1,word_4,1,AB07,AB07,identity,1.000000,0,
OBS_000291,HT 1,word_4,2,AB17,AB17,identity,1.000000,0,
OBS_000291,HT 1,word_4,3,AB44,AB44,identity,1.000000,0,
OBS_000292,HT 1,word_5,0,AB81,AB81,identity,1.000000,0,
OBS_000292,HT 1,word_5,1,AB56,AB56,identity,1.000000,0,
OBS_000292,HT 1,word_5,2,AB55,AB55,identity,1.000000,0,
OBS_000293,HT 1,word_6,0,AB08,AB08,identity,1.000000,0,
OBS_000293,HT 1,word_6,1,AB60,AB60,identity,1.000000,0,
OBS_000293,HT 1,word_6,2,AB06,AB06,identity,1.000000,0,
OBS_000293,HT 1,word_6,3,AB27,AB27,identity,1.000000,0,
OBS_000294,HT 10,a.1_stmt,0,KU,KU,identity,1.000000,0,
OBS_000294,HT 10,a.1_stmt,1,NI,NI,identity,1.000000,0,
OBS_000294,HT 10,a.1_stmt,2,SU,SU,identity,1.000000,0,
OBS_000295,HT 10,a.1_stmt,0,SA,SA,identity,1.000000,0,
OBS_000295,HT 10,a.1_stmt,1,MA,MA,identity,1.000000,0,
OBS_000296,HT 10,a.2_stmt,0,DA,DA,identity,1.000000,0,
OBS_000296,HT 10,a.2_stmt,1,RE,RE,identity,1.000000,0,
OBS_000297,HT 10,a.2a_stmt,0,U,U,identity,1.000000,0,
OBS_000297,HT 10,a.2a_stmt,1,ZA,ZA,identity,1.000000,0,
OBS_000298,HT 10,a.3_stmt,0,U,U,identity,1.000000,0,
OBS_000298,HT 10,a.3_stmt,1,ZA,ZA,identity,1.000000,0,
OBS_000299,HT 10,a.4_stmt,0,DA,DA,identity,1.000000,0,
OBS_000299,HT 10,a.4_stmt,1,RI,RI,identity,1.000000,0,
OBS_000299,HT 10,a.4_stmt,2,DA,DA,identity,1.000000,0,
OBS_000300,HT 10,a.4_stmt,0,ME,ME,identity,1.000000,0,
OBS_000300,HT 10,a.4_stmt,1,ZA,ZA,identity,1.000000,0,
OBS_000301,HT 10,b.1-2_stmt,0,TA,TA,identity,1.000000,0,
OBS_000301,HT 10,b.1-2_stmt,1,RI,RI,identity,1.000000,0,
OBS_000301,HT 10,b.1-2_stmt,2,NA,NA,identity,1.000000,0,
OBS_000302,HT 10,b.1_stmt,0,DA,DA,identity,1.000000,0,
OBS_000302,HT 10,b.1_stmt,1,RE,RE,identity,1.000000,0,
OBS_000303,HT 10,b.1_stmt,0,U,U,identity,1.000000,0,
OBS_000303,HT 10,b.1_stmt,1,TI,TI,identity,1.000000,0,
OBS_000304,HT 10,b.3_stmt,0,KA,KA,identity,1.000000,0,
OBS_000304,HT 10,b.3_stmt,1,SA,SA,identity,1.000000,0,
OBS_000304,HT 10,b.3_stmt,2,RU,RU,identity,1.000000,0,
OBS_000305,HT 10,b.4_stmt,0,TA,TA,identity,1.000000,0,
OBS_000305,HT 10,b.4_stmt,1,NA,NA,identity,1.000000,0,
OBS_000305,HT 10,b.4_stmt,2,TI,TI,identity,1.000000,0,
OBS_000306,HT 100,.1_log,0,]VIR,]VIR,identity,1.000000,0,
OBS_000306,HT 100,.1_log,1,KA,KA,identity,1.000000,0,
OBS_000307,HT 100,.2-3_log,0,VIR,VIR,identity,1.000000,0,
OBS_000307,HT 100,.2-3_log,1,*313A,*313A,identity,1.000000,0,
OBS_000308,HT 100,.2_log,0,TI,TI,identity,1.000000,0,
OBS_000308,HT 100,.2_log,1,A,A,identity,1.000000,0,
OBS_000309,HT 100,.3_stmt,0,KU,KU,identity,1.000000,0,
OBS_000309,HT 100,.3_stmt,1,RO,RO,identity,1.000000,0,
OBS_000310,HT 100,.4_log,0,FIC,FIC,identity,1.000000,0,
OBS_000311,HT 100,.4_log,0,VINA,VINA,identity,1.000000,0,
OBS_000312,HT 100,.4_stmt,0,SA,SA,identity,1.000000,0,
OBS_000312,HT 100,.4_stmt,1,RA2,RA2,exact,1.000000,0,Canonical sign form
OBS_000313,HT 100,.5_log,0,OLE,OLE,identity,1.000000,0,
OBS_000313,HT 100,.5_log,1,MI,MI,identity,1.000000,0,
OBS_000314,HT 100,.5_log,0,OLE,OLE,identity,1.000000,0,
OBS_000314,HT 100,.5_log,1,NE,NE,identity,1.000000,0,
OBS_000315,HT 100,.5_log,0,OLE,OLE,identity,1.000000,0,
OBS_000315,HT 100,.5_log,1,U,U,identity,1.000000,0,
OBS_000316,HT 100,word_1,0,AB81,AB81,identity,1.000000,0,
OBS_000316,HT 100,word_1,1,AB02,AB02,identity,1.000000,0,
OBS_000317,HT 100,word_2,0,AB31,AB31,identity,1.000000,0,
OBS_000317,HT 100,word_2,1,AB76,AB76,identity,1.000000,0,
OBS_000318,HT 101,.1_log,0,GRA,GRA,identity,1.000000,0,
OBS_000318,HT 101,.1_log,1,QE,QE,identity,1.000000,0,
OBS_000319,HT 101,.1_stmt,0,ZU,ZU,identity,1.000000,0,
OBS_000319,HT 101,.1_stmt,1,22F,22F,identity,1.000000,0,
OBS_000319,HT 101,.1_stmt,2,DI,DI,identity,1.000000,0,
OBS_000320,HT 101,.2_log,0,OLE,OLE,identity,1.000000,0,
OBS_000320,HT 101,.2_log,1,KI,KI,identity,1.000000,0,
OBS_000321,HT 101,.2_log,0,OLE,OLE,identity,1.000000,0,
OBS_000321,HT 101,.2_log,1,MI,MI,identity,1.000000,0,
OBS_000322,HT 101,.2_log,0,OLE,OLE,identity,1.000000,0,
OBS_000322,HT 101,.2_log,1,U,U,identity,1.000000,0,
OBS_000323,HT 101,.3_log,0,DI,DI,identity,1.000000,0,
OBS_000323,HT 101,.3_log,1,QE,QE,identity,1.000000,0,
OBS_000324,HT 101,.3_log,0,GRA,GRA,identity,1.000000,0,
OBS_000325,HT 101,.3_log,0,OLE,OLE,identity,1.000000,0,
OBS_000326,HT 101,.3_stmt,0,SA,SA,identity,1.000000,0,
OBS_000326,HT 101,.3_stmt,1,RA2,RA2,exact,1.000000,0,Canonical sign form
OBS_000327,HT 101,.4_log,0,OLE,OLE,identity,1.000000,0,
OBS_000327,HT 101,.4_log,1,U,U,identity,1.000000,0,
OBS_000328,HT 101,.4_stmt,0,KU,KU,identity,1.000000,0,
OBS_000328,HT 101,.4_stmt,1,PA3,PA3,identity,1.000000,0,
OBS_000329,HT 101,.5_log,0,OLE,OLE,identity,1.000000,0,
OBS_000329,HT 101,.5_log,1,KI,KI,identity,1.000000,0,
OBS_000330,HT 101,.6_log,0,OLIV,OLIV,exact,1.000000,0,Canonical sign form
OBS_000331,HT 101,.6_log,0,OLIV,OLIV,exact,1.000000,0,Canonical sign form
OBS_000331,HT 101,.6_log,1,TU,TU,identity,1.000000,0,
OBS_000332,HT 101,word_1,0,AB79,AB79,identity,1.000000,0,
OBS_000332,HT 101,word_1,1,AB22F,AB22F,identity,1.000000,0,
OBS_000332,HT 101,word_1,2,AB07,AB07,identity,1.000000,0,
OBS_000333,HT 101,word_2,0,AB31,AB31,identity,1.000000,0,
OBS_000333,HT 101,word_2,1,AB76,AB76,identity,1.000000,0,
OBS_000334,HT 101,word_3,0,AB81,AB81,identity,1.000000,0,
OBS_000335,HT 101,word_4,0,AB56,AB56,identity,1.000000,0,
OBS_000336,HT 102,.1-2_log,0,GRA,GRA,identity,1.000000,0,
OBS_000337,HT 102,.1-2_stmt,0,SA,SA,identity,1.000000,0,
OBS_000337,HT 102,.1-2_stmt,1,RA2,RA2,exact,1.000000,0,Canonical sign form
OBS_000338,HT 102,.1_stmt,0,KA,KA,identity,1.000000,0,
OBS_000338,HT 102,.1_stmt,1,PA,PA,identity,1.000000,0,
OBS_000339,HT 102,.2_log,0,GRA,GRA,identity,1.000000,0,
OBS_000339,HT 102,.2_log,1,PA,PA,identity,1.000000,0,
OBS_000340,HT 102,.2_stmt,0,PA3,PA3,identity,1.000000,0,
OBS_000340,HT 102,.2_stmt,1,NI,NI,identity,1.000000,0,
OBS_000341,HT 102,.3-4_stmt,0,MA,MA,identity,1.000000,0,
OBS_000341,HT 102,.3-4_stmt,1,ZU,ZU,identity,1.000000,0,
OBS_000342,HT 102,.3_log,0,]VIR,]VIR,identity,1.000000,0,
OBS_000342,HT 102,.3_log,1,GRA,GRA,identity,1.000000,0,
OBS_000342,HT 102,.3_log,2,PA,PA,identity,1.000000,0,
OBS_000343,HT 102,.3_stmt,0,DI,DI,identity,1.000000,0,
OBS_000343,HT 102,.3_stmt,1,RI,RI,identity,1.000000,0,
OBS_000343,HT 102,.3_stmt,2,NA,NA,identity,1.000000,0,
OBS_000344,HT 102,.4_stmt,0,I,I,identity,1.000000,0,
OBS_000344,HT 102,.4_stmt,1,KA,KA,identity,1.000000,0,
OBS_000345,HT 102,.5_stmt,0,KU,KU,identity,1.000000,0,
OBS_000345,HT 102,.5_stmt,1,RO,RO,identity,1.000000,0,
OBS_000346,HT 102,word_1,0,AB77,AB77,identity,1.000000,0,
OBS_000346,HT 102,word_1,1,AB03,AB03,identity,1.000000,0,
OBS_000347,HT 102,word_2,0,AB31,AB31,identity,1.000000,0,
OBS_000347,HT 102,word_2,1,AB76,AB76,identity,1.000000,0,
OBS_000348,HT 102,word_3,0,AB56,AB56,identity,1.000000,0,
OBS_000348,HT 102,word_3,1,AB30,AB30,identity,1.000000,0,
OBS_000349,HT 102,word_4,0,AB07,AB07,identity,1.000000,0,
OBS_000349,HT 102,word_4,1,AB53,AB53,identity,1.000000,0,
OBS_000349,HT 102,word_4,2,AB06,AB06,identity,1.000000,0,
OBS_000350,HT 102,word_5,0,AB80,AB80,identity,1.000000,0,
OBS_000350,HT 102,word_5,1,AB79,AB79,identity,1.000000,0,
OBS_000351,HT 102,word_6,0,AB28,AB28,identity,1.000000,0,
OBS_000351,HT 102,word_6,1,AB77,AB77,identity,1.000000,0,
OBS_000352,HT 102,word_7,0,AB81,AB81,identity,1.000000,0,
OBS_000352,HT 102,word_7,1,AB02,AB02,identity,1.000000,0,
OBS_000353,HT 103,.1_log,0,FIC,FIC,identity,1.000000,0,
OBS_000354,HT 103,.1_stmt,0,U,U,identity,1.000000,0,
OBS_000354,HT 103,.1_stmt,1,TA2,TA2,identity,1.000000,0,
OBS_000355,HT 103,.2_log,0,PA3,PA3,identity,1.000000,0,
OBS_000356,HT 103,.2_stmt,0,DA,DA,identity,1.000000,0,
OBS_000356,HT 103,.2_stmt,1,KU,KU,identity,1.000000,0,
OBS_000356,HT 103,.2_stmt,2,SE,SE,identity,1.000000,0,
OBS_000356,HT 103,.2_stmt,3,NE[,NE[,identity,1.000000,0,
OBS_000357,HT 103,.4-5_stmt,0,DA,DA,identity,1.000000,0,
OBS_000357,HT 103,.4-5_stmt,1,KU,KU,identity,1.000000,0,
OBS_000357,HT 103,.4-5_stmt,2,SE,SE,identity,1.000000,0,
OBS_000357,HT 103,.4-5_stmt,3,NE,NE,identity,1.000000,0,
OBS_000358,HT 103,.4_stmt,0,DA,DA,identity,1.000000,0,
OBS_000358,HT 103,.4_stmt,1,KU,KU,identity,1.000000,0,
OBS_000358,HT 103,.4_stmt,2,NA,NA,identity,1.000000,0,
OBS_000359,HT 103,.5_stmt,0,KI,KI,identity,1.000000,0,
OBS_000359,HT 103,.5_stmt,1,RA,RA,suppressed_in_strict,0.350000,1,
OBS_000360,HT 103,word_1,0,AB10,AB10,identity,1.000000,0,
OBS_000360,HT 103,word_1,1,AB66,AB66,identity,1.000000,0,
OBS_000361,HT 103,word_2,0,AB56,AB56,identity,1.000000,0,
OBS_000361,HT 103,word_2,1,AB01,AB01,identity,1.000000,0,
OBS_000361,HT 103,word_2,2,AB81,AB81,identity,1.000000,0,
OBS_000361,HT 103,word_2,3,AB09,AB09,identity,1.000000,0,
OBS_000361,HT 103,word_2,4,AB24,AB24,identity,1.000000,0,
OBS_000362,HT 103,word_3,0,AB01,AB01,identity,1.000000,0,
OBS_000362,HT 103,word_3,1,AB81,AB81,identity,1.000000,0,
OBS_000362,HT 103,word_3,2,AB06,AB06,identity,1.000000,0,
OBS_000363,HT 103,word_4,0,AB01,AB01,identity,1.000000,0,
OBS_000363,HT 103,word_4,1,AB81,AB81,identity,1.000000,0,
OBS_000363,HT 103,word_4,2,AB09,AB09,identity,1.000000,0,
OBS_000363,HT 103,word_4,3,AB24,AB24,identity,1.000000,0,
OBS_000364,HT 103,word_5,0,AB67,AB67,exact,1.000000,0,Canonical sign form
OBS_000364,HT 103,word_5,1,AB60,AB60,identity,1.000000,0,
OBS_000365,HT 104,.1-2_stmt,0,DA,DA,identity,1.000000,0,
OBS_000365,HT 104,.1-2_stmt,1,KU,KU,identity,1.000000,0,
OBS_000365,HT 104,.1-2_stmt,2,SE,SE,identity,1.000000,0,
OBS_000365,HT 104,.1-2_stmt,3,NE,NE,identity,1.000000,0,
OBS_000365,HT 104,.1-2_stmt,4,TI,TI,identity,1.000000,0,
OBS_000366,HT 104,.1_log,0,TE,TE,identity,1.000000,0,
OBS_000366,HT 104,.1_log,1,RO,RO,identity,1.000000,0,
OBS_000367,HT 104,.1_stmt,0,TA,TA,identity,1.000000,0,
OBS_000367,HT 104,.1_stmt,1,PA,PA,identity,1.000000,0,
OBS_000368,HT 104,.2-3_stmt,0,I,I,identity,1.000000,0,
OBS_000368,HT 104,.2-3_stmt,1,DU,DU,identity,1.000000,0,
OBS_000368,HT 104,.2-3_stmt,2,TI,TI,identity,1.000000,0,
OBS_000369,HT 104,.3-4_stmt,0,PA,PA,identity,1.000000,0,
OBS_000369,HT 104,.3-4_stmt,1,DA,DA,identity,1.000000,0,
OBS_000369,HT 104,.3-4_stmt,2,SU,SU,identity,1.000000,0,
OBS_000369,HT 104,.3-4_stmt,3,TI,TI,identity,1.000000,0,
OBS_000370,HT 104,.5_stmt,0,KU,KU,identity,1.000000,0,
OBS_000370,HT 104,.5_stmt,1,RO,RO,identity,1.000000,0,
OBS_000371,HT 104,word_1,0,AB59,AB59,identity,1.000000,0,
OBS_000371,HT 104,word_1,1,AB03,AB03,identity,1.000000,0,
OBS_000372,HT 104,word_2,0,AB01,AB01,identity,1.000000,0,
OBS_000372,HT 104,word_2,1,AB81,AB81,identity,1.000000,0,
OBS_000372,HT 104,word_2,2,AB09,AB09,identity,1.000000,0,
OBS_000372,HT 104,word_2,3,AB24,AB24,identity,1.000000,0,
OBS_000372,HT 104,word_2,4,AB37,AB37,identity,1.000000,0,
OBS_000373,HT 104,word_3,0,AB28,AB28,identity,1.000000,0,
OBS_000373,HT 104,word_3,1,AB51,AB51,identity,1.000000,0,
OBS_000373,HT 104,word_3,2,AB37,AB37,identity,1.000000,0,
OBS_000374,HT 104,word_4,0,AB03,AB03,identity,1.000000,0,
OBS_000374,HT 104,word_4,1,AB01,AB01,identity,1.000000,0,
OBS_000374,HT 104,word_4,2,AB58,AB58,identity,1.000000,0,
OBS_000374,HT 104,word_4,3,AB37,AB37,identity,1.000000,0,
OBS_000375,HT 104,word_5,0,AB81,AB81,identity,1.000000,0,
OBS_000375,HT 104,word_5,1,AB02,AB02,identity,1.000000,0,
OBS_000376,HT 105,.1_stmt,0,KA,KA,identity,1.000000,0,
OBS_000376,HT 105,.1_stmt,1,PA[,PA[,identity,1.000000,0,
OBS_000377,HT 105,.2_log,0,]VIR,]VIR,identity,1.000000,0,
OBS_000378,HT 105,.3_log,0,VIR,VIR,identity,1.000000,0,
OBS_000379,HT 105,.3_stmt,0,SA,SA,identity,1.000000,0,
OBS_000379,HT 105,.3_stmt,1,RA2,RA2,exact,1.000000,0,Canonical sign form
OBS_000380,HT 106,.1_stmt,0,MI,MI,identity,1.000000,0,
OBS_000380,HT 106,.1_stmt,1,NU,NU,identity,1.000000,0,
OBS_000380,HT 106,.1_stmt,2,TE,TE,identity,1.000000,0,
OBS_000381,HT 108,.1_log,0,GRA,GRA,identity,1.000000,0,
OBS_000381,HT 108,.1_log,1,H,H,identity,1.000000,0,
OBS_000382,HT 108,.1_log,0,VIR,VIR,identity,1.000000,0,
OBS_000383,HT 108,.1_stmt,0,KI,KI,identity,1.000000,0,
OBS_000383,HT 108,.1_stmt,1,RE,RE,identity,1.000000,0,
OBS_000383,HT 108,.1_stmt,2,TA,TA,identity,1.000000,0,
OBS_000383,HT 108,.1_stmt,3,NA,NA,identity,1.000000,0,
OBS_000384,HT 108,.2_stmt,0,DI,DI,identity,1.000000,0,
OBS_000384,HT 108,.2_stmt,1,NA,NA,identity,1.000000,0,
OBS_000384,HT 108,.2_stmt,2,RO,RO,identity,1.000000,0,
OBS_000385,HT 108,.2_stmt,0,DU,DU,identity,1.000000,0,
OBS_000385,HT 108,.2_stmt,1,SU,SU,identity,1.000000,0,
OBS_000385,HT 108,.2_stmt,2,NI,NI,identity,1.000000,0,
OBS_000386,HT 108,word_1,0,AB67,AB67,exact,1.000000,0,Canonical sign form
OBS_000386,HT 108,word_1,1,AB27,AB27,identity,1.000000,0,
OBS_000386,HT 108,word_1,2,AB59,AB59,identity,1.000000,0,
OBS_000386,HT 108,word_1,3,AB06,AB06,identity,1.000000,0,
OBS_000387,HT 108,word_2,0,AB07,AB07,identity,1.000000,0,
OBS_000387,HT 108,word_2,1,AB06,AB06,identity,1.000000,0,
OBS_000387,HT 108,word_2,2,AB02,AB02,identity,1.000000,0,
OBS_000388,HT 108,word_3,0,AB51,AB51,identity,1.000000,0,
OBS_000388,HT 108,word_3,1,AB58,AB58,identity,1.000000,0,
OBS_000388,HT 108,word_3,2,AB30,AB30,identity,1.000000,0,
OBS_000389,HT 108,word_4,0,[?],[?],identity,1.000000,0,
OBS_000389,HT 108,word_4,1,AB76,AB76,identity,1.000000,0,
OBS_000389,HT 108,word_4,2,AB37,AB37,identity,1.000000,0,
OBS_000389,HT 108,word_4,3,AB65,AB65,identity,1.000000,0,
OBS_000390,HT 109,.3_stmt,0,KU,KU,identity,1.000000,0,
OBS_000390,HT 109,.3_stmt,1,RO,RO,identity,1.000000,0,
OBS_000391,HT 109,.4_stmt,0,A,A,identity,1.000000,0,
OBS_000391,HT 109,.4_stmt,1,RA,RA,suppressed_in_strict,0.350000,1,
OBS_000391,HT 109,.4_stmt,2,JU,JU,identity,1.000000,0,
OBS_000392,HT 109,word_1,0,AB27,AB27,identity,1.000000,0,
OBS_000393,HT 109,word_3,0,AB59,AB59,identity,1.000000,0,
OBS_000394,HT 109,word_4,0,AB81,AB81,identity,1.000000,0,
OBS_000394,HT 109,word_4,1,AB02,AB02,identity,1.000000,0,
OBS_000395,HT 109,word_5,0,AB08,AB08,identity,1.000000,0,
OBS_000395,HT 109,word_5,1,AB60,AB60,identity,1.000000,0,
OBS_000395,HT 109,word_5,2,AB65,AB65,identity,1.000000,0,
OBS_000396,HT 10A,word_1,0,AB81,AB81,identity,1.000000,0,
OBS_000396,HT 10A,word_1,1,AB30,AB30,identity,1.000000,0,
OBS_000396,HT 10A,word_1,2,AB58,AB58,identity,1.000000,0,
OBS_000397,HT 10A,word_2,0,AB31,AB31,identity,1.000000,0,
OBS_000397,HT 10A,word_2,1,AB80,AB80,identity,1.000000,0,
OBS_000398,HT 10A,word_3,0,AB01,AB01,identity,1.000000,0,
OBS_000398,HT 10A,word_3,1,AB27,AB27,identity,1.000000,0,
OBS_000399,HT 10A,word_4,0,AB10,AB10,identity,1.000000,0,
OBS_000399,HT 10A,word_4,1,A325,A325,identity,1.000000,0,
OBS_000399,HT 10A,word_4,2,AB17,AB17,identity,1.000000,0,
OBS_000400,HT 10A,word_5,0,AB10,AB10,identity,1.000000,0,
OBS_000400,HT 10A,word_5,1,A325,A325,identity,1.000000,0,
OBS_000400,HT 10A,word_5,2,AB17,AB17,identity,1.000000,0,
OBS_000401,HT 10A,word_6,0,A305,A305,identity,1.000000,0,
OBS_000401,HT 10A,word_6,1,AB26,AB26,identity,1.000000,0,
OBS_000402,HT 10A,word_7,0,AB01,AB01,identity,1.000000,0,
OBS_000402,HT 10A,word_7,1,AB53,AB53,identity,1.000000,0,
OBS_000402,HT 10A,word_7,2,AB01,AB01,identity,1.000000,0,
OBS_000403,HT 10A,word_8,0,AB13,AB13,identity,1.000000,0,
OBS_000403,HT 10A,word_8,1,AB17,AB17,identity,1.000000,0,
OBS_000404,HT 10B,word_1,0,AB10,AB10,identity,1.000000,0,
OBS_000404,HT 10B,word_1,1,AB37,AB37,identity,1.000000,0,
OBS_000405,HT 10B,word_2,0,AB01,AB01,identity,1.000000,0,
OBS_000405,HT 10B,word_2,1,AB27,AB27,identity,1.000000,0,
OBS_000406,HT 10B,word_3,0,AB59,AB59,identity,1.000000,0,
OBS_000406,HT 10B,word_3,1,AB53,AB53,identity,1.000000,0,
OBS_000406,HT 10B,word_3,2,AB06,AB06,identity,1.000000,0,
OBS_000407,HT 10B,word_4,0,A312,A312,identity,1.000000,0,
OBS_000407,HT 10B,word_4,1,AB59,AB59,identity,1.000000,0,
OBS_000408,HT 10B,word_5,0,AB77,AB77,identity,1.000000,0,
OBS_000408,HT 10B,word_5,1,AB31,AB31,identity,1.000000,0,
OBS_000408,HT 10B,word_5,2,AB26,AB26,identity,1.000000,0,
OBS_000409,HT 10B,word_6,0,AB59,AB59,identity,1.000000,0,
OBS_000409,HT 10B,word_6,1,AB06,AB06,identity,1.000000,0,
OBS_000409,HT 10B,word_6,2,AB37,AB37,identity,1.000000,0,
OBS_000410,HT 11,a.1-2_stmt,0,A,A,identity,1.000000,0,
OBS_000410,HT 11,a.1-2_stmt,1,RU,RU,identity,1.000000,0,
OBS_000410,HT 11,a.1-2_stmt,2,RA,RA,suppressed_in_strict,0.350000,1,
OBS_000411,HT 11,a.2_stmt,0,KA,KA,identity,1.000000,0,
OBS_000411,HT 11,a.2_stmt,1,RO,RO,identity,1.000000,0,
OBS_000411,HT 11,a.2_stmt,2,NA,NA,identity,1.000000,0,
OBS_000412,HT 11,a.3-4_stmt,0,A,A,identity,1.000000,0,
OBS_000412,HT 11,a.3-4_stmt,1,SU,SU,identity,1.000000,0,
OBS_000412,HT 11,a.3-4_stmt,2,JA,JA,identity,1.000000,0,
OBS_000413,HT 11,a.3_stmt,0,KU,KU,identity,1.000000,0,
OBS_000413,HT 11,a.3_stmt,1,RO,RO,identity,1.000000,0,
OBS_000414,HT 11,a.4_stmt,0,VIR,VIR,identity,1.000000,0,
OBS_000414,HT 11,a.4_stmt,1,I,I,identity,1.000000,0,
OBS_000415,HT 11,a.5_stmt,0,TA2,TA2,identity,1.000000,0,
OBS_000416,HT 11,b.1_stmt,0,DE,DE,identity,1.000000,0,
OBS_000416,HT 11,b.1_stmt,1,NU,NU,identity,1.000000,0,
OBS_000417,HT 11,b.1_stmt,0,RU,RU,identity,1.000000,0,
OBS_000417,HT 11,b.1_stmt,1,RA2,RA2,exact,1.000000,0,Canonical sign form
OBS_000418,HT 11,b.3-4_stmt,0,RU,RU,identity,1.000000,0,
OBS_000418,HT 11,b.3-4_stmt,1,ZU,ZU,identity,1.000000,0,
OBS_000418,HT 11,b.3-4_stmt,2,NA,NA,identity,1.000000,0,
OBS_000419,HT 11,b.4-5_stmt,0,SA,SA,identity,1.000000,0,
OBS_000419,HT 11,b.4-5_stmt,1,QE,QE,identity,1.000000,0,
OBS_000419,HT 11,b.4-5_stmt,2,RI,RI,identity,1.000000,0,
OBS_000420,HT 11,b.5-6_stmt,0,KU,KU,identity,1.000000,0,
OBS_000420,HT 11,b.5-6_stmt,1,RO,RO,identity,1.000000,0,
OBS_000421,HT 110,a.1_stmt,0,SI,SI,identity,1.000000,0,
OBS_000421,HT 110,a.1_stmt,1,DU,DU,identity,1.000000,0,
OBS_000421,HT 110,a.1_stmt,2,KU,KU,identity,1.000000,0,
OBS_000421,HT 110,a.1_stmt,3,MI,MI,identity,1.000000,0,
OBS_000422,HT 110,a.2_stmt,0,KU,KU,identity,1.000000,0,
OBS_000422,HT 110,a.2_stmt,1,PA,PA,identity,1.000000,0,
OBS_000423,HT 110,a.3_stmt,0,KU,KU,identity,1.000000,0,
OBS_000423,HT 110,a.3_stmt,1,RO,RO,identity,1.000000,0,
OBS_000424,HT 110,a.4_log,0,]FIC,]FIC,identity,1.000000,0,
OBS_000425,HT 110,b.1-2_log,0,*400VAS,*400VAS,identity,1.000000,0,
OBS_000425,HT 110,b.1-2_log,1,RI,RI,identity,1.000000,0,
OBS_000426,HT 110,b.4_log,0,FIC,FIC,identity,1.000000,0,
OBS_000427,HT 110A,word_1,0,AB41,AB41,identity,1.000000,0,
OBS_000427,HT 110A,word_1,1,AB51,AB51,identity,1.000000,0,
OBS_000427,HT 110A,word_1,2,AB34,AB34,identity,1.000000,0,
OBS_000427,HT 110A,word_1,3,AB81,AB81,identity,1.000000,0,
OBS_000427,HT 110A,word_1,4,AB73,AB73,identity,1.000000,0,
OBS_000428,HT 110A,word_2,0,AB81,AB81,identity,1.000000,0,
OBS_000428,HT 110A,word_2,1,AB03,AB03,identity,1.000000,0,
OBS_000429,HT 110A,word_3,0,AB81,AB81,identity,1.000000,0,
OBS_000429,HT 110A,word_3,1,AB02,AB02,identity,1.000000,0,
OBS_000430,HT 110B,word_2,0,AB02,AB02,identity,1.000000,0,
OBS_000431,HT 111,a.2_stmt,0,QA,QA,identity,1.000000,0,
OBS_000431,HT 111,a.2_stmt,1,SA,SA,identity,1.000000,0,
OBS_000432,HT 111,a.2_stmt,0,]QE,]QE,identity,1.000000,0,
OBS_000432,HT 111,a.2_stmt,1,KA,KA,identity,1.000000,0,
OBS_000433,HT 111,a.3_stmt,0,QA,QA,identity,1.000000,0,
OBS_000433,HT 111,a.3_stmt,1,QA,QA,identity,1.000000,0,
OBS_000433,HT 111,a.3_stmt,2,RU,RU,identity,1.000000,0,
OBS_000434,HT 111,b.1_stmt,0,SA,SA,identity,1.000000,0,
OBS_000434,HT 111,b.1_stmt,1,DI,DI,identity,1.000000,0,
OBS_000435,HT 111,b.3_log,0,]FIC,]FIC,identity,1.000000,0,
OBS_000436,HT 112,a.1_log,0,OVISF[,OVISF[,identity,1.000000,0,
OBS_000437,HT 112,a.2_stmt,0,]TU,]TU,identity,1.000000,0,
OBS_000437,HT 112,a.2_stmt,1,PA,PA,identity,1.000000,0,
OBS_000438,HT 112A,word_2,0,AB69,AB69,identity,1.000000,0,
OBS_000438,HT 112A,word_2,1,AB03,AB03,identity,1.000000,0,
OBS_000439,HT 113,.1_stmt,0,RA,RA,suppressed_in_strict,0.350000,1,
OBS_000439,HT 113,.1_stmt,1,RI,RI,identity,1.000000,0,
OBS_000439,HT 113,.1_stmt,2,DE[,DE[,identity,1.000000,0,
OBS_000440,HT 113,.2-3_stmt,0,]WI,]WI,identity,1.000000,0,
OBS_000440,HT 113,.2-3_stmt,1,SA,SA,identity,1.000000,0,
OBS_000441,HT 113,word_1,0,AB60,AB60,identity,1.000000,0,
OBS_000441,HT 113,word_1,1,AB53,AB53,identity,1.000000,0,
OBS_000441,HT 113,word_1,2,AB45,AB45,identity,1.000000,0,
OBS_000442,HT 113,word_2,0,AB40,AB40,identity,1.000000,0,
OBS_000442,HT 113,word_2,1,AB31,AB31,identity,1.000000,0,
OBS_000443,HT 113 TER,word_1,0,AB73,AB73,identity,1.000000,0,
OBS_000443,HT 113 TER,word_1,1,[?],[?],identity,1.000000,0,
OBS_000444,HT 114,a.1-2_log,0,GRA,GRA,identity,1.000000,0,
OBS_000445,HT 114,a.1-2_stmt,0,SA,SA,identity,1.000000,0,
OBS_000445,HT 114,a.1-2_stmt,1,RA2,RA2,exact,1.000000,0,Canonical sign form
OBS_000446,HT 114,a.1_stmt,0,KI,KI,identity,1.000000,0,
OBS_000446,HT 114,a.1_stmt,1,RI,RI,identity,1.000000,0,
OBS_000446,HT 114,a.1_stmt,2,TA2,TA2,identity,1.000000,0,
OBS_000447,HT 114,a.2_log,0,OLE,OLE,identity,1.000000,0,
OBS_000448,HT 114,a.3-4_log,0,BOSM,BOSM,identity,1.000000,0,
OBS_000449,HT 114,a.3_log,0,FIC,FIC,identity,1.000000,0,
OBS_000450,HT 114,a.3_log,0,VINA,VINA,identity,1.000000,0,
OBS_000451,HT 114,b.1_log,0,SA,SA,identity,1.000000,0,
OBS_000451,HT 114,b.1_log,1,VINA,VINA,identity,1.000000,0,
OBS_000452,HT 114A,word_1,0,AB67,AB67,exact,1.000000,0,Canonical sign form
OBS_000452,HT 114A,word_1,1,AB53,AB53,identity,1.000000,0,
OBS_000452,HT 114A,word_1,2,AB66,AB66,identity,1.000000,0,
OBS_000453,HT 114A,word_2,0,AB31,AB31,identity,1.000000,0,
OBS_000453,HT 114A,word_2,1,AB76,AB76,identity,1.000000,0,
OBS_000454,HT 115,a.1-2_stmt,0,RI,RI,identity,1.000000,0,
OBS_000454,HT 115,a.1-2_stmt,1,TA,TA,identity,1.000000,0,
OBS_000454,HT 115,a.1-2_stmt,2,MA,MA,identity,1.000000,0,
OBS_000454,HT 115,a.1-2_stmt,3,NU,NU,identity,1.000000,0,
OBS_000454,HT 115,a.1-2_stmt,4,WI,WI,identity,1.000000,0,
OBS_000455,HT 115,a.1_log,0,I,I,identity,1.000000,0,
OBS_000455,HT 115,a.1_log,1,GRA,GRA,identity,1.000000,0,
OBS_000455,HT 115,a.1_log,2,*22M,*22M,identity,1.000000,0,
OBS_000456,HT 115,a.1_stmt,0,NU,NU,identity,1.000000,0,
OBS_000456,HT 115,a.1_stmt,1,RA,RA,suppressed_in_strict,0.350000,1,
OBS_000456,HT 115,a.1_stmt,2,JA,JA,identity,1.000000,0,
OBS_000457,HT 115,a.2-3_stmt,0,NA,NA,identity,1.000000,0,
OBS_000457,HT 115,a.2-3_stmt,1,QIF,QIF,identity,1.000000,0,
OBS_000457,HT 115,a.2-3_stmt,2,NE,NE,identity,1.000000,0,
OBS_000457,HT 115,a.2-3_stmt,3,MI,MI,identity,1.000000,0,
OBS_000457,HT 115,a.2-3_stmt,4,NA,NA,identity,1.000000,0,
OBS_000458,HT 115,a.3_stmt,0,SE,SE,identity,1.000000,0,
OBS_000458,HT 115,a.3_stmt,1,KU,KU,identity,1.000000,0,
OBS_000458,HT 115,a.3_stmt,2,TU,TU,identity,1.000000,0,
OBS_000459,HT 115,a.4_stmt,0,A,A,identity,1.000000,0,
OBS_000459,HT 115,a.4_stmt,1,SE,SE,identity,1.000000,0,
OBS_000459,HT 115,a.4_stmt,2,JA,JA,identity,1.000000,0,
OBS_000460,HT 115,a.4_stmt,0,PA,PA,identity,1.000000,0,
OBS_000460,HT 115,a.4_stmt,1,RA,RA,suppressed_in_strict,0.350000,1,
OBS_000460,HT 115,a.4_stmt,2,NE,NE,identity,1.000000,0,
OBS_000461,HT 115,a.5_stmt,0,KA,KA,identity,1.000000,0,
OBS_000461,HT 115,a.5_stmt,1,PO,PO,identity,1.000000,0,
OBS_000461,HT 115,a.5_stmt,2,RU,RU,identity,1.000000,0,
OBS_000462,HT 115,b.1_stmt,0,]RU,]RU,identity,1.000000,0,
OBS_000462,HT 115,b.1_stmt,1,PA,PA,identity,1.000000,0,
OBS_000462,HT 115,b.1_stmt,2,RA,RA,suppressed_in_strict,0.350000,1,
OBS_000462,HT 115,b.1_stmt,3,NE,NE,identity,1.000000,0,
OBS_000463,HT 115,b.2_log,0,GRA,GRA,identity,1.000000,0,
OBS_000464,HT 115,b.2_stmt,0,DU,DU,identity,1.000000,0,
OBS_000464,HT 115,b.2_stmt,1,PA3,PA3,identity,1.000000,0,
OBS_000464,HT 115,b.2_stmt,2,NA,NA,identity,1.000000,0,
OBS_000465,HT 115,b.2_stmt,0,TI,TI,identity,1.000000,0,
OBS_000465,HT 115,b.2_stmt,1,NU,NU,identity,1.000000,0,
OBS_000465,HT 115,b.2_stmt,2,JA,JA,identity,1.000000,0,
OBS_000465,HT 115,b.2_stmt,3,NU,NU,identity,1.000000,0,
OBS_000465,HT 115,b.2_stmt,4,WI,WI,identity,1.000000,0,
OBS_000466,HT 115,b.3_stmt,0,KU,KU,identity,1.000000,0,
OBS_000466,HT 115,b.3_stmt,1,RU,RU,identity,1.000000,0,
OBS_000466,HT 115,b.3_stmt,2,MA,MA,identity,1.000000,0,
OBS_000467,HT 115,b.3_stmt,0,TU,TU,identity,1.000000,0,
OBS_000467,HT 115,b.3_stmt,1,JA,JA,identity,1.000000,0,
OBS_000468,HT 115,b.4_stmt,0,KU,KU,identity,1.000000,0,
OBS_000468,HT 115,b.4_stmt,1,TA[,TA[,identity,1.000000,0,
OBS_000469,HT 115A,word_1,0,AB47,AB47,identity,1.000000,0,
OBS_000469,HT 115A,word_1,1,AB55,AB55,identity,1.000000,0,
OBS_000469,HT 115A,word_1,2,AB60,AB60,identity,1.000000,0,
OBS_000469,HT 115A,word_1,3,AB56,AB56,identity,1.000000,0,
OBS_000470,HT 115A,word_2,0,AB53,AB53,identity,1.000000,0,
OBS_000470,HT 115A,word_2,1,AB59,AB59,identity,1.000000,0,
OBS_000470,HT 115A,word_2,2,AB80,AB80,identity,1.000000,0,
OBS_000470,HT 115A,word_2,3,AB55,AB55,identity,1.000000,0,
OBS_000470,HT 115A,word_2,4,AB40,AB40,identity,1.000000,0,
OBS_000471,HT 115A,word_3,0,AB06,AB06,identity,1.000000,0,
OBS_000471,HT 115A,word_3,1,AB21F,AB21F,identity,1.000000,0,
OBS_000471,HT 115A,word_3,2,AB24,AB24,identity,1.000000,0,
OBS_000471,HT 115A,word_3,3,AB73,AB73,identity,1.000000,0,
OBS_000471,HT 115A,word_3,4,AB06,AB06,identity,1.000000,0,
OBS_000472,HT 115A,word_4,0,AB09,AB09,identity,1.000000,0,
OBS_000472,HT 115A,word_4,1,AB81,AB81,identity,1.000000,0,
OBS_000472,HT 115A,word_4,2,AB69,AB69,identity,1.000000,0,
OBS_000473,HT 115A,word_5,0,AB03,AB03,identity,1.000000,0,
OBS_000473,HT 115A,word_5,1,AB60,AB60,identity,1.000000,0,
OBS_000473,HT 115A,word_5,2,AB24,AB24,identity,1.000000,0,
OBS_000474,HT 115A,word_6,0,AB08,AB08,identity,1.000000,0,
OBS_000474,HT 115A,word_6,1,AB09,AB09,identity,1.000000,0,
OBS_000474,HT 115A,word_6,2,AB57,AB57,identity,1.000000,0,
OBS_000474,HT 115A,word_6,3,A718,A718,identity,1.000000,0,
OBS_000475,HT 115A,word_7,0,AB77,AB77,identity,1.000000,0,
OBS_000475,HT 115A,word_7,1,AB11,AB11,identity,1.000000,0,
OBS_000475,HT 115A,word_7,2,AB26,AB26,identity,1.000000,0,
OBS_000476,HT 115B,word_1,0,AB26,AB26,identity,1.000000,0,
OBS_000477,HT 115B,word_2,0,AB03,AB03,identity,1.000000,0,
OBS_000477,HT 115B,word_2,1,AB60,AB60,identity,1.000000,0,
OBS_000477,HT 115B,word_2,2,AB24,AB24,identity,1.000000,0,
OBS_000478,HT 115B,word_3,0,AB37,AB37,identity,1.000000,0,
OBS_000478,HT 115B,word_3,1,AB55,AB55,identity,1.000000,0,
OBS_000478,HT 115B,word_3,2,AB57,AB57,identity,1.000000,0,
OBS_000479,HT 115B,word_4,0,AB55,AB55,identity,1.000000,0,
OBS_000479,HT 115B,word_4,1,AB40,AB40,identity,1.000000,0,
OBS_000480,HT 115B,word_5,0,AB51,AB51,identity,1.000000,0,
OBS_000480,HT 115B,word_5,1,AB56,AB56,identity,1.000000,0,
OBS_000480,HT 115B,word_5,2,AB06,AB06,identity,1.000000,0,
OBS_000481,HT 115B,word_6,0,AB81,AB81,identity,1.000000,0,
OBS_000481,HT 115B,word_6,1,AB26,AB26,identity,1.000000,0,
OBS_000481,HT 115B,word_6,2,AB80,AB80,identity,1.000000,0,
OBS_000482,HT 115B,word_7,0,A306,A306,identity,1.000000,0,
OBS_000482,HT 115B,word_7,1,AB69,AB69,identity,1.000000,0,
OBS_000482,HT 115B,word_7,2,AB57,AB57,identity,1.000000,0,
OBS_000483,HT 115B,word_8,0,AB08,AB08,identity,1.000000,0,
OBS_000483,HT 115B,word_8,1,AB28,AB28,identity,1.000000,0,
OBS_000483,HT 115B,word_8,2,[?],[?],identity,1.000000,0,
OBS_000483,HT 115B,word_8,3,[?],[?],identity,1.000000,0,
OBS_000484,HT 115B,word_9,0,AB81,AB81,identity,1.000000,0,
OBS_000484,HT 115B,word_9,1,AB59,AB59,identity,1.000000,0,
OBS_000485,HT 116,a.1-2_stmt,0,KU,KU,identity,1.000000,0,
OBS_000485,HT 116,a.1-2_stmt,1,PA,PA,identity,1.000000,0,
OBS_000485,HT 116,a.1-2_stmt,2,JA,JA,identity,1.000000,0,
OBS_000486,HT 116,a.1_stmt,0,U,U,identity,1.000000,0,
OBS_000486,HT 116,a.1_stmt,1,TA,TA,identity,1.000000,0,
OBS_000486,HT 116,a.1_stmt,2,RO,RO,identity,1.000000,0,
OBS_000487,HT 116,a.2_stmt,0,PU,PU,identity,1.000000,0,
OBS_000487,HT 116,a.2_stmt,1,RA2,RA2,exact,1.000000,0,Canonical sign form
OBS_000488,HT 116,a.3-4_log,0,SI,SI,identity,1.000000,0,
OBS_000488,HT 116,a.3-4_log,1,SE,SE,identity,1.000000,0,
OBS_000489,HT 116,a.4_stmt,0,PI,PI,identity,1.000000,0,
OBS_000489,HT 116,a.4_stmt,1,TE,TE,identity,1.000000,0,
OBS_000490,HT 116,a.5-6_stmt,0,SI,SI,identity,1.000000,0,
OBS_000490,HT 116,a.5-6_stmt,1,KI,KI,identity,1.000000,0,
OBS_000490,HT 116,a.5-6_stmt,2,NE,NE,identity,1.000000,0,
OBS_000491,HT 116,a.6-7_stmt,0,QA,QA,identity,1.000000,0,
OBS_000491,HT 116,a.6-7_stmt,1,NU,NU,identity,1.000000,0,
OBS_000491,HT 116,a.6-7_stmt,2,MA,MA,identity,1.000000,0,
OBS_000492,HT 116,b.1_stmt,0,KU,KU,identity,1.000000,0,
OBS_000492,HT 116,b.1_stmt,1,RO,RO,identity,1.000000,0,
OBS_000493,HT 116A,word_1,0,AB10,AB10,identity,1.000000,0,
OBS_000493,HT 116A,word_1,1,AB59,AB59,identity,1.000000,0,
OBS_000493,HT 116A,word_1,2,AB02,AB02,identity,1.000000,0,
OBS_000494,HT 116A,word_2,0,AB81,AB81,identity,1.000000,0,
OBS_000494,HT 116A,word_2,1,AB03,AB03,identity,1.000000,0,
OBS_000494,HT 116A,word_2,2,AB57,AB57,identity,1.000000,0,
OBS_000495,HT 116A,word_3,0,AB50,AB50,identity,1.000000,0,
OBS_000495,HT 116A,word_3,1,AB76,AB76,identity,1.000000,0,
OBS_000496,HT 116A,word_4,0,AB39,AB39,identity,1.000000,0,
OBS_000496,HT 116A,word_4,1,AB34,AB34,identity,1.000000,0,
OBS_000496,HT 116A,word_4,2,AB04,AB04,identity,1.000000,0,
OBS_000497,HT 116A,word_5,0,AB41,AB41,identity,1.000000,0,
OBS_000497,HT 116A,word_5,1,AB67,AB67,exact,1.000000,0,Canonical sign form
OBS_000497,HT 116A,word_5,2,AB24,AB24,identity,1.000000,0,
OBS_000498,HT 116A,word_6,0,AB16,AB16,identity,1.000000,0,
OBS_000498,HT 116A,word_6,1,AB55,AB55,identity,1.000000,0,
OBS_000498,HT 116A,word_6,2,AB80,AB80,identity,1.000000,0,
OBS_000499,HT 116B,word_1,0,AB81,AB81,identity,1.000000,0,
OBS_000499,HT 116B,word_1,1,AB02,AB02,identity,1.000000,0,
OBS_000500,HT 117,a.1-2_stmt,0,MA,MA,identity,1.000000,0,
OBS_000500,HT 117,a.1-2_stmt,1,KA,KA,identity,1.000000,0,
OBS_000500,HT 117,a.1-2_stmt,2,RI,RI,identity,1.000000,0,
OBS_000500,HT 117,a.1-2_stmt,3,TE,TE,identity,1.000000,0,
OBS_000500,HT 117,a.1-2_stmt,4,KI,KI,identity,1.000000,0,
OBS_000500,HT 117,a.1-2_stmt,5,RO,RO,identity,1.000000,0,
OBS_000500,HT 117,a.1-2_stmt,6,U,U,identity,1.000000,0,
OBS_000500,HT 117,a.1-2_stmt,7,MI,MI,identity,1.000000,0,
OBS_000500,HT 117,a.1-2_stmt,8,NA,NA,identity,1.000000,0,
OBS_000500,HT 117,a.1-2_stmt,9,SI,SI,identity,1.000000,0,
OBS_000501,HT 117,a.2-3_stmt,0,KU,KU,identity,1.000000,0,
OBS_000501,HT 117,a.2-3_stmt,1,RA,RA,suppressed_in_strict,0.350000,1,
OBS_000501,HT 117,a.2-3_stmt,2,MU,MU,identity,1.000000,0,
OBS_000502,HT 117,a.2_stmt,0,MI,MI,identity,1.000000,0,
OBS_000502,HT 117,a.2_stmt,1,TU,TU,identity,1.000000,0,
OBS_000503,HT 117,a.2_stmt,0,U,U,identity,1.000000,0,
OBS_000503,HT 117,a.2_stmt,1,SU,SU,identity,1.000000,0,
OBS_000504,HT 117,a.3-4_stmt,0,TU,TU,identity,1.000000,0,
OBS_000504,HT 117,a.3-4_stmt,1,JU,JU,identity,1.000000,0,
OBS_000504,HT 117,a.3-4_stmt,2,MA,MA,identity,1.000000,0,
OBS_000505,HT 117,a.3_stmt,0,KU,KU,identity,1.000000,0,
OBS_000505,HT 117,a.3_stmt,1,PA3,PA3,identity,1.000000,0,
OBS_000505,HT 117,a.3_stmt,2,NU,NU,identity,1.000000,0,
OBS_000506,HT 117,a.3_stmt,0,MA,MA,identity,1.000000,0,
OBS_000506,HT 117,a.3_stmt,1,RU,RU,identity,1.000000,0,
OBS_000507,HT 117,a.4-5_stmt,0,MI,MI,identity,1.000000,0,
OBS_000507,HT 117,a.4-5_stmt,1,RU,RU,identity,1.000000,0,
OBS_000507,HT 117,a.4-5_stmt,2,TA,TA,identity,1.000000,0,
OBS_000507,HT 117,a.4-5_stmt,3,RA,RA,suppressed_in_strict,0.350000,1,
OBS_000507,HT 117,a.4-5_stmt,4,RE,RE,identity,1.000000,0,
OBS_000508,HT 117,a.4_stmt,0,U,U,identity,1.000000,0,
OBS_000508,HT 117,a.4_stmt,1,DI,DI,identity,1.000000,0,
OBS_000508,HT 117,a.4_stmt,2,MI,MI,identity,1.000000,0,
OBS_000509,HT 117,a.5_stmt,0,NA,NA,identity,1.000000,0,
OBS_000509,HT 117,a.5_stmt,1,DA,DA,identity,1.000000,0,
OBS_000509,HT 117,a.5_stmt,2,RE,RE,identity,1.000000,0,
OBS_000510,HT 117,a.5_stmt,0,TE,TE,identity,1.000000,0,
OBS_000510,HT 117,a.5_stmt,1,JA,JA,identity,1.000000,0,
OBS_000510,HT 117,a.5_stmt,2,RE,RE,identity,1.000000,0,
OBS_000511,HT 117,a.6_stmt,0,KU,KU,identity,1.000000,0,
OBS_000511,HT 117,a.6_stmt,1,RO,RO,identity,1.000000,0,
OBS_000512,HT 117,a.7-8_stmt,0,KO,KO,identity,1.000000,0,
OBS_000512,HT 117,a.7-8_stmt,1,SA,SA,identity,1.000000,0,
OBS_000512,HT 117,a.7-8_stmt,2,I,I,identity,1.000000,0,
OBS_000512,HT 117,a.7-8_stmt,3,TI,TI,identity,1.000000,0,
OBS_000513,HT 117,a.7_stmt,0,KU,KU,identity,1.000000,0,
OBS_000513,HT 117,a.7_stmt,1,KU,KU,identity,1.000000,0,
OBS_000513,HT 117,a.7_stmt,2,DA,DA,identity,1.000000,0,
OBS_000513,HT 117,a.7_stmt,3,RA,RA,suppressed_in_strict,0.350000,1,
OBS_000514,HT 117,a.7_stmt,0,SA,SA,identity,1.000000,0,
OBS_000514,HT 117,a.7_stmt,1,TA,TA,identity,1.000000,0,
OBS_000515,HT 117,a.8-9_stmt,0,DA,DA,identity,1.000000,0,
OBS_000515,HT 117,a.8-9_stmt,1,NE,NE,identity,1.000000,0,
OBS_000515,HT 117,a.8-9_stmt,2,KU,KU,identity,1.000000,0,
OBS_000515,HT 117,a.8-9_stmt,3,TI,TI,identity,1.000000,0,
OBS_000516,HT 117,a.8_stmt,0,DA,DA,identity,1.000000,0,
OBS_000516,HT 117,a.8_stmt,1,MI,MI,identity,1.000000,0,
OBS_000516,HT 117,a.8_stmt,2,NU,NU,identity,1.000000,0,
OBS_000517,HT 117,a.9_stmt,0,KI,KI,identity,1.000000,0,
OBS_000517,HT 117,a.9_stmt,1,DA,DA,identity,1.000000,0,
OBS_000517,HT 117,a.9_stmt,2,RO,RO,identity,1.000000,0,
OBS_000518,HT 117,b.1_stmt,0,KU,KU,identity,1.000000,0,
OBS_000518,HT 117,b.1_stmt,1,RE,RE,identity,1.000000,0,
OBS_000518,HT 117,b.1_stmt,2,JU,JU,identity,1.000000,0,
OBS_000519,HT 117,b.1_stmt,0,QIF,QIF,identity,1.000000,0,
OBS_000519,HT 117,b.1_stmt,1,TU,TU,identity,1.000000,0,
OBS_000519,HT 117,b.1_stmt,2,NE,NE,identity,1.000000,0,
OBS_000520,HT 117,b.2_stmt,0,DI,DI,identity,1.000000,0,
OBS_000520,HT 117,b.2_stmt,1,KI,KI,identity,1.000000,0,
OBS_000520,HT 117,b.2_stmt,2,SE,SE,identity,1.000000,0,
OBS_000521,HT 117A,word_1,0,AB80,AB80,identity,1.000000,0,
OBS_000521,HT 117A,word_1,1,AB77,AB77,identity,1.000000,0,
OBS_000521,HT 117A,word_1,2,AB53,AB53,identity,1.000000,0,
OBS_000521,HT 117A,word_1,3,AB04,AB04,identity,1.000000,0,
OBS_000522,HT 117A,word_10,0,AB10,AB10,identity,1.000000,0,
OBS_000522,HT 117A,word_10,1,AB07,AB07,identity,1.000000,0,
OBS_000522,HT 117A,word_10,2,AB73,AB73,identity,1.000000,0,
OBS_000523,HT 117A,word_11,0,AB73,AB73,identity,1.000000,0,
OBS_000523,HT 117A,word_11,1,AB26,AB26,identity,1.000000,0,
OBS_000523,HT 117A,word_11,2,AB59,AB59,identity,1.000000,0,
OBS_000523,HT 117A,word_11,3,AB60,AB60,identity,1.000000,0,
OBS_000523,HT 117A,word_11,4,AB27,AB27,identity,1.000000,0,
OBS_000524,HT 117A,word_12,0,AB04,AB04,identity,1.000000,0,
OBS_000524,HT 117A,word_12,1,AB56,AB56,identity,1.000000,0,
OBS_000524,HT 117A,word_12,2,AB27,AB27,identity,1.000000,0,
OBS_000525,HT 117A,word_13,0,AB06,AB06,identity,1.000000,0,
OBS_000525,HT 117A,word_13,1,AB01,AB01,identity,1.000000,0,
OBS_000525,HT 117A,word_13,2,AB27,AB27,identity,1.000000,0,
OBS_000526,HT 117A,word_14,0,AB81,AB81,identity,1.000000,0,
OBS_000526,HT 117A,word_14,1,AB02,AB02,identity,1.000000,0,
OBS_000527,HT 117A,word_15,0,AB31,AB31,identity,1.000000,0,
OBS_000527,HT 117A,word_15,1,AB59,AB59,identity,1.000000,0,
OBS_000528,HT 117A,word_16,0,AB81,AB81,identity,1.000000,0,
OBS_000528,HT 117A,word_16,1,AB81,AB81,identity,1.000000,0,
OBS_000528,HT 117A,word_16,2,AB01,AB01,identity,1.000000,0,
OBS_000528,HT 117A,word_16,3,AB60,AB60,identity,1.000000,0,
OBS_000529,HT 117A,word_17,0,AB70,AB70,identity,1.000000,0,
OBS_000529,HT 117A,word_17,1,AB31,AB31,identity,1.000000,0,
OBS_000529,HT 117A,word_17,2,AB28,AB28,identity,1.000000,0,
OBS_000529,HT 117A,word_17,3,AB37,AB37,identity,1.000000,0,
OBS_000530,HT 117A,word_18,0,AB01,AB01,identity,1.000000,0,
OBS_000530,HT 117A,word_18,1,AB73,AB73,identity,1.000000,0,
OBS_000530,HT 117A,word_18,2,AB55,AB55,identity,1.000000,0,
OBS_000531,HT 117A,word_19,0,AB01,AB01,identity,1.000000,0,
OBS_000531,HT 117A,word_19,1,AB24,AB24,identity,1.000000,0,
OBS_000531,HT 117A,word_19,2,AB81,AB81,identity,1.000000,0,
OBS_000531,HT 117A,word_19,3,AB37,AB37,identity,1.000000,0,
OBS_000532,HT 117A,word_2,0,AB67,AB67,exact,1.000000,0,Canonical sign form
OBS_000532,HT 117A,word_2,1,AB02,AB02,identity,1.000000,0,
OBS_000533,HT 117A,word_20,0,AB67,AB67,exact,1.000000,0,Canonical sign form
OBS_000533,HT 117A,word_20,1,AB01,AB01,identity,1.000000,0,
OBS_000533,HT 117A,word_20,2,AB02,AB02,identity,1.000000,0,
OBS_000534,HT 117A,word_3,0,AB10,AB10,identity,1.000000,0,
OBS_000534,HT 117A,word_3,1,AB73,AB73,identity,1.000000,0,
OBS_000534,HT 117A,word_3,2,AB06,AB06,identity,1.000000,0,
OBS_000534,HT 117A,word_3,3,AB41,AB41,identity,1.000000,0,
OBS_000535,HT 117A,word_4,0,AB10,AB10,identity,1.000000,0,
OBS_000535,HT 117A,word_4,1,AB58,AB58,identity,1.000000,0,
OBS_000536,HT 117A,word_5,0,AB73,AB73,identity,1.000000,0,
OBS_000536,HT 117A,word_5,1,AB69,AB69,identity,1.000000,0,
OBS_000537,HT 117A,word_6,0,AB81,AB81,identity,1.000000,0,
OBS_000537,HT 117A,word_6,1,AB60,AB60,identity,1.000000,0,
OBS_000537,HT 117A,word_6,2,AB23,AB23,identity,1.000000,0,
OBS_000538,HT 117A,word_7,0,AB80,AB80,identity,1.000000,0,
OBS_000538,HT 117A,word_7,1,AB26,AB26,identity,1.000000,0,
OBS_000539,HT 117A,word_8,0,AB81,AB81,identity,1.000000,0,
OBS_000539,HT 117A,word_8,1,AB56,AB56,identity,1.000000,0,
OBS_000539,HT 117A,word_8,2,AB55,AB55,identity,1.000000,0,
OBS_000540,HT 117A,word_9,0,AB69,AB69,identity,1.000000,0,
OBS_000540,HT 117A,word_9,1,AB65,AB65,identity,1.000000,0,
OBS_000540,HT 117A,word_9,2,AB80,AB80,identity,1.000000,0,
OBS_000541,HT 117B,word_1,0,AB21F,AB21F,identity,1.000000,0,
OBS_000541,HT 117B,word_1,1,AB69,AB69,identity,1.000000,0,
OBS_000541,HT 117B,word_1,2,AB24,AB24,identity,1.000000,0,
OBS_000542,HT 117B,word_2,0,AB81,AB81,identity,1.000000,0,
OBS_000542,HT 117B,word_2,1,AB27,AB27,identity,1.000000,0,
OBS_000542,HT 117B,word_2,2,AB65,AB65,identity,1.000000,0,
OBS_000543,HT 117B,word_3,0,AB07,AB07,identity,1.000000,0,
OBS_000543,HT 117B,word_3,1,AB67,AB67,exact,1.000000,0,Canonical sign form
OBS_000543,HT 117B,word_3,2,AB09,AB09,identity,1.000000,0,
OBS_000544,HT 118,.1_log,0,SUS,SUS,identity,1.000000,0,
OBS_000544,HT 118,.1_log,1,I,I,identity,1.000000,0,
OBS_000544,HT 118,.1_log,2,[?],[?],identity,1.000000,0,
OBS_000545,HT 118,.1_stmt,0,MA,MA,identity,1.000000,0,
OBS_000545,HT 118,.1_stmt,1,DI,DI,identity,1.000000,0,
OBS_000546,HT 118,.2-3_stmt,0,QA,QA,identity,1.000000,0,
OBS_000546,HT 118,.2-3_stmt,1,QA,QA,identity,1.000000,0,
OBS_000546,HT 118,.2-3_stmt,2,RU,RU,identity,1.000000,0,
OBS_000547,HT 118,.3-4_stmt,0,A,A,identity,1.000000,0,
OBS_000547,HT 118,.3-4_stmt,1,RI,RI,identity,1.000000,0,
OBS_000547,HT 118,.3-4_stmt,2,SU,SU,identity,1.000000,0,
OBS_000548,HT 118,.4_stmt,0,RI,RI,identity,1.000000,0,
OBS_000548,HT 118,.4_stmt,1,RU,RU,identity,1.000000,0,
OBS_000548,HT 118,.4_stmt,2,MA,MA,identity,1.000000,0,
OBS_000549,HT 118,.5_stmt,0,KU,KU,identity,1.000000,0,
OBS_000549,HT 118,.5_stmt,1,RO,RO,identity,1.000000,0,
OBS_000550,HT 118,word_1,0,AB80,AB80,identity,1.000000,0,
OBS_000550,HT 118,word_1,1,AB07,AB07,identity,1.000000,0,
OBS_000551,HT 118,word_2,0,AB16,AB16,identity,1.000000,0,
OBS_000551,HT 118,word_2,1,AB16,AB16,identity,1.000000,0,
OBS_000551,HT 118,word_2,2,AB26,AB26,identity,1.000000,0,
OBS_000552,HT 118,word_3,0,AB08,AB08,identity,1.000000,0,
OBS_000552,HT 118,word_3,1,AB53,AB53,identity,1.000000,0,
OBS_000552,HT 118,word_3,2,AB58,AB58,identity,1.000000,0,
OBS_000553,HT 118,word_4,0,AB53,AB53,identity,1.000000,0,
OBS_000553,HT 118,word_4,1,AB26,AB26,identity,1.000000,0,
OBS_000553,HT 118,word_4,2,AB80,AB80,identity,1.000000,0,
OBS_000554,HT 118,word_5,0,AB81,AB81,identity,1.000000,0,
OBS_000554,HT 118,word_5,1,AB02,AB02,identity,1.000000,0,
OBS_000555,HT 119,.1_log,0,VIR,VIR,identity,1.000000,0,
OBS_000556,HT 119,.2_stmt,0,KO,KO,identity,1.000000,0,
OBS_000556,HT 119,.2_stmt,1,JA,JA,identity,1.000000,0,
OBS_000557,HT 119,.2_stmt,0,RI,RI,identity,1.000000,0,
OBS_000557,HT 119,.2_stmt,1,MI,MI,identity,1.000000,0,
OBS_000557,HT 119,.2_stmt,2,SI,SI,identity,1.000000,0,
OBS_000558,HT 119,.3_stmt,0,KU,KU,identity,1.000000,0,
OBS_000558,HT 119,.3_stmt,1,PA3,PA3,identity,1.000000,0,
OBS_000558,HT 119,.3_stmt,2,NA,NA,identity,1.000000,0,
OBS_000558,HT 119,.3_stmt,3,TU,TU,identity,1.000000,0,
OBS_000559,HT 119,.5_stmt,0,KU,KU,identity,1.000000,0,
OBS_000559,HT 119,.5_stmt,1,RO,RO,identity,1.000000,0,
OBS_000560,HT 119,word_1,0,AB53,AB53,identity,1.000000,0,
OBS_000560,HT 119,word_1,1,AB73,AB73,identity,1.000000,0,
OBS_000560,HT 119,word_1,2,AB41,AB41,identity,1.000000,0,
OBS_000561,HT 119,word_2,0,AB70,AB70,identity,1.000000,0,
OBS_000561,HT 119,word_2,1,AB57,AB57,identity,1.000000,0,
OBS_000562,HT 119,word_3,0,AB81,AB81,identity,1.000000,0,
OBS_000562,HT 119,word_3,1,AB56,AB56,identity,1.000000,0,
OBS_000562,HT 119,word_3,2,AB06,AB06,identity,1.000000,0,
OBS_000562,HT 119,word_3,3,AB69,AB69,identity,1.000000,0,
OBS_000563,HT 119,word_4,0,AB57,AB57,identity,1.000000,0,
OBS_000563,HT 119,word_4,1,A345,A345,identity,1.000000,0,
OBS_000564,HT 119,word_5,0,A306,A306,identity,1.000000,0,
OBS_000564,HT 119,word_5,1,AB69,AB69,identity,1.000000,0,
OBS_000565,HT 119,word_6,0,A327,A327,identity,1.000000,0,
OBS_000565,HT 119,word_6,1,AB65,AB65,identity,1.000000,0,
OBS_000566,HT 119,word_7,0,AB81,AB81,identity,1.000000,0,
OBS_000566,HT 119,word_7,1,AB02,AB02,identity,1.000000,0,
OBS_000567,HT 11A,word_1,0,AB08,AB08,identity,1.000000,0,
OBS_000567,HT 11A,word_1,1,AB26,AB26,identity,1.000000,0,
OBS_000567,HT 11A,word_1,2,AB60,AB60,identity,1.000000,0,
OBS_000567,HT 11A,word_1,3,[?],[?],identity,1.000000,0,
OBS_000568,HT 11A,word_2,0,AB77,AB77,identity,1.000000,0,
OBS_000568,HT 11A,word_2,1,AB02,AB02,identity,1.000000,0,
OBS_000568,HT 11A,word_2,2,AB06,AB06,identity,1.000000,0,
OBS_000569,HT 11A,word_3,0,A322,A322,identity,1.000000,0,
OBS_000569,HT 11A,word_3,1,AB53,AB53,identity,1.000000,0,
OBS_000570,HT 11A,word_4,0,AB81,AB81,identity,1.000000,0,
OBS_000570,HT 11A,word_4,1,AB02,AB02,identity,1.000000,0,
OBS_000571,HT 11A,word_5,0,AB08,AB08,identity,1.000000,0,
OBS_000571,HT 11A,word_5,1,AB58,AB58,identity,1.000000,0,
OBS_000571,HT 11A,word_5,2,AB57,AB57,identity,1.000000,0,
OBS_000572,HT 11A,word_6,0,AB100,AB100,identity,1.000000,0,
OBS_000572,HT 11A,word_6,1,AB28,AB28,identity,1.000000,0,
OBS_000573,HT 11B,word_1,0,AB45,AB45,identity,1.000000,0,
OBS_000573,HT 11B,word_1,1,AB55,AB55,identity,1.000000,0,
OBS_000574,HT 11B,word_2,0,AB26,AB26,identity,1.000000,0,
OBS_000574,HT 11B,word_2,1,AB76,AB76,identity,1.000000,0,
OBS_000575,HT 11B,word_3,0,AB86,AB86,identity,1.000000,0,
OBS_000576,HT 11B,word_4,0,AB26,AB26,identity,1.000000,0,
OBS_000576,HT 11B,word_4,1,AB79,AB79,identity,1.000000,0,
OBS_000576,HT 11B,word_4,2,AB06,AB06,identity,1.000000,0,
OBS_000577,HT 11B,word_5,0,AB31,AB31,identity,1.000000,0,
OBS_000577,HT 11B,word_5,1,AB78,AB78,identity,1.000000,0,
OBS_000577,HT 11B,word_5,2,AB53,AB53,identity,1.000000,0,
OBS_000578,HT 11B,word_6,0,AB81,AB81,identity,1.000000,0,
OBS_000578,HT 11B,word_6,1,AB02,AB02,identity,1.000000,0,
OBS_000579,HT 12,.1-2_log,0,OLE,OLE,identity,1.000000,0,
OBS_000579,HT 12,.1-2_log,1,DI,DI,identity,1.000000,0,
OBS_000580,HT 12,.1-2_stmt,0,QA,QA,identity,1.000000,0,
OBS_000580,HT 12,.1-2_stmt,1,TI,TI,identity,1.000000,0,
OBS_000580,HT 12,.1-2_stmt,2,DA,DA,identity,1.000000,0,
OBS_000580,HT 12,.1-2_stmt,3,TE,TE,identity,1.000000,0,
OBS_000581,HT 12,.3_log,0,QA,QA,identity,1.000000,0,
OBS_000581,HT 12,.3_log,1,[?],[?],identity,1.000000,0,
OBS_000581,HT 12,.3_log,2,PU,PU,identity,1.000000,0,
OBS_000582,HT 12,.3_stmt,0,QE,QE,identity,1.000000,0,
OBS_000582,HT 12,.3_stmt,1,TU,TU,identity,1.000000,0,
OBS_000582,HT 12,.3_stmt,2,NE,NE,identity,1.000000,0,
OBS_000583,HT 12,.4-5_log,0,MA,MA,identity,1.000000,0,
OBS_000583,HT 12,.4-5_log,1,RU,RU,identity,1.000000,0,
OBS_000584,HT 12,.5_log,0,FIC,FIC,identity,1.000000,0,
OBS_000585,HT 12,.6_log,0,QA,QA,identity,1.000000,0,
OBS_000585,HT 12,.6_log,1,[?],[?],identity,1.000000,0,
OBS_000585,HT 12,.6_log,2,PU,PU,identity,1.000000,0,
OBS_000585,HT 12,.6_log,3,RE,RE,identity,1.000000,0,
OBS_000586,HT 12,.6_stmt,0,DA,DA,identity,1.000000,0,
OBS_000586,HT 12,.6_stmt,1,I,I,identity,1.000000,0,
OBS_000587,HT 12,word_1,0,AB16,AB16,identity,1.000000,0,
OBS_000587,HT 12,word_1,1,AB37,AB37,identity,1.000000,0,
OBS_000587,HT 12,word_1,2,AB01,AB01,identity,1.000000,0,
OBS_000587,HT 12,word_1,3,AB04,AB04,identity,1.000000,0,
OBS_000588,HT 12,word_2,0,AB78,AB78,identity,1.000000,0,
OBS_000588,HT 12,word_2,1,AB69,AB69,identity,1.000000,0,
OBS_000588,HT 12,word_2,2,AB24,AB24,identity,1.000000,0,
OBS_000589,HT 12,word_3,0,AB01,AB01,identity,1.000000,0,
OBS_000589,HT 12,word_3,1,AB28,AB28,identity,1.000000,0,
OBS_000590,HT 120,.1-2_log,0,GRA,GRA,identity,1.000000,0,
OBS_000590,HT 120,.1-2_log,1,K,K,identity,1.000000,0,
OBS_000590,HT 120,.1-2_log,2,L2,L2,identity,1.000000,0,
OBS_000591,HT 120,.1-2_stmt,0,DA,DA,identity,1.000000,0,
OBS_000591,HT 120,.1-2_stmt,1,ME,ME,identity,1.000000,0,
OBS_000592,HT 120,.1_stmt,0,DA,DA,identity,1.000000,0,
OBS_000592,HT 120,.1_stmt,1,QE,QE,identity,1.000000,0,
OBS_000592,HT 120,.1_stmt,2,RA,RA,suppressed_in_strict,0.350000,1,
OBS_000593,HT 120,.2-3_log,0,GRA,GRA,identity,1.000000,0,
OBS_000593,HT 120,.2-3_log,1,PA,PA,identity,1.000000,0,
OBS_000594,HT 120,.3-4_log,0,I,I,identity,1.000000,0,
OBS_000594,HT 120,.3-4_log,1,GRA,GRA,identity,1.000000,0,
OBS_000594,HT 120,.3-4_log,2,PA,PA,identity,1.000000,0,
OBS_000595,HT 120,.3-4_stmt,0,DA,DA,identity,1.000000,0,
OBS_000595,HT 120,.3-4_stmt,1,U,U,identity,1.000000,0,
OBS_000596,HT 120,.4-5_log,0,GRA,GRA,identity,1.000000,0,
OBS_000596,HT 120,.4-5_log,1,B,B,identity,1.000000,0,
OBS_000597,HT 120,.4-5_stmt,0,KI,KI,identity,1.000000,0,
OBS_000597,HT 120,.4-5_stmt,1,RE,RE,identity,1.000000,0,
OBS_000597,HT 120,.4-5_stmt,2,TA,TA,identity,1.000000,0,
OBS_000597,HT 120,.4-5_stmt,3,NA,NA,identity,1.000000,0,
OBS_000598,HT 120,.6_log,0,GRA,GRA,identity,1.000000,0,
OBS_000598,HT 120,.6_log,1,PA,PA,identity,1.000000,0,
OBS_000599,HT 120,.6_stmt,0,PA,PA,identity,1.000000,0,
OBS_000599,HT 120,.6_stmt,1,I,I,identity,1.000000,0,
OBS_000599,HT 120,.6_stmt,2,TO,TO,identity,1.000000,0,
OBS_000600,HT 120,word_1,0,AB01,AB01,identity,1.000000,0,
OBS_000600,HT 120,word_1,1,AB78,AB78,identity,1.000000,0,
OBS_000600,HT 120,word_1,2,AB60,AB60,identity,1.000000,0,
OBS_000601,HT 120,word_2,0,AB01,AB01,identity,1.000000,0,
OBS_000601,HT 120,word_2,1,AB13,AB13,identity,1.000000,0,
OBS_000602,HT 120,word_3,0,AB01,AB01,identity,1.000000,0,
OBS_000602,HT 120,word_3,1,AB10,AB10,identity,1.000000,0,
OBS_000602,HT 120,word_3,2,AB49,AB49,identity,1.000000,0,
OBS_000603,HT 120,word_4,0,AB67,AB67,exact,1.000000,0,Canonical sign form
OBS_000603,HT 120,word_4,1,AB27,AB27,identity,1.000000,0,
OBS_000603,HT 120,word_4,2,AB59,AB59,identity,1.000000,0,
OBS_000603,HT 120,word_4,3,AB06,AB06,identity,1.000000,0,
OBS_000604,HT 120,word_5,0,AB03,AB03,identity,1.000000,0,
OBS_000604,HT 120,word_5,1,AB28,AB28,identity,1.000000,0,
OBS_000604,HT 120,word_5,2,AB05,AB05,identity,1.000000,0,
OBS_000605,HT 121,.1_log,0,OLE,OLE,identity,1.000000,0,
OBS_000605,HT 121,.1_log,1,QE,QE,identity,1.000000,0,
OBS_000605,HT 121,.1_log,2,DI,DI,identity,1.000000,0,
OBS_000606,HT 121,.1_stmt,0,KI,KI,identity,1.000000,0,
OBS_000606,HT 121,.1_stmt,1,RI,RI,identity,1.000000,0,
OBS_000606,HT 121,.1_stmt,2,TA2,TA2,identity,1.000000,0,
OBS_000607,HT 121,.2_log,0,GRA,GRA,identity,1.000000,0,
OBS_000608,HT 121,.2_log,0,OLE,OLE,identity,1.000000,0,
OBS_000609,HT 121,.2_stmt,0,SA,SA,identity,1.000000,0,
OBS_000609,HT 121,.2_stmt,1,RA2,RA2,exact,1.000000,0,Canonical sign form
OBS_000610,HT 121,.3-4_log,0,BOSM,BOSM,identity,1.000000,0,
OBS_000611,HT 121,.3_log,0,FIC,FIC,identity,1.000000,0,
OBS_000612,HT 121,.3_log,0,VINA,VINA,identity,1.000000,0,
OBS_000613,HT 121,word_1,0,AB67,AB67,exact,1.000000,0,Canonical sign form
OBS_000613,HT 121,word_1,1,AB53,AB53,identity,1.000000,0,
OBS_000613,HT 121,word_1,2,AB66,AB66,identity,1.000000,0,
OBS_000614,HT 121,word_2,0,AB31,AB31,identity,1.000000,0,
OBS_000614,HT 121,word_2,1,AB76,AB76,identity,1.000000,0,
OBS_000615,HT 122,a.1_stmt,0,]RA,]RA,identity,1.000000,0,
OBS_000615,HT 122,a.1_stmt,1,RI,RI,identity,1.000000,0,
OBS_000615,HT 122,a.1_stmt,2,U,U,identity,1.000000,0,
OBS_000615,HT 122,a.1_stmt,3,DE,DE,identity,1.000000,0,
OBS_000615,HT 122,a.1_stmt,4,ZA,ZA,identity,1.000000,0,
OBS_000616,HT 122,a.2_stmt,0,DA,DA,identity,1.000000,0,
OBS_000616,HT 122,a.2_stmt,1,SI,SI,identity,1.000000,0,
OBS_000617,HT 122,a.3_stmt,0,TE,TE,identity,1.000000,0,
OBS_000617,HT 122,a.3_stmt,1,KI,KI,identity,1.000000,0,
OBS_000618,HT 122,a.4_stmt,0,JA,JA,identity,1.000000,0,
OBS_000618,HT 122,a.4_stmt,1,MI,MI,identity,1.000000,0,
OBS_000618,HT 122,a.4_stmt,2,DA,DA,identity,1.000000,0,
OBS_000618,HT 122,a.4_stmt,3,RE,RE,identity,1.000000,0,
OBS_000619,HT 122,a.4_stmt,0,QA,QA,identity,1.000000,0,
OBS_000619,HT 122,a.4_stmt,1,I,I,identity,1.000000,0,
OBS_000620,HT 122,a.5_stmt,0,DI,DI,identity,1.000000,0,
OBS_000620,HT 122,a.5_stmt,1,RA,RA,suppressed_in_strict,0.350000,1,
OBS_000621,HT 122,a.5_stmt,0,PA,PA,identity,1.000000,0,
OBS_000621,HT 122,a.5_stmt,1,DE,DE,identity,1.000000,0,
OBS_000622,HT 122,a.5_stmt,0,SI,SI,identity,1.000000,0,
OBS_000622,HT 122,a.5_stmt,1,DA,DA,identity,1.000000,0,
OBS_000622,HT 122,a.5_stmt,2,RE,RE,identity,1.000000,0,
OBS_000623,HT 122,a.6_stmt,0,KU,KU,identity,1.000000,0,
OBS_000623,HT 122,a.6_stmt,1,PA3,PA3,identity,1.000000,0,
OBS_000623,HT 122,a.6_stmt,2,NU,NU,identity,1.000000,0,
OBS_000624,HT 122,a.6_stmt,0,PA,PA,identity,1.000000,0,
OBS_000624,HT 122,a.6_stmt,1,TA,TA,identity,1.000000,0,
OBS_000624,HT 122,a.6_stmt,2,NE,NE,identity,1.000000,0,
OBS_000625,HT 122,a.7_stmt,0,DA,DA,identity,1.000000,0,
OBS_000625,HT 122,a.7_stmt,1,RI,RI,identity,1.000000,0,
OBS_000625,HT 122,a.7_stmt,2,DA,DA,identity,1.000000,0,
OBS_000626,HT 122,a.7_stmt,0,KU,KU,identity,1.000000,0,
OBS_000626,HT 122,a.7_stmt,1,PA3,PA3,identity,1.000000,0,
OBS_000626,HT 122,a.7_stmt,2,NU,NU,identity,1.000000,0,
OBS_000627,HT 122,a.8_stmt,0,KU,KU,identity,1.000000,0,
OBS_000627,HT 122,a.8_stmt,1,DA,DA,identity,1.000000,0,
OBS_000628,HT 122,a.8_stmt,0,KU,KU,identity,1.000000,0,
OBS_000628,HT 122,a.8_stmt,1,RO,RO,identity,1.000000,0,
OBS_000629,HT 122,b.1_stmt,0,JE,JE,identity,1.000000,0,
OBS_000629,HT 122,b.1_stmt,1,DI,DI,identity,1.000000,0,
OBS_000630,HT 122,b.2_stmt,0,KI,KI,identity,1.000000,0,
OBS_000630,HT 122,b.2_stmt,1,TA2,TA2,identity,1.000000,0,
OBS_000631,HT 122,b.3-4_stmt,0,QA,QA,identity,1.000000,0,
OBS_000631,HT 122,b.3-4_stmt,1,QA,QA,identity,1.000000,0,
OBS_000631,HT 122,b.3-4_stmt,2,RU,RU,identity,1.000000,0,
OBS_000632,HT 122,b.3_stmt,0,]A,]A,identity,1.000000,0,
OBS_000632,HT 122,b.3_stmt,1,RA,RA,suppressed_in_strict,0.350000,1,
OBS_000632,HT 122,b.3_stmt,2,JU,JU,identity,1.000000,0,
OBS_000632,HT 122,b.3_stmt,3,U,U,identity,1.000000,0,
OBS_000632,HT 122,b.3_stmt,4,DE,DE,identity,1.000000,0,
OBS_000632,HT 122,b.3_stmt,5,ZA,ZA,identity,1.000000,0,
OBS_000633,HT 122,b.4_stmt,0,DA,DA,identity,1.000000,0,
OBS_000633,HT 122,b.4_stmt,1,RE,RE,identity,1.000000,0,
OBS_000634,HT 122,b.5_stmt,0,KU,KU,identity,1.000000,0,
OBS_000634,HT 122,b.5_stmt,1,RO,RO,identity,1.000000,0,
OBS_000635,HT 122,b.6_stmt,0,PO,PO,identity,1.000000,0,
OBS_000635,HT 122,b.6_stmt,1,TO,TO,identity,1.000000,0,
OBS_000635,HT 122,b.6_stmt,2,KU,KU,identity,1.000000,0,
OBS_000635,HT 122,b.6_stmt,3,RO,RO,identity,1.000000,0,
OBS_000636,HT 122A,word_1,0,AB60,AB60,identity,1.000000,0,
OBS_000636,HT 122A,word_1,1,AB53,AB53,identity,1.000000,0,
OBS_000637,HT 122A,word_10,0,A324,A324,identity,1.000000,0,
OBS_000637,HT 122A,word_10,1,AB07,AB07,identity,1.000000,0,
OBS_000637,HT 122A,word_10,2,AB60,AB60,identity,1.000000,0,
OBS_000638,HT 122A,word_11,0,AB03,AB03,identity,1.000000,0,
OBS_000638,HT 122A,word_11,1,AB45,AB45,identity,1.000000,0,
OBS_000639,HT 122A,word_12,0,AB81,AB81,identity,1.000000,0,
OBS_000639,HT 122A,word_12,1,AB56,AB56,identity,1.000000,0,
OBS_000639,HT 122A,word_12,2,AB55,AB55,identity,1.000000,0,
OBS_000640,HT 122A,word_13,0,AB03,AB03,identity,1.000000,0,
OBS_000640,HT 122A,word_13,1,AB53,AB53,identity,1.000000,0,
OBS_000640,HT 122A,word_13,2,AB24,AB24,identity,1.000000,0,
OBS_000641,HT 122A,word_14,0,A306,A306,identity,1.000000,0,
OBS_000641,HT 122A,word_14,1,AB69,AB69,identity,1.000000,0,
OBS_000642,HT 122A,word_15,0,AB51,AB51,identity,1.000000,0,
OBS_000643,HT 122A,word_16,0,AB81,AB81,identity,1.000000,0,
OBS_000643,HT 122A,word_16,1,AB56,AB56,identity,1.000000,0,
OBS_000643,HT 122A,word_16,2,AB55,AB55,identity,1.000000,0,
OBS_000644,HT 122A,word_17,0,AB01,AB01,identity,1.000000,0,
OBS_000644,HT 122A,word_17,1,AB53,AB53,identity,1.000000,0,
OBS_000644,HT 122A,word_17,2,AB01,AB01,identity,1.000000,0,
OBS_000645,HT 122A,word_18,0,AB81,AB81,identity,1.000000,0,
OBS_000645,HT 122A,word_18,1,AB02,AB02,identity,1.000000,0,
OBS_000646,HT 122A,word_19,0,AB81,AB81,identity,1.000000,0,
OBS_000646,HT 122A,word_19,1,AB01,AB01,identity,1.000000,0,
OBS_000647,HT 122A,word_2,0,AB10,AB10,identity,1.000000,0,
OBS_000647,HT 122A,word_2,1,AB45,AB45,identity,1.000000,0,
OBS_000647,HT 122A,word_2,2,AB17,AB17,identity,1.000000,0,
OBS_000648,HT 122A,word_3,0,AB01,AB01,identity,1.000000,0,
OBS_000648,HT 122A,word_3,1,AB41,AB41,identity,1.000000,0,
OBS_000648,HT 122A,word_3,2,AB118,AB118,identity,1.000000,0,
OBS_000649,HT 122A,word_4,0,AB03,AB03,identity,1.000000,0,
OBS_000650,HT 122A,word_5,0,AB07,AB07,identity,1.000000,0,
OBS_000651,HT 122A,word_6,0,AB04,AB04,identity,1.000000,0,
OBS_000651,HT 122A,word_6,1,AB67,AB67,exact,1.000000,0,Canonical sign form
OBS_000652,HT 122A,word_7,0,AB16,AB16,identity,1.000000,0,
OBS_000652,HT 122A,word_7,1,A310,A310,identity,1.000000,0,
OBS_000652,HT 122A,word_7,2,AB28,AB28,identity,1.000000,0,
OBS_000653,HT 122A,word_8,0,AB57,AB57,identity,1.000000,0,
OBS_000653,HT 122A,word_8,1,AB73,AB73,identity,1.000000,0,
OBS_000653,HT 122A,word_8,2,AB01,AB01,identity,1.000000,0,
OBS_000653,HT 122A,word_8,3,AB27,AB27,identity,1.000000,0,
OBS_000654,HT 122A,word_9,0,AB41,AB41,identity,1.000000,0,
OBS_000654,HT 122A,word_9,1,AB01,AB01,identity,1.000000,0,
OBS_000654,HT 122A,word_9,2,AB27,AB27,identity,1.000000,0,
OBS_000655,HT 122B,word_1,0,AB46,AB46,identity,1.000000,0,
OBS_000655,HT 122B,word_1,1,AB07,AB07,identity,1.000000,0,
OBS_000656,HT 122B,word_2,0,A306,A306,identity,1.000000,0,
OBS_000656,HT 122B,word_2,1,AB67,AB67,exact,1.000000,0,Canonical sign form
OBS_000656,HT 122B,word_2,2,AB66,AB66,identity,1.000000,0,
OBS_000657,HT 122B,word_4,0,AB08,AB08,identity,1.000000,0,
OBS_000657,HT 122B,word_4,1,AB60,AB60,identity,1.000000,0,
OBS_000657,HT 122B,word_4,2,AB65,AB65,identity,1.000000,0,
OBS_000657,HT 122B,word_4,3,AB10,AB10,identity,1.000000,0,
OBS_000657,HT 122B,word_4,4,AB45,AB45,identity,1.000000,0,
OBS_000657,HT 122B,word_4,5,AB17,AB17,identity,1.000000,0,
OBS_000658,HT 122B,word_5,0,AB16,AB16,identity,1.000000,0,
OBS_000658,HT 122B,word_5,1,AB16,AB16,identity,1.000000,0,
OBS_000658,HT 122B,word_5,2,AB26,AB26,identity,1.000000,0,
OBS_000659,HT 122B,word_6,0,AB01,AB01,identity,1.000000,0,
OBS_000659,HT 122B,word_6,1,AB27,AB27,identity,1.000000,0,
OBS_000660,HT 122B,word_7,0,AB81,AB81,identity,1.000000,0,
OBS_000660,HT 122B,word_7,1,AB02,AB02,identity,1.000000,0,
OBS_000661,HT 122B,word_8,0,AB11,AB11,identity,1.000000,0,
OBS_000661,HT 122B,word_8,1,AB05,AB05,identity,1.000000,0,
OBS_000661,HT 122B,word_8,2,AB81,AB81,identity,1.000000,0,
OBS_000661,HT 122B,word_8,3,AB02,AB02,identity,1.000000,0,
OBS_000662,HT 123 124,a.1-2_log,0,OLIV,OLIV,exact,1.000000,0,Canonical sign form
OBS_000663,HT 123 124,a.1-2_stmt,0,KI,KI,identity,1.000000,0,
OBS_000663,HT 123 124,a.1-2_stmt,1,TA,TA,identity,1.000000,0,
OBS_000663,HT 123 124,a.1-2_stmt,2,I,I,identity,1.000000,0,
OBS_000664,HT 123 124,a.3-4_log,0,OLIV,OLIV,exact,1.000000,0,Canonical sign form
OBS_000665,HT 123 124,a.3-4_stmt,0,PU,PU,identity,1.000000,0,
OBS_000665,HT 123 124,a.3-4_stmt,1,VINA,VINA,identity,1.000000,0,
OBS_000666,HT 123 124,a.4-5_log,0,OLIV,OLIV,exact,1.000000,0,Canonical sign form
OBS_000667,HT 123 124,a.4-5_stmt,0,SA,SA,identity,1.000000,0,
OBS_000667,HT 123 124,a.4-5_stmt,1,RU,RU,identity,1.000000,0,
OBS_000668,HT 123 124,a.6-7_log,0,OLIV,OLIV,exact,1.000000,0,Canonical sign form
OBS_000669,HT 123 124,a.6-7_stmt,0,DA,DA,identity,1.000000,0,
OBS_000669,HT 123 124,a.6-7_stmt,1,TU,TU,identity,1.000000,0,
OBS_000670,HT 123 124,a.7-9_log,0,OLIV,OLIV,exact,1.000000,0,Canonical sign form
OBS_000671,HT 123 124,a.7-9_stmt,0,KU,KU,identity,1.000000,0,
OBS_000671,HT 123 124,a.7-9_stmt,1,RO,RO,identity,1.000000,0,
OBS_000672,HT 123 124,a.8-9_stmt,0,KU,KU,identity,1.000000,0,
OBS_000672,HT 123 124,a.8-9_stmt,1,RO,RO,identity,1.000000,0,
OBS_000673,HT 123 124,b.2_stmt,0,PI,PI,identity,1.000000,0,
OBS_000673,HT 123 124,b.2_stmt,1,SA,SA,identity,1.000000,0,
OBS_000674,HT 123 124,b.2_stmt,0,TI,TI,identity,1.000000,0,
OBS_000674,HT 123 124,b.2_stmt,1,DA,DA,identity,1.000000,0,
OBS_000674,HT 123 124,b.2_stmt,2,TA,TA,identity,1.000000,0,
OBS_000675,HT 123 124,b.3-4_stmt,0,TU,TU,identity,1.000000,0,
OBS_000675,HT 123 124,b.3-4_stmt,1,PA,PA,identity,1.000000,0,
OBS_000675,HT 123 124,b.3-4_stmt,2,DI,DI,identity,1.000000,0,
OBS_000675,HT 123 124,b.3-4_stmt,3,DA,DA,identity,1.000000,0,
OBS_000676,HT 123 124,b.4-5_stmt,0,]SI,]SI,identity,1.000000,0,
OBS_000676,HT 123 124,b.4-5_stmt,1,DU,DU,identity,1.000000,0,
OBS_000677,HT 123 124,b.4_stmt,0,KA,KA,identity,1.000000,0,
OBS_000677,HT 123 124,b.4_stmt,1,NA,NA,identity,1.000000,0,
OBS_000678,HT 123 124,b.5_stmt,0,DU,DU,identity,1.000000,0,
OBS_000678,HT 123 124,b.5_stmt,1,MA,MA,identity,1.000000,0,
OBS_000678,HT 123 124,b.5_stmt,2,I,I,identity,1.000000,0,
OBS_000678,HT 123 124,b.5_stmt,3,NA,NA,identity,1.000000,0,
OBS_000679,HT 123 124,b.6_stmt,0,KI,KI,identity,1.000000,0,
OBS_000679,HT 123 124,b.6_stmt,1,RO,RO,identity,1.000000,0,
OBS_000680,HT 123 124,b.6_stmt,0,KU,KU,identity,1.000000,0,
OBS_000680,HT 123 124,b.6_stmt,1,RO,RO,identity,1.000000,0,
OBS_000681,HT 123A,word_1,0,AB67,AB67,exact,1.000000,0,Canonical sign form
OBS_000681,HT 123A,word_1,1,AB59,AB59,identity,1.000000,0,
OBS_000681,HT 123A,word_1,2,AB28,AB28,identity,1.000000,0,
OBS_000682,HT 123A,word_10,0,AB81,AB81,identity,1.000000,0,
OBS_000682,HT 123A,word_10,1,AB02,AB02,identity,1.000000,0,
OBS_000683,HT 123A,word_11,0,AB81,AB81,identity,1.000000,0,
OBS_000683,HT 123A,word_11,1,AB02,AB02,identity,1.000000,0,
OBS_000684,HT 123A,word_12,0,AB67,AB67,exact,1.000000,0,Canonical sign form
OBS_000684,HT 123A,word_12,1,AB02,AB02,identity,1.000000,0,
OBS_000685,HT 123A,word_2,0,A308,A308,identity,1.000000,0,
OBS_000686,HT 123A,word_3,0,AB67,AB67,exact,1.000000,0,Canonical sign form
OBS_000686,HT 123A,word_3,1,AB02,AB02,identity,1.000000,0,
OBS_000687,HT 123A,word_4,0,AB50,AB50,identity,1.000000,0,
OBS_000687,HT 123A,word_4,1,AB131A,AB131A,identity,1.000000,0,
OBS_000688,HT 123A,word_5,0,AB67,AB67,exact,1.000000,0,Canonical sign form
OBS_000688,HT 123A,word_5,1,AB02,AB02,identity,1.000000,0,
OBS_000689,HT 123A,word_6,0,AB31,AB31,identity,1.000000,0,
OBS_000689,HT 123A,word_6,1,AB26,AB26,identity,1.000000,0,
OBS_000690,HT 123A,word_7,0,AB67,AB67,exact,1.000000,0,Canonical sign form
OBS_000690,HT 123A,word_7,1,AB02,AB02,identity,1.000000,0,
OBS_000691,HT 123A,word_8,0,AB01,AB01,identity,1.000000,0,
OBS_000691,HT 123A,word_8,1,AB67,AB67,exact,1.000000,0,Canonical sign form
OBS_000692,HT 123A,word_9,0,AB67,AB67,exact,1.000000,0,Canonical sign form
OBS_000692,HT 123A,word_9,1,AB02,AB02,identity,1.000000,0,
OBS_000693,HT 123B,word_1,0,AB37,AB37,identity,1.000000,0,
OBS_000693,HT 123B,word_1,1,AB01,AB01,identity,1.000000,0,
OBS_000693,HT 123B,word_1,2,AB59,AB59,identity,1.000000,0,
OBS_000694,HT 123B,word_10,0,AB67,AB67,exact,1.000000,0,Canonical sign form
OBS_000694,HT 123B,word_10,1,AB02,AB02,identity,1.000000,0,
OBS_000695,HT 123B,word_2,0,AB39,AB39,identity,1.000000,0,
OBS_000695,HT 123B,word_2,1,AB31,AB31,identity,1.000000,0,
OBS_000696,HT 123B,word_3,0,AB188,AB188,identity,1.000000,0,
OBS_000697,HT 123B,word_4,0,AB51,AB51,identity,1.000000,0,
OBS_000698,HT 123B,word_5,0,AB69,AB69,identity,1.000000,0,
OBS_000698,HT 123B,word_5,1,AB02,AB02,identity,1.000000,0,
OBS_000698,HT 123B,word_5,2,AB07,AB07,identity,1.000000,0,
OBS_000698,HT 123B,word_5,3,AB01,AB01,identity,1.000000,0,
OBS_000699,HT 123B,word_6,0,AB77,AB77,identity,1.000000,0,
OBS_000699,HT 123B,word_6,1,AB06,AB06,identity,1.000000,0,
OBS_000700,HT 123B,word_7,0,AB41,AB41,identity,1.000000,0,
OBS_000700,HT 123B,word_7,1,AB51,AB51,identity,1.000000,0,
OBS_000701,HT 123B,word_8,0,AB51,AB51,identity,1.000000,0,
OBS_000701,HT 123B,word_8,1,AB80,AB80,identity,1.000000,0,
OBS_000701,HT 123B,word_8,2,AB28,AB28,identity,1.000000,0,
OBS_000701,HT 123B,word_8,3,AB06,AB06,identity,1.000000,0,
OBS_000702,HT 123B,word_9,0,AB81,AB81,identity,1.000000,0,
OBS_000702,HT 123B,word_9,1,AB02,AB02,identity,1.000000,0,
OBS_000703,HT 125,a.2_log,0,OLE,OLE,identity,1.000000,0,
OBS_000703,HT 125,a.2_log,1,U,U,identity,1.000000,0,
OBS_000704,HT 125,a.2_log,0,]OLE,]OLE,identity,1.000000,0,
OBS_000704,HT 125,a.2_log,1,KI,KI,identity,1.000000,0,
OBS_000705,HT 125,a.3_log,0,]OLE,]OLE,identity,1.000000,0,
OBS_000705,HT 125,a.3_log,1,MI,MI,identity,1.000000,0,
OBS_000706,HT 125,a.4_log,0,GRA,GRA,identity,1.000000,0,
OBS_000707,HT 125,a.4_stmt,0,]SA,]SA,identity,1.000000,0,
OBS_000707,HT 125,a.4_stmt,1,RA2,RA2,exact,1.000000,0,Canonical sign form
OBS_000708,HT 125,b.3_log,0,GRA,GRA,identity,1.000000,0,
OBS_000708,HT 125,b.3_log,1,PA,PA,identity,1.000000,0,
OBS_000709,HT 125,b.3_stmt,0,RE,RE,identity,1.000000,0,
OBS_000709,HT 125,b.3_stmt,1,TA2,TA2,identity,1.000000,0,
OBS_000710,HT 125,b.4_log,0,FIC,FIC,identity,1.000000,0,
OBS_000711,HT 125,b.4_log,0,GRA,GRA,identity,1.000000,0,
OBS_000711,HT 125,b.4_log,1,F,F,identity,1.000000,0,
OBS_000712,HT 126,a.1_stmt,0,DA,DA,identity,1.000000,0,
OBS_000712,HT 126,a.1_stmt,1,NA,NA,identity,1.000000,0,
OBS_000712,HT 126,a.1_stmt,2,SI,SI,identity,1.000000,0,
OBS_000713,HT 126,a.3_stmt,0,SI,SI,identity,1.000000,0,
OBS_000713,HT 126,a.3_stmt,1,DI,DI,identity,1.000000,0,
OBS_000713,HT 126,a.3_stmt,2,JA,JA,identity,1.000000,0,
OBS_000714,HT 126,b.2_log,0,OVISF[,OVISF[,identity,1.000000,0,
OBS_000715,HT 126,b.2_log,0,TWE,TWE,identity,1.000000,0,
OBS_000716,HT 126A,word_1,0,AB01,AB01,identity,1.000000,0,
OBS_000716,HT 126A,word_1,1,AB06,AB06,identity,1.000000,0,
OBS_000716,HT 126A,word_1,2,AB41,AB41,identity,1.000000,0,
OBS_000717,HT 126A,word_2,0,AB08,AB08,identity,1.000000,0,
OBS_000717,HT 126A,word_2,1,AB06,AB06,identity,1.000000,0,
OBS_000717,HT 126A,word_2,2,[?],[?],identity,1.000000,0,
OBS_000718,HT 126A,word_3,0,AB10,AB10,identity,1.000000,0,
OBS_000719,HT 126A,word_4,0,AB41,AB41,identity,1.000000,0,
OBS_000719,HT 126A,word_4,1,AB07,AB07,identity,1.000000,0,
OBS_000719,HT 126A,word_4,2,AB57,AB57,identity,1.000000,0,
OBS_000720,HT 126A,word_5,0,AB10,AB10,identity,1.000000,0,
OBS_000720,HT 126A,word_5,1,AB49,AB49,identity,1.000000,0,
OBS_000721,HT 126A,word_6,0,AB39,AB39,identity,1.000000,0,
OBS_000722,HT 127,a.2_stmt,0,]DU,]DU,identity,1.000000,0,
OBS_000722,HT 127,a.2_stmt,1,NE,NE,identity,1.000000,0,
OBS_000722,HT 127,a.2_stmt,2,MI,MI,identity,1.000000,0,
OBS_000723,HT 127,a.3_stmt,0,PA,PA,identity,1.000000,0,
OBS_000723,HT 127,a.3_stmt,1,DA,DA,identity,1.000000,0,
OBS_000723,HT 127,a.3_stmt,2,KU[,KU[,identity,1.000000,0,
OBS_000724,HT 127,b.4_stmt,0,KU,KU,identity,1.000000,0,
OBS_000724,HT 127,b.4_stmt,1,RO,RO,identity,1.000000,0,
OBS_000725,HT 127,b.5_log,0,KI,KI,identity,1.000000,0,
OBS_000725,HT 127,b.5_log,1,ME,ME,identity,1.000000,0,
OBS_000726,HT 127,b.5_log,0,VIR,VIR,identity,1.000000,0,
OBS_000726,HT 127,b.5_log,1,*313C,*313C,identity,1.000000,0,
OBS_000727,HT 127,b.6_log,0,KI,KI,identity,1.000000,0,
OBS_000727,HT 127,b.6_log,1,ME,ME,identity,1.000000,0,
OBS_000728,HT 127,b.7_stmt,0,KU,KU,identity,1.000000,0,
OBS_000728,HT 127,b.7_stmt,1,RO,RO,identity,1.000000,0,
OBS_000729,HT 127A,word_1,0,AB51,AB51,identity,1.000000,0,
OBS_000729,HT 127A,word_1,1,AB24,AB24,identity,1.000000,0,
OBS_000729,HT 127A,word_1,2,AB73,AB73,identity,1.000000,0,
OBS_000730,HT 127A,word_2,0,A629,A629,identity,1.000000,0,
OBS_000730,HT 127A,word_2,1,AB01,AB01,identity,1.000000,0,
OBS_000730,HT 127A,word_2,2,AB47,AB47,identity,1.000000,0,
OBS_000730,HT 127A,word_2,3,AB81,AB81,identity,1.000000,0,
OBS_000731,HT 127B,word_1,0,AB24,AB24,identity,1.000000,0,
OBS_000732,HT 127B,word_2,0,AB81,AB81,identity,1.000000,0,
OBS_000732,HT 127B,word_2,1,AB02,AB02,identity,1.000000,0,
OBS_000733,HT 127B,word_3,0,AB81,AB81,identity,1.000000,0,
OBS_000733,HT 127B,word_3,1,AB02,AB02,identity,1.000000,0,
OBS_000734,HT 128,a.1-2_stmt,0,TU,TU,identity,1.000000,0,
OBS_000734,HT 128,a.1-2_stmt,1,RU,RU,identity,1.000000,0,
OBS_000734,HT 128,a.1-2_stmt,2,NU,NU,identity,1.000000,0,
OBS_000734,HT 128,a.1-2_stmt,3,SE,SE,identity,1.000000,0,
OBS_000734,HT 128,a.1-2_stmt,4,ME,ME,identity,1.000000,0,
OBS_000735,HT 128,a.1_stmt,0,PA,PA,identity,1.000000,0,
OBS_000735,HT 128,a.1_stmt,1,RA,RA,suppressed_in_strict,0.350000,1,
OBS_000736,HT 128,a.2_log,0,GRA,GRA,identity,1.000000,0,
OBS_000736,HT 128,a.2_log,1,KU,KU,identity,1.000000,0,
OBS_000737,HT 128,a.2_stmt,0,WA,WA,identity,1.000000,0,
OBS_000737,HT 128,a.2_stmt,1,TU,TU,identity,1.000000,0,
OBS_000737,HT 128,a.2_stmt,2,MA,MA,identity,1.000000,0,
OBS_000737,HT 128,a.2_stmt,3,RE,RE,identity,1.000000,0,
OBS_000738,HT 128,a.3_log,0,GRA,GRA,identity,1.000000,0,
OBS_000738,HT 128,a.3_log,1,KU,KU,identity,1.000000,0,
OBS_000739,HT 128,a.3_log,0,GRA,GRA,identity,1.000000,0,
OBS_000739,HT 128,a.3_log,1,PA,PA,identity,1.000000,0,
OBS_000740,HT 128,a.3_stmt,0,]MI,]MI,identity,1.000000,0,
OBS_000740,HT 128,a.3_stmt,1,TA,TA,identity,1.000000,0,
OBS_000741,HT 128,a.4_log,0,GRA,GRA,identity,1.000000,0,
OBS_000741,HT 128,a.4_log,1,KU,KU,identity,1.000000,0,
OBS_000742,HT 128,a.4_stmt,0,MA,MA,identity,1.000000,0,
OBS_000742,HT 128,a.4_stmt,1,RI,RI,identity,1.000000,0,
OBS_000743,HT 128,b.1_log,0,GRA,GRA,identity,1.000000,0,
OBS_000743,HT 128,b.1_log,1,KU,KU,identity,1.000000,0,
OBS_000744,HT 128,b.2_log,0,GRA,GRA,identity,1.000000,0,
OBS_000744,HT 128,b.2_log,1,KU,KU,identity,1.000000,0,
OBS_000745,HT 128A,word_1,0,AB03,AB03,identity,1.000000,0,
OBS_000745,HT 128A,word_1,1,AB60,AB60,identity,1.000000,0,
OBS_000746,HT 128A,word_2,0,AB69,AB69,identity,1.000000,0,
OBS_000746,HT 128A,word_2,1,AB26,AB26,identity,1.000000,0,
OBS_000746,HT 128A,word_2,2,AB56,AB56,identity,1.000000,0,
OBS_000746,HT 128A,word_2,3,AB09,AB09,identity,1.000000,0,
OBS_000746,HT 128A,word_2,4,AB13,AB13,identity,1.000000,0,
OBS_000747,HT 128A,word_3,0,AB54,AB54,identity,1.000000,0,
OBS_000747,HT 128A,word_3,1,AB69,AB69,identity,1.000000,0,
OBS_000747,HT 128A,word_3,2,AB80,AB80,identity,1.000000,0,
OBS_000747,HT 128A,word_3,3,AB27,AB27,identity,1.000000,0,
OBS_000748,HT 128A,word_4,0,AB73,AB73,identity,1.000000,0,
OBS_000748,HT 128A,word_4,1,AB59,AB59,identity,1.000000,0,
OBS_000749,HT 128A,word_5,0,AB07,AB07,identity,1.000000,0,
OBS_000750,HT 128A,word_6,0,A579,A579,identity,1.000000,0,
OBS_000751,HT 128A,word_7,0,AB80,AB80,identity,1.000000,0,
OBS_000751,HT 128A,word_7,1,AB53,AB53,identity,1.000000,0,
OBS_000752,HT 128B,word_1,0,AB100,AB100,identity,1.000000,0,
OBS_000752,HT 128B,word_1,1,A329,A329,identity,1.000000,0,
OBS_000753,HT 128B,word_2,0,AB26,AB26,identity,1.000000,0,
OBS_000753,HT 128B,word_2,1,[?],[?],identity,1.000000,0,
OBS_000754,HT 129,.1_log,0,GRA,GRA,identity,1.000000,0,
OBS_000755,HT 129,.1_stmt,0,KI,KI,identity,1.000000,0,
OBS_000755,HT 129,.1_stmt,1,RE,RE,identity,1.000000,0,
OBS_000755,HT 129,.1_stmt,2,TA2,TA2,identity,1.000000,0,
OBS_000756,HT 129,.2-3_log,0,GRA,GRA,identity,1.000000,0,
OBS_000757,HT 129,.2-3_stmt,0,TU,TU,identity,1.000000,0,
OBS_000757,HT 129,.2-3_stmt,1,QIF,QIF,identity,1.000000,0,
OBS_000757,HT 129,.2-3_stmt,2,RI,RI,identity,1.000000,0,
OBS_000757,HT 129,.2-3_stmt,3,NA,NA,identity,1.000000,0,
OBS_000758,HT 129,.2_log,0,FIC,FIC,identity,1.000000,0,
OBS_000759,HT 129,.3_log,0,OLE,OLE,identity,1.000000,0,
OBS_000759,HT 129,.3_log,1,DI,DI,identity,1.000000,0,
OBS_000760,HT 129,.4_log,0,]OLE,]OLE,identity,1.000000,0,
OBS_000760,HT 129,.4_log,1,KI,KI,identity,1.000000,0,
OBS_000761,HT 129,word_1,0,AB69,AB69,identity,1.000000,0,
OBS_000761,HT 129,word_1,1,AB26,AB26,identity,1.000000,0,
OBS_000761,HT 129,word_1,2,AB66,AB66,identity,1.000000,0,
OBS_000762,HT 129,word_2,0,AB69,AB69,identity,1.000000,0,
OBS_000762,HT 129,word_2,1,AB21F,AB21F,identity,1.000000,0,
OBS_000762,HT 129,word_2,2,AB53,AB53,identity,1.000000,0,
OBS_000762,HT 129,word_2,3,AB06,AB06,identity,1.000000,0,
OBS_000763,HT 13,.1-2_log,0,VINA,VINA,identity,1.000000,0,
OBS_000763,HT 13,.1-2_log,1,TE,TE,identity,1.000000,0,
OBS_000764,HT 13,.1-2_stmt,0,KA,KA,identity,1.000000,0,
OBS_000764,HT 13,.1-2_stmt,1,U,U,identity,1.000000,0,
OBS_000764,HT 13,.1-2_stmt,2,DE,DE,identity,1.000000,0,
OBS_000764,HT 13,.1-2_stmt,3,TA,TA,identity,1.000000,0,
OBS_000765,HT 13,.2_stmt,0,RE,RE,identity,1.000000,0,
OBS_000765,HT 13,.2_stmt,1,ZA,ZA,identity,1.000000,0,
OBS_000766,HT 13,.3-4_stmt,0,TE,TE,identity,1.000000,0,
OBS_000766,HT 13,.3-4_stmt,1,KI,KI,identity,1.000000,0,
OBS_000767,HT 13,.3_stmt,0,TE,TE,identity,1.000000,0,
OBS_000767,HT 13,.3_stmt,1,TU,TU,identity,1.000000,0,
OBS_000768,HT 13,.4_stmt,0,KU,KU,identity,1.000000,0,
OBS_000768,HT 13,.4_stmt,1,ZU,ZU,identity,1.000000,0,
OBS_000768,HT 13,.4_stmt,2,NI,NI,identity,1.000000,0,
OBS_000769,HT 13,.5-6_stmt,0,I,I,identity,1.000000,0,
OBS_000769,HT 13,.5-6_stmt,1,DU,DU,identity,1.000000,0,
OBS_000769,HT 13,.5-6_stmt,2,NE,NE,identity,1.000000,0,
OBS_000769,HT 13,.5-6_stmt,3,SI,SI,identity,1.000000,0,
OBS_000770,HT 13,.5_stmt,0,DA,DA,identity,1.000000,0,
OBS_000770,HT 13,.5_stmt,1,SI,SI,identity,1.000000,0,
OBS_000771,HT 13,.7_stmt,0,KU,KU,identity,1.000000,0,
OBS_000771,HT 13,.7_stmt,1,RO,RO,identity,1.000000,0,
OBS_000772,HT 13,word_1,0,AB77,AB77,identity,1.000000,0,
OBS_000772,HT 13,word_1,1,AB10,AB10,identity,1.000000,0,
OBS_000772,HT 13,word_1,2,AB45,AB45,identity,1.000000,0,
OBS_000772,HT 13,word_1,3,AB59,AB59,identity,1.000000,0,
OBS_000773,HT 13,word_2,0,AB27,AB27,identity,1.000000,0,
OBS_000773,HT 13,word_2,1,AB17,AB17,identity,1.000000,0,
OBS_000774,HT 13,word_3,0,AB04,AB04,identity,1.000000,0,
OBS_000774,HT 13,word_3,1,AB69,AB69,identity,1.000000,0,
OBS_000775,HT 13,word_4,0,AB04,AB04,identity,1.000000,0,
OBS_000775,HT 13,word_4,1,AB67,AB67,exact,1.000000,0,Canonical sign form
OBS_000776,HT 13,word_5,0,AB81,AB81,identity,1.000000,0,
OBS_000776,HT 13,word_5,1,AB79,AB79,identity,1.000000,0,
OBS_000776,HT 13,word_5,2,AB30,AB30,identity,1.000000,0,
OBS_000777,HT 13,word_6,0,AB01,AB01,identity,1.000000,0,
OBS_000777,HT 13,word_6,1,AB41,AB41,identity,1.000000,0,
OBS_000777,HT 13,word_6,2,AB118,AB118,identity,1.000000,0,
OBS_000778,HT 13,word_7,0,AB28,AB28,identity,1.000000,0,
OBS_000778,HT 13,word_7,1,AB51,AB51,identity,1.000000,0,
OBS_000778,HT 13,word_7,2,AB24,AB24,identity,1.000000,0,
OBS_000778,HT 13,word_7,3,AB41,AB41,identity,1.000000,0,
OBS_000779,HT 13,word_8,0,AB81,AB81,identity,1.000000,0,
OBS_000779,HT 13,word_8,1,AB02,AB02,identity,1.000000,0,
OBS_000780,HT 130,.2_stmt,0,SA,SA,identity,1.000000,0,
OBS_000780,HT 130,.2_stmt,1,RA2,RA2,exact,1.000000,0,Canonical sign form
OBS_000781,HT 130,.5-6_log,0,FIC,FIC,identity,1.000000,0,
OBS_000782,HT 130,.6_log,0,VINA,VINA,identity,1.000000,0,
OBS_000783,HT 130,word_1,0,AB31,AB31,identity,1.000000,0,
OBS_000783,HT 130,word_1,1,AB76,AB76,identity,1.000000,0,
OBS_000784,HT 130,word_2,0,AB76,AB76,identity,1.000000,0,
OBS_000785,HT 130,word_3,0,AB02,AB02,identity,1.000000,0,
OBS_000786,HT 131,a.1_log,0,]FIC,]FIC,identity,1.000000,0,
OBS_000787,HT 131,a.2-3_log,0,GRA,GRA,identity,1.000000,0,
OBS_000788,HT 131,a.2-3_stmt,0,I,I,identity,1.000000,0,
OBS_000788,HT 131,a.2-3_stmt,1,QA,QA,identity,1.000000,0,
OBS_000789,HT 131,b.2_log,0,VINA,VINA,identity,1.000000,0,
OBS_000789,HT 131,b.2_log,1,SA,SA,identity,1.000000,0,
OBS_000790,HT 131,b.2_log,0,]FIC,]FIC,identity,1.000000,0,
OBS_000791,HT 131,b.2_log,0,]OLIV,]OLIV,identity,1.000000,0,
OBS_000792,HT 131,b.4_stmt,0,PO,PO,identity,1.000000,0,
OBS_000792,HT 131,b.4_stmt,1,TO,TO,identity,1.000000,0,
OBS_000792,HT 131,b.4_stmt,2,KU,KU,identity,1.000000,0,
OBS_000792,HT 131,b.4_stmt,3,RO,RO,identity,1.000000,0,
OBS_000793,HT 131A,word_2,0,AB28,AB28,identity,1.000000,0,
OBS_000793,HT 131A,word_2,1,AB16,AB16,identity,1.000000,0,
OBS_000793,HT 131A,word_2,2,AB118,AB118,identity,1.000000,0,
OBS_000794,HT 131B,word_2,0,AB11,AB11,identity,1.000000,0,
OBS_000794,HT 131B,word_2,1,AB05,AB05,identity,1.000000,0,
OBS_000794,HT 131B,word_2,2,AB81,AB81,identity,1.000000,0,
OBS_000794,HT 131B,word_2,3,AB02,AB02,identity,1.000000,0,
OBS_000795,HT 132,.1-2_log,0,OVISF,OVISF,identity,1.000000,0,
OBS_000796,HT 132,.1-2_stmt,0,QA,QA,identity,1.000000,0,
OBS_000796,HT 132,.1-2_stmt,1,RE,RE,identity,1.000000,0,
OBS_000796,HT 132,.1-2_stmt,2,TO,TO,identity,1.000000,0,
OBS_000797,HT 132,.1_stmt,0,A,A,identity,1.000000,0,
OBS_000797,HT 132,.1_stmt,1,SE,SE,identity,1.000000,0,
OBS_000798,HT 132,word_1,0,AB08,AB08,identity,1.000000,0,
OBS_000798,HT 132,word_1,1,AB09,AB09,identity,1.000000,0,
OBS_000799,HT 132,word_2,0,AB16,AB16,identity,1.000000,0,
OBS_000799,HT 132,word_2,1,AB27,AB27,identity,1.000000,0,
OBS_000799,HT 132,word_2,2,AB05,AB05,identity,1.000000,0,
OBS_000800,HT 133,.1-2_log,0,TE,TE,identity,1.000000,0,
OBS_000800,HT 133,.1-2_log,1,GRA,GRA,identity,1.000000,0,
OBS_000800,HT 133,.1-2_log,2,DA,DA,identity,1.000000,0,
OBS_000801,HT 133,.1-2_stmt,0,A,A,identity,1.000000,0,
OBS_000801,HT 133,.1-2_stmt,1,DU,DU,identity,1.000000,0,
OBS_000802,HT 133,word_1,0,AB08,AB08,identity,1.000000,0,
OBS_000802,HT 133,word_1,1,AB51,AB51,identity,1.000000,0,
OBS_000803,HT 135,a.1_stmt,0,NE,NE,identity,1.000000,0,
OBS_000803,HT 135,a.1_stmt,1,MI,MI,identity,1.000000,0,
OBS_000803,HT 135,a.1_stmt,2,NA,NA,identity,1.000000,0,
OBS_000804,HT 135,a.2_stmt,0,MI,MI,identity,1.000000,0,
OBS_000804,HT 135,a.2_stmt,1,KA[,KA[,identity,1.000000,0,
OBS_000805,HT 135,a.2_stmt,0,MI,MI,identity,1.000000,0,
OBS_000805,HT 135,a.2_stmt,1,TU,TU,identity,1.000000,0,
OBS_000806,HT 135,a.3_stmt,0,NA,NA,identity,1.000000,0,
OBS_000806,HT 135,a.3_stmt,1,QIF,QIF,identity,1.000000,0,
OBS_000806,HT 135,a.3_stmt,2,NE[,NE[,identity,1.000000,0,
OBS_000807,HT 135A,word_1,0,AB24,AB24,identity,1.000000,0,
OBS_000807,HT 135A,word_1,1,AB73,AB73,identity,1.000000,0,
OBS_000807,HT 135A,word_1,2,AB06,AB06,identity,1.000000,0,
OBS_000808,HT 135A,word_2,0,AB73,AB73,identity,1.000000,0,
OBS_000808,HT 135A,word_2,1,AB69,AB69,identity,1.000000,0,
OBS_000809,HT 135A,word_3,0,AB73,AB73,identity,1.000000,0,
OBS_000809,HT 135A,word_3,1,AB77,AB77,identity,1.000000,0,
OBS_000810,HT 135A,word_4,0,AB06,AB06,identity,1.000000,0,
OBS_000810,HT 135A,word_4,1,AB21F,AB21F,identity,1.000000,0,
OBS_000810,HT 135A,word_4,2,AB24,AB24,identity,1.000000,0,
OBS_000811,HT 135A,word_5,0,AB73,AB73,identity,1.000000,0,
OBS_000812,HT 135B,word_1,0,[?],[?],identity,1.000000,0,
OBS_000812,HT 135B,word_1,1,AB34?,AB34?,identity,1.000000,0,
OBS_000812,HT 135B,word_1,2,AB59,AB59,identity,1.000000,0,
OBS_000812,HT 135B,word_1,3,AB24,AB24,identity,1.000000,0,
OBS_000813,HT 136,a.2_log,0,]OVISF,]OVISF,identity,1.000000,0,
OBS_000814,HT 136A,word_1,0,[?],[?],identity,1.000000,0,
OBS_000814,HT 136A,word_1,1,[?],[?],identity,1.000000,0,
OBS_000815,HT 137,.2_log,0,OLE,OLE,identity,1.000000,0,
OBS_000815,HT 137,.2_log,1,MI,MI,identity,1.000000,0,
OBS_000816,HT 137,word_3,0,AB66,AB66,identity,1.000000,0,
OBS_000817,HT 139,.1_stmt,0,PU,PU,identity,1.000000,0,
OBS_000817,HT 139,.1_stmt,1,MA,MA,identity,1.000000,0,
OBS_000817,HT 139,.1_stmt,2,KU[,KU[,identity,1.000000,0,
OBS_000818,HT 139,.2_log,0,OLE,OLE,identity,1.000000,0,
OBS_000819,HT 139,.3_stmt,0,]KA,]KA,identity,1.000000,0,
OBS_000819,HT 139,.3_stmt,1,RA2[,RA2[,identity,1.000000,0,
OBS_000820,HT 139,word_1,0,[?],[?],identity,1.000000,0,
OBS_000820,HT 139,word_1,1,AB50,AB50,identity,1.000000,0,
OBS_000820,HT 139,word_1,2,AB80,AB80,identity,1.000000,0,
OBS_000820,HT 139,word_1,3,AB81,AB81,identity,1.000000,0,
OBS_000821,HT 139,word_2,0,AB77,AB77,identity,1.000000,0,
OBS_000821,HT 139,word_2,1,AB76,AB76,identity,1.000000,0,
OBS_000822,HT 14,.1-2_log,0,TE,TE,identity,1.000000,0,
OBS_000822,HT 14,.1-2_log,1,GRA,GRA,identity,1.000000,0,
OBS_000823,HT 14,.1-2_stmt,0,PU,PU,identity,1.000000,0,
OBS_000823,HT 14,.1-2_stmt,1,VINA,VINA,identity,1.000000,0,
OBS_000824,HT 14,.3-5_log,0,GRA,GRA,identity,1.000000,0,
OBS_000825,HT 14,.3-5_stmt,0,A,A,identity,1.000000,0,
OBS_000825,HT 14,.3-5_stmt,1,PU2,PU2,identity,1.000000,0,
OBS_000825,HT 14,.3-5_stmt,2,NA,NA,identity,1.000000,0,
OBS_000825,HT 14,.3-5_stmt,3,DU,DU,identity,1.000000,0,
OBS_000826,HT 14,word_1,0,AB50,AB50,identity,1.000000,0,
OBS_000826,HT 14,word_1,1,AB131A,AB131A,identity,1.000000,0,
OBS_000827,HT 14,word_2,0,AB08,AB08,identity,1.000000,0,
OBS_000827,HT 14,word_2,1,AB29,AB29,identity,1.000000,0,
OBS_000827,HT 14,word_2,2,AB06,AB06,identity,1.000000,0,
OBS_000827,HT 14,word_2,3,AB51,AB51,identity,1.000000,0,
OBS_000828,HT 140,.1-2_log,0,OLE,OLE,identity,1.000000,0,
OBS_000828,HT 140,.1-2_log,1,KI,KI,identity,1.000000,0,
OBS_000829,HT 140,.1-2_stmt,0,JE,JE,identity,1.000000,0,
OBS_000829,HT 140,.1-2_stmt,1,DI,DI,identity,1.000000,0,
OBS_000830,HT 140,.1_stmt,0,SI,SI,identity,1.000000,0,
OBS_000830,HT 140,.1_stmt,1,NI,NI,identity,1.000000,0,
OBS_000831,HT 140,.1_stmt,0,U,U,identity,1.000000,0,
OBS_000831,HT 140,.1_stmt,1,SI,SI,identity,1.000000,0,
OBS_000832,HT 140,.1_stmt,0,U,U,identity,1.000000,0,
OBS_000832,HT 140,.1_stmt,1,SI,SI,identity,1.000000,0,
OBS_000832,HT 140,.1_stmt,2,SI,SI,identity,1.000000,0,
OBS_000832,HT 140,.1_stmt,3,NI,NI,identity,1.000000,0,
OBS_000833,HT 140,.4-.5_log,0,OLE,OLE,identity,1.000000,0,
OBS_000833,HT 140,.4-.5_log,1,U,U,identity,1.000000,0,
OBS_000834,HT 140,.4_log,0,OLE,OLE,identity,1.000000,0,
OBS_000834,HT 140,.4_log,1,U,U,identity,1.000000,0,
OBS_000835,HT 140,.5_log,0,OLE,OLE,identity,1.000000,0,
OBS_000835,HT 140,.5_log,1,U,U,identity,1.000000,0,
OBS_000836,HT 140,.5_stmt,0,KA,KA,identity,1.000000,0,
OBS_000836,HT 140,.5_stmt,1,PA,PA,identity,1.000000,0,
OBS_000837,HT 140,.6_log,0,]OLE,]OLE,identity,1.000000,0,
OBS_000837,HT 140,.6_log,1,U,U,identity,1.000000,0,
OBS_000838,HT 140,word_1,0,AB10,AB10,identity,1.000000,0,
OBS_000838,HT 140,word_1,1,AB34,AB34,identity,1.000000,0,
OBS_000838,HT 140,word_1,2,AB41,AB41,identity,1.000000,0,
OBS_000839,HT 140,word_2,0,AB86,AB86,identity,1.000000,0,
OBS_000839,HT 140,word_2,1,AB41,AB41,identity,1.000000,0,
OBS_000839,HT 140,word_2,2,AB30,AB30,identity,1.000000,0,
OBS_000840,HT 140,word_3,0,AB46,AB46,identity,1.000000,0,
OBS_000840,HT 140,word_3,1,AB07,AB07,identity,1.000000,0,
OBS_000841,HT 140,word_4,0,AB10,AB10,identity,1.000000,0,
OBS_000841,HT 140,word_4,1,AB34,AB34,identity,1.000000,0,
OBS_000841,HT 140,word_4,2,AB41,AB41,identity,1.000000,0,
OBS_000842,HT 140,word_5,0,[?],[?],identity,1.000000,0,
OBS_000842,HT 140,word_5,1,AB118,AB118,identity,1.000000,0,
OBS_000842,HT 140,word_5,2,AB77,AB77,identity,1.000000,0,
OBS_000843,HT 140,word_6,0,AB77,AB77,identity,1.000000,0,
OBS_000843,HT 140,word_6,1,AB80,AB80,identity,1.000000,0,
OBS_000844,HT 140,word_7,0,AB77,AB77,identity,1.000000,0,
OBS_000844,HT 140,word_7,1,AB03,AB03,identity,1.000000,0,
OBS_000845,HT 141,.1_stmt,0,A,A,identity,1.000000,0,
OBS_000845,HT 141,.1_stmt,1,RI,RI,identity,1.000000,0,
OBS_000846,HT 141,.2_stmt,0,]RU,]RU,identity,1.000000,0,
OBS_000846,HT 141,.2_stmt,1,DI,DI,identity,1.000000,0,
OBS_000847,HT 141,word_1,0,[?],[?],identity,1.000000,0,
OBS_000847,HT 141,word_1,1,AB08,AB08,identity,1.000000,0,
OBS_000847,HT 141,word_1,2,AB53,AB53,identity,1.000000,0,
OBS_000848,HT 141,word_2,0,AB26,AB26,identity,1.000000,0,
OBS_000848,HT 141,word_2,1,AB07,AB07,identity,1.000000,0,
OBS_000849,HT 144,word_2,0,AB61,AB61,identity,1.000000,0,
OBS_000850,HT 146,.4_stmt,0,RI,RI,identity,1.000000,0,
OBS_000850,HT 146,.4_stmt,1,KA,KA,identity,1.000000,0,
OBS_000850,HT 146,.4_stmt,2,TA,TA,identity,1.000000,0,
OBS_000851,HT 146,word_1,0,AB78,AB78,identity,1.000000,0,
OBS_000852,HT 146,word_2,0,AB53,AB53,identity,1.000000,0,
OBS_000852,HT 146,word_2,1,A305,A305,identity,1.000000,0,
OBS_000853,HT 146,word_3,0,AB53,AB53,identity,1.000000,0,
OBS_000853,HT 146,word_3,1,AB77,AB77,identity,1.000000,0,
OBS_000853,HT 146,word_3,2,AB59,AB59,identity,1.000000,0,
OBS_000854,HT 147,word_1,0,AB60,AB60,identity,1.000000,0,
OBS_000855,HT 15,.1-2_stmt,0,DU,DU,identity,1.000000,0,
OBS_000855,HT 15,.1-2_stmt,1,A,A,identity,1.000000,0,
OBS_000856,HT 15,.1_log,0,GRA,GRA,identity,1.000000,0,
OBS_000857,HT 15,.1_stmt,0,U,U,identity,1.000000,0,
OBS_000857,HT 15,.1_stmt,1,SI,SI,identity,1.000000,0,
OBS_000858,HT 15,.2-3_log,0,GRA,GRA,identity,1.000000,0,
OBS_000858,HT 15,.2-3_log,1,L3L3,L3L3,identity,1.000000,0,
OBS_000859,HT 15,.4_stmt,0,KI,KI,identity,1.000000,0,
OBS_000859,HT 15,.4_stmt,1,RO,RO,identity,1.000000,0,
OBS_000860,HT 15,word_1,0,AB10,AB10,identity,1.000000,0,
OBS_000860,HT 15,word_1,1,AB34,AB34,identity,1.000000,0,
OBS_000860,HT 15,word_1,2,AB41,AB41,identity,1.000000,0,
OBS_000861,HT 15,word_2,0,AB51,AB51,identity,1.000000,0,
OBS_000861,HT 15,word_2,1,AB123,AB123,identity,1.000000,0,
OBS_000861,HT 15,word_2,2,AB08,AB08,identity,1.000000,0,
OBS_000862,HT 15,word_3,0,AB67,AB67,exact,1.000000,0,Canonical sign form
OBS_000862,HT 15,word_3,1,AB02,AB02,identity,1.000000,0,
OBS_000863,HT 154,.1_log,0,I,I,identity,1.000000,0,
OBS_000863,HT 154,.1_log,1,[?],[?],identity,1.000000,0,
OBS_000864,HT 154,.4-5_stmt,0,DESUNT,DESUNT,identity,1.000000,0,
OBS_000865,HT 154,word_1,0,AB37,AB37,identity,1.000000,0,
OBS_000866,HT 154,word_2,0,AB67,AB67,exact,1.000000,0,Canonical sign form
OBS_000867,HT 154A,.1_stmt,0,TU,TU,identity,1.000000,0,
OBS_000867,HT 154A,.1_stmt,1,ME,ME,identity,1.000000,0,
OBS_000867,HT 154A,.1_stmt,2,PA,PA,identity,1.000000,0,
OBS_000867,HT 154A,.1_stmt,3,JA,JA,identity,1.000000,0,
OBS_000868,HT 154A,.2_log,0,]GRA[,]GRA[,identity,1.000000,0,
OBS_000869,HT 154A,word_1,0,AB69,AB69,identity,1.000000,0,
OBS_000869,HT 154A,word_1,1,AB13,AB13,identity,1.000000,0,
OBS_000869,HT 154A,word_1,2,AB03,AB03,identity,1.000000,0,
OBS_000869,HT 154A,word_1,3,AB57,AB57,identity,1.000000,0,
OBS_000870,HT 154C,word_1,0,AB06,AB06,identity,1.000000,0,
OBS_000870,HT 154C,word_1,1,AB73,AB73,identity,1.000000,0,
OBS_000871,HT 154E,a._log,0,]FIC,]FIC,identity,1.000000,0,
OBS_000872,HT 154E,word_1,0,[?],[?],identity,1.000000,0,
OBS_000872,HT 154E,word_1,1,[?],[?],identity,1.000000,0,
OBS_000873,HT 154JA,word_1,0,AB55,AB55,identity,1.000000,0,
OBS_000873,HT 154JA,word_1,1,AB27,AB27,identity,1.000000,0,
OBS_000874,HT 154N,word_1,0,AB41,AB41,identity,1.000000,0,
OBS_000875,HT 154N,word_2,0,AB41,AB41,identity,1.000000,0,
OBS_000876,HT 16,.1-2_stmt,0,KA,KA,identity,1.000000,0,
OBS_000876,HT 16,.1-2_stmt,1,KU,KU,identity,1.000000,0,
OBS_000876,HT 16,.1-2_stmt,2,PA,PA,identity,1.000000,0,
OBS_000876,HT 16,.1-2_stmt,3,DI,DI,identity,1.000000,0,
OBS_000876,HT 16,.1-2_stmt,4,NA,NA,identity,1.000000,0,
OBS_000876,HT 16,.1-2_stmt,5,U,U,identity,1.000000,0,
OBS_000877,HT 16,.4_stmt,0,SA,SA,identity,1.000000,0,
OBS_000877,HT 16,.4_stmt,1,PO,PO,identity,1.000000,0,
OBS_000878,HT 16,word_1,0,AB77,AB77,identity,1.000000,0,
OBS_000878,HT 16,word_1,1,AB81,AB81,identity,1.000000,0,
OBS_000878,HT 16,word_1,2,AB03,AB03,identity,1.000000,0,
OBS_000879,HT 16,word_2,0,AB07,AB07,identity,1.000000,0,
OBS_000879,HT 16,word_2,1,AB06,AB06,identity,1.000000,0,
OBS_000879,HT 16,word_2,2,AB10,AB10,identity,1.000000,0,
OBS_000880,HT 16,word_3,0,AB31,AB31,identity,1.000000,0,
OBS_000880,HT 16,word_3,1,AB11,AB11,identity,1.000000,0,
OBS_000881,HT 17,.1_log,0,TE,TE,identity,1.000000,0,
OBS_000881,HT 17,.1_log,1,VIN,VIN,exact,1.000000,0,Canonical sign form
OBS_000882,HT 17,.1_stmt,0,RA,RA,suppressed_in_strict,0.350000,1,
OBS_000882,HT 17,.1_stmt,1,*164A,*164A,identity,1.000000,0,
OBS_000882,HT 17,.1_stmt,2,TI,TI,identity,1.000000,0,
OBS_000883,HT 17,.2_stmt,0,SA,SA,identity,1.000000,0,
OBS_000883,HT 17,.2_stmt,1,RO,RO,identity,1.000000,0,
OBS_000884,HT 17,.3_stmt,0,SI,SI,identity,1.000000,0,
OBS_000884,HT 17,.3_stmt,1,DA,DA,identity,1.000000,0,
OBS_000884,HT 17,.3_stmt,2,RE,RE,identity,1.000000,0,
OBS_000885,HT 17,word_1,0,AB60,AB60,identity,1.000000,0,
OBS_000885,HT 17,word_1,1,AB164A,AB164A,identity,1.000000,0,
OBS_000885,HT 17,word_1,2,AB37,AB37,identity,1.000000,0,
OBS_000886,HT 17,word_2,0,AB31,AB31,identity,1.000000,0,
OBS_000886,HT 17,word_2,1,AB02,AB02,identity,1.000000,0,
OBS_000887,HT 17,word_3,0,AB41,AB41,identity,1.000000,0,
OBS_000887,HT 17,word_3,1,AB01,AB01,identity,1.000000,0,
OBS_000887,HT 17,word_3,2,AB27,AB27,identity,1.000000,0,
OBS_000888,HT 18,.1_log,0,GRA,GRA,identity,1.000000,0,
OBS_000888,HT 18,.1_log,1,QE,QE,identity,1.000000,0,
OBS_000889,HT 18,.1_log,0,OLE,OLE,identity,1.000000,0,
OBS_000889,HT 18,.1_log,1,KI,KI,identity,1.000000,0,
OBS_000890,HT 18,.1_stmt,0,PA,PA,identity,1.000000,0,
OBS_000890,HT 18,.1_stmt,1,SE,SE,identity,1.000000,0,
OBS_000891,HT 18,.2-3_log,0,FIC,FIC,identity,1.000000,0,
OBS_000892,HT 18,.2_log,0,GRA,GRA,identity,1.000000,0,
OBS_000893,HT 18,.2_stmt,0,SA,SA,identity,1.000000,0,
OBS_000893,HT 18,.2_stmt,1,RA2,RA2,exact,1.000000,0,Canonical sign form
OBS_000894,HT 18,word_1,0,AB03,AB03,identity,1.000000,0,
OBS_000894,HT 18,word_1,1,AB09,AB09,identity,1.000000,0,
OBS_000895,HT 18,word_2,0,AB31,AB31,identity,1.000000,0,
OBS_000895,HT 18,word_2,1,AB76,AB76,identity,1.000000,0,
OBS_000896,HT 19,.1-2_log,0,TE,TE,identity,1.000000,0,
OBS_000896,HT 19,.1-2_log,1,VINA,VINA,identity,1.000000,0,
OBS_000897,HT 19,.1-2_stmt,0,RA,RA,suppressed_in_strict,0.350000,1,
OBS_000897,HT 19,.1-2_stmt,1,*164A,*164A,identity,1.000000,0,
OBS_000897,HT 19,.1-2_stmt,2,TI,TI,identity,1.000000,0,
OBS_000898,HT 19,.2-3_stmt,0,SA,SA,identity,1.000000,0,
OBS_000898,HT 19,.2-3_stmt,1,RO,RO,identity,1.000000,0,
OBS_000899,HT 19,.3-4_stmt,0,DU,DU,identity,1.000000,0,
OBS_000899,HT 19,.3-4_stmt,1,ME,ME,identity,1.000000,0,
OBS_000899,HT 19,.3-4_stmt,2,DI,DI,identity,1.000000,0,
OBS_000900,HT 19,word_1,0,AB60,AB60,identity,1.000000,0,
OBS_000900,HT 19,word_1,1,AB164A,AB164A,identity,1.000000,0,
OBS_000900,HT 19,word_1,2,AB37,AB37,identity,1.000000,0,
OBS_000901,HT 19,word_2,0,AB31,AB31,identity,1.000000,0,
OBS_000901,HT 19,word_2,1,AB02,AB02,identity,1.000000,0,
OBS_000902,HT 19,word_3,0,AB51,AB51,identity,1.000000,0,
OBS_000902,HT 19,word_3,1,AB13,AB13,identity,1.000000,0,
OBS_000902,HT 19,word_3,2,AB07,AB07,identity,1.000000,0,
OBS_000903,HT 2,.1_log,0,OLE,OLE,identity,1.000000,0,
OBS_000903,HT 2,.1_log,1,U,U,identity,1.000000,0,
OBS_000904,HT 2,.1_stmt,0,A,A,identity,1.000000,0,
OBS_000904,HT 2,.1_stmt,1,KA,KA,identity,1.000000,0,
OBS_000904,HT 2,.1_stmt,2,RU,RU,identity,1.000000,0,
OBS_000905,HT 2,.2_log,0,OLE,OLE,identity,1.000000,0,
OBS_000905,HT 2,.2_log,1,E,E,identity,1.000000,0,
OBS_000906,HT 2,.2_log,0,]OLE,]OLE,identity,1.000000,0,
OBS_000906,HT 2,.2_log,1,A,A,identity,1.000000,0,
OBS_000907,HT 2,.3_log,0,OLE,OLE,identity,1.000000,0,
OBS_000907,HT 2,.3_log,1,U,U,identity,1.000000,0,
OBS_000908,HT 2,.3_stmt,0,]KI,]KI,identity,1.000000,0,
OBS_000908,HT 2,.3_stmt,1,RE,RE,identity,1.000000,0,
OBS_000908,HT 2,.3_stmt,2,TA,TA,identity,1.000000,0,
OBS_000908,HT 2,.3_stmt,3,NA,NA,identity,1.000000,0,
OBS_000909,HT 2,.4_log,0,]OLE,]OLE,identity,1.000000,0,
OBS_000909,HT 2,.4_log,1,A,A,identity,1.000000,0,
OBS_000910,HT 2,word_1,0,AB08,AB08,identity,1.000000,0,
OBS_000910,HT 2,word_1,1,AB77,AB77,identity,1.000000,0,
OBS_000910,HT 2,word_1,2,AB26,AB26,identity,1.000000,0,
OBS_000911,HT 2,word_2,0,AB67,AB67,exact,1.000000,0,Canonical sign form
OBS_000911,HT 2,word_2,1,AB27,AB27,identity,1.000000,0,
OBS_000911,HT 2,word_2,2,AB59,AB59,identity,1.000000,0,
OBS_000911,HT 2,word_2,3,AB06,AB06,identity,1.000000,0,
OBS_000912,HT 20,.1-2_stmt,0,KU,KU,identity,1.000000,0,
OBS_000912,HT 20,.1-2_stmt,1,MA,MA,identity,1.000000,0,
OBS_000912,HT 20,.1-2_stmt,2,JU,JU,identity,1.000000,0,
OBS_000913,HT 20,.1_stmt,0,PA,PA,identity,1.000000,0,
OBS_000913,HT 20,.1_stmt,1,RO,RO,identity,1.000000,0,
OBS_000913,HT 20,.1_stmt,2,SU,SU,identity,1.000000,0,
OBS_000914,HT 20,.2-3_stmt,0,QE,QE,identity,1.000000,0,
OBS_000914,HT 20,.2-3_stmt,1,KU,KU,identity,1.000000,0,
OBS_000914,HT 20,.2-3_stmt,2,RE,RE,identity,1.000000,0,
OBS_000915,HT 20,.4-5_stmt,0,SA,SA,identity,1.000000,0,
OBS_000915,HT 20,.4-5_stmt,1,RE,RE,identity,1.000000,0,
OBS_000915,HT 20,.4-5_stmt,2,JU,JU,identity,1.000000,0,
OBS_000916,HT 20,.4_log,0,CAPM,CAPM,identity,1.000000,0,
OBS_000917,HT 20,word_1,0,AB03,AB03,identity,1.000000,0,
OBS_000917,HT 20,word_1,1,AB02,AB02,identity,1.000000,0,
OBS_000917,HT 20,word_1,2,AB58,AB58,identity,1.000000,0,
OBS_000918,HT 20,word_2,0,AB81,AB81,identity,1.000000,0,
OBS_000918,HT 20,word_2,1,AB80,AB80,identity,1.000000,0,
OBS_000918,HT 20,word_2,2,AB65,AB65,identity,1.000000,0,
OBS_000919,HT 20,word_3,0,AB78,AB78,identity,1.000000,0,
OBS_000919,HT 20,word_3,1,AB81,AB81,identity,1.000000,0,
OBS_000919,HT 20,word_3,2,AB27,AB27,identity,1.000000,0,
OBS_000920,HT 20,word_4,0,AB31,AB31,identity,1.000000,0,
OBS_000920,HT 20,word_4,1,AB27,AB27,identity,1.000000,0,
OBS_000920,HT 20,word_4,2,AB65,AB65,identity,1.000000,0,
OBS_000921,HT 21,.1-2_log,0,TE,TE,identity,1.000000,0,
OBS_000921,HT 21,.1-2_log,1,GRA,GRA,identity,1.000000,0,
OBS_000922,HT 21,.1-2_stmt,0,PI,PI,identity,1.000000,0,
OBS_000922,HT 21,.1-2_stmt,1,TA,TA,identity,1.000000,0,
OBS_000922,HT 21,.1-2_stmt,2,KA,KA,identity,1.000000,0,
OBS_000922,HT 21,.1-2_stmt,3,SE,SE,identity,1.000000,0,
OBS_000923,HT 21,.2-3_log,0,OLE,OLE,identity,1.000000,0,
OBS_000923,HT 21,.2-3_log,1,U,U,identity,1.000000,0,
OBS_000924,HT 21,.3_log,0,OLE,OLE,identity,1.000000,0,
OBS_000924,HT 21,.3_log,1,E,E,identity,1.000000,0,
OBS_000925,HT 21,.4_log,0,OLIV,OLIV,exact,1.000000,0,Canonical sign form
OBS_000926,HT 21,word_1,0,AB39,AB39,identity,1.000000,0,
OBS_000926,HT 21,word_1,1,AB59,AB59,identity,1.000000,0,
OBS_000926,HT 21,word_1,2,AB77,AB77,identity,1.000000,0,
OBS_000926,HT 21,word_1,3,AB09,AB09,identity,1.000000,0,
OBS_000927,HT 22,.1_log,0,GRA,GRA,identity,1.000000,0,
OBS_000927,HT 22,.1_log,1,L2,L2,identity,1.000000,0,
OBS_000928,HT 23,a.1_log,0,OLE,OLE,identity,1.000000,0,
OBS_000928,HT 23,a.1_log,1,NE,NE,identity,1.000000,0,
OBS_000929,HT 23,a.1_stmt,0,KA,KA,identity,1.000000,0,
OBS_000929,HT 23,a.1_stmt,1,NA,NA,identity,1.000000,0,
OBS_000930,HT 23,a.2-3_log,0,VINA,VINA,identity,1.000000,0,
OBS_000931,HT 23,a.2_log,0,MI,MI,identity,1.000000,0,
OBS_000931,HT 23,a.2_log,1,JA,JA,identity,1.000000,0,
OBS_000931,HT 23,a.2_log,2,RU,RU,identity,1.000000,0,
OBS_000932,HT 23,a.2_log,0,OLE,OLE,identity,1.000000,0,
OBS_000932,HT 23,a.2_log,1,RI,RI,identity,1.000000,0,
OBS_000933,HT 23,a.2_log,0,OLE,OLE,identity,1.000000,0,
OBS_000933,HT 23,a.2_log,1,TU,TU,identity,1.000000,0,
OBS_000934,HT 23,a.3_log,0,QA,QA,identity,1.000000,0,
OBS_000934,HT 23,a.3_log,1,[?],[?],identity,1.000000,0,
OBS_000934,HT 23,a.3_log,2,PU,PU,identity,1.000000,0,
OBS_000935,HT 23,a.3_log,0,QA,QA,identity,1.000000,0,
OBS_000935,HT 23,a.3_log,1,[?],[?],identity,1.000000,0,
OBS_000935,HT 23,a.3_log,2,RE,RE,identity,1.000000,0,
OBS_000936,HT 23,a.4-5_stmt,0,SA,SA,identity,1.000000,0,
OBS_000936,HT 23,a.4-5_stmt,1,SA,SA,identity,1.000000,0,
OBS_000936,HT 23,a.4-5_stmt,2,ME,ME,identity,1.000000,0,
OBS_000937,HT 23,a.4_stmt,0,QIF,QIF,identity,1.000000,0,
OBS_000937,HT 23,a.4_stmt,1,RI,RI,identity,1.000000,0,
OBS_000937,HT 23,a.4_stmt,2,TU,TU,identity,1.000000,0,
OBS_000937,HT 23,a.4_stmt,3,QA,QA,identity,1.000000,0,
OBS_000938,HT 23,a.5_log,0,SI,SI,identity,1.000000,0,
OBS_000938,HT 23,a.5_log,1,ME,ME,identity,1.000000,0,
OBS_000939,HT 23,a.5_stmt,0,KO,KO,identity,1.000000,0,
OBS_000939,HT 23,a.5_stmt,1,RU,RU,identity,1.000000,0,
OBS_000940,HT 23,b.1_log,0,OLE[,OLE[,identity,1.000000,0,
OBS_000941,HT 23,b.1_stmt,0,NI,NI,identity,1.000000,0,
OBS_000941,HT 23,b.1_stmt,1,RA,RA,suppressed_in_strict,0.350000,1,
OBS_000942,HT 23,b.2_log,0,MI,MI,identity,1.000000,0,
OBS_000942,HT 23,b.2_log,1,JA,JA,identity,1.000000,0,
OBS_000942,HT 23,b.2_log,2,RU,RU,identity,1.000000,0,
OBS_000943,HT 23,b.2_log,0,QA,QA,identity,1.000000,0,
OBS_000943,HT 23,b.2_log,1,[?],[?],identity,1.000000,0,
OBS_000943,HT 23,b.2_log,2,PU,PU,identity,1.000000,0,
OBS_000944,HT 23,b.2_log,0,QA,QA,identity,1.000000,0,
OBS_000944,HT 23,b.2_log,1,[?],[?],identity,1.000000,0,
OBS_000944,HT 23,b.2_log,2,RE,RE,identity,1.000000,0,
OBS_000945,HT 23,b.4-5_stmt,0,DESUNT,DESUNT,identity,1.000000,0,
OBS_000946,HT 23A,word_1,0,AB77,AB77,identity,1.000000,0,
OBS_000946,HT 23A,word_1,1,AB06,AB06,identity,1.000000,0,
OBS_000947,HT 23A,word_2,0,AB21F,AB21F,identity,1.000000,0,
OBS_000947,HT 23A,word_2,1,AB53,AB53,identity,1.000000,0,
OBS_000947,HT 23A,word_2,2,AB69,AB69,identity,1.000000,0,
OBS_000947,HT 23A,word_2,3,AB16,AB16,identity,1.000000,0,
OBS_000948,HT 23A,word_3,0,AB31,AB31,identity,1.000000,0,
OBS_000948,HT 23A,word_3,1,AB31,AB31,identity,1.000000,0,
OBS_000948,HT 23A,word_3,2,AB13,AB13,identity,1.000000,0,
OBS_000949,HT 23A,word_4,0,AB70,AB70,identity,1.000000,0,
OBS_000949,HT 23A,word_4,1,AB26,AB26,identity,1.000000,0,
OBS_000950,HT 23B,word_1,0,AB30,AB30,identity,1.000000,0,
OBS_000950,HT 23B,word_1,1,AB60,AB60,identity,1.000000,0,
OBS_000951,HT 23B,word_2,0,AB23,AB23,identity,1.000000,0,
OBS_000952,HT 23B,word_3,0,AB50,AB50,identity,1.000000,0,
OBS_000953,HT 24,a.1_log,0,KI,KI,identity,1.000000,0,
OBS_000953,HT 24,a.1_log,1,MA,MA,identity,1.000000,0,
OBS_000953,HT 24,a.1_log,2,RU[,RU[,identity,1.000000,0,
OBS_000954,HT 24,a.1_stmt,0,KU,KU,identity,1.000000,0,
OBS_000954,HT 24,a.1_stmt,1,PA3,PA3,identity,1.000000,0,
OBS_000954,HT 24,a.1_stmt,2,RI,RI,identity,1.000000,0,
OBS_000954,HT 24,a.1_stmt,3,JA,JA,identity,1.000000,0,
OBS_000955,HT 24,a.2_log,0,MA,MA,identity,1.000000,0,
OBS_000955,HT 24,a.2_log,1,RU,RU,identity,1.000000,0,
OBS_000955,HT 24,a.2_log,2,ME,ME,identity,1.000000,0,
OBS_000956,HT 24,a.3_log,0,MA,MA,identity,1.000000,0,
OBS_000956,HT 24,a.3_log,1,RU,RU,identity,1.000000,0,
OBS_000956,HT 24,a.3_log,2,ME,ME,identity,1.000000,0,
OBS_000957,HT 24,a.4_log,0,MA,MA,identity,1.000000,0,
OBS_000957,HT 24,a.4_log,1,RU,RU,identity,1.000000,0,
OBS_000957,HT 24,a.4_log,2,ME,ME,identity,1.000000,0,
OBS_000958,HT 24,a.4_stmt,0,PA,PA,identity,1.000000,0,
OBS_000958,HT 24,a.4_stmt,1,SA,SA,identity,1.000000,0,
OBS_000958,HT 24,a.4_stmt,2,RI,RI,identity,1.000000,0,
OBS_000958,HT 24,a.4_stmt,3,JA,JA,identity,1.000000,0,
OBS_000959,HT 24,a.5_log,0,MA,MA,identity,1.000000,0,
OBS_000959,HT 24,a.5_log,1,RU,RU,identity,1.000000,0,
OBS_000960,HT 24,a.5_stmt,0,RU,RU,identity,1.000000,0,
OBS_000960,HT 24,a.5_stmt,1,I,I,identity,1.000000,0,
OBS_000960,HT 24,a.5_stmt,2,KO,KO,identity,1.000000,0,
OBS_000961,HT 24,b.1-2_log,0,SI,SI,identity,1.000000,0,
OBS_000961,HT 24,b.1-2_log,1,ME,ME,identity,1.000000,0,
OBS_000961,HT 24,b.1-2_log,2,KI,KI,identity,1.000000,0,
OBS_000962,HT 24,b.2_log,0,JA,JA,identity,1.000000,0,
OBS_000962,HT 24,b.2_log,1,KA,KA,identity,1.000000,0,
OBS_000963,HT 24A,word_1,0,AB81,AB81,identity,1.000000,0,
OBS_000963,HT 24A,word_1,1,AB56,AB56,identity,1.000000,0,
OBS_000963,HT 24A,word_1,2,AB53,AB53,identity,1.000000,0,
OBS_000963,HT 24A,word_1,3,AB57,AB57,identity,1.000000,0,
OBS_000964,HT 24A,word_2,0,AB03,AB03,identity,1.000000,0,
OBS_000964,HT 24A,word_2,1,AB31,AB31,identity,1.000000,0,
OBS_000964,HT 24A,word_2,2,AB53,AB53,identity,1.000000,0,
OBS_000964,HT 24A,word_2,3,AB57,AB57,identity,1.000000,0,
OBS_000965,HT 24A,word_3,0,AB26,AB26,identity,1.000000,0,
OBS_000965,HT 24A,word_3,1,AB28,AB28,identity,1.000000,0,
OBS_000965,HT 24A,word_3,2,AB70,AB70,identity,1.000000,0,
OBS_000966,HT 25,a.1_stmt,0,DI,DI,identity,1.000000,0,
OBS_000966,HT 25,a.1_stmt,1,NA,NA,identity,1.000000,0,
OBS_000966,HT 25,a.1_stmt,2,U,U,identity,1.000000,0,
OBS_000967,HT 25,a.2-3_stmt,0,DI,DI,identity,1.000000,0,
OBS_000967,HT 25,a.2-3_stmt,1,NA,NA,identity,1.000000,0,
OBS_000967,HT 25,a.2-3_stmt,2,U,U,identity,1.000000,0,
OBS_000968,HT 25,a.2_stmt,0,U,U,identity,1.000000,0,
OBS_000968,HT 25,a.2_stmt,1,RE,RE,identity,1.000000,0,
OBS_000968,HT 25,a.2_stmt,2,WI,WI,identity,1.000000,0,
OBS_000969,HT 25,a.2_stmt,0,]RU,]RU,identity,1.000000,0,
OBS_000969,HT 25,a.2_stmt,1,NI,NI,identity,1.000000,0,
OBS_000970,HT 25,a.3_stmt,0,A,A,identity,1.000000,0,
OBS_000970,HT 25,a.3_stmt,1,RI,RI,identity,1.000000,0,
OBS_000970,HT 25,a.3_stmt,2,NI,NI,identity,1.000000,0,
OBS_000970,HT 25,a.3_stmt,3,TA,TA,identity,1.000000,0,
OBS_000971,HT 25,a.3_stmt,0,TU,TU,identity,1.000000,0,
OBS_000971,HT 25,a.3_stmt,1,QE,QE,identity,1.000000,0,
OBS_000971,HT 25,a.3_stmt,2,NU[,NU[,identity,1.000000,0,
OBS_000972,HT 25,a.4_stmt,0,DU,DU,identity,1.000000,0,
OBS_000972,HT 25,a.4_stmt,1,RU,RU,identity,1.000000,0,
OBS_000972,HT 25,a.4_stmt,2,WI[,WI[,identity,1.000000,0,
OBS_000973,HT 25,a.4_stmt,0,ZU,ZU,identity,1.000000,0,
OBS_000973,HT 25,a.4_stmt,1,JU,JU,identity,1.000000,0,
OBS_000973,HT 25,a.4_stmt,2,PU2,PU2,identity,1.000000,0,
OBS_000974,HT 25,a.5_stmt,0,I,I,identity,1.000000,0,
OBS_000974,HT 25,a.5_stmt,1,KI,KI,identity,1.000000,0,
OBS_000974,HT 25,a.5_stmt,2,RA,RA,suppressed_in_strict,0.350000,1,
OBS_000975,HT 25,b.2_log,0,VIR,VIR,identity,1.000000,0,
OBS_000976,HT 25,b.2_stmt,0,KU,KU,identity,1.000000,0,
OBS_000976,HT 25,b.2_stmt,1,RO,RO,identity,1.000000,0,
OBS_000977,HT 25,b.2_stmt,0,WI,WI,identity,1.000000,0,
OBS_000977,HT 25,b.2_stmt,1,TE,TE,identity,1.000000,0,
OBS_000977,HT 25,b.2_stmt,2,RO,RO,identity,1.000000,0,
OBS_000977,HT 25,b.2_stmt,3,I,I,identity,1.000000,0,
OBS_000977,HT 25,b.2_stmt,4,TI,TI,identity,1.000000,0,
OBS_000978,HT 25,b.3_log,0,VIR,VIR,identity,1.000000,0,
OBS_000979,HT 25,b.4_stmt,0,KU,KU,identity,1.000000,0,
OBS_000979,HT 25,b.4_stmt,1,RO,RO,identity,1.000000,0,
OBS_000980,HT 25A,word_1,0,AB07,AB07,identity,1.000000,0,
OBS_000980,HT 25A,word_1,1,AB06,AB06,identity,1.000000,0,
OBS_000980,HT 25A,word_1,2,AB10,AB10,identity,1.000000,0,
OBS_000981,HT 25A,word_2,0,AB26,AB26,identity,1.000000,0,
OBS_000981,HT 25A,word_2,1,AB30,AB30,identity,1.000000,0,
OBS_000982,HT 25A,word_3,0,AB10,AB10,identity,1.000000,0,
OBS_000982,HT 25A,word_3,1,AB27,AB27,identity,1.000000,0,
OBS_000982,HT 25A,word_3,2,AB40,AB40,identity,1.000000,0,
OBS_000983,HT 25A,word_4,0,AB07,AB07,identity,1.000000,0,
OBS_000983,HT 25A,word_4,1,AB06,AB06,identity,1.000000,0,
OBS_000983,HT 25A,word_4,2,AB10,AB10,identity,1.000000,0,
OBS_000984,HT 25A,word_5,0,AB08,AB08,identity,1.000000,0,
OBS_000984,HT 25A,word_5,1,AB53,AB53,identity,1.000000,0,
OBS_000984,HT 25A,word_5,2,AB30,AB30,identity,1.000000,0,
OBS_000984,HT 25A,word_5,3,AB59,AB59,identity,1.000000,0,
OBS_000985,HT 25A,word_6,0,AB69,AB69,identity,1.000000,0,
OBS_000985,HT 25A,word_6,1,AB78,AB78,identity,1.000000,0,
OBS_000985,HT 25A,word_6,2,AB55,AB55,identity,1.000000,0,
OBS_000986,HT 25A,word_7,0,AB79,AB79,identity,1.000000,0,
OBS_000986,HT 25A,word_7,1,AB65,AB65,identity,1.000000,0,
OBS_000986,HT 25A,word_7,2,AB29,AB29,identity,1.000000,0,
OBS_000987,HT 25A,word_8,0,AB51,AB51,identity,1.000000,0,
OBS_000987,HT 25A,word_8,1,AB26,AB26,identity,1.000000,0,
OBS_000987,HT 25A,word_8,2,AB40,AB40,identity,1.000000,0,
OBS_000988,HT 25A,word_9,0,AB28,AB28,identity,1.000000,0,
OBS_000988,HT 25A,word_9,1,AB67,AB67,exact,1.000000,0,Canonical sign form
OBS_000988,HT 25A,word_9,2,AB60,AB60,identity,1.000000,0,
OBS_000989,HT 25B,word_2,0,AB81,AB81,identity,1.000000,0,
OBS_000989,HT 25B,word_2,1,AB02,AB02,identity,1.000000,0,
OBS_000990,HT 25B,word_3,0,AB40,AB40,identity,1.000000,0,
OBS_000990,HT 25B,word_3,1,AB04,AB04,identity,1.000000,0,
OBS_000990,HT 25B,word_3,2,AB02,AB02,identity,1.000000,0,
OBS_000991,HT 25B,word_4,0,AB28,AB28,identity,1.000000,0,
OBS_000991,HT 25B,word_4,1,AB37,AB37,identity,1.000000,0,
OBS_000992,HT 25B,word_5,0,AB81,AB81,identity,1.000000,0,
OBS_000992,HT 25B,word_5,1,AB02,AB02,identity,1.000000,0,
OBS_000993,HT 26,a.1_log,0,406VAS,406VAS,identity,1.000000,0,
OBS_000993,HT 26,a.1_log,1,KE,KE,identity,1.000000,0,
OBS_000994,HT 26,a.1_stmt,0,TE,TE,identity,1.000000,0,
OBS_000994,HT 26,a.1_stmt,1,TE,TE,identity,1.000000,0,
OBS_000995,HT 26,a.2-3_stmt,0,MI,MI,identity,1.000000,0,
OBS_000995,HT 26,a.2-3_stmt,1,KI,KI,identity,1.000000,0,
OBS_000995,HT 26,a.2-3_stmt,2,SE,SE,identity,1.000000,0,
OBS_000995,HT 26,a.2-3_stmt,3,NA,NA,identity,1.000000,0,
OBS_000996,HT 26,a.2_stmt,0,TA,TA,identity,1.000000,0,
OBS_000996,HT 26,a.2_stmt,1,TI,TI,identity,1.000000,0,
OBS_000997,HT 26,a.3-4_stmt,0,U,U,identity,1.000000,0,
OBS_000997,HT 26,a.3-4_stmt,1,NU,NU,identity,1.000000,0,
OBS_000997,HT 26,a.3-4_stmt,2,QIF,QIF,identity,1.000000,0,
OBS_000998,HT 26,b.1_log,0,*406VAS,*406VAS,identity,1.000000,0,
OBS_000998,HT 26,b.1_log,1,KE,KE,identity,1.000000,0,
OBS_000998,HT 26,b.1_log,2,VIR,VIR,identity,1.000000,0,
OBS_000999,HT 26,b.2-3_stmt,0,KA,KA,identity,1.000000,0,
OBS_000999,HT 26,b.2-3_stmt,1,U,U,identity,1.000000,0,
OBS_000999,HT 26,b.2-3_stmt,2,ZU,ZU,identity,1.000000,0,
OBS_000999,HT 26,b.2-3_stmt,3,NI,NI,identity,1.000000,0,
OBS_001000,HT 26,b.2_stmt,0,RO,RO,identity,1.000000,0,
OBS_001000,HT 26,b.2_stmt,1,NI,NI,identity,1.000000,0,
OBS_001001,HT 26,b.3_log,0,KI,KI,identity,1.000000,0,
OBS_001001,HT 26,b.3_log,1,ME,ME,identity,1.000000,0,
OBS_001002,HT 26A,word_1,0,A312,A312,identity,1.000000,0,
OBS_001002,HT 26A,word_1,1,AB04,AB04,identity,1.000000,0,
OBS_001002,HT 26A,word_1,2,AB04,AB04,identity,1.000000,0,
OBS_001003,HT 26A,word_2,0,AB59,AB59,identity,1.000000,0,
OBS_001003,HT 26A,word_2,1,AB37,AB37,identity,1.000000,0,
OBS_001004,HT 26A,word_3,0,AB73,AB73,identity,1.000000,0,
OBS_001004,HT 26A,word_3,1,AB67,AB67,exact,1.000000,0,Canonical sign form
OBS_001004,HT 26A,word_3,2,AB09,AB09,identity,1.000000,0,
OBS_001004,HT 26A,word_3,3,AB06,AB06,identity,1.000000,0,
OBS_001005,HT 26A,word_4,0,AB10,AB10,identity,1.000000,0,
OBS_001005,HT 26A,word_4,1,AB55,AB55,identity,1.000000,0,
OBS_001005,HT 26A,word_4,2,AB21F,AB21F,identity,1.000000,0,
OBS_001006,HT 26B,word_2,0,AB03,AB03,identity,1.000000,0,
OBS_001006,HT 26B,word_2,1,AB02,AB02,identity,1.000000,0,
OBS_001006,HT 26B,word_2,2,AB30,AB30,identity,1.000000,0,
OBS_001007,HT 26B,word_3,0,AB77,AB77,identity,1.000000,0,
OBS_001007,HT 26B,word_3,1,AB10,AB10,identity,1.000000,0,
OBS_001007,HT 26B,word_3,2,AB79,AB79,identity,1.000000,0,
OBS_001007,HT 26B,word_3,3,AB30,AB30,identity,1.000000,0,
OBS_001008,HT 26B,word_4,0,AB28,AB28,identity,1.000000,0,
OBS_001008,HT 26B,word_4,1,A308,A308,identity,1.000000,0,
OBS_001009,HT 26B,word_5,0,AB188,AB188,identity,1.000000,0,
OBS_001009,HT 26B,word_5,1,AB86,AB86,identity,1.000000,0,
OBS_001010,HT 27,a.1_log,0,VIR,VIR,identity,1.000000,0,
OBS_001011,HT 27,a.1_stmt,0,TI,TI,identity,1.000000,0,
OBS_001011,HT 27,a.1_stmt,1,NI,NI,identity,1.000000,0,
OBS_001011,HT 27,a.1_stmt,2,TA,TA,identity,1.000000,0,
OBS_001012,HT 27,a.3_stmt,0,]I,]I,identity,1.000000,0,
OBS_001012,HT 27,a.3_stmt,1,MI,MI,identity,1.000000,0,
OBS_001012,HT 27,a.3_stmt,2,SA,SA,identity,1.000000,0,
OBS_001012,HT 27,a.3_stmt,3,RA,RA,suppressed_in_strict,0.350000,1,
OBS_001013,HT 27,a.4_stmt,0,KI,KI,identity,1.000000,0,
OBS_001013,HT 27,a.4_stmt,1,DA,DA,identity,1.000000,0,
OBS_001014,HT 27,a.5_stmt,0,]SA,]SA,identity,1.000000,0,
OBS_001014,HT 27,a.5_stmt,1,RA,RA,suppressed_in_strict,0.350000,1,
OBS_001014,HT 27,a.5_stmt,2,DI,DI,identity,1.000000,0,
OBS_001015,HT 27,a.6_log,0,VIR,VIR,identity,1.000000,0,
OBS_001016,HT 27,a.7_stmt,0,KU,KU,identity,1.000000,0,
OBS_001016,HT 27,a.7_stmt,1,RO,RO,identity,1.000000,0,
OBS_001017,HT 27,a.8_log,0,FIC,FIC,identity,1.000000,0,
OBS_001018,HT 27,a.8_log,0,VINA,VINA,identity,1.000000,0,
OBS_001019,HT 27,b.1_log,0,VINA,VINA,identity,1.000000,0,
OBS_001019,HT 27,b.1_log,1,WA,WA,identity,1.000000,0,
OBS_001019,HT 27,b.1_log,2,SA,SA,identity,1.000000,0,
OBS_001020,HT 27,b.1_stmt,0,]MI,]MI,identity,1.000000,0,
OBS_001020,HT 27,b.1_stmt,1,DA,DA,identity,1.000000,0,
OBS_001021,HT 27,b.6_log,0,VINA,VINA,identity,1.000000,0,
OBS_001021,HT 27,b.6_log,1,GRA,GRA,identity,1.000000,0,
OBS_001021,HT 27,b.6_log,2,SA,SA,identity,1.000000,0,
OBS_001022,HT 27A,word_1,0,AB37,AB37,identity,1.000000,0,
OBS_001022,HT 27A,word_1,1,AB30,AB30,identity,1.000000,0,
OBS_001022,HT 27A,word_1,2,AB59,AB59,identity,1.000000,0,
OBS_001023,HT 27A,word_2,0,AB28,AB28,identity,1.000000,0,
OBS_001023,HT 27A,word_2,1,AB73,AB73,identity,1.000000,0,
OBS_001023,HT 27A,word_2,2,AB31,AB31,identity,1.000000,0,
OBS_001023,HT 27A,word_2,3,AB60,AB60,identity,1.000000,0,
OBS_001024,HT 27A,word_3,0,AB78,AB78,identity,1.000000,0,
OBS_001025,HT 27A,word_4,0,AB67,AB67,exact,1.000000,0,Canonical sign form
OBS_001025,HT 27A,word_4,1,AB01,AB01,identity,1.000000,0,
OBS_001026,HT 27A,word_5,0,AB67,AB67,exact,1.000000,0,Canonical sign form
OBS_001026,HT 27A,word_5,1,A310,A310,identity,1.000000,0,
OBS_001027,HT 27A,word_6,0,AB81,AB81,identity,1.000000,0,
OBS_001027,HT 27A,word_6,1,A305,A305,identity,1.000000,0,
OBS_001028,HT 27A,word_7,0,AB31,AB31,identity,1.000000,0,
OBS_001028,HT 27A,word_7,1,AB60,AB60,identity,1.000000,0,
OBS_001028,HT 27A,word_7,2,AB07,AB07,identity,1.000000,0,
OBS_001029,HT 27A,word_8,0,AB81,AB81,identity,1.000000,0,
OBS_001029,HT 27A,word_8,1,AB02,AB02,identity,1.000000,0,
OBS_001030,HT 27B,word_1,0,AB73,AB73,identity,1.000000,0,
OBS_001030,HT 27B,word_1,1,AB01,AB01,identity,1.000000,0,
OBS_001031,HT 27B,word_2,0,[?],[?],identity,1.000000,0,
OBS_001031,HT 27B,word_2,1,[?],[?],identity,1.000000,0,
OBS_001032,HT 27B,word_3,0,AB03,AB03,identity,1.000000,0,
OBS_001032,HT 27B,word_3,1,AB09,AB09,identity,1.000000,0,
OBS_001033,HT 28,a.1-2_log,0,GRA,GRA,identity,1.000000,0,
OBS_001033,HT 28,a.1-2_log,1,QE,QE,identity,1.000000,0,
OBS_001034,HT 28,a.1-2_stmt,0,JA,JA,identity,1.000000,0,
OBS_001034,HT 28,a.1-2_stmt,1,QIF,QIF,identity,1.000000,0,
OBS_001035,HT 28,a.1_stmt,0,A,A,identity,1.000000,0,
OBS_001035,HT 28,a.1_stmt,1,SI,SI,identity,1.000000,0,
OBS_001035,HT 28,a.1_stmt,2,JA,JA,identity,1.000000,0,
OBS_001035,HT 28,a.1_stmt,3,KA,KA,identity,1.000000,0,
OBS_001036,HT 28,a.2-3_log,0,OLE,OLE,identity,1.000000,0,
OBS_001036,HT 28,a.2-3_log,1,TU,TU,identity,1.000000,0,
OBS_001037,HT 28,a.2_log,0,OLE,OLE,identity,1.000000,0,
OBS_001037,HT 28,a.2_log,1,KI,KI,identity,1.000000,0,
OBS_001038,HT 28,a.2_log,0,OLE,OLE,identity,1.000000,0,
OBS_001038,HT 28,a.2_log,1,MI,MI,identity,1.000000,0,
OBS_001039,HT 28,a.2_log,0,OLE,OLE,identity,1.000000,0,
OBS_001039,HT 28,a.2_log,1,U,U,identity,1.000000,0,
OBS_001040,HT 28,a.3_log,0,FIC,FIC,identity,1.000000,0,
OBS_001041,HT 28,a.3_log,0,OLE,OLE,identity,1.000000,0,
OBS_001041,HT 28,a.3_log,1,DI,DI,identity,1.000000,0,
OBS_001042,HT 28,a.3_stmt,0,SA,SA,identity,1.000000,0,
OBS_001042,HT 28,a.3_stmt,1,RA2,RA2,exact,1.000000,0,Canonical sign form
OBS_001043,HT 28,a.4_log,0,VINA,VINA,identity,1.000000,0,
OBS_001044,HT 28,a.4_log,0,VIR,VIR,identity,1.000000,0,
OBS_001044,HT 28,a.4_log,1,KA,KA,identity,1.000000,0,
OBS_001044,HT 28,a.4_log,2,VINA,VINA,identity,1.000000,0,
OBS_001045,HT 28,a.5_log,0,GRA,GRA,identity,1.000000,0,
OBS_001046,HT 28,a.5_stmt,0,A,A,identity,1.000000,0,
OBS_001046,HT 28,a.5_stmt,1,RU,RU,identity,1.000000,0,
OBS_001046,HT 28,a.5_stmt,2,DA,DA,identity,1.000000,0,
OBS_001046,HT 28,a.5_stmt,3,RA,RA,suppressed_in_strict,0.350000,1,
OBS_001047,HT 28,a.6_log,0,OLE,OLE,identity,1.000000,0,
OBS_001047,HT 28,a.6_log,1,DI,DI,identity,1.000000,0,
OBS_001048,HT 28,a.6_stmt,0,I,I,identity,1.000000,0,
OBS_001048,HT 28,a.6_stmt,1,TA,TA,identity,1.000000,0,
OBS_001048,HT 28,a.6_stmt,2,JA,JA,identity,1.000000,0,
OBS_001049,HT 28,b.1-2_stmt,0,A,A,identity,1.000000,0,
OBS_001049,HT 28,b.1-2_stmt,1,SI,SI,identity,1.000000,0,
OBS_001049,HT 28,b.1-2_stmt,2,JA,JA,identity,1.000000,0,
OBS_001049,HT 28,b.1-2_stmt,3,KA,KA,identity,1.000000,0,
OBS_001049,HT 28,b.1-2_stmt,4,U,U,identity,1.000000,0,
OBS_001049,HT 28,b.1-2_stmt,5,MI,MI,identity,1.000000,0,
OBS_001049,HT 28,b.1-2_stmt,6,NA,NA,identity,1.000000,0,
OBS_001049,HT 28,b.1-2_stmt,7,SI,SI,identity,1.000000,0,
OBS_001050,HT 28,b.2-3_log,0,OLE,OLE,identity,1.000000,0,
OBS_001050,HT 28,b.2-3_log,1,DI,DI,identity,1.000000,0,
OBS_001051,HT 28,b.2_log,0,GRA,GRA,identity,1.000000,0,
OBS_001052,HT 28,b.2_stmt,0,SA,SA,identity,1.000000,0,
OBS_001052,HT 28,b.2_stmt,1,RA2,RA2,exact,1.000000,0,Canonical sign form
OBS_001053,HT 28,b.3-4_log,0,FIC,FIC,identity,1.000000,0,
OBS_001054,HT 28,b.3-4_stmt,0,PU,PU,identity,1.000000,0,
OBS_001054,HT 28,b.3-4_stmt,1,RA2,RA2,exact,1.000000,0,Canonical sign form
OBS_001055,HT 28,b.3_log,0,FIC,FIC,identity,1.000000,0,
OBS_001056,HT 28,b.3_log,0,VINA,VINA,identity,1.000000,0,
OBS_001057,HT 28,b.4_log,0,VINA,VINA,identity,1.000000,0,
OBS_001058,HT 28,b.4_stmt,0,JA,JA,identity,1.000000,0,
OBS_001058,HT 28,b.4_stmt,1,QIF,QIF,identity,1.000000,0,
OBS_001059,HT 28,b.5_log,0,OLE,OLE,identity,1.000000,0,
OBS_001059,HT 28,b.5_log,1,DI,DI,identity,1.000000,0,
OBS_001060,HT 28,b.5_log,0,VINA,VINA,identity,1.000000,0,
OBS_001061,HT 28,b.5_stmt,0,WI,WI,identity,1.000000,0,
OBS_001061,HT 28,b.5_stmt,1,DI,DI,identity,1.000000,0,
OBS_001061,HT 28,b.5_stmt,2,NA,NA,identity,1.000000,0,
OBS_001062,HT 28A,word_1,0,AB08,AB08,identity,1.000000,0,
OBS_001062,HT 28A,word_1,1,AB41,AB41,identity,1.000000,0,
OBS_001062,HT 28A,word_1,2,AB57,AB57,identity,1.000000,0,
OBS_001062,HT 28A,word_1,3,AB77,AB77,identity,1.000000,0,
OBS_001063,HT 28A,word_2,0,AB57,AB57,identity,1.000000,0,
OBS_001063,HT 28A,word_2,1,AB21F,AB21F,identity,1.000000,0,
OBS_001064,HT 28A,word_3,0,AB31,AB31,identity,1.000000,0,
OBS_001064,HT 28A,word_3,1,AB72,AB72,identity,1.000000,0,
OBS_001065,HT 28A,word_4,0,AB08,AB08,identity,1.000000,0,
OBS_001065,HT 28A,word_4,1,AB26,AB26,identity,1.000000,0,
OBS_001065,HT 28A,word_4,2,AB01,AB01,identity,1.000000,0,
OBS_001065,HT 28A,word_4,3,AB60,AB60,identity,1.000000,0,
OBS_001066,HT 28A,word_5,0,AB28,AB28,identity,1.000000,0,
OBS_001066,HT 28A,word_5,1,AB59,AB59,identity,1.000000,0,
OBS_001066,HT 28A,word_5,2,AB57,AB57,identity,1.000000,0,
OBS_001067,HT 28B,word_1,0,AB08,AB08,identity,1.000000,0,
OBS_001067,HT 28B,word_1,1,AB41,AB41,identity,1.000000,0,
OBS_001067,HT 28B,word_1,2,AB57,AB57,identity,1.000000,0,
OBS_001067,HT 28B,word_1,3,AB77,AB77,identity,1.000000,0,
OBS_001068,HT 28B,word_2,0,AB10,AB10,identity,1.000000,0,
OBS_001068,HT 28B,word_2,1,AB73,AB73,identity,1.000000,0,
OBS_001068,HT 28B,word_2,2,AB06,AB06,identity,1.000000,0,
OBS_001068,HT 28B,word_2,3,AB41,AB41,identity,1.000000,0,
OBS_001069,HT 28B,word_3,0,AB31,AB31,identity,1.000000,0,
OBS_001069,HT 28B,word_3,1,AB76,AB76,identity,1.000000,0,
OBS_001070,HT 28B,word_4,0,AB50,AB50,identity,1.000000,0,
OBS_001070,HT 28B,word_4,1,AB76,AB76,identity,1.000000,0,
OBS_001071,HT 28B,word_5,0,AB57,AB57,identity,1.000000,0,
OBS_001071,HT 28B,word_5,1,AB21F,AB21F,identity,1.000000,0,
OBS_001072,HT 28B,word_6,0,AB40,AB40,identity,1.000000,0,
OBS_001072,HT 28B,word_6,1,AB07,AB07,identity,1.000000,0,
OBS_001072,HT 28B,word_6,2,AB06,AB06,identity,1.000000,0,
OBS_001073,HT 29,.1_stmt,0,RU,RU,identity,1.000000,0,
OBS_001073,HT 29,.1_stmt,1,MA,MA,identity,1.000000,0,
OBS_001073,HT 29,.1_stmt,2,TA,TA,identity,1.000000,0,
OBS_001074,HT 29,.2_stmt,0,PA,PA,identity,1.000000,0,
OBS_001074,HT 29,.2_stmt,1,JA,JA,identity,1.000000,0,
OBS_001074,HT 29,.2_stmt,2,RE,RE,identity,1.000000,0,
OBS_001075,HT 29,.3_stmt,0,]DI,]DI,identity,1.000000,0,
OBS_001075,HT 29,.3_stmt,1,JA,JA,identity,1.000000,0,
OBS_001075,HT 29,.3_stmt,2,I,I,identity,1.000000,0,
OBS_001076,HT 29,.4_stmt,0,SA,SA,identity,1.000000,0,
OBS_001076,HT 29,.4_stmt,1,MI,MI,identity,1.000000,0,
OBS_001077,HT 29,.5_stmt,0,A,A,identity,1.000000,0,
OBS_001077,HT 29,.5_stmt,1,RE,RE,identity,1.000000,0,
OBS_001077,HT 29,.5_stmt,2,DA,DA,identity,1.000000,0,
OBS_001077,HT 29,.5_stmt,3,I,I,identity,1.000000,0,
OBS_001078,HT 29,.6_stmt,0,KA,KA,identity,1.000000,0,
OBS_001078,HT 29,.6_stmt,1,DU,DU,identity,1.000000,0,
OBS_001078,HT 29,.6_stmt,2,MA,MA,identity,1.000000,0,
OBS_001078,HT 29,.6_stmt,3,NE,NE,identity,1.000000,0,
OBS_001079,HT 29,word_1,0,AB26,AB26,identity,1.000000,0,
OBS_001079,HT 29,word_1,1,AB80,AB80,identity,1.000000,0,
OBS_001079,HT 29,word_1,2,AB59,AB59,identity,1.000000,0,
OBS_001080,HT 29,word_2,0,AB03,AB03,identity,1.000000,0,
OBS_001080,HT 29,word_2,1,AB57,AB57,identity,1.000000,0,
OBS_001080,HT 29,word_2,2,AB27,AB27,identity,1.000000,0,
OBS_001081,HT 29,word_3,0,AB07,AB07,identity,1.000000,0,
OBS_001081,HT 29,word_3,1,AB57,AB57,identity,1.000000,0,
OBS_001081,HT 29,word_3,2,AB28,AB28,identity,1.000000,0,
OBS_001082,HT 29,word_4,0,AB31,AB31,identity,1.000000,0,
OBS_001082,HT 29,word_4,1,A323,A323,identity,1.000000,0,
OBS_001082,HT 29,word_4,2,AB73,AB73,identity,1.000000,0,
OBS_001083,HT 29,word_5,0,A340,A340,identity,1.000000,0,
OBS_001083,HT 29,word_5,1,AB67,AB67,exact,1.000000,0,Canonical sign form
OBS_001083,HT 29,word_5,2,AB59,AB59,identity,1.000000,0,
OBS_001084,HT 29,word_6,0,AB08,AB08,identity,1.000000,0,
OBS_001084,HT 29,word_6,1,AB27,AB27,identity,1.000000,0,
OBS_001084,HT 29,word_6,2,AB01,AB01,identity,1.000000,0,
OBS_001084,HT 29,word_6,3,AB28,AB28,identity,1.000000,0,
OBS_001085,HT 29,word_7,0,AB77,AB77,identity,1.000000,0,
OBS_001085,HT 29,word_7,1,AB51,AB51,identity,1.000000,0,
OBS_001085,HT 29,word_7,2,AB80,AB80,identity,1.000000,0,
OBS_001085,HT 29,word_7,3,AB24,AB24,identity,1.000000,0,
OBS_001086,HT 3,.1_stmt,0,MA,MA,identity,1.000000,0,
OBS_001086,HT 3,.1_stmt,1,DI,DI,identity,1.000000,0,
OBS_001087,HT 3,.2_stmt,0,QE,QE,identity,1.000000,0,
OBS_001087,HT 3,.2_stmt,1,RA2,RA2,exact,1.000000,0,Canonical sign form
OBS_001087,HT 3,.2_stmt,2,JA[,JA[,identity,1.000000,0,
OBS_001088,HT 3,.4_stmt,0,MU,MU,identity,1.000000,0,
OBS_001088,HT 3,.4_stmt,1,RU,RU,identity,1.000000,0,
OBS_001089,HT 3,.5_stmt,0,]SI,]SI,identity,1.000000,0,
OBS_001089,HT 3,.5_stmt,1,TU,TU,identity,1.000000,0,
OBS_001089,HT 3,.5_stmt,2,RA2,RA2,exact,1.000000,0,Canonical sign form
OBS_001089,HT 3,.5_stmt,3,RE,RE,identity,1.000000,0,
OBS_001090,HT 3,.6_stmt,0,]KU,]KU,identity,1.000000,0,
OBS_001090,HT 3,.6_stmt,1,PA3,PA3,identity,1.000000,0,
OBS_001090,HT 3,.6_stmt,2,NU,NU,identity,1.000000,0,
OBS_001091,HT 3,.7_stmt,0,MA,MA,identity,1.000000,0,
OBS_001091,HT 3,.7_stmt,1,DI,DI,identity,1.000000,0,
OBS_001092,HT 3,word_1,0,AB80,AB80,identity,1.000000,0,
OBS_001092,HT 3,word_1,1,AB07?,AB07?,identity,1.000000,0,
OBS_001093,HT 3,word_10,0,AB80,AB80,identity,1.000000,0,
OBS_001093,HT 3,word_10,1,AB07,AB07,identity,1.000000,0,
OBS_001094,HT 3,word_11,0,AB01,AB01,identity,1.000000,0,
OBS_001095,HT 3,word_2,0,AB07,AB07,identity,1.000000,0,
OBS_001095,HT 3,word_2,1,AB06,AB06,identity,1.000000,0,
OBS_001096,HT 3,word_3,0,AB78,AB78,identity,1.000000,0,
OBS_001096,HT 3,word_3,1,AB76,AB76,identity,1.000000,0,
OBS_001096,HT 3,word_3,2,AB57,AB57,identity,1.000000,0,
OBS_001097,HT 3,word_5,0,AB23,AB23,identity,1.000000,0,
OBS_001097,HT 3,word_5,1,AB26,AB26,identity,1.000000,0,
OBS_001098,HT 3,word_6,0,AB26,AB26,identity,1.000000,0,
OBS_001099,HT 3,word_7,0,AB41,AB41,identity,1.000000,0,
OBS_001099,HT 3,word_7,1,AB69,AB69,identity,1.000000,0,
OBS_001099,HT 3,word_7,2,AB76,AB76,identity,1.000000,0,
OBS_001099,HT 3,word_7,3,AB27,AB27,identity,1.000000,0,
OBS_001100,HT 3,word_9,0,AB81,AB81,identity,1.000000,0,
OBS_001100,HT 3,word_9,1,AB56,AB56,identity,1.000000,0,
OBS_001100,HT 3,word_9,2,AB55,AB55,identity,1.000000,0,
OBS_001101,HT 30,.1_stmt,0,SA,SA,identity,1.000000,0,
OBS_001101,HT 30,.1_stmt,1,RA2,RA2,exact,1.000000,0,Canonical sign form
OBS_001102,HT 30,.2_log,0,FIC,FIC,identity,1.000000,0,
OBS_001103,HT 30,.2_log,0,VINA,VINA,identity,1.000000,0,
OBS_001104,HT 30,.3-4_log,0,BOSM,BOSM,identity,1.000000,0,
OBS_001105,HT 30,.3_log,0,OLE,OLE,identity,1.000000,0,
OBS_001105,HT 30,.3_log,1,TA,TA,identity,1.000000,0,
OBS_001106,HT 30,.3_log,0,QA,QA,identity,1.000000,0,
OBS_001106,HT 30,.3_log,1,[?],[?],identity,1.000000,0,
OBS_001106,HT 30,.3_log,2,PU,PU,identity,1.000000,0,
OBS_001107,HT 30,.3_stmt,0,SA,SA,identity,1.000000,0,
OBS_001107,HT 30,.3_stmt,1,RA,RA,suppressed_in_strict,0.350000,1,
OBS_001107,HT 30,.3_stmt,2,RA,RA,suppressed_in_strict,0.350000,1,
OBS_001108,HT 30,.4_log,0,FIC,FIC,identity,1.000000,0,
OBS_001109,HT 30,.4_stmt,0,KI,KI,identity,1.000000,0,
OBS_001109,HT 30,.4_stmt,1,RO,RO,identity,1.000000,0,
OBS_001110,HT 30,.5_log,0,BOSM,BOSM,identity,1.000000,0,
OBS_001111,HT 30,.5_log,0,OLE,OLE,identity,1.000000,0,
OBS_001111,HT 30,.5_log,1,TA,TA,identity,1.000000,0,
OBS_001112,HT 30,.5_log,0,VINA,VINA,identity,1.000000,0,
OBS_001113,HT 30,word_1,0,AB31,AB31,identity,1.000000,0,
OBS_001113,HT 30,word_1,1,AB76,AB76,identity,1.000000,0,
OBS_001114,HT 30,word_2,0,AB31,AB31,identity,1.000000,0,
OBS_001114,HT 30,word_2,1,AB60,AB60,identity,1.000000,0,
OBS_001114,HT 30,word_2,2,AB60,AB60,identity,1.000000,0,
OBS_001115,HT 30,word_3,0,AB67,AB67,exact,1.000000,0,Canonical sign form
OBS_001115,HT 30,word_3,1,AB02,AB02,identity,1.000000,0,
OBS_001116,HT 31,.1_log,0,*410VAS,*410VAS,identity,1.000000,0,
OBS_001117,HT 31,.1_stmt,0,TI,TI,identity,1.000000,0,
OBS_001117,HT 31,.1_stmt,1,SA,SA,identity,1.000000,0,
OBS_001117,HT 31,.1_stmt,2,PU,PU,identity,1.000000,0,
OBS_001117,HT 31,.1_stmt,3,KO,KO,identity,1.000000,0,
OBS_001118,HT 31,.2_log,0,*402VAS,*402VAS,identity,1.000000,0,
OBS_001118,HT 31,.2_log,1,QA,QA,identity,1.000000,0,
OBS_001118,HT 31,.2_log,2,PA3,PA3,identity,1.000000,0,
OBS_001119,HT 31,.2_log,0,*415VAS,*415VAS,identity,1.000000,0,
OBS_001119,HT 31,.2_log,1,SU,SU,identity,1.000000,0,
OBS_001119,HT 31,.2_log,2,PU,PU,identity,1.000000,0,
OBS_001120,HT 31,.3_log,0,*416VAS,*416VAS,identity,1.000000,0,
OBS_001120,HT 31,.3_log,1,KA,KA,identity,1.000000,0,
OBS_001120,HT 31,.3_log,2,RO,RO,identity,1.000000,0,
OBS_001120,HT 31,.3_log,3,PA3,PA3,identity,1.000000,0,
OBS_001121,HT 31,.3_stmt,0,SA,SA,identity,1.000000,0,
OBS_001121,HT 31,.3_stmt,1,JA,JA,identity,1.000000,0,
OBS_001121,HT 31,.3_stmt,2,MA,MA,identity,1.000000,0,
OBS_001122,HT 31,.4-5_stmt,0,KI,KI,identity,1.000000,0,
OBS_001122,HT 31,.4-5_stmt,1,DE,DE,identity,1.000000,0,
OBS_001122,HT 31,.4-5_stmt,2,MA,MA,identity,1.000000,0,
OBS_001122,HT 31,.4-5_stmt,3,NA,NA,identity,1.000000,0,
OBS_001123,HT 31,.5_log,0,*402VAS,*402VAS,identity,1.000000,0,
OBS_001123,HT 31,.5_log,1,SU,SU,identity,1.000000,0,
OBS_001123,HT 31,.5_log,2,PA3,PA3,identity,1.000000,0,
OBS_001123,HT 31,.5_log,3,RA,RA,suppressed_in_strict,0.350000,1,
OBS_001124,HT 31,.6_log,0,*402VAS,*402VAS,identity,1.000000,0,
OBS_001124,HT 31,.6_log,1,PA,PA,identity,1.000000,0,
OBS_001124,HT 31,.6_log,2,TA,TA,identity,1.000000,0,
OBS_001124,HT 31,.6_log,3,QE,QE,identity,1.000000,0,
OBS_001125,HT 31,word_1,0,[?],[?],identity,1.000000,0,
OBS_001125,HT 31,word_1,1,AB37,AB37,identity,1.000000,0,
OBS_001125,HT 31,word_1,2,AB31,AB31,identity,1.000000,0,
OBS_001126,HT 31,word_2,0,AB50,AB50,identity,1.000000,0,
OBS_001126,HT 31,word_2,1,AB70,AB70,identity,1.000000,0,
OBS_001127,HT 31,word_3,0,AB16,AB16,identity,1.000000,0,
OBS_001127,HT 31,word_3,1,AB56,AB56,identity,1.000000,0,
OBS_001128,HT 31,word_4,0,AB58,AB58,identity,1.000000,0,
OBS_001128,HT 31,word_4,1,AB50,AB50,identity,1.000000,0,
OBS_001129,HT 31,word_5,0,AB77,AB77,identity,1.000000,0,
OBS_001129,HT 31,word_5,1,AB02,AB02,identity,1.000000,0,
OBS_001129,HT 31,word_5,2,AB56,AB56,identity,1.000000,0,
OBS_001130,HT 31,word_6,0,AB31,AB31,identity,1.000000,0,
OBS_001130,HT 31,word_6,1,AB57,AB57,identity,1.000000,0,
OBS_001130,HT 31,word_6,2,AB80,AB80,identity,1.000000,0,
OBS_001131,HT 31,word_7,0,AB67,AB67,exact,1.000000,0,Canonical sign form
OBS_001131,HT 31,word_7,1,AB45,AB45,identity,1.000000,0,
OBS_001131,HT 31,word_7,2,AB80,AB80,identity,1.000000,0,
OBS_001131,HT 31,word_7,3,A323,A323,identity,1.000000,0,
OBS_001131,HT 31,word_7,4,AB06,AB06,identity,1.000000,0,
OBS_001132,HT 31,word_8,0,AB58,AB58,identity,1.000000,0,
OBS_001132,HT 31,word_8,1,AB56,AB56,identity,1.000000,0,
OBS_001132,HT 31,word_8,2,AB60,AB60,identity,1.000000,0,
OBS_001133,HT 31,word_9,0,AB03,AB03,identity,1.000000,0,
OBS_001133,HT 31,word_9,1,AB59,AB59,identity,1.000000,0,
OBS_001133,HT 31,word_9,2,AB78,AB78,identity,1.000000,0,
OBS_001134,HT 32,.1_log,0,OLE,OLE,identity,1.000000,0,
OBS_001134,HT 32,.1_log,1,NE,NE,identity,1.000000,0,
OBS_001135,HT 32,.1_log,0,QA,QA,identity,1.000000,0,
OBS_001135,HT 32,.1_log,1,[?],[?],identity,1.000000,0,
OBS_001135,HT 32,.1_log,2,PU,PU,identity,1.000000,0,
OBS_001136,HT 32,.1_stmt,0,SA,SA,identity,1.000000,0,
OBS_001136,HT 32,.1_stmt,1,RA2,RA2,exact,1.000000,0,Canonical sign form
OBS_001137,HT 32,.2_log,0,MI,MI,identity,1.000000,0,
OBS_001137,HT 32,.2_log,1,JA,JA,identity,1.000000,0,
OBS_001137,HT 32,.2_log,2,RU,RU,identity,1.000000,0,
OBS_001138,HT 32,.2_log,0,QA,QA,identity,1.000000,0,
OBS_001138,HT 32,.2_log,1,[?],[?],identity,1.000000,0,
OBS_001138,HT 32,.2_log,2,RE,RE,identity,1.000000,0,
OBS_001139,HT 32,.3_stmt,0,SU,SU,identity,1.000000,0,
OBS_001139,HT 32,.3_stmt,1,RE,RE,identity,1.000000,0,
OBS_001140,HT 32,.4_log,0,OLE,OLE,identity,1.000000,0,
OBS_001140,HT 32,.4_log,1,NE[,NE[,identity,1.000000,0,
OBS_001141,HT 32,word_1,0,AB31,AB31,identity,1.000000,0,
OBS_001141,HT 32,word_1,1,AB76,AB76,identity,1.000000,0,
OBS_001142,HT 32,word_2,0,AB58,AB58,identity,1.000000,0,
OBS_001142,HT 32,word_2,1,AB27,AB27,identity,1.000000,0,
OBS_001143,HT 33,.1_stmt,0,SA,SA,identity,1.000000,0,
OBS_001143,HT 33,.1_stmt,1,RA2,RA2,exact,1.000000,0,Canonical sign form
OBS_001144,HT 33,.1_stmt,0,]VEST,]VEST,identity,1.000000,0,
OBS_001145,HT 33,.2_log,0,QA,QA,identity,1.000000,0,
OBS_001145,HT 33,.2_log,1,[?],[?],identity,1.000000,0,
OBS_001145,HT 33,.2_log,2,RE,RE,identity,1.000000,0,
OBS_001146,HT 33,.2_log,0,QA,QA,identity,1.000000,0,
OBS_001146,HT 33,.2_log,1,[?],[?],identity,1.000000,0,
OBS_001146,HT 33,.2_log,2,RE,RE,identity,1.000000,0,
OBS_001146,HT 33,.2_log,3,PU,PU,identity,1.000000,0,
OBS_001147,HT 33,.3_log,0,E,E,identity,1.000000,0,
OBS_001147,HT 33,.3_log,1,KA,KA,identity,1.000000,0,
OBS_001148,HT 33,.3_log,0,MI,MI,identity,1.000000,0,
OBS_001148,HT 33,.3_log,1,JA,JA,identity,1.000000,0,
OBS_001148,HT 33,.3_log,2,KA,KA,identity,1.000000,0,
OBS_001149,HT 33,.4_log,0,PA3,PA3,identity,1.000000,0,
OBS_001149,HT 33,.4_log,1,QE,QE,identity,1.000000,0,
OBS_001150,HT 33,word_2,0,AB31,AB31,identity,1.000000,0,
OBS_001150,HT 33,word_2,1,AB76,AB76,identity,1.000000,0,
OBS_001151,HT 34,.1-2_log,0,MI,MI,identity,1.000000,0,
OBS_001151,HT 34,.1-2_log,1,JA,JA,identity,1.000000,0,
OBS_001151,HT 34,.1-2_log,2,KA,KA,identity,1.000000,0,
OBS_001152,HT 34,.1-2_stmt,0,SA,SA,identity,1.000000,0,
OBS_001152,HT 34,.1-2_stmt,1,RA2,RA2,exact,1.000000,0,Canonical sign form
OBS_001153,HT 34,.1_log,0,SI[,SI[,identity,1.000000,0,
OBS_001153,HT 34,.1_log,1,]I,]I,identity,1.000000,0,
OBS_001153,HT 34,.1_log,2,[?],[?],identity,1.000000,0,
OBS_001154,HT 34,.1_stmt,0,DA,DA,identity,1.000000,0,
OBS_001154,HT 34,.1_stmt,1,JU,JU,identity,1.000000,0,
OBS_001154,HT 34,.1_stmt,2,TE,TE,identity,1.000000,0,
OBS_001155,HT 34,.3_log,0,E,E,identity,1.000000,0,
OBS_001155,HT 34,.3_log,1,GRA,GRA,identity,1.000000,0,
OBS_001156,HT 34,.4_log,0,QA,QA,identity,1.000000,0,
OBS_001156,HT 34,.4_log,1,[?],[?],identity,1.000000,0,
OBS_001156,HT 34,.4_log,2,PU,PU,identity,1.000000,0,
OBS_001157,HT 34,.4_log,0,QA,QA,identity,1.000000,0,
OBS_001157,HT 34,.4_log,1,[?],[?],identity,1.000000,0,
OBS_001157,HT 34,.4_log,2,RE,RE,identity,1.000000,0,
OBS_001158,HT 34,.5_log,0,MI,MI,identity,1.000000,0,
OBS_001158,HT 34,.5_log,1,JA,JA,identity,1.000000,0,
OBS_001158,HT 34,.5_log,2,RU,RU,identity,1.000000,0,
OBS_001159,HT 34,.6_log,0,PA3,PA3,identity,1.000000,0,
OBS_001160,HT 34,.6_log,0,SA,SA,identity,1.000000,0,
OBS_001160,HT 34,.6_log,1,MU,MU,identity,1.000000,0,
OBS_001160,HT 34,.6_log,2,KU,KU,identity,1.000000,0,
OBS_001161,HT 34,.6_stmt,0,KI,KI,identity,1.000000,0,
OBS_001161,HT 34,.6_stmt,1,RO,RO,identity,1.000000,0,
OBS_001162,HT 34,.7_log,0,E,E,identity,1.000000,0,
OBS_001162,HT 34,.7_log,1,KA,KA,identity,1.000000,0,
OBS_001163,HT 34,word_1,0,AB01,AB01,identity,1.000000,0,
OBS_001163,HT 34,word_1,1,AB65,AB65,identity,1.000000,0,
OBS_001163,HT 34,word_1,2,AB04,AB04,identity,1.000000,0,
OBS_001164,HT 34,word_2,0,AB41,AB41,identity,1.000000,0,
OBS_001164,HT 34,word_2,1,A516,A516,identity,1.000000,0,
OBS_001165,HT 34,word_3,0,AB31,AB31,identity,1.000000,0,
OBS_001165,HT 34,word_3,1,AB76,AB76,identity,1.000000,0,
OBS_001166,HT 34,word_4,0,AB67,AB67,exact,1.000000,0,Canonical sign form
OBS_001166,HT 34,word_4,1,AB02,AB02,identity,1.000000,0,
OBS_001167,HT 35,.1-2_stmt,0,I,I,identity,1.000000,0,
OBS_001167,HT 35,.1-2_stmt,1,KU,KU,identity,1.000000,0,
OBS_001167,HT 35,.1-2_stmt,2,TA,TA,identity,1.000000,0,
OBS_001168,HT 35,.1_stmt,0,TI,TI,identity,1.000000,0,
OBS_001168,HT 35,.1_stmt,1,TI,TI,identity,1.000000,0,
OBS_001168,HT 35,.1_stmt,2,KU,KU,identity,1.000000,0,
OBS_001169,HT 35,.2_log,0,MI,MI,identity,1.000000,0,
OBS_001169,HT 35,.2_log,1,JA,JA,identity,1.000000,0,
OBS_001169,HT 35,.2_log,2,RU,RU,identity,1.000000,0,
OBS_001170,HT 35,.2_log,0,OLE,OLE,identity,1.000000,0,
OBS_001170,HT 35,.2_log,1,RI,RI,identity,1.000000,0,
OBS_001171,HT 35,.3_log,0,OLE,OLE,identity,1.000000,0,
OBS_001171,HT 35,.3_log,1,TA,TA,identity,1.000000,0,
OBS_001172,HT 35,.3_log,0,QA,QA,identity,1.000000,0,
OBS_001172,HT 35,.3_log,1,[?],[?],identity,1.000000,0,
OBS_001172,HT 35,.3_log,2,PU,PU,identity,1.000000,0,
OBS_001173,HT 35,.4_log,0,VINA,VINA,identity,1.000000,0,
OBS_001174,HT 35,word_1,0,AB37,AB37,identity,1.000000,0,
OBS_001174,HT 35,word_1,1,AB37,AB37,identity,1.000000,0,
OBS_001174,HT 35,word_1,2,AB81,AB81,identity,1.000000,0,
OBS_001175,HT 35,word_2,0,AB28,AB28,identity,1.000000,0,
OBS_001175,HT 35,word_2,1,AB81,AB81,identity,1.000000,0,
OBS_001175,HT 35,word_2,2,AB59,AB59,identity,1.000000,0,
OBS_001176,HT 36,.1-2_stmt,0,JE,JE,identity,1.000000,0,
OBS_001176,HT 36,.1-2_stmt,1,DI,DI,identity,1.000000,0,
OBS_001177,HT 36,.2-3_stmt,0,DU,DU,identity,1.000000,0,
OBS_001177,HT 36,.2-3_stmt,1,ZU,ZU,identity,1.000000,0,
OBS_001177,HT 36,.2-3_stmt,2,WA,WA,identity,1.000000,0,
OBS_001178,HT 36,word_1,0,AB46,AB46,identity,1.000000,0,
OBS_001178,HT 36,word_1,1,AB07,AB07,identity,1.000000,0,
OBS_001179,HT 36,word_2,0,AB51,AB51,identity,1.000000,0,
OBS_001179,HT 36,word_2,1,AB79,AB79,identity,1.000000,0,
OBS_001179,HT 36,word_2,2,AB54,AB54,identity,1.000000,0,
OBS_001180,HT 37,.1_log,0,MI,MI,identity,1.000000,0,
OBS_001180,HT 37,.1_log,1,JA,JA,identity,1.000000,0,
OBS_001180,HT 37,.1_log,2,I,I,identity,1.000000,0,
OBS_001181,HT 37,.1_stmt,0,KA,KA,identity,1.000000,0,
OBS_001181,HT 37,.1_stmt,1,KI,KI,identity,1.000000,0,
OBS_001182,HT 37,.2_stmt,0,]RE,]RE,identity,1.000000,0,
OBS_001182,HT 37,.2_stmt,1,SU[,SU[,identity,1.000000,0,
OBS_001183,HT 37,.4_stmt,0,KI,KI,identity,1.000000,0,
OBS_001183,HT 37,.4_stmt,1,RE,RE,identity,1.000000,0,
OBS_001184,HT 37,.5_stmt,0,KA,KA,identity,1.000000,0,
OBS_001184,HT 37,.5_stmt,1,KI,KI,identity,1.000000,0,
OBS_001185,HT 37,.5_stmt,0,KI,KI,identity,1.000000,0,
OBS_001185,HT 37,.5_stmt,1,RO,RO,identity,1.000000,0,
OBS_001186,HT 37,word_1,0,AB77,AB77,identity,1.000000,0,
OBS_001186,HT 37,word_1,1,AB67,AB67,exact,1.000000,0,Canonical sign form
OBS_001187,HT 37,word_2,0,AB27,AB27,identity,1.000000,0,
OBS_001187,HT 37,word_2,1,AB58,AB58,identity,1.000000,0,
OBS_001187,HT 37,word_2,2,[?],[?],identity,1.000000,0,
OBS_001188,HT 37,word_4,0,AB67,AB67,exact,1.000000,0,Canonical sign form
OBS_001188,HT 37,word_4,1,A310,A310,identity,1.000000,0,
OBS_001188,HT 37,word_4,2,AB27,AB27,identity,1.000000,0,
OBS_001189,HT 37,word_5,0,AB67,AB67,exact,1.000000,0,Canonical sign form
OBS_001189,HT 37,word_5,1,AB02,AB02,identity,1.000000,0,
OBS_001190,HT 37,word_6,0,AB77,AB77,identity,1.000000,0,
OBS_001190,HT 37,word_6,1,AB67,AB67,exact,1.000000,0,Canonical sign form
OBS_001191,HT 37,word_7,0,AB08,AB08,identity,1.000000,0,
OBS_001191,HT 37,word_7,1,AB06?,AB06?,identity,1.000000,0,
OBS_001192,HT 37,word_8,0,[?],[?],identity,1.000000,0,
OBS_001192,HT 37,word_8,1,AB78,AB78,identity,1.000000,0,
OBS_001193,HT 38,.2-3_log,0,KA,KA,identity,1.000000,0,
OBS_001193,HT 38,.2-3_log,1,A,A,identity,1.000000,0,
OBS_001194,HT 38,.2_log,0,*403VAS,*403VAS,identity,1.000000,0,
OBS_001195,HT 38,.2_log,0,OVIS,OVIS,identity,1.000000,0,
OBS_001196,HT 38,.2_log,0,SUS,SUS,identity,1.000000,0,
OBS_001197,HT 38,.2_stmt,0,DA,DA,identity,1.000000,0,
OBS_001197,HT 38,.2_stmt,1,RO,RO,identity,1.000000,0,
OBS_001197,HT 38,.2_stmt,2,PA,PA,identity,1.000000,0,
OBS_001198,HT 38,.3_log,0,TELA,TELA,identity,1.000000,0,
OBS_001198,HT 38,.3_log,1,KU,KU,identity,1.000000,0,
OBS_001199,HT 38,word_1,0,AB01,AB01,identity,1.000000,0,
OBS_001199,HT 38,word_1,1,AB02,AB02,identity,1.000000,0,
OBS_001199,HT 38,word_1,2,AB03,AB03,identity,1.000000,0,
OBS_001200,HT 39,.1_stmt,0,TA,TA,identity,1.000000,0,
OBS_001200,HT 39,.1_stmt,1,I,I,identity,1.000000,0,
OBS_001201,HT 39,.2_stmt,0,]KU,]KU,identity,1.000000,0,
OBS_001201,HT 39,.2_stmt,1,RE,RE,identity,1.000000,0,
OBS_001201,HT 39,.2_stmt,2,JU,JU,identity,1.000000,0,
OBS_001202,HT 39,.3_stmt,0,KU,KU,identity,1.000000,0,
OBS_001202,HT 39,.3_stmt,1,RE,RE,identity,1.000000,0,
OBS_001203,HT 39,.3_stmt,0,]SA,]SA,identity,1.000000,0,
OBS_001203,HT 39,.3_stmt,1,MA,MA,identity,1.000000,0,
OBS_001203,HT 39,.3_stmt,2,TI,TI,identity,1.000000,0,
OBS_001204,HT 39,.5_log,0,*407VAS,*407VAS,identity,1.000000,0,
OBS_001204,HT 39,.5_log,1,A,A,identity,1.000000,0,
OBS_001205,HT 39,.5_stmt,0,]KU,]KU,identity,1.000000,0,
OBS_001205,HT 39,.5_stmt,1,RO,RO,identity,1.000000,0,
OBS_001206,HT 39,word_1,0,AB59,AB59,identity,1.000000,0,
OBS_001206,HT 39,word_1,1,AB28,AB28,identity,1.000000,0,
OBS_001206,HT 39,word_1,2,AB123,AB123,identity,1.000000,0,
OBS_001207,HT 39,word_2,0,AB81,AB81,identity,1.000000,0,
OBS_001207,HT 39,word_2,1,AB27,AB27,identity,1.000000,0,
OBS_001207,HT 39,word_2,2,AB65,AB65,identity,1.000000,0,
OBS_001208,HT 39,word_3,0,AB81,AB81,identity,1.000000,0,
OBS_001209,HT 39,word_4,0,AB31,AB31,identity,1.000000,0,
OBS_001209,HT 39,word_4,1,AB80,AB80,identity,1.000000,0,
OBS_001209,HT 39,word_4,2,AB37,AB37,identity,1.000000,0,
OBS_001210,HT 39,word_5,0,AB81,AB81,identity,1.000000,0,
OBS_001210,HT 39,word_5,1,AB27?,AB27?,identity,1.000000,0,
OBS_001211,HT 39,word_6,0,AB81,AB81,identity,1.000000,0,
OBS_001211,HT 39,word_6,1,AB02,AB02,identity,1.000000,0,
OBS_001212,HT 4,.2_stmt,0,DU,DU,identity,1.000000,0,
OBS_001212,HT 4,.2_stmt,1,RI,RI,identity,1.000000,0,
OBS_001212,HT 4,.2_stmt,2,TE,TE,identity,1.000000,0,
OBS_001213,HT 4,.3_stmt,0,PA,PA,identity,1.000000,0,
OBS_001213,HT 4,.3_stmt,1,RE[,RE[,identity,1.000000,0,
OBS_001214,HT 4,.4_stmt,0,]TA,]TA,identity,1.000000,0,
OBS_001214,HT 4,.4_stmt,1,PI,PI,identity,1.000000,0,
OBS_001214,HT 4,.4_stmt,2,SI,SI,identity,1.000000,0,
OBS_001214,HT 4,.4_stmt,3,DI,DI,identity,1.000000,0,
OBS_001215,HT 4,word_1,0,[?],[?],identity,1.000000,0,
OBS_001215,HT 4,word_1,1,A306,A306,identity,1.000000,0,
OBS_001215,HT 4,word_1,2,AB37,AB37,identity,1.000000,0,
OBS_001215,HT 4,word_1,3,AB77,AB77,identity,1.000000,0,
OBS_001215,HT 4,word_1,4,AB08,AB08,identity,1.000000,0,
OBS_001215,HT 4,word_1,5,AB27?,AB27?,identity,1.000000,0,
OBS_001216,HT 4,word_2,0,[?],[?],identity,1.000000,0,
OBS_001216,HT 4,word_2,1,AB51,AB51,identity,1.000000,0,
OBS_001216,HT 4,word_2,2,AB53,AB53,identity,1.000000,0,
OBS_001216,HT 4,word_2,3,AB04,AB04,identity,1.000000,0,
OBS_001217,HT 4,word_3,0,AB03,AB03,identity,1.000000,0,
OBS_001217,HT 4,word_3,1,AB27,AB27,identity,1.000000,0,
OBS_001218,HT 4,word_4,0,AB59,AB59,identity,1.000000,0,
OBS_001218,HT 4,word_4,1,AB39,AB39,identity,1.000000,0,
OBS_001218,HT 4,word_4,2,AB41,AB41,identity,1.000000,0,
OBS_001218,HT 4,word_4,3,AB07,AB07,identity,1.000000,0,
OBS_001219,HT 40,.1_log,0,TE,TE,identity,1.000000,0,
OBS_001219,HT 40,.1_log,1,GRA,GRA,identity,1.000000,0,
OBS_001220,HT 40,.1_stmt,0,NU,NU,identity,1.000000,0,
OBS_001220,HT 40,.1_stmt,1,DU,DU,identity,1.000000,0,
OBS_001221,HT 40,.2_log,0,GRA[],GRA[],identity,1.000000,0,
OBS_001222,HT 40,.2_stmt,0,KI,KI,identity,1.000000,0,
OBS_001222,HT 40,.2_stmt,1,DA,DA,identity,1.000000,0,
OBS_001222,HT 40,.2_stmt,2,TA,TA,identity,1.000000,0,
OBS_001223,HT 40,.3_stmt,0,KU,KU,identity,1.000000,0,
OBS_001223,HT 40,.3_stmt,1,RO,RO,identity,1.000000,0,
OBS_001224,HT 40,word_1,0,AB55,AB55,identity,1.000000,0,
OBS_001224,HT 40,word_1,1,AB51,AB51,identity,1.000000,0,
OBS_001224,HT 40,word_1,2,A331,A331,identity,1.000000,0,
OBS_001225,HT 40,word_2,0,AB67,AB67,exact,1.000000,0,Canonical sign form
OBS_001225,HT 40,word_2,1,AB01,AB01,identity,1.000000,0,
OBS_001225,HT 40,word_2,2,AB59,AB59,identity,1.000000,0,
OBS_001226,HT 40,word_3,0,AB81,AB81,identity,1.000000,0,
OBS_001226,HT 40,word_3,1,AB02,AB02,identity,1.000000,0,
OBS_001227,HT 40,word_4,0,AB81,AB81,identity,1.000000,0,
OBS_001228,HT 41,a.2_stmt,0,]QE,]QE,identity,1.000000,0,
OBS_001228,HT 41,a.2_stmt,1,TU,TU,identity,1.000000,0,
OBS_001229,HT 41,a.4_stmt,0,MI,MI,identity,1.000000,0,
OBS_001229,HT 41,a.4_stmt,1,DA,DA,identity,1.000000,0,
OBS_001229,HT 41,a.4_stmt,2,NI,NI,identity,1.000000,0,
OBS_001229,HT 41,a.4_stmt,3,PA,PA,identity,1.000000,0,
OBS_001229,HT 41,a.4_stmt,4,JA,JA,identity,1.000000,0,
OBS_001230,HT 41A,word_1,0,AB78,AB78,identity,1.000000,0,
OBS_001230,HT 41A,word_1,1,AB69,AB69,identity,1.000000,0,
OBS_001231,HT 41A,word_2,0,AB73,AB73,identity,1.000000,0,
OBS_001231,HT 41A,word_2,1,AB01,AB01,identity,1.000000,0,
OBS_001231,HT 41A,word_2,2,AB30,AB30,identity,1.000000,0,
OBS_001232,HT 41A,word_3,0,AB03,AB03,identity,1.000000,0,
OBS_001232,HT 41A,word_3,1,AB57,AB57,identity,1.000000,0,
OBS_001233,HT 42 59,.1-2_log,0,SI,SI,identity,1.000000,0,
OBS_001233,HT 42 59,.1-2_log,1,SE,SE,identity,1.000000,0,
OBS_001233,HT 42 59,.1-2_log,2,TE,TE,identity,1.000000,0,
OBS_001234,HT 42 59,.2-3_stmt,0,SA,SA,identity,1.000000,0,
OBS_001234,HT 42 59,.2-3_stmt,1,RO,RO,identity,1.000000,0,
OBS_001235,HT 42 59,.5_stmt,0,SU,SU,identity,1.000000,0,
OBS_001235,HT 42 59,.5_stmt,1,DU[,DU[,identity,1.000000,0,
OBS_001236,HT 42 59,.6-7_stmt,0,RE,RE,identity,1.000000,0,
OBS_001236,HT 42 59,.6-7_stmt,1,TU,TU,identity,1.000000,0,
OBS_001237,HT 42 59,word_1,0,AB59,AB59,identity,1.000000,0,
OBS_001238,HT 42 59,word_2,0,AB31,AB31,identity,1.000000,0,
OBS_001238,HT 42 59,word_2,1,AB02,AB02,identity,1.000000,0,
OBS_001239,HT 42 59,word_3,0,AB81,AB81,identity,1.000000,0,
OBS_001240,HT 42 59,word_4,0,AB58,AB58,identity,1.000000,0,
OBS_001240,HT 42 59,word_4,1,AB51,AB51,identity,1.000000,0,
OBS_001241,HT 42 59,word_5,0,AB27,AB27,identity,1.000000,0,
OBS_001241,HT 42 59,word_5,1,AB69,AB69,identity,1.000000,0,
OBS_001242,HT 43,.1-2_log,0,I,I,identity,1.000000,0,
OBS_001242,HT 43,.1-2_log,1,GRA,GRA,identity,1.000000,0,
OBS_001242,HT 43,.1-2_log,2,PA,PA,identity,1.000000,0,
OBS_001243,HT 43,.1-2_stmt,0,MA,MA,identity,1.000000,0,
OBS_001243,HT 43,.1-2_stmt,1,SI,SI,identity,1.000000,0,
OBS_001243,HT 43,.1-2_stmt,2,DU,DU,identity,1.000000,0,
OBS_001243,HT 43,.1-2_stmt,3,PA,PA,identity,1.000000,0,
OBS_001243,HT 43,.1-2_stmt,4,I,I,identity,1.000000,0,
OBS_001244,HT 43,word_1,0,AB80,AB80,identity,1.000000,0,
OBS_001244,HT 43,word_1,1,AB41,AB41,identity,1.000000,0,
OBS_001244,HT 43,word_1,2,AB51,AB51,identity,1.000000,0,
OBS_001245,HT 43,word_2,0,AB03,AB03,identity,1.000000,0,
OBS_001245,HT 43,word_2,1,A342,A342,identity,1.000000,0,
OBS_001245,HT 43,word_2,2,AB28,AB28,identity,1.000000,0,
OBS_001246,HT 44,a.1_stmt,0,I,I,identity,1.000000,0,
OBS_001246,HT 44,a.1_stmt,1,QA,QA,identity,1.000000,0,
OBS_001247,HT 44,a.2_log,0,OLE,OLE,identity,1.000000,0,
OBS_001247,HT 44,a.2_log,1,U,U,identity,1.000000,0,
OBS_001248,HT 44,a.2_log,0,]OLE,]OLE,identity,1.000000,0,
OBS_001248,HT 44,a.2_log,1,KI,KI,identity,1.000000,0,
OBS_001249,HT 44,a.3_log,0,OLE,OLE,identity,1.000000,0,
OBS_001249,HT 44,a.3_log,1,RA,RA,suppressed_in_strict,0.350000,1,
OBS_001250,HT 44,a.3_log,0,OLIV,OLIV,exact,1.000000,0,Canonical sign form
OBS_001251,HT 44,a.4_log,0,VINA[,VINA[,identity,1.000000,0,
OBS_001252,HT 44,a.4_log,0,]FIC,]FIC,identity,1.000000,0,
OBS_001253,HT 44,b.1_log,0,TE,TE,identity,1.000000,0,
OBS_001253,HT 44,b.1_log,1,GRA,GRA,identity,1.000000,0,
OBS_001253,HT 44,b.1_log,2,F,F,identity,1.000000,0,
OBS_001254,HT 44,b.2_log,0,FIC[,FIC[,identity,1.000000,0,
OBS_001255,HT 44A,word_1,0,AB28,AB28,identity,1.000000,0,
OBS_001255,HT 44A,word_1,1,AB16,AB16,identity,1.000000,0,
OBS_001255,HT 44A,word_1,2,AB118,AB118,identity,1.000000,0,
OBS_001256,HT 44B,word_1,0,AB57?,AB57?,identity,1.000000,0,
OBS_001257,HT 45,b.1_log,0,QA,QA,identity,1.000000,0,
OBS_001257,HT 45,b.1_log,1,[?],[?],identity,1.000000,0,
OBS_001257,HT 45,b.1_log,2,RE,RE,identity,1.000000,0,
OBS_001257,HT 45,b.1_log,3,PU,PU,identity,1.000000,0,
OBS_001258,HT 45,b.3_log,0,QA,QA,identity,1.000000,0,
OBS_001258,HT 45,b.3_log,1,[?],[?],identity,1.000000,0,
OBS_001258,HT 45,b.3_log,2,RE,RE,identity,1.000000,0,
OBS_001258,HT 45,b.3_log,3,PU,PU,identity,1.000000,0,
OBS_001259,HT 45A,word_1,0,AB03,AB03,identity,1.000000,0,
OBS_001260,HT 45B,word_1,0,AB81,AB81,identity,1.000000,0,
OBS_001261,HT 45B,word_2,0,AB02,AB02,identity,1.000000,0,
OBS_001261,HT 45B,word_2,1,[?],[?],identity,1.000000,0,
OBS_001261,HT 45B,word_2,2,AB08,AB08,identity,1.000000,0,
OBS_001262,HT 46,a.1_stmt,0,]MU,]MU,identity,1.000000,0,
OBS_001262,HT 46,a.1_stmt,1,RU,RU,identity,1.000000,0,
OBS_001263,HT 46,a.2_stmt,0,]KU,]KU,identity,1.000000,0,
OBS_001263,HT 46,a.2_stmt,1,RO,RO,identity,1.000000,0,
OBS_001264,HT 46A,word_1,0,AB23,AB23,identity,1.000000,0,
OBS_001264,HT 46A,word_1,1,AB26,AB26,identity,1.000000,0,
OBS_001265,HT 46A,word_3,0,AB81,AB81,identity,1.000000,0,
OBS_001265,HT 46A,word_3,1,AB02,AB02,identity,1.000000,0,
OBS_001266,HT 47,a.1-2_stmt,0,KU,KU,identity,1.000000,0,
OBS_001266,HT 47,a.1-2_stmt,1,PA3,PA3,identity,1.000000,0,
OBS_001266,HT 47,a.1-2_stmt,2,NA,NA,identity,1.000000,0,
OBS_001266,HT 47,a.1-2_stmt,3,TU,TU,identity,1.000000,0,
OBS_001267,HT 47,a.1_log,0,]TU,]TU,identity,1.000000,0,
OBS_001267,HT 47,a.1_log,1,RO,RO,identity,1.000000,0,
OBS_001268,HT 47,a.4_stmt,0,KI,KI,identity,1.000000,0,
OBS_001268,HT 47,a.4_stmt,1,DA,DA,identity,1.000000,0,
OBS_001268,HT 47,a.4_stmt,2,RO,RO,identity,1.000000,0,
OBS_001269,HT 47,a.6_stmt,0,MI,MI,identity,1.000000,0,
OBS_001269,HT 47,a.6_stmt,1,NU,NU,identity,1.000000,0,
OBS_001269,HT 47,a.6_stmt,2,MI,MI,identity,1.000000,0,
OBS_001270,HT 47,b.1_stmt,0,]RA,]RA,identity,1.000000,0,
OBS_001270,HT 47,b.1_stmt,1,NA,NA,identity,1.000000,0,
OBS_001270,HT 47,b.1_stmt,2,RE[,RE[,identity,1.000000,0,
OBS_001271,HT 47,b.2-6_stmt,0,DESUNT,DESUNT,identity,1.000000,0,
OBS_001272,HT 47A,word_1,0,AB77,AB77,identity,1.000000,0,
OBS_001273,HT 47A,word_2,0,AB81,AB81,identity,1.000000,0,
OBS_001273,HT 47A,word_2,1,AB56,AB56,identity,1.000000,0,
OBS_001273,HT 47A,word_2,2,AB06,AB06,identity,1.000000,0,
OBS_001273,HT 47A,word_2,3,AB69,AB69,identity,1.000000,0,
OBS_001274,HT 47A,word_3,0,AB51,AB51,identity,1.000000,0,
OBS_001275,HT 47A,word_4,0,AB10,AB10,identity,1.000000,0,
OBS_001276,HT 47A,word_5,0,AB39,AB39,identity,1.000000,0,
OBS_001277,HT 47A,word_6,0,AB67,AB67,exact,1.000000,0,Canonical sign form
OBS_001277,HT 47A,word_6,1,AB01,AB01,identity,1.000000,0,
OBS_001277,HT 47A,word_6,2,AB02,AB02,identity,1.000000,0,
OBS_001278,HT 47A,word_8,0,AB73,AB73,identity,1.000000,0,
OBS_001278,HT 47A,word_8,1,AB55,AB55,identity,1.000000,0,
OBS_001278,HT 47A,word_8,2,AB73,AB73,identity,1.000000,0,
OBS_001279,HT 47B,word_1,0,AB60,AB60,identity,1.000000,0,
OBS_001279,HT 47B,word_1,1,AB06,AB06,identity,1.000000,0,
OBS_001279,HT 47B,word_1,2,AB27,AB27,identity,1.000000,0,
OBS_001280,HT 49,a.2_stmt,0,TA,TA,identity,1.000000,0,
OBS_001280,HT 49,a.2_stmt,1,NA,NA,identity,1.000000,0,
OBS_001280,HT 49,a.2_stmt,2,TI,TI,identity,1.000000,0,
OBS_001281,HT 49,a.4_stmt,0,TI,TI,identity,1.000000,0,
OBS_001281,HT 49,a.4_stmt,1,DU,DU,identity,1.000000,0,
OBS_001281,HT 49,a.4_stmt,2,NI,NI,identity,1.000000,0,
OBS_001282,HT 49,a.5_stmt,0,SI,SI,identity,1.000000,0,
OBS_001282,HT 49,a.5_stmt,1,RA,RA,suppressed_in_strict,0.350000,1,
OBS_001283,HT 49,a.6-7_stmt,0,KU,KU,identity,1.000000,0,
OBS_001283,HT 49,a.6-7_stmt,1,PA3,PA3,identity,1.000000,0,
OBS_001283,HT 49,a.6-7_stmt,2,NU,NU,identity,1.000000,0,
OBS_001284,HT 49,a.6_stmt,0,A,A,identity,1.000000,0,
OBS_001284,HT 49,a.6_stmt,1,RU,RU,identity,1.000000,0,
OBS_001285,HT 49,a.7_stmt,0,TU,TU,identity,1.000000,0,
OBS_001285,HT 49,a.7_stmt,1,SU,SU,identity,1.000000,0,
OBS_001285,HT 49,a.7_stmt,2,PU2,PU2,identity,1.000000,0,
OBS_001286,HT 49A,word_1,0,[?],[?],identity,1.000000,0,
OBS_001286,HT 49A,word_1,1,AB76,AB76,identity,1.000000,0,
OBS_001286,HT 49A,word_1,2,AB51,AB51,identity,1.000000,0,
OBS_001287,HT 49A,word_10,0,AB08,AB08,identity,1.000000,0,
OBS_001287,HT 49A,word_10,1,AB26,AB26,identity,1.000000,0,
OBS_001288,HT 49A,word_11,0,AB81,AB81,identity,1.000000,0,
OBS_001288,HT 49A,word_11,1,AB56,AB56,identity,1.000000,0,
OBS_001288,HT 49A,word_11,2,AB55,AB55,identity,1.000000,0,
OBS_001289,HT 49A,word_12,0,AB69,AB69,identity,1.000000,0,
OBS_001289,HT 49A,word_12,1,AB58,AB58,identity,1.000000,0,
OBS_001289,HT 49A,word_12,2,AB29,AB29,identity,1.000000,0,
OBS_001290,HT 49A,word_2,0,AB59,AB59,identity,1.000000,0,
OBS_001290,HT 49A,word_2,1,AB06,AB06,identity,1.000000,0,
OBS_001290,HT 49A,word_2,2,AB37,AB37,identity,1.000000,0,
OBS_001291,HT 49A,word_4,0,AB53,AB53,identity,1.000000,0,
OBS_001292,HT 49A,word_5,0,AB58,AB58,identity,1.000000,0,
OBS_001292,HT 49A,word_5,1,AB67?,AB67?,identity,1.000000,0,
OBS_001293,HT 49A,word_7,0,AB37,AB37,identity,1.000000,0,
OBS_001293,HT 49A,word_7,1,AB51,AB51,identity,1.000000,0,
OBS_001293,HT 49A,word_7,2,AB30,AB30,identity,1.000000,0,
OBS_001294,HT 49A,word_8,0,[?],[?],identity,1.000000,0,
OBS_001294,HT 49A,word_8,1,[?],[?],identity,1.000000,0,
OBS_001295,HT 49A,word_9,0,AB41,AB41,identity,1.000000,0,
OBS_001295,HT 49A,word_9,1,AB60,AB60,identity,1.000000,0,
OBS_001296,HT 49B,word_1,0,AB81,AB81,identity,1.000000,0,
OBS_001297,HT 49B,word_2,0,AB28,AB28,identity,1.000000,0,
OBS_001298,HT 49B,word_3,0,AB59,AB59,identity,1.000000,0,
OBS_001299,HT 49B,word_5,0,AB77,AB77,identity,1.000000,0,
OBS_001300,HT 5,.2_stmt,0,MA,MA,identity,1.000000,0,
OBS_001300,HT 5,.2_stmt,1,SI,SI,identity,1.000000,0,
OBS_001301,HT 5,.3_stmt,0,WI,WI,identity,1.000000,0,
OBS_001301,HT 5,.3_stmt,1,DU,DU,identity,1.000000,0,
OBS_001302,HT 5,word_1,0,A307,A307,identity,1.000000,0,
OBS_001303,HT 5,word_2,0,AB80,AB80,identity,1.000000,0,
OBS_001303,HT 5,word_2,1,AB41,AB41,identity,1.000000,0,
OBS_001304,HT 5,word_3,0,[?],[?],identity,1.000000,0,
OBS_001304,HT 5,word_3,1,AB40,AB40,identity,1.000000,0,
OBS_001304,HT 5,word_3,2,AB51,AB51,identity,1.000000,0,
OBS_001305,HT 50,a.1_log,0,]GRA[,]GRA[,identity,1.000000,0,
OBS_001306,HT 50,a.2_log,0,OLE,OLE,identity,1.000000,0,
OBS_001306,HT 50,a.2_log,1,KI,KI,identity,1.000000,0,
OBS_001307,HT 50,a.2_log,0,OLE,OLE,identity,1.000000,0,
OBS_001307,HT 50,a.2_log,1,MI,MI,identity,1.000000,0,
OBS_001308,HT 50,a.3_log,0,OLE,OLE,identity,1.000000,0,
OBS_001308,HT 50,a.3_log,1,E,E,identity,1.000000,0,
OBS_001309,HT 50,a.4_log,0,OLIV,OLIV,exact,1.000000,0,Canonical sign form
OBS_001309,HT 50,a.4_log,1,TU,TU,identity,1.000000,0,
OBS_001310,HT 50,a.4_log,0,]OLIV,]OLIV,identity,1.000000,0,
OBS_001311,HT 50,b.1_log,0,]OLE,]OLE,identity,1.000000,0,
OBS_001311,HT 50,b.1_log,1,KI[,KI[,identity,1.000000,0,
OBS_001312,HT 50,b.3_log,0,]OLE,]OLE,identity,1.000000,0,
OBS_001312,HT 50,b.3_log,1,DI[,DI[,identity,1.000000,0,
OBS_001313,HT 51,a.1_log,0,FIC,FIC,identity,1.000000,0,
OBS_001313,HT 51,a.1_log,1,TE,TE,identity,1.000000,0,
OBS_001314,HT 51,a.2_stmt,0,TI,TI,identity,1.000000,0,
OBS_001314,HT 51,a.2_stmt,1,NI[,NI[,identity,1.000000,0,
OBS_001315,HT 51,b.1_stmt,0,]KU,]KU,identity,1.000000,0,
OBS_001315,HT 51,b.1_stmt,1,ME,ME,identity,1.000000,0,
OBS_001315,HT 51,b.1_stmt,2,TA,TA,identity,1.000000,0,
OBS_001316,HT 51,b.2_stmt,0,ZU,ZU,identity,1.000000,0,
OBS_001316,HT 51,b.2_stmt,1,DU,DU,identity,1.000000,0,
OBS_001317,HT 51A,word_1,0,AB37,AB37,identity,1.000000,0,
OBS_001317,HT 51A,word_1,1,AB30,AB30,identity,1.000000,0,
OBS_001318,HT 51A,word_2,0,[?],[?],identity,1.000000,0,
OBS_001318,HT 51A,word_2,1,AB27,AB27,identity,1.000000,0,
OBS_001319,HT 51B,word_1,0,AB81,AB81,identity,1.000000,0,
OBS_001319,HT 51B,word_1,1,AB13,AB13,identity,1.000000,0,
OBS_001319,HT 51B,word_1,2,AB59,AB59,identity,1.000000,0,
OBS_001320,HT 51B,word_2,0,AB79,AB79,identity,1.000000,0,
OBS_001320,HT 51B,word_2,1,AB51,AB51,identity,1.000000,0,
OBS_001321,HT 51B,word_3,0,AB41,AB41,identity,1.000000,0,
OBS_001322,HT 52,a.1_stmt,0,SA,SA,identity,1.000000,0,
OBS_001322,HT 52,a.1_stmt,1,MA,MA,identity,1.000000,0,
OBS_001323,HT 52,a.2_stmt,0,DI,DI,identity,1.000000,0,
OBS_001323,HT 52,a.2_stmt,1,KA,KA,identity,1.000000,0,
OBS_001323,HT 52,a.2_stmt,2,KI,KI,identity,1.000000,0,
OBS_001324,HT 52,b.1_log,0,GRA,GRA,identity,1.000000,0,
OBS_001325,HT 52,b.2-3_stmt,0,DESUNT,DESUNT,identity,1.000000,0,
OBS_001326,HT 52A,word_1,0,AB31,AB31,identity,1.000000,0,
OBS_001326,HT 52A,word_1,1,AB80,AB80,identity,1.000000,0,
OBS_001327,HT 52A,word_2,0,AB07,AB07,identity,1.000000,0,
OBS_001327,HT 52A,word_2,1,AB77,AB77,identity,1.000000,0,
OBS_001327,HT 52A,word_2,2,AB69,AB69,identity,1.000000,0,
OBS_001328,HT 52B,word_1,0,AB24,AB24,identity,1.000000,0,
OBS_001329,HT 53A,word_2,0,AB31,AB31,identity,1.000000,0,
OBS_001329,HT 53A,word_2,1,AB24,AB24,identity,1.000000,0,
OBS_001330,HT 53A,word_5,0,AB60,AB60,identity,1.000000,0,
OBS_001331,HT 53B,word_2,0,AB81,AB81,identity,1.000000,0,
OBS_001331,HT 53B,word_2,1,AB27,AB27,identity,1.000000,0,
OBS_001332,HT 54,a.2_stmt,0,]KU,]KU,identity,1.000000,0,
OBS_001332,HT 54,a.2_stmt,1,MI,MI,identity,1.000000,0,
OBS_001332,HT 54,a.2_stmt,2,NA,NA,identity,1.000000,0,
OBS_001332,HT 54,a.2_stmt,3,QE[,QE[,identity,1.000000,0,
OBS_001333,HT 54,a.3_stmt,0,KI,KI,identity,1.000000,0,
OBS_001333,HT 54,a.3_stmt,1,MI,MI,identity,1.000000,0,
OBS_001333,HT 54,a.3_stmt,2,RA2,RA2,exact,1.000000,0,Canonical sign form
OBS_001334,HT 54A,word_1,0,[?],[?],identity,1.000000,0,
OBS_001334,HT 54A,word_1,1,[?],[?],identity,1.000000,0,
OBS_001335,HT 54A,word_2,0,AB81,AB81,identity,1.000000,0,
OBS_001335,HT 54A,word_2,1,AB73,AB73,identity,1.000000,0,
OBS_001335,HT 54A,word_2,2,AB06,AB06,identity,1.000000,0,
OBS_001335,HT 54A,word_2,3,AB78,AB78,identity,1.000000,0,
OBS_001336,HT 54A,word_3,0,AB67,AB67,exact,1.000000,0,Canonical sign form
OBS_001337,HT 54A,word_4,0,AB73,AB73,identity,1.000000,0,
OBS_001337,HT 54A,word_4,1,AB76,AB76,identity,1.000000,0,
OBS_001338,HT 54B,word_1,0,AB67,AB67,exact,1.000000,0,Canonical sign form
OBS_001339,HT 55,a.1_stmt,0,KI,KI,identity,1.000000,0,
OBS_001339,HT 55,a.1_stmt,1,RO,RO,identity,1.000000,0,
OBS_001340,HT 55,a.1_stmt,0,MA,MA,identity,1.000000,0,
OBS_001340,HT 55,a.1_stmt,1,RE,RE,identity,1.000000,0,
OBS_001341,HT 55,a.2_stmt,0,SI,SI,identity,1.000000,0,
OBS_001341,HT 55,a.2_stmt,1,RU,RU,identity,1.000000,0,
OBS_001342,HT 55,b.2_stmt,0,]RI,]RI,identity,1.000000,0,
OBS_001342,HT 55,b.2_stmt,1,JA,JA,identity,1.000000,0,
OBS_001343,HT 55A,word_1,0,AB67,AB67,exact,1.000000,0,Canonical sign form
OBS_001343,HT 55A,word_1,1,AB02,AB02,identity,1.000000,0,
OBS_001344,HT 55A,word_2,0,AB80,AB80,identity,1.000000,0,
OBS_001344,HT 55A,word_2,1,AB27,AB27,identity,1.000000,0,
OBS_001345,HT 55A,word_3,0,AB41,AB41,identity,1.000000,0,
OBS_001345,HT 55A,word_3,1,AB26,AB26,identity,1.000000,0,
OBS_001346,HT 55A,word_4,0,AB24,AB24,identity,1.000000,0,
OBS_001347,HT 55A,word_5,0,AB69,AB69,identity,1.000000,0,
OBS_001348,HT 55B,word_1,0,AB04,AB04,identity,1.000000,0,
OBS_001349,HT 55B,word_2,0,AB78,AB78,identity,1.000000,0,
OBS_001350,HT 55B,word_3,0,AB53,AB53,identity,1.000000,0,
OBS_001350,HT 55B,word_3,1,AB57,AB57,identity,1.000000,0,
OBS_001351,HT 55B,word_4,0,AB28,AB28,identity,1.000000,0,
OBS_001352,HT 56,b.1_log,0,]OLE,]OLE,identity,1.000000,0,
OBS_001352,HT 56,b.1_log,1,KI,KI,identity,1.000000,0,
OBS_001353,HT 56A,word_1,0,AB31,AB31,identity,1.000000,0,
OBS_001354,HT 56A,word_2,0,AB10,AB10,identity,1.000000,0,
OBS_001355,HT 57,a.1_stmt,0,DA,DA,identity,1.000000,0,
OBS_001355,HT 57,a.1_stmt,1,QE,QE,identity,1.000000,0,
OBS_001355,HT 57,a.1_stmt,2,RA[,RA[,identity,1.000000,0,
OBS_001356,HT 57A,word_1,0,AB01,AB01,identity,1.000000,0,
OBS_001356,HT 57A,word_1,1,AB78,AB78,identity,1.000000,0,
OBS_001356,HT 57A,word_1,2,AB60,AB60,identity,1.000000,0,
OBS_001357,HT 57A,word_2,0,AB08,AB08,identity,1.000000,0,
OBS_001358,HT 58,.1_stmt,0,QE,QE,identity,1.000000,0,
OBS_001358,HT 58,.1_stmt,1,TI,TI,identity,1.000000,0,
OBS_001358,HT 58,.1_stmt,2,RA,RA,suppressed_in_strict,0.350000,1,
OBS_001358,HT 58,.1_stmt,3,DU,DU,identity,1.000000,0,
OBS_001359,HT 58,.2_log,0,OLE,OLE,identity,1.000000,0,
OBS_001359,HT 58,.2_log,1,MI[,MI[,identity,1.000000,0,
OBS_001360,HT 58,.2_log,0,OLE,OLE,identity,1.000000,0,
OBS_001360,HT 58,.2_log,1,U,U,identity,1.000000,0,
OBS_001361,HT 58,.3_log,0,OLIV,OLIV,exact,1.000000,0,Canonical sign form
OBS_001362,HT 58,.3_log,0,]OLE,]OLE,identity,1.000000,0,
OBS_001362,HT 58,.3_log,1,E,E,identity,1.000000,0,
OBS_001363,HT 58,.4_stmt,0,]U,]U,identity,1.000000,0,
OBS_001363,HT 58,.4_stmt,1,KI,KI,identity,1.000000,0,
OBS_001364,HT 58,word_1,0,AB78,AB78,identity,1.000000,0,
OBS_001364,HT 58,word_1,1,AB37,AB37,identity,1.000000,0,
OBS_001364,HT 58,word_1,2,AB60,AB60,identity,1.000000,0,
OBS_001364,HT 58,word_1,3,AB51,AB51,identity,1.000000,0,
OBS_001365,HT 58,word_2,0,AB10,AB10,identity,1.000000,0,
OBS_001366,HT 6,a.1-2_log,0,TE,TE,identity,1.000000,0,
OBS_001366,HT 6,a.1-2_log,1,FIC,FIC,identity,1.000000,0,
OBS_001367,HT 6,a.1-2_stmt,0,DA,DA,identity,1.000000,0,
OBS_001367,HT 6,a.1-2_stmt,1,TA,TA,identity,1.000000,0,
OBS_001367,HT 6,a.1-2_stmt,2,RA,RA,suppressed_in_strict,0.350000,1,
OBS_001368,HT 6,a.1_stmt,0,KA,KA,identity,1.000000,0,
OBS_001368,HT 6,a.1_stmt,1,PA,PA,identity,1.000000,0,
OBS_001369,HT 6,a.2-3_stmt,0,PI,PI,identity,1.000000,0,
OBS_001369,HT 6,a.2-3_stmt,1,TA,TA,identity,1.000000,0,
OBS_001369,HT 6,a.2-3_stmt,2,JA,JA,identity,1.000000,0,
OBS_001370,HT 6,a.3_log,0,JA,JA,identity,1.000000,0,
OBS_001370,HT 6,a.3_log,1,RU,RU,identity,1.000000,0,
OBS_001371,HT 6,a.4-5_stmt,0,KA,KA,identity,1.000000,0,
OBS_001371,HT 6,a.4-5_stmt,1,PA,PA,identity,1.000000,0,
OBS_001371,HT 6,a.4-5_stmt,2,QE,QE,identity,1.000000,0,
OBS_001372,HT 6,a.4_stmt,0,O,O,identity,1.000000,0,
OBS_001372,HT 6,a.4_stmt,1,RA2,RA2,exact,1.000000,0,Canonical sign form
OBS_001372,HT 6,a.4_stmt,2,DI,DI,identity,1.000000,0,
OBS_001372,HT 6,a.4_stmt,3,NE,NE,identity,1.000000,0,
OBS_001373,HT 6,a.6-7_stmt,0,QE,QE,identity,1.000000,0,
OBS_001373,HT 6,a.6-7_stmt,1,PI,PI,identity,1.000000,0,
OBS_001373,HT 6,a.6-7_stmt,2,TA,TA,identity,1.000000,0,
OBS_001374,HT 6,a.6_stmt,0,DA,DA,identity,1.000000,0,
OBS_001374,HT 6,a.6_stmt,1,QE,QE,identity,1.000000,0,
OBS_001374,HT 6,a.6_stmt,2,RA,RA,suppressed_in_strict,0.350000,1,
OBS_001375,HT 6,a.7_log,0,FIC,FIC,identity,1.000000,0,
OBS_001376,HT 6,b.1-2_stmt,0,WA,WA,identity,1.000000,0,
OBS_001376,HT 6,b.1-2_stmt,1,DU,DU,identity,1.000000,0,
OBS_001376,HT 6,b.1-2_stmt,2,NI,NI,identity,1.000000,0,
OBS_001376,HT 6,b.1-2_stmt,3,MI,MI,identity,1.000000,0,
OBS_001377,HT 6,b.2-3_stmt,0,MA,MA,identity,1.000000,0,
OBS_001377,HT 6,b.2-3_stmt,1,RI,RI,identity,1.000000,0,
OBS_001377,HT 6,b.2-3_stmt,2,I,I,identity,1.000000,0,
OBS_001378,HT 6,b.2_stmt,0,RA,RA,suppressed_in_strict,0.350000,1,
OBS_001378,HT 6,b.2_stmt,1,TI,TI,identity,1.000000,0,
OBS_001378,HT 6,b.2_stmt,2,SE,SE,identity,1.000000,0,
OBS_001379,HT 6,b.4_stmt,0,DU,DU,identity,1.000000,0,
OBS_001379,HT 6,b.4_stmt,1,DA,DA,identity,1.000000,0,
OBS_001379,HT 6,b.4_stmt,2,MA,MA,identity,1.000000,0,
OBS_001380,HT 6,b.5-6_stmt,0,SA,SA,identity,1.000000,0,
OBS_001380,HT 6,b.5-6_stmt,1,MA,MA,identity,1.000000,0,
OBS_001381,HT 6,b.5_stmt,0,DA,DA,identity,1.000000,0,
OBS_001381,HT 6,b.5_stmt,1,KI,KI,identity,1.000000,0,
OBS_001382,HT 6,b.6_stmt,0,PA3,PA3,identity,1.000000,0,
OBS_001382,HT 6,b.6_stmt,1,NI,NI,identity,1.000000,0,
OBS_001382,HT 6,b.6_stmt,2,NA,NA,identity,1.000000,0,
OBS_001383,HT 60,.1_log,0,]OLE,]OLE,identity,1.000000,0,
OBS_001383,HT 60,.1_log,1,RI,RI,identity,1.000000,0,
OBS_001384,HT 60,.2_log,0,OLE,OLE,identity,1.000000,0,
OBS_001385,HT 60,.2_log,0,QA,QA,identity,1.000000,0,
OBS_001385,HT 60,.2_log,1,[?],[?],identity,1.000000,0,
OBS_001385,HT 60,.2_log,2,RE,RE,identity,1.000000,0,
OBS_001386,HT 60,.2_log,0,VINA,VINA,identity,1.000000,0,
OBS_001387,HT 60,.3_log,0,QA,QA,identity,1.000000,0,
OBS_001387,HT 60,.3_log,1,[?],[?],identity,1.000000,0,
OBS_001387,HT 60,.3_log,2,PU,PU,identity,1.000000,0,
OBS_001388,HT 61,.1_log,0,GRA,GRA,identity,1.000000,0,
OBS_001388,HT 61,.1_log,1,KU,KU,identity,1.000000,0,
OBS_001389,HT 61,.1_stmt,0,MI,MI,identity,1.000000,0,
OBS_001389,HT 61,.1_stmt,1,TI,TI,identity,1.000000,0,
OBS_001390,HT 61,word_1,0,AB73,AB73,identity,1.000000,0,
OBS_001390,HT 61,word_1,1,AB37,AB37,identity,1.000000,0,
OBS_001391,HT 62 73,.1_log,0,TE,TE,identity,1.000000,0,
OBS_001391,HT 62 73,.1_log,1,VINA,VINA,identity,1.000000,0,
OBS_001392,HT 62 73,.1_stmt,0,]SA,]SA,identity,1.000000,0,
OBS_001392,HT 62 73,.1_stmt,1,RA,RA,suppressed_in_strict,0.350000,1,
OBS_001393,HT 62 73,.2_log,0,GRA,GRA,identity,1.000000,0,
OBS_001394,HT 62 73,.2_stmt,0,KA,KA,identity,1.000000,0,
OBS_001394,HT 62 73,.2_stmt,1,KU,KU,identity,1.000000,0,
OBS_001395,HT 62 73,.2_stmt,0,PA,PA,identity,1.000000,0,
OBS_001395,HT 62 73,.2_stmt,1,I,I,identity,1.000000,0,
OBS_001395,HT 62 73,.2_stmt,2,KI[,KI[,identity,1.000000,0,
OBS_001396,HT 62 73,.3_stmt,0,SA,SA,identity,1.000000,0,
OBS_001396,HT 62 73,.3_stmt,1,RO,RO,identity,1.000000,0,
OBS_001396,HT 62 73,.3_stmt,2,QE[,QE[,identity,1.000000,0,
OBS_001397,HT 62 73,.5_log,0,]VIR[,]VIR[,identity,1.000000,0,
OBS_001398,HT 62 73,word_1,0,[?],[?],identity,1.000000,0,
OBS_001398,HT 62 73,word_1,1,AB31,AB31,identity,1.000000,0,
OBS_001398,HT 62 73,word_1,2,AB60,AB60,identity,1.000000,0,
OBS_001399,HT 62 73,word_10,0,AB31,AB31,identity,1.000000,0,
OBS_001399,HT 62 73,word_10,1,AB02,AB02,identity,1.000000,0,
OBS_001399,HT 62 73,word_10,2,AB78,AB78,identity,1.000000,0,
OBS_001400,HT 62 73,word_2,0,[?],[?],identity,1.000000,0,
OBS_001400,HT 62 73,word_2,1,AB06,AB06,identity,1.000000,0,
OBS_001401,HT 62 73,word_3,0,AB77,AB77,identity,1.000000,0,
OBS_001401,HT 62 73,word_3,1,AB81,AB81,identity,1.000000,0,
OBS_001402,HT 62 73,word_4,0,AB28B,AB28B,identity,1.000000,0,
OBS_001402,HT 62 73,word_4,1,AB37,AB37,identity,1.000000,0,
OBS_001402,HT 62 73,word_4,2,[?],[?],identity,1.000000,0,
OBS_001403,HT 62 73,word_5,0,AB100,AB100,identity,1.000000,0,
OBS_001403,HT 62 73,word_5,1,[?],[?],identity,1.000000,0,
OBS_001404,HT 62 73,word_6,0,AB70,AB70,identity,1.000000,0,
OBS_001405,HT 62 73,word_7,0,AB55,AB55,identity,1.000000,0,
OBS_001406,HT 62 73,word_8,0,AB81,AB81,identity,1.000000,0,
OBS_001407,HT 62 73,word_9,0,AB03,AB03,identity,1.000000,0,
OBS_001407,HT 62 73,word_9,1,AB28,AB28,identity,1.000000,0,
OBS_001407,HT 62 73,word_9,2,AB67,AB67,exact,1.000000,0,Canonical sign form
OBS_001408,HT 63,.1_stmt,0,KA,KA,identity,1.000000,0,
OBS_001408,HT 63,.1_stmt,1,TI,TI,identity,1.000000,0,
OBS_001409,HT 63,.1_stmt,0,SU,SU,identity,1.000000,0,
OBS_001409,HT 63,.1_stmt,1,PU2[,PU2[,identity,1.000000,0,
OBS_001410,HT 63,word_1,0,AB77,AB77,identity,1.000000,0,
OBS_001410,HT 63,word_1,1,AB37,AB37,identity,1.000000,0,
OBS_001411,HT 63,word_2,0,AB58,AB58,identity,1.000000,0,
OBS_001411,HT 63,word_2,1,AB29,AB29,identity,1.000000,0,
OBS_001412,HT 63,word_3,0,AB79,AB79,identity,1.000000,0,
OBS_001413,HT 64,.1_stmt,0,]KU,]KU,identity,1.000000,0,
OBS_001413,HT 64,.1_stmt,1,ZU,ZU,identity,1.000000,0,
OBS_001413,HT 64,.1_stmt,2,NA[,NA[,identity,1.000000,0,
OBS_001414,HT 64,.2_stmt,0,RU,RU,identity,1.000000,0,
OBS_001414,HT 64,.2_stmt,1,MA[,MA[,identity,1.000000,0,
OBS_001415,HT 64,.4_log,0,CAPM,CAPM,identity,1.000000,0,
OBS_001416,HT 64,word_1,0,AB81,AB81,identity,1.000000,0,
OBS_001416,HT 64,word_1,1,AB79,AB79,identity,1.000000,0,
OBS_001416,HT 64,word_1,2,AB06,AB06,identity,1.000000,0,
OBS_001417,HT 64,word_2,0,AB06,AB06,identity,1.000000,0,
OBS_001418,HT 64,word_3,0,AB26,AB26,identity,1.000000,0,
OBS_001418,HT 64,word_3,1,AB80,AB80,identity,1.000000,0,
OBS_001419,HT 66,.1_log,0,ZU,ZU,identity,1.000000,0,
OBS_001419,HT 66,.1_log,1,VIR,VIR,identity,1.000000,0,
OBS_001420,HT 66,.3_stmt,0,]TA,]TA,identity,1.000000,0,
OBS_001420,HT 66,.3_stmt,1,MI[,MI[,identity,1.000000,0,
OBS_001421,HT 66,word_1,0,AB07,AB07,identity,1.000000,0,
OBS_001422,HT 66,word_2,0,AB59,AB59,identity,1.000000,0,
OBS_001423,HT 66,word_3,0,AB59,AB59,identity,1.000000,0,
OBS_001423,HT 66,word_3,1,AB73,AB73,identity,1.000000,0,
OBS_001424,HT 66,word_4,0,AB27,AB27,identity,1.000000,0,
OBS_001425,HT 67,.2_stmt,0,]KU,]KU,identity,1.000000,0,
OBS_001425,HT 67,.2_stmt,1,RO,RO,identity,1.000000,0,
OBS_001426,HT 67,.3_log,0,FIC,FIC,identity,1.000000,0,
OBS_001426,HT 67,.3_log,1,TE,TE,identity,1.000000,0,
OBS_001427,HT 68,.1_log,0,VIR[,VIR[,identity,1.000000,0,
OBS_001428,HT 68,word_1,0,AB65,AB65,identity,1.000000,0,
OBS_001429,HT 69,.2_stmt,0,]MA,]MA,identity,1.000000,0,
OBS_001429,HT 69,.2_stmt,1,DI,DI,identity,1.000000,0,
OBS_001430,HT 69,word_1,0,AB80,AB80,identity,1.000000,0,
OBS_001430,HT 69,word_1,1,AB07,AB07,identity,1.000000,0,
OBS_001431,HT 6A,word_1,0,AB77,AB77,identity,1.000000,0,
OBS_001431,HT 6A,word_1,1,AB03,AB03,identity,1.000000,0,
OBS_001432,HT 6A,word_2,0,AB01,AB01,identity,1.000000,0,
OBS_001432,HT 6A,word_2,1,AB59,AB59,identity,1.000000,0,
OBS_001432,HT 6A,word_2,2,AB60,AB60,identity,1.000000,0,
OBS_001433,HT 6A,word_3,0,AB39,AB39,identity,1.000000,0,
OBS_001433,HT 6A,word_3,1,AB59,AB59,identity,1.000000,0,
OBS_001433,HT 6A,word_3,2,AB57,AB57,identity,1.000000,0,
OBS_001434,HT 6A,word_4,0,A717,A717,identity,1.000000,0,
OBS_001435,HT 6A,word_5,0,AB80,AB80,identity,1.000000,0,
OBS_001435,HT 6A,word_5,1,A321,A321,identity,1.000000,0,
OBS_001436,HT 6A,word_6,0,AB61,AB61,identity,1.000000,0,
OBS_001436,HT 6A,word_6,1,AB76,AB76,identity,1.000000,0,
OBS_001436,HT 6A,word_6,2,AB07,AB07,identity,1.000000,0,
OBS_001436,HT 6A,word_6,3,AB24,AB24,identity,1.000000,0,
OBS_001437,HT 6A,word_7,0,AB77,AB77,identity,1.000000,0,
OBS_001437,HT 6A,word_7,1,AB03,AB03,identity,1.000000,0,
OBS_001437,HT 6A,word_7,2,AB78,AB78,identity,1.000000,0,
OBS_001438,HT 6A,word_8,0,AB01,AB01,identity,1.000000,0,
OBS_001438,HT 6A,word_8,1,AB78,AB78,identity,1.000000,0,
OBS_001438,HT 6A,word_8,2,AB60,AB60,identity,1.000000,0,
OBS_001439,HT 6A,word_9,0,AB78,AB78,identity,1.000000,0,
OBS_001439,HT 6A,word_9,1,AB39,AB39,identity,1.000000,0,
OBS_001439,HT 6A,word_9,2,AB59,AB59,identity,1.000000,0,
OBS_001440,HT 6B,word_1,0,AB54,AB54,identity,1.000000,0,
OBS_001440,HT 6B,word_1,1,AB51,AB51,identity,1.000000,0,
OBS_001440,HT 6B,word_1,2,AB30,AB30,identity,1.000000,0,
OBS_001440,HT 6B,word_1,3,AB73,AB73,identity,1.000000,0,
OBS_001441,HT 6B,word_2,0,AB60,AB60,identity,1.000000,0,
OBS_001441,HT 6B,word_2,1,AB37,AB37,identity,1.000000,0,
OBS_001441,HT 6B,word_2,2,AB09,AB09,identity,1.000000,0,
OBS_001442,HT 6B,word_3,0,AB51,AB51,identity,1.000000,0,
OBS_001442,HT 6B,word_3,1,AB01,AB01,identity,1.000000,0,
OBS_001442,HT 6B,word_3,2,AB80,AB80,identity,1.000000,0,
OBS_001443,HT 6B,word_4,0,AB51?,AB51?,identity,1.000000,0,
OBS_001443,HT 6B,word_4,1,AB67,AB67,exact,1.000000,0,Canonical sign form
OBS_001444,HT 6B,word_5,0,AB31,AB31,identity,1.000000,0,
OBS_001444,HT 6B,word_5,1,AB80,AB80,identity,1.000000,0,
OBS_001445,HT 6B,word_6,0,AB56,AB56,identity,1.000000,0,
OBS_001445,HT 6B,word_6,1,AB30,AB30,identity,1.000000,0,
OBS_001445,HT 6B,word_6,2,AB06,AB06,identity,1.000000,0,
OBS_001446,HT 7,a.1_log,0,VIR,VIR,identity,1.000000,0,
OBS_001447,HT 7,a.1_stmt,0,QE,QE,identity,1.000000,0,
OBS_001447,HT 7,a.1_stmt,1,TI,TI,identity,1.000000,0,
OBS_001448,HT 7,a.2_stmt,0,I,I,identity,1.000000,0,
OBS_001448,HT 7,a.2_stmt,1,RU,RU,identity,1.000000,0,
OBS_001448,HT 7,a.2_stmt,2,JA,JA,identity,1.000000,0,
OBS_001449,HT 7,a.3_stmt,0,DU,DU,identity,1.000000,0,
OBS_001449,HT 7,a.3_stmt,1,JA,JA,identity,1.000000,0,
OBS_001450,HT 7,a.4-5_stmt,0,DA,DA,identity,1.000000,0,
OBS_001450,HT 7,a.4-5_stmt,1,RE,RE,identity,1.000000,0,
OBS_001451,HT 7,a.4_stmt,0,TA,TA,identity,1.000000,0,
OBS_001451,HT 7,a.4_stmt,1,NA,NA,identity,1.000000,0,
OBS_001451,HT 7,a.4_stmt,2,TI,TI,identity,1.000000,0,
OBS_001452,HT 7,a.5_stmt,0,TE,TE,identity,1.000000,0,
OBS_001452,HT 7,a.5_stmt,1,TU,TU,identity,1.000000,0,
OBS_001453,HT 7,b.1_stmt,0,QIF,QIF,identity,1.000000,0,
OBS_001453,HT 7,b.1_stmt,1,TU,TU,identity,1.000000,0,
OBS_001453,HT 7,b.1_stmt,2,NE,NE,identity,1.000000,0,
OBS_001454,HT 7,b.2_stmt,0,DA,DA,identity,1.000000,0,
OBS_001454,HT 7,b.2_stmt,1,RU,RU,identity,1.000000,0,
OBS_001455,HT 70,.1_log,0,FIC,FIC,identity,1.000000,0,
OBS_001455,HT 70,.1_log,1,TE,TE,identity,1.000000,0,
OBS_001456,HT 70,.2_stmt,0,]QA,]QA,identity,1.000000,0,
OBS_001456,HT 70,.2_stmt,1,SA,SA,identity,1.000000,0,
OBS_001457,HT 70,word_1,0,AB16,AB16,identity,1.000000,0,
OBS_001457,HT 70,word_1,1,AB118,AB118,identity,1.000000,0,
OBS_001457,HT 70,word_1,2,AB31,AB31,identity,1.000000,0,
OBS_001458,HT 72,word_1,0,[?],[?],identity,1.000000,0,
OBS_001458,HT 72,word_1,1,[?],[?],identity,1.000000,0,
OBS_001459,HT 74,.2_stmt,0,]KU,]KU,identity,1.000000,0,
OBS_001459,HT 74,.2_stmt,1,RO,RO,identity,1.000000,0,
OBS_001460,HT 74,word_1,0,AB81,AB81,identity,1.000000,0,
OBS_001460,HT 74,word_1,1,AB02,AB02,identity,1.000000,0,
OBS_001461,HT 75,1._stmt,0,KA,KA,identity,1.000000,0,
OBS_001461,HT 75,1._stmt,1,RU[,RU[,identity,1.000000,0,
OBS_001462,HT 75,word_1,0,AB77,AB77,identity,1.000000,0,
OBS_001462,HT 75,word_1,1,AB26,AB26,identity,1.000000,0,
OBS_001463,HT 78,word_1,0,AB23,AB23,identity,1.000000,0,
OBS_001463,HT 78,word_1,1,A312,A312,identity,1.000000,0,
OBS_001464,HT 79 83,.1_stmt,0,DA,DA,identity,1.000000,0,
OBS_001464,HT 79 83,.1_stmt,1,PA3[,PA3[,identity,1.000000,0,
OBS_001465,HT 79 83,.2_stmt,0,]TU,]TU,identity,1.000000,0,
OBS_001465,HT 79 83,.2_stmt,1,PA,PA,identity,1.000000,0,
OBS_001465,HT 79 83,.2_stmt,2,RI,RI,identity,1.000000,0,
OBS_001466,HT 79 83,.3_stmt,0,]KU,]KU,identity,1.000000,0,
OBS_001466,HT 79 83,.3_stmt,1,NI[,NI[,identity,1.000000,0,
OBS_001467,HT 79 83,word_1,0,AB28?,AB28?,identity,1.000000,0,
OBS_001468,HT 79 83,word_2,0,AB77,AB77,identity,1.000000,0,
OBS_001469,HT 79 83,word_3,0,AB01,AB01,identity,1.000000,0,
OBS_001469,HT 79 83,word_3,1,AB56,AB56,identity,1.000000,0,
OBS_001470,HT 79 83,word_4,0,AB69,AB69,identity,1.000000,0,
OBS_001470,HT 79 83,word_4,1,AB03,AB03,identity,1.000000,0,
OBS_001470,HT 79 83,word_4,2,AB53,AB53,identity,1.000000,0,
OBS_001471,HT 79 83,word_5,0,AB81,AB81,identity,1.000000,0,
OBS_001471,HT 79 83,word_5,1,AB30,AB30,identity,1.000000,0,
OBS_001472,HT 79 83,word_6,0,AB79,AB79,identity,1.000000,0,
OBS_001473,HT 7A,word_1,0,AB78,AB78,identity,1.000000,0,
OBS_001473,HT 7A,word_1,1,AB37,AB37,identity,1.000000,0,
OBS_001474,HT 7A,word_2,0,AB28,AB28,identity,1.000000,0,
OBS_001474,HT 7A,word_2,1,AB26,AB26,identity,1.000000,0,
OBS_001474,HT 7A,word_2,2,AB57,AB57,identity,1.000000,0,
OBS_001475,HT 7A,word_3,0,AB51,AB51,identity,1.000000,0,
OBS_001475,HT 7A,word_3,1,AB57,AB57,identity,1.000000,0,
OBS_001476,HT 7A,word_4,0,AB59,AB59,identity,1.000000,0,
OBS_001476,HT 7A,word_4,1,AB06,AB06,identity,1.000000,0,
OBS_001476,HT 7A,word_4,2,AB37,AB37,identity,1.000000,0,
OBS_001477,HT 7A,word_5,0,AB01,AB01,identity,1.000000,0,
OBS_001477,HT 7A,word_5,1,AB27,AB27,identity,1.000000,0,
OBS_001478,HT 7A,word_6,0,AB04,AB04,identity,1.000000,0,
OBS_001478,HT 7A,word_6,1,AB69,AB69,identity,1.000000,0,
OBS_001479,HT 7B,word_1,0,AB21F,AB21F,identity,1.000000,0,
OBS_001479,HT 7B,word_1,1,AB69,AB69,identity,1.000000,0,
OBS_001479,HT 7B,word_1,2,AB24,AB24,identity,1.000000,0,
OBS_001480,HT 7B,word_2,0,AB01,AB01,identity,1.000000,0,
OBS_001480,HT 7B,word_2,1,AB26,AB26,identity,1.000000,0,
OBS_001480,HT 7B,word_2,2,A329,A329,identity,1.000000,0,
OBS_001481,HT 8,a.1 JE-DI_log,0,OLE,OLE,identity,1.000000,0,
OBS_001481,HT 8,a.1 JE-DI_log,1,KI,KI,identity,1.000000,0,
OBS_001482,HT 8,a.1-2_stmt,0,PA3,PA3,identity,1.000000,0,
OBS_001482,HT 8,a.1-2_stmt,1,KA,KA,identity,1.000000,0,
OBS_001482,HT 8,a.1-2_stmt,2,RA,RA,suppressed_in_strict,0.350000,1,
OBS_001482,HT 8,a.1-2_stmt,3,TI,TI,identity,1.000000,0,
OBS_001483,HT 8,a.1_log,0,OLE,OLE,identity,1.000000,0,
OBS_001483,HT 8,a.1_log,1,KI,KI,identity,1.000000,0,
OBS_001484,HT 8,a.1_stmt,0,JE,JE,identity,1.000000,0,
OBS_001484,HT 8,a.1_stmt,1,DI,DI,identity,1.000000,0,
OBS_001485,HT 8,a.3-4_stmt,0,QA,QA,identity,1.000000,0,
OBS_001485,HT 8,a.3-4_stmt,1,I,I,identity,1.000000,0,
OBS_001486,HT 8,a.4_stmt,0,SI,SI,identity,1.000000,0,
OBS_001486,HT 8,a.4_stmt,1,KI,KI,identity,1.000000,0,
OBS_001486,HT 8,a.4_stmt,2,RA,RA,suppressed_in_strict,0.350000,1,
OBS_001487,HT 8,a.5_stmt,0,KI,KI,identity,1.000000,0,
OBS_001487,HT 8,a.5_stmt,1,RE,RE,identity,1.000000,0,
OBS_001487,HT 8,a.5_stmt,2,TA,TA,identity,1.000000,0,
OBS_001487,HT 8,a.5_stmt,3,NA,NA,identity,1.000000,0,
OBS_001488,HT 8,b.1_stmt,0,SU,SU,identity,1.000000,0,
OBS_001488,HT 8,b.1_stmt,1,PU2,PU2,identity,1.000000,0,
OBS_001489,HT 8,b.3-4_stmt,0,QA,QA,identity,1.000000,0,
OBS_001489,HT 8,b.3-4_stmt,1,I,I,identity,1.000000,0,
OBS_001490,HT 8,b.4_stmt,0,KA,KA,identity,1.000000,0,
OBS_001490,HT 8,b.4_stmt,1,PA,PA,identity,1.000000,0,
OBS_001491,HT 8,b.4_stmt,0,PA,PA,identity,1.000000,0,
OBS_001491,HT 8,b.4_stmt,1,JA,JA,identity,1.000000,0,
OBS_001491,HT 8,b.4_stmt,2,RE,RE,identity,1.000000,0,
OBS_001492,HT 8,table2_row10_log,0,SU,SU,identity,1.000000,0,
OBS_001492,HT 8,table2_row10_log,1,PU2,PU2,identity,1.000000,0,
OBS_001493,HT 80,.1_stmt,0,]JU,]JU,identity,1.000000,0,
OBS_001493,HT 80,.1_stmt,1,RA[,RA[,identity,1.000000,0,
OBS_001494,HT 80,word_1,0,AB65,AB65,identity,1.000000,0,
OBS_001494,HT 80,word_1,1,AB60,AB60,identity,1.000000,0,
OBS_001495,HT 81,.1_log,0,MI,MI,identity,1.000000,0,
OBS_001495,HT 81,.1_log,1,JA,JA,identity,1.000000,0,
OBS_001495,HT 81,.1_log,2,RU,RU,identity,1.000000,0,
OBS_001496,HT 81,.1_stmt,0,A,A,identity,1.000000,0,
OBS_001496,HT 81,.1_stmt,1,SE,SE,identity,1.000000,0,
OBS_001497,HT 81,.2_stmt,0,]RI,]RI,identity,1.000000,0,
OBS_001497,HT 81,.2_stmt,1,SU,SU,identity,1.000000,0,
OBS_001497,HT 81,.2_stmt,2,MA,MA,identity,1.000000,0,
OBS_001498,HT 81,word_1,0,AB08,AB08,identity,1.000000,0,
OBS_001498,HT 81,word_1,1,AB09,AB09,identity,1.000000,0,
OBS_001499,HT 81,word_2,0,AB53,AB53,identity,1.000000,0,
OBS_001499,HT 81,word_2,1,AB58,AB58,identity,1.000000,0,
OBS_001499,HT 81,word_2,2,AB80,AB80,identity,1.000000,0,
OBS_001500,HT 81,word_3,0,AB67,AB67,exact,1.000000,0,Canonical sign form
OBS_001501,HT 82,a._log,0,GRA,GRA,identity,1.000000,0,
OBS_001501,HT 82,a._log,1,OVIS,OVIS,identity,1.000000,0,
OBS_001501,HT 82,a._log,2,F,F,identity,1.000000,0,
OBS_001502,HT 84,.1_stmt,0,QIF,QIF,identity,1.000000,0,
OBS_001502,HT 84,.1_stmt,1,JA,JA,identity,1.000000,0,
OBS_001502,HT 84,.1_stmt,2,DU,DU,identity,1.000000,0,
OBS_001503,HT 84,.2_log,0,VIR[,VIR[,identity,1.000000,0,
OBS_001504,HT 84,.2_stmt,0,]NU,]NU,identity,1.000000,0,
OBS_001504,HT 84,.2_stmt,1,TI,TI,identity,1.000000,0,
OBS_001505,HT 84,word_1,0,AB21F,AB21F,identity,1.000000,0,
OBS_001505,HT 84,word_1,1,AB57,AB57,identity,1.000000,0,
OBS_001505,HT 84,word_1,2,AB51,AB51,identity,1.000000,0,
OBS_001506,HT 84,word_3,0,AB55,AB55,identity,1.000000,0,
OBS_001506,HT 84,word_3,1,AB37,AB37,identity,1.000000,0,
OBS_001507,HT 85,a.1_stmt,0,A,A,identity,1.000000,0,
OBS_001507,HT 85,a.1_stmt,1,DU,DU,identity,1.000000,0,
OBS_001508,HT 85,a.2_stmt,0,DA,DA,identity,1.000000,0,
OBS_001508,HT 85,a.2_stmt,1,RI,RI,identity,1.000000,0,
OBS_001508,HT 85,a.2_stmt,2,DA,DA,identity,1.000000,0,
OBS_001509,HT 85,a.2_stmt,0,PA3,PA3,identity,1.000000,0,
OBS_001509,HT 85,a.2_stmt,1,NI,NI,identity,1.000000,0,
OBS_001510,HT 85,a.3-4_stmt,0,DA,DA,identity,1.000000,0,
OBS_001510,HT 85,a.3-4_stmt,1,SI,SI,identity,1.000000,0,
OBS_001511,HT 85,a.3_stmt,0,U,U,identity,1.000000,0,
OBS_001511,HT 85,a.3_stmt,1,ZA,ZA,identity,1.000000,0,
OBS_001512,HT 85,a.4_stmt,0,KU,KU,identity,1.000000,0,
OBS_001512,HT 85,a.4_stmt,1,ZU,ZU,identity,1.000000,0,
OBS_001512,HT 85,a.4_stmt,2,NI,NI,identity,1.000000,0,
OBS_001513,HT 85,a.5_stmt,0,DA,DA,identity,1.000000,0,
OBS_001513,HT 85,a.5_stmt,1,RE,RE,identity,1.000000,0,
OBS_001514,HT 85,a.5_stmt,0,TE,TE,identity,1.000000,0,
OBS_001514,HT 85,a.5_stmt,1,KE,KE,identity,1.000000,0,
OBS_001515,HT 85,a.6_stmt,0,KU,KU,identity,1.000000,0,
OBS_001515,HT 85,a.6_stmt,1,RO[,RO[,identity,1.000000,0,
OBS_001516,HT 85,b.1-2_stmt,0,KI,KI,identity,1.000000,0,
OBS_001516,HT 85,b.1-2_stmt,1,RE,RE,identity,1.000000,0,
OBS_001516,HT 85,b.1-2_stmt,2,TA2,TA2,identity,1.000000,0,
OBS_001517,HT 85,b.1_stmt,0,KI,KI,identity,1.000000,0,
OBS_001517,HT 85,b.1_stmt,1,KI,KI,identity,1.000000,0,
OBS_001517,HT 85,b.1_stmt,2,RA,RA,suppressed_in_strict,0.350000,1,
OBS_001517,HT 85,b.1_stmt,3,JA,JA,identity,1.000000,0,
OBS_001518,HT 85,b.2-3_stmt,0,TE,TE,identity,1.000000,0,
OBS_001518,HT 85,b.2-3_stmt,1,TU[,TU[,identity,1.000000,0,
OBS_001519,HT 85,b.2_stmt,0,QE,QE,identity,1.000000,0,
OBS_001519,HT 85,b.2_stmt,1,KA,KA,identity,1.000000,0,
OBS_001520,HT 85,b.3_stmt,0,ME,ME,identity,1.000000,0,
OBS_001520,HT 85,b.3_stmt,1,ZA,ZA,identity,1.000000,0,
OBS_001521,HT 85,b.4-5_stmt,0,WA,WA,identity,1.000000,0,
OBS_001521,HT 85,b.4-5_stmt,1,DU,DU,identity,1.000000,0,
OBS_001521,HT 85,b.4-5_stmt,2,NI,NI,identity,1.000000,0,
OBS_001521,HT 85,b.4-5_stmt,3,MI,MI,identity,1.000000,0,
OBS_001522,HT 85,b.4_stmt,0,RE,RE,identity,1.000000,0,
OBS_001522,HT 85,b.4_stmt,1,DI,DI,identity,1.000000,0,
OBS_001522,HT 85,b.4_stmt,2,SE,SE,identity,1.000000,0,
OBS_001523,HT 85,b.5-6_stmt,0,QA,QA,identity,1.000000,0,
OBS_001523,HT 85,b.5-6_stmt,1,I,I,identity,1.000000,0,
OBS_001524,HT 85,b.5_stmt,0,MA,MA,identity,1.000000,0,
OBS_001524,HT 85,b.5_stmt,1,DI,DI,identity,1.000000,0,
OBS_001525,HT 85A,word_1,0,AB08,AB08,identity,1.000000,0,
OBS_001525,HT 85A,word_1,1,AB51,AB51,identity,1.000000,0,
OBS_001526,HT 85A,word_2,0,AB01,AB01,identity,1.000000,0,
OBS_001526,HT 85A,word_2,1,AB53,AB53,identity,1.000000,0,
OBS_001526,HT 85A,word_2,2,AB01,AB01,identity,1.000000,0,
OBS_001527,HT 85A,word_3,0,AB56,AB56,identity,1.000000,0,
OBS_001527,HT 85A,word_3,1,AB30,AB30,identity,1.000000,0,
OBS_001528,HT 85A,word_4,0,AB10,AB10,identity,1.000000,0,
OBS_001528,HT 85A,word_4,1,A325,A325,identity,1.000000,0,
OBS_001528,HT 85A,word_4,2,AB17,AB17,identity,1.000000,0,
OBS_001529,HT 85A,word_5,0,AB01,AB01,identity,1.000000,0,
OBS_001529,HT 85A,word_5,1,AB41,AB41,identity,1.000000,0,
OBS_001529,HT 85A,word_5,2,AB118,AB118,identity,1.000000,0,
OBS_001530,HT 85A,word_6,0,AB81,AB81,identity,1.000000,0,
OBS_001530,HT 85A,word_6,1,AB79,AB79,identity,1.000000,0,
OBS_001530,HT 85A,word_6,2,AB30,AB30,identity,1.000000,0,
OBS_001531,HT 85A,word_7,0,AB04,AB04,identity,1.000000,0,
OBS_001531,HT 85A,word_7,1,AB44,AB44,identity,1.000000,0,
OBS_001532,HT 85A,word_8,0,AB01,AB01,identity,1.000000,0,
OBS_001532,HT 85A,word_8,1,AB27,AB27,identity,1.000000,0,
OBS_001533,HT 85A,word_9,0,AB81,AB81,identity,1.000000,0,
OBS_001533,HT 85A,word_9,1,AB02,AB02,identity,1.000000,0,
OBS_001534,HT 85B,word_1,0,AB67,AB67,exact,1.000000,0,Canonical sign form
OBS_001534,HT 85B,word_1,1,AB67,AB67,exact,1.000000,0,Canonical sign form
OBS_001534,HT 85B,word_1,2,AB60,AB60,identity,1.000000,0,
OBS_001534,HT 85B,word_1,3,AB57,AB57,identity,1.000000,0,
OBS_001535,HT 85B,word_2,0,AB67,AB67,exact,1.000000,0,Canonical sign form
OBS_001535,HT 85B,word_2,1,AB27,AB27,identity,1.000000,0,
OBS_001535,HT 85B,word_2,2,AB66,AB66,identity,1.000000,0,
OBS_001536,HT 85B,word_3,0,AB78,AB78,identity,1.000000,0,
OBS_001536,HT 85B,word_3,1,AB77,AB77,identity,1.000000,0,
OBS_001537,HT 85B,word_4,0,AB04,AB04,identity,1.000000,0,
OBS_001537,HT 85B,word_4,1,AB69,AB69,identity,1.000000,0,
OBS_001537,HT 85B,word_4,2,[?],[?],identity,1.000000,0,
OBS_001538,HT 85B,word_5,0,AB13,AB13,identity,1.000000,0,
OBS_001538,HT 85B,word_5,1,AB17,AB17,identity,1.000000,0,
OBS_001539,HT 85B,word_6,0,AB27,AB27,identity,1.000000,0,
OBS_001539,HT 85B,word_6,1,AB07,AB07,identity,1.000000,0,
OBS_001539,HT 85B,word_6,2,AB09,AB09,identity,1.000000,0,
OBS_001540,HT 85B,word_7,0,AB54,AB54,identity,1.000000,0,
OBS_001540,HT 85B,word_7,1,AB51,AB51,identity,1.000000,0,
OBS_001540,HT 85B,word_7,2,AB30,AB30,identity,1.000000,0,
OBS_001540,HT 85B,word_7,3,AB73,AB73,identity,1.000000,0,
OBS_001541,HT 85B,word_8,0,AB80,AB80,identity,1.000000,0,
OBS_001541,HT 85B,word_8,1,AB07,AB07,identity,1.000000,0,
OBS_001542,HT 85B,word_9,0,AB16,AB16,identity,1.000000,0,
OBS_001542,HT 85B,word_9,1,A310,A310,identity,1.000000,0,
OBS_001542,HT 85B,word_9,2,AB28,AB28,identity,1.000000,0,
OBS_001543,HT 86,a.1-2_log,0,GRA,GRA,identity,1.000000,0,
OBS_001543,HT 86,a.1-2_log,1,K,K,identity,1.000000,0,
OBS_001543,HT 86,a.1-2_log,2,L2,L2,identity,1.000000,0,
OBS_001544,HT 86,a.1-2_stmt,0,KU,KU,identity,1.000000,0,
OBS_001544,HT 86,a.1-2_stmt,1,NI,NI,identity,1.000000,0,
OBS_001544,HT 86,a.1-2_stmt,2,SU,SU,identity,1.000000,0,
OBS_001545,HT 86,a.1_stmt,0,A,A,identity,1.000000,0,
OBS_001545,HT 86,a.1_stmt,1,KA,KA,identity,1.000000,0,
OBS_001545,HT 86,a.1_stmt,2,RU,RU,identity,1.000000,0,
OBS_001546,HT 86,a.2_stmt,0,SA,SA,identity,1.000000,0,
OBS_001546,HT 86,a.2_stmt,1,RU,RU,identity,1.000000,0,
OBS_001547,HT 86,a.3_stmt,0,DI,DI,identity,1.000000,0,
OBS_001547,HT 86,a.3_stmt,1,DE,DE,identity,1.000000,0,
OBS_001547,HT 86,a.3_stmt,2,RU,RU,identity,1.000000,0,
OBS_001548,HT 86,a.3_stmt,0,QA,QA,identity,1.000000,0,
OBS_001548,HT 86,a.3_stmt,1,RA2,RA2,exact,1.000000,0,Canonical sign form
OBS_001548,HT 86,a.3_stmt,2,WA,WA,identity,1.000000,0,
OBS_001549,HT 86,a.4_log,0,GRA,GRA,identity,1.000000,0,
OBS_001549,HT 86,a.4_log,1,B,B,identity,1.000000,0,
OBS_001550,HT 86,a.4_stmt,0,A,A,identity,1.000000,0,
OBS_001550,HT 86,a.4_stmt,1,DU,DU,identity,1.000000,0,
OBS_001551,HT 86,a.4_stmt,0,DA,DA,identity,1.000000,0,
OBS_001551,HT 86,a.4_stmt,1,ME,ME,identity,1.000000,0,
OBS_001552,HT 86,a.5_stmt,0,MI,MI,identity,1.000000,0,
OBS_001552,HT 86,a.5_stmt,1,NU,NU,identity,1.000000,0,
OBS_001552,HT 86,a.5_stmt,2,TE,TE,identity,1.000000,0,
OBS_001553,HT 86,b.1-2_log,0,GRA,GRA,identity,1.000000,0,
OBS_001553,HT 86,b.1-2_log,1,K,K,identity,1.000000,0,
OBS_001553,HT 86,b.1-2_log,2,L2,L2,identity,1.000000,0,
OBS_001554,HT 86,b.1-2_stmt,0,[[KU,[[KU,identity,1.000000,0,
OBS_001554,HT 86,b.1-2_stmt,1,NI,NI,identity,1.000000,0,
OBS_001554,HT 86,b.1-2_stmt,2,SU,SU,identity,1.000000,0,
OBS_001555,HT 86,b.1_stmt,0,[[A,[[A,identity,1.000000,0,
OBS_001555,HT 86,b.1_stmt,1,KA,KA,identity,1.000000,0,
OBS_001555,HT 86,b.1_stmt,2,RU,RU,identity,1.000000,0,
OBS_001556,HT 86,b.2_stmt,0,[[SA,[[SA,identity,1.000000,0,
OBS_001556,HT 86,b.2_stmt,1,RU,RU,identity,1.000000,0,
OBS_001557,HT 86,b.3_stmt,0,[[DI,[[DI,identity,1.000000,0,
OBS_001557,HT 86,b.3_stmt,1,DE]],DE]],identity,1.000000,0,
OBS_001558,HT 86A,word_1,0,AB08,AB08,identity,1.000000,0,
OBS_001558,HT 86A,word_1,1,AB77,AB77,identity,1.000000,0,
OBS_001558,HT 86A,word_1,2,AB26,AB26,identity,1.000000,0,
OBS_001559,HT 86A,word_2,0,AB81,AB81,identity,1.000000,0,
OBS_001559,HT 86A,word_2,1,AB30,AB30,identity,1.000000,0,
OBS_001559,HT 86A,word_2,2,AB58,AB58,identity,1.000000,0,
OBS_001560,HT 86A,word_3,0,AB31,AB31,identity,1.000000,0,
OBS_001560,HT 86A,word_3,1,AB26,AB26,identity,1.000000,0,
OBS_001561,HT 86A,word_4,0,AB07,AB07,identity,1.000000,0,
OBS_001561,HT 86A,word_4,1,AB45,AB45,identity,1.000000,0,
OBS_001561,HT 86A,word_4,2,AB26,AB26,identity,1.000000,0,
OBS_001562,HT 86A,word_5,0,AB16,AB16,identity,1.000000,0,
OBS_001562,HT 86A,word_5,1,AB76,AB76,identity,1.000000,0,
OBS_001562,HT 86A,word_5,2,AB54,AB54,identity,1.000000,0,
OBS_001563,HT 86A,word_6,0,AB08,AB08,identity,1.000000,0,
OBS_001563,HT 86A,word_6,1,AB51,AB51,identity,1.000000,0,
OBS_001564,HT 86A,word_7,0,AB01,AB01,identity,1.000000,0,
OBS_001564,HT 86A,word_7,1,AB13,AB13,identity,1.000000,0,
OBS_001565,HT 86A,word_8,0,AB73,AB73,identity,1.000000,0,
OBS_001565,HT 86A,word_8,1,AB55,AB55,identity,1.000000,0,
OBS_001565,HT 86A,word_8,2,AB04,AB04,identity,1.000000,0,
OBS_001566,HT 86B,word_1,0,AB08,AB08,identity,1.000000,0,
OBS_001566,HT 86B,word_1,1,AB77,AB77,identity,1.000000,0,
OBS_001566,HT 86B,word_1,2,AB26,AB26,identity,1.000000,0,
OBS_001567,HT 86B,word_2,0,AB81,AB81,identity,1.000000,0,
OBS_001567,HT 86B,word_2,1,AB30,AB30,identity,1.000000,0,
OBS_001567,HT 86B,word_2,2,AB58,AB58,identity,1.000000,0,
OBS_001568,HT 86B,word_3,0,AB31,AB31,identity,1.000000,0,
OBS_001568,HT 86B,word_3,1,AB26,AB26,identity,1.000000,0,
OBS_001569,HT 86B,word_4,0,AB07,AB07,identity,1.000000,0,
OBS_001569,HT 86B,word_4,1,AB45,AB45,identity,1.000000,0,
OBS_001570,HT 87,.1-2_stmt,0,QIF,QIF,identity,1.000000,0,
OBS_001570,HT 87,.1-2_stmt,1,TU,TU,identity,1.000000,0,
OBS_001570,HT 87,.1-2_stmt,2,NE,NE,identity,1.000000,0,
OBS_001570,HT 87,.1-2_stmt,3,MA,MA,identity,1.000000,0,
OBS_001570,HT 87,.1-2_stmt,4,KA,KA,identity,1.000000,0,
OBS_001570,HT 87,.1-2_stmt,5,RI,RI,identity,1.000000,0,
OBS_001570,HT 87,.1-2_stmt,6,TE,TE,identity,1.000000,0,
OBS_001571,HT 87,.2_stmt,0,PI,PI,identity,1.000000,0,
OBS_001571,HT 87,.2_stmt,1,TA,TA,identity,1.000000,0,
OBS_001571,HT 87,.2_stmt,2,KE,KE,identity,1.000000,0,
OBS_001571,HT 87,.2_stmt,3,SI,SI,identity,1.000000,0,
OBS_001572,HT 87,.3_stmt,0,DI,DI,identity,1.000000,0,
OBS_001572,HT 87,.3_stmt,1,KI,KI,identity,1.000000,0,
OBS_001572,HT 87,.3_stmt,2,SE,SE,identity,1.000000,0,
OBS_001573,HT 87,.3_stmt,0,JA,JA,identity,1.000000,0,
OBS_001573,HT 87,.3_stmt,1,RE,RE,identity,1.000000,0,
OBS_001573,HT 87,.3_stmt,2,MI,MI,identity,1.000000,0,
OBS_001574,HT 87,.4_stmt,0,KU,KU,identity,1.000000,0,
OBS_001574,HT 87,.4_stmt,1,RU,RU,identity,1.000000,0,
OBS_001574,HT 87,.4_stmt,2,KU,KU,identity,1.000000,0,
OBS_001575,HT 87,.4_stmt,0,QE,QE,identity,1.000000,0,
OBS_001575,HT 87,.4_stmt,1,SU,SU,identity,1.000000,0,
OBS_001575,HT 87,.4_stmt,2,PU,PU,identity,1.000000,0,
OBS_001576,HT 87,.5_stmt,0,A,A,identity,1.000000,0,
OBS_001576,HT 87,.5_stmt,1,RA,RA,suppressed_in_strict,0.350000,1,
OBS_001576,HT 87,.5_stmt,2,A,A,identity,1.000000,0,
OBS_001576,HT 87,.5_stmt,3,TU,TU,identity,1.000000,0,
OBS_001577,HT 87,word_1,0,AB21F,AB21F,identity,1.000000,0,
OBS_001577,HT 87,word_1,1,AB69,AB69,identity,1.000000,0,
OBS_001577,HT 87,word_1,2,AB24,AB24,identity,1.000000,0,
OBS_001578,HT 87,word_2,0,AB80,AB80,identity,1.000000,0,
OBS_001578,HT 87,word_2,1,AB77,AB77,identity,1.000000,0,
OBS_001578,HT 87,word_2,2,AB53,AB53,identity,1.000000,0,
OBS_001578,HT 87,word_2,3,AB04,AB04,identity,1.000000,0,
OBS_001579,HT 87,word_3,0,AB39,AB39,identity,1.000000,0,
OBS_001579,HT 87,word_3,1,AB59,AB59,identity,1.000000,0,
OBS_001579,HT 87,word_3,2,AB44,AB44,identity,1.000000,0,
OBS_001579,HT 87,word_3,3,AB41,AB41,identity,1.000000,0,
OBS_001580,HT 87,word_4,0,AB57,AB57,identity,1.000000,0,
OBS_001580,HT 87,word_4,1,AB27,AB27,identity,1.000000,0,
OBS_001580,HT 87,word_4,2,AB73,AB73,identity,1.000000,0,
OBS_001581,HT 87,word_5,0,AB07,AB07,identity,1.000000,0,
OBS_001581,HT 87,word_5,1,AB67,AB67,exact,1.000000,0,Canonical sign form
OBS_001581,HT 87,word_5,2,AB09,AB09,identity,1.000000,0,
OBS_001582,HT 87,word_6,0,AB78,AB78,identity,1.000000,0,
OBS_001582,HT 87,word_6,1,AB58,AB58,identity,1.000000,0,
OBS_001582,HT 87,word_6,2,AB50,AB50,identity,1.000000,0,
OBS_001583,HT 87,word_7,0,AB81,AB81,identity,1.000000,0,
OBS_001583,HT 87,word_7,1,AB26,AB26,identity,1.000000,0,
OBS_001583,HT 87,word_7,2,AB81,AB81,identity,1.000000,0,
OBS_001584,HT 87,word_8,0,AB08,AB08,identity,1.000000,0,
OBS_001584,HT 87,word_8,1,AB60,AB60,identity,1.000000,0,
OBS_001584,HT 87,word_8,2,[?],[?],identity,1.000000,0,
OBS_001584,HT 87,word_8,3,AB08,AB08,identity,1.000000,0,
OBS_001584,HT 87,word_8,4,AB69,AB69,identity,1.000000,0,
OBS_001585,HT 88,.1-2_stmt,0,RE,RE,identity,1.000000,0,
OBS_001585,HT 88,.1-2_stmt,1,ZA,ZA,identity,1.000000,0,
OBS_001586,HT 88,.1_log,0,VIR,VIR,identity,1.000000,0,
OBS_001586,HT 88,.1_log,1,KA,KA,identity,1.000000,0,
OBS_001587,HT 88,.1_stmt,0,A,A,identity,1.000000,0,
OBS_001587,HT 88,.1_stmt,1,DU,DU,identity,1.000000,0,
OBS_001588,HT 88,.2_log,0,FIC,FIC,identity,1.000000,0,
OBS_001588,HT 88,.2_log,1,KI,KI,identity,1.000000,0,
OBS_001588,HT 88,.2_log,2,KI,KI,identity,1.000000,0,
OBS_001588,HT 88,.2_log,3,NA,NA,identity,1.000000,0,
OBS_001589,HT 88,.4_stmt,0,KA,KA,identity,1.000000,0,
OBS_001589,HT 88,.4_stmt,1,JU,JU,identity,1.000000,0,
OBS_001590,HT 88,.4_stmt,0,KI,KI,identity,1.000000,0,
OBS_001590,HT 88,.4_stmt,1,RO,RO,identity,1.000000,0,
OBS_001591,HT 88,.4_stmt,0,KU,KU,identity,1.000000,0,
OBS_001591,HT 88,.4_stmt,1,PA3,PA3,identity,1.000000,0,
OBS_001591,HT 88,.4_stmt,2,PA3,PA3,identity,1.000000,0,
OBS_001592,HT 88,.5-6_stmt,0,SA,SA,identity,1.000000,0,
OBS_001592,HT 88,.5-6_stmt,1,MA,MA,identity,1.000000,0,
OBS_001592,HT 88,.5-6_stmt,2,RO,RO,identity,1.000000,0,
OBS_001593,HT 88,.5_stmt,0,KU,KU,identity,1.000000,0,
OBS_001593,HT 88,.5_stmt,1,PA3,PA3,identity,1.000000,0,
OBS_001593,HT 88,.5_stmt,2,NU,NU,identity,1.000000,0,
OBS_001594,HT 88,.5_stmt,0,PA,PA,identity,1.000000,0,
OBS_001594,HT 88,.5_stmt,1,JA,JA,identity,1.000000,0,
OBS_001594,HT 88,.5_stmt,2,RE,RE,identity,1.000000,0,
OBS_001595,HT 88,.6_stmt,0,DA,DA,identity,1.000000,0,
OBS_001595,HT 88,.6_stmt,1,TA,TA,identity,1.000000,0,
OBS_001595,HT 88,.6_stmt,2,RE,RE,identity,1.000000,0,
OBS_001596,HT 88,.6_stmt,0,KU,KU,identity,1.000000,0,
OBS_001596,HT 88,.6_stmt,1,RO,RO,identity,1.000000,0,
OBS_001597,HT 88,word_1,0,AB08,AB08,identity,1.000000,0,
OBS_001597,HT 88,word_1,1,AB51,AB51,identity,1.000000,0,
OBS_001598,HT 88,word_10,0,AB01,AB01,identity,1.000000,0,
OBS_001598,HT 88,word_10,1,AB59,AB59,identity,1.000000,0,
OBS_001598,HT 88,word_10,2,AB27,AB27,identity,1.000000,0,
OBS_001599,HT 88,word_11,0,AB81,AB81,identity,1.000000,0,
OBS_001599,HT 88,word_11,1,AB02,AB02,identity,1.000000,0,
OBS_001600,HT 88,word_2,0,AB27,AB27,identity,1.000000,0,
OBS_001600,HT 88,word_2,1,AB17,AB17,identity,1.000000,0,
OBS_001601,HT 88,word_3,0,AB67,AB67,exact,1.000000,0,Canonical sign form
OBS_001601,HT 88,word_3,1,AB67,AB67,exact,1.000000,0,Canonical sign form
OBS_001601,HT 88,word_3,2,AB06,AB06,identity,1.000000,0,
OBS_001602,HT 88,word_4,0,AB67,AB67,exact,1.000000,0,Canonical sign form
OBS_001602,HT 88,word_4,1,AB02,AB02,identity,1.000000,0,
OBS_001603,HT 88,word_5,0,AB81,AB81,identity,1.000000,0,
OBS_001603,HT 88,word_5,1,AB56,AB56,identity,1.000000,0,
OBS_001603,HT 88,word_5,2,AB56,AB56,identity,1.000000,0,
OBS_001604,HT 88,word_6,0,AB77,AB77,identity,1.000000,0,
OBS_001604,HT 88,word_6,1,AB65,AB65,identity,1.000000,0,
OBS_001605,HT 88,word_7,0,AB81,AB81,identity,1.000000,0,
OBS_001605,HT 88,word_7,1,AB56,AB56,identity,1.000000,0,
OBS_001605,HT 88,word_7,2,AB55,AB55,identity,1.000000,0,
OBS_001606,HT 88,word_8,0,AB03,AB03,identity,1.000000,0,
OBS_001606,HT 88,word_8,1,AB57,AB57,identity,1.000000,0,
OBS_001606,HT 88,word_8,2,AB27,AB27,identity,1.000000,0,
OBS_001607,HT 88,word_9,0,AB31,AB31,identity,1.000000,0,
OBS_001607,HT 88,word_9,1,AB80,AB80,identity,1.000000,0,
OBS_001607,HT 88,word_9,2,AB02,AB02,identity,1.000000,0,
OBS_001608,HT 89,*307 *305 23_log,0,CA,CA,identity,1.000000,0,
OBS_001608,HT 89,*307 *305 23_log,1,10TH,10TH,identity,1.000000,0,
OBS_001608,HT 89,*307 *305 23_log,2,UNIT,UNIT,identity,1.000000,0,
OBS_001608,HT 89,*307 *305 23_log,3,TO,TO,identity,1.000000,0,
OBS_001608,HT 89,*307 *305 23_log,4,EACH,EACH,identity,1.000000,0,
OBS_001609,HT 89,*307 *305_stmt,0,JU,JU,identity,1.000000,0,
OBS_001609,HT 89,*307 *305_stmt,1,QE,QE,identity,1.000000,0,
OBS_001610,HT 89,.1_stmt,0,A,A,identity,1.000000,0,
OBS_001610,HT 89,.1_stmt,1,SA,SA,identity,1.000000,0,
OBS_001610,HT 89,.1_stmt,2,RA2,RA2,exact,1.000000,0,Canonical sign form
OBS_001611,HT 89,.2_log,0,JU,JU,identity,1.000000,0,
OBS_001611,HT 89,.2_log,1,QE,QE,identity,1.000000,0,
OBS_001612,HT 89,.2_stmt,0,MA,MA,identity,1.000000,0,
OBS_001612,HT 89,.2_stmt,1,I,I,identity,1.000000,0,
OBS_001612,HT 89,.2_stmt,2,MI,MI,identity,1.000000,0,
OBS_001613,HT 89,.3_log,0,VIR,VIR,identity,1.000000,0,
OBS_001613,HT 89,.3_log,1,*313A,*313A,identity,1.000000,0,
OBS_001614,HT 89,.3_stmt,0,TA,TA,identity,1.000000,0,
OBS_001614,HT 89,.3_stmt,1,RA,RA,suppressed_in_strict,0.350000,1,
OBS_001615,HT 89,.4_stmt,0,KU,KU,identity,1.000000,0,
OBS_001615,HT 89,.4_stmt,1,RO,RO,identity,1.000000,0,
OBS_001616,HT 89,.5_log,0,FIC,FIC,identity,1.000000,0,
OBS_001617,HT 89,.5_log,0,VINA,VINA,identity,1.000000,0,
OBS_001618,HT 89,Asara2 23_stmt,0,ASARA2,ASARA2,identity,1.000000,0,
OBS_001619,HT 89,JU+*317-QE 46_log,0,CA,CA,identity,1.000000,0,
OBS_001619,HT 89,JU+*317-QE 46_log,1,20TH,20TH,identity,1.000000,0,
OBS_001619,HT 89,JU+*317-QE 46_log,2,UNIT,UNIT,identity,1.000000,0,
OBS_001619,HT 89,JU+*317-QE 46_log,3,FIGS,FIGS,identity,1.000000,0,
OBS_001619,HT 89,JU+*317-QE 46_log,4,TO,TO,identity,1.000000,0,
OBS_001619,HT 89,JU+*317-QE 46_log,5,EACH,EACH,identity,1.000000,0,
OBS_001619,HT 89,JU+*317-QE 46_log,6,CF,CF,identity,1.000000,0,
OBS_001619,HT 89,JU+*317-QE 46_log,7,HT,HT,identity,1.000000,0,
OBS_001619,HT 89,JU+*317-QE 46_log,8,WHERE,WHERE,identity,1.000000,0,
OBS_001619,HT 89,JU+*317-QE 46_log,9,THE,THE,identity,1.000000,0,
OBS_001619,HT 89,JU+*317-QE 46_log,10,RATIO,RATIO,identity,1.000000,0,
OBS_001619,HT 89,JU+*317-QE 46_log,11,FIC,FIC,identity,1.000000,0,
OBS_001619,HT 89,JU+*317-QE 46_log,12,VIR,VIR,identity,1.000000,0,
OBS_001619,HT 89,JU+*317-QE 46_log,13,KA,KA,identity,1.000000,0,
OBS_001619,HT 89,JU+*317-QE 46_log,14,IS,IS,identity,1.000000,0,
OBS_001619,HT 89,JU+*317-QE 46_log,15,TIMES,TIMES,identity,1.000000,0,
OBS_001619,HT 89,JU+*317-QE 46_log,16,THIS,THIS,identity,1.000000,0,
OBS_001619,HT 89,JU+*317-QE 46_log,17,AMOUNT,AMOUNT,identity,1.000000,0,
OBS_001619,HT 89,JU+*317-QE 46_log,18,IF,IF,identity,1.000000,0,
OBS_001619,HT 89,JU+*317-QE 46_log,19,JU,JU,identity,1.000000,0,
OBS_001619,HT 89,JU+*317-QE 46_log,20,QE,QE,identity,1.000000,0,
OBS_001619,HT 89,JU+*317-QE 46_log,21,ARE,ARE,identity,1.000000,0,
OBS_001619,HT 89,JU+*317-QE 46_log,22,PEOPLE,PEOPLE,identity,1.000000,0,
OBS_001619,HT 89,JU+*317-QE 46_log,23,MIGHT,MIGHT,identity,1.000000,0,
OBS_001619,HT 89,JU+*317-QE 46_log,24,THEY,THEY,identity,1.000000,0,
OBS_001619,HT 89,JU+*317-QE 46_log,25,BE,BE,identity,1.000000,0,
OBS_001619,HT 89,JU+*317-QE 46_log,26,CHILDREN?,CHILDREN?,identity,1.000000,0,
OBS_001620,HT 89,JU+*317-QE 46_stmt,0,FIC,FIC,identity,1.000000,0,
OBS_001620,HT 89,JU+*317-QE 46_stmt,1,E,E,identity,1.000000,0,
OBS_001621,HT 89,VIR+*313 18_log,0,3RD,3RD,identity,1.000000,0,
OBS_001621,HT 89,VIR+*313 18_log,1,UNIT,UNIT,identity,1.000000,0,
OBS_001621,HT 89,VIR+*313 18_log,2,WINE,WINE,identity,1.000000,0,
OBS_001621,HT 89,VIR+*313 18_log,3,TO,TO,identity,1.000000,0,
OBS_001621,HT 89,VIR+*313 18_log,4,EACH,EACH,identity,1.000000,0,
OBS_001622,HT 89,table2_row3_log,0,MAIMI,MAIMI,identity,1.000000,0,
OBS_001623,HT 89,table2_row3_stmt,0,MAIMI,MAIMI,identity,1.000000,0,
OBS_001624,HT 89,table2_row4_log,0,TARA,TARA,identity,1.000000,0,
OBS_001625,HT 89,word_1,0,AB08,AB08,identity,1.000000,0,
OBS_001625,HT 89,word_1,1,AB31,AB31,identity,1.000000,0,
OBS_001625,HT 89,word_1,2,AB76,AB76,identity,1.000000,0,
OBS_001626,HT 89,word_2,0,AB80,AB80,identity,1.000000,0,
OBS_001626,HT 89,word_2,1,AB28,AB28,identity,1.000000,0,
OBS_001626,HT 89,word_2,2,AB73,AB73,identity,1.000000,0,
OBS_001627,HT 89,word_3,0,AB59,AB59,identity,1.000000,0,
OBS_001627,HT 89,word_3,1,AB60,AB60,identity,1.000000,0,
OBS_001628,HT 89,word_4,0,AB81,AB81,identity,1.000000,0,
OBS_001628,HT 89,word_4,1,AB02,AB02,identity,1.000000,0,
OBS_001629,HT 89,word_5,0,AB131A,AB131A,identity,1.000000,0,
OBS_001630,HT 8A,word_1,0,AB46,AB46,identity,1.000000,0,
OBS_001630,HT 8A,word_1,1,AB07,AB07,identity,1.000000,0,
OBS_001631,HT 8A,word_2,0,AB56,AB56,identity,1.000000,0,
OBS_001631,HT 8A,word_2,1,AB77,AB77,identity,1.000000,0,
OBS_001631,HT 8A,word_2,2,AB60,AB60,identity,1.000000,0,
OBS_001631,HT 8A,word_2,3,AB37,AB37,identity,1.000000,0,
OBS_001632,HT 8A,word_3,0,AB04,AB04,identity,1.000000,0,
OBS_001632,HT 8A,word_3,1,A301,A301,identity,1.000000,0,
OBS_001633,HT 8A,word_4,0,AB16,AB16,identity,1.000000,0,
OBS_001633,HT 8A,word_4,1,A310,A310,identity,1.000000,0,
OBS_001633,HT 8A,word_4,2,AB28,AB28,identity,1.000000,0,
OBS_001634,HT 8A,word_5,0,AB41,AB41,identity,1.000000,0,
OBS_001634,HT 8A,word_5,1,AB67,AB67,exact,1.000000,0,Canonical sign form
OBS_001634,HT 8A,word_5,2,AB60,AB60,identity,1.000000,0,
OBS_001635,HT 8A,word_6,0,AB67,AB67,exact,1.000000,0,Canonical sign form
OBS_001635,HT 8A,word_6,1,AB27,AB27,identity,1.000000,0,
OBS_001635,HT 8A,word_6,2,AB59,AB59,identity,1.000000,0,
OBS_001635,HT 8A,word_6,3,AB06,AB06,identity,1.000000,0,
OBS_001636,HT 8B,word_1,0,AB58,AB58,identity,1.000000,0,
OBS_001636,HT 8B,word_1,1,AB29,AB29,identity,1.000000,0,
OBS_001636,HT 8B,word_1,2,AB188,AB188,identity,1.000000,0,
OBS_001637,HT 8B,word_2,0,AB56,AB56,identity,1.000000,0,
OBS_001637,HT 8B,word_2,1,AB188,AB188,identity,1.000000,0,
OBS_001638,HT 8B,word_3,0,AB16,AB16,identity,1.000000,0,
OBS_001638,HT 8B,word_3,1,A310,A310,identity,1.000000,0,
OBS_001638,HT 8B,word_3,2,AB28,AB28,identity,1.000000,0,
OBS_001639,HT 8B,word_4,0,AB77,AB77,identity,1.000000,0,
OBS_001639,HT 8B,word_4,1,AB03,AB03,identity,1.000000,0,
OBS_001640,HT 8B,word_5,0,AB03,AB03,identity,1.000000,0,
OBS_001640,HT 8B,word_5,1,AB57,AB57,identity,1.000000,0,
OBS_001640,HT 8B,word_5,2,AB27,AB27,identity,1.000000,0,
OBS_001641,HT 9,a.1_log,0,TE,TE,identity,1.000000,0,
OBS_001641,HT 9,a.1_log,1,VINA,VINA,identity,1.000000,0,
OBS_001642,HT 9,a.1_stmt,0,SA,SA,identity,1.000000,0,
OBS_001642,HT 9,a.1_stmt,1,RO,RO,identity,1.000000,0,
OBS_001643,HT 9,a.2_stmt,0,PA,PA,identity,1.000000,0,
OBS_001643,HT 9,a.2_stmt,1,DE,DE,identity,1.000000,0,
OBS_001644,HT 9,a.3-4_stmt,0,QE,QE,identity,1.000000,0,
OBS_001644,HT 9,a.3-4_stmt,1,PU,PU,identity,1.000000,0,
OBS_001645,HT 9,a.3_stmt,0,DI,DI,identity,1.000000,0,
OBS_001645,HT 9,a.3_stmt,1,NA,NA,identity,1.000000,0,
OBS_001645,HT 9,a.3_stmt,2,U,U,identity,1.000000,0,
OBS_001646,HT 9,a.4-5_stmt,0,TA,TA,identity,1.000000,0,
OBS_001646,HT 9,a.4-5_stmt,1,I,I,identity,1.000000,0,
OBS_001647,HT 9,a.4_stmt,0,DI,DI,identity,1.000000,0,
OBS_001647,HT 9,a.4_stmt,1,RA,RA,suppressed_in_strict,0.350000,1,
OBS_001648,HT 9,a.5-6_stmt,0,A,A,identity,1.000000,0,
OBS_001648,HT 9,a.5-6_stmt,1,RU,RU,identity,1.000000,0,
OBS_001649,HT 9,a.6_stmt,0,KU,KU,identity,1.000000,0,
OBS_001649,HT 9,a.6_stmt,1,RO,RO,identity,1.000000,0,
OBS_001650,HT 9,b.1_log,0,PA3,PA3,identity,1.000000,0,
OBS_001651,HT 9,b.1_stmt,0,WA,WA,identity,1.000000,0,
OBS_001651,HT 9,b.1_stmt,1,JA,JA,identity,1.000000,0,
OBS_001651,HT 9,b.1_stmt,2,PI,PI,identity,1.000000,0,
OBS_001652,HT 9,b.2-3_stmt,0,A,A,identity,1.000000,0,
OBS_001652,HT 9,b.2-3_stmt,1,SI,SI,identity,1.000000,0,
OBS_001653,HT 9,b.2_stmt,0,PA,PA,identity,1.000000,0,
OBS_001653,HT 9,b.2_stmt,1,DE,DE,identity,1.000000,0,
OBS_001654,HT 9,b.3_stmt,0,DI,DI,identity,1.000000,0,
OBS_001654,HT 9,b.3_stmt,1,RA,RA,suppressed_in_strict,0.350000,1,
OBS_001655,HT 9,b.4_stmt,0,QE,QE,identity,1.000000,0,
OBS_001655,HT 9,b.4_stmt,1,PU,PU,identity,1.000000,0,
OBS_001656,HT 9,b.4_stmt,0,TA,TA,identity,1.000000,0,
OBS_001656,HT 9,b.4_stmt,1,I,I,identity,1.000000,0,
OBS_001657,HT 9,b.5_stmt,0,DI,DI,identity,1.000000,0,
OBS_001657,HT 9,b.5_stmt,1,NA,NA,identity,1.000000,0,
OBS_001657,HT 9,b.5_stmt,2,U,U,identity,1.000000,0,
OBS_001658,HT 9,b.6_stmt,0,KU,KU,identity,1.000000,0,
OBS_001658,HT 9,b.6_stmt,1,RO,RO,identity,1.000000,0,
OBS_001659,HT 90,.1-2_log,0,GRA,GRA,identity,1.000000,0,
OBS_001660,HT 90,.1-2_stmt,0,SA,SA,identity,1.000000,0,
OBS_001660,HT 90,.1-2_stmt,1,RA2,RA2,exact,1.000000,0,Canonical sign form
OBS_001661,HT 90,.1_stmt,0,I,I,identity,1.000000,0,
OBS_001661,HT 90,.1_stmt,1,KU,KU,identity,1.000000,0,
OBS_001661,HT 90,.1_stmt,2,RI,RI,identity,1.000000,0,
OBS_001661,HT 90,.1_stmt,3,NA,NA,identity,1.000000,0,
OBS_001662,HT 90,.2-3_log,0,GRA,GRA,identity,1.000000,0,
OBS_001663,HT 90,.2-3_stmt,0,SI,SI,identity,1.000000,0,
OBS_001663,HT 90,.2-3_stmt,1,RU,RU,identity,1.000000,0,
OBS_001663,HT 90,.2-3_stmt,2,MA,MA,identity,1.000000,0,
OBS_001663,HT 90,.2-3_stmt,3,RI,RI,identity,1.000000,0,
OBS_001663,HT 90,.2-3_stmt,4,TA2,TA2,identity,1.000000,0,
OBS_001664,HT 90,.2_log,0,FIC,FIC,identity,1.000000,0,
OBS_001665,HT 90,.2_log,0,OLE,OLE,identity,1.000000,0,
OBS_001665,HT 90,.2_log,1,DI,DI,identity,1.000000,0,
OBS_001666,HT 90,.3-4_log,0,FIC,FIC,identity,1.000000,0,
OBS_001667,HT 90,.4_log,0,OLE,OLE,identity,1.000000,0,
OBS_001667,HT 90,.4_log,1,MI,MI,identity,1.000000,0,
OBS_001668,HT 90,word_1,0,AB28,AB28,identity,1.000000,0,
OBS_001668,HT 90,word_1,1,AB81,AB81,identity,1.000000,0,
OBS_001668,HT 90,word_1,2,AB53,AB53,identity,1.000000,0,
OBS_001668,HT 90,word_1,3,AB06,AB06,identity,1.000000,0,
OBS_001669,HT 90,word_2,0,AB31,AB31,identity,1.000000,0,
OBS_001669,HT 90,word_2,1,AB76,AB76,identity,1.000000,0,
OBS_001670,HT 90,word_3,0,AB41,AB41,identity,1.000000,0,
OBS_001670,HT 90,word_3,1,AB26,AB26,identity,1.000000,0,
OBS_001670,HT 90,word_3,2,AB80,AB80,identity,1.000000,0,
OBS_001670,HT 90,word_3,3,AB53,AB53,identity,1.000000,0,
OBS_001670,HT 90,word_3,4,AB66,AB66,identity,1.000000,0,
OBS_001671,HT 91,.1_stmt,0,I,I,identity,1.000000,0,
OBS_001671,HT 91,.1_stmt,1,KA,KA,identity,1.000000,0,
OBS_001672,HT 91,.2-3_log,0,OLE,OLE,identity,1.000000,0,
OBS_001672,HT 91,.2-3_log,1,U,U,identity,1.000000,0,
OBS_001673,HT 91,.2_log,0,OLE,OLE,identity,1.000000,0,
OBS_001673,HT 91,.2_log,1,KI,KI,identity,1.000000,0,
OBS_001674,HT 91,.3_log,0,FIC,FIC,identity,1.000000,0,
OBS_001675,HT 91,.3_log,0,OLE,OLE,identity,1.000000,0,
OBS_001675,HT 91,.3_log,1,MI,MI,identity,1.000000,0,
OBS_001676,HT 91,.3_log,0,OLIV,OLIV,exact,1.000000,0,Canonical sign form
OBS_001677,HT 91,.4_log,0,VINA,VINA,identity,1.000000,0,
OBS_001678,HT 91,.5_log,0,OLE,OLE,identity,1.000000,0,
OBS_001678,HT 91,.5_log,1,MI,MI,identity,1.000000,0,
OBS_001679,HT 91,.5_stmt,0,TE,TE,identity,1.000000,0,
OBS_001679,HT 91,.5_stmt,1,RI,RI,identity,1.000000,0,
OBS_001680,HT 91,word_1,0,AB28,AB28,identity,1.000000,0,
OBS_001680,HT 91,word_1,1,AB77,AB77,identity,1.000000,0,
OBS_001681,HT 91,word_2,0,AB04,AB04,identity,1.000000,0,
OBS_001681,HT 91,word_2,1,AB53,AB53,identity,1.000000,0,
OBS_001682,HT 92,.1-2_log,0,GRA,GRA,identity,1.000000,0,
OBS_001683,HT 92,.1-2_stmt,0,A,A,identity,1.000000,0,
OBS_001683,HT 92,.1-2_stmt,1,DU,DU,identity,1.000000,0,
OBS_001684,HT 92,word_1,0,AB08,AB08,identity,1.000000,0,
OBS_001684,HT 92,word_1,1,AB51,AB51,identity,1.000000,0,
OBS_001685,HT 93,a.1-2_log,0,DA,DA,identity,1.000000,0,
OBS_001685,HT 93,a.1-2_log,1,RE,RE,identity,1.000000,0,
OBS_001685,HT 93,a.1-2_log,2,SE,SE,identity,1.000000,0,
OBS_001686,HT 93,a.1-2_stmt,0,DI,DI,identity,1.000000,0,
OBS_001686,HT 93,a.1-2_stmt,1,RI,RI,identity,1.000000,0,
OBS_001686,HT 93,a.1-2_stmt,2,NA,NA,identity,1.000000,0,
OBS_001687,HT 93,a.1_log,0,GRA,GRA,identity,1.000000,0,
OBS_001687,HT 93,a.1_log,1,PA3,PA3,identity,1.000000,0,
OBS_001687,HT 93,a.1_log,2,RE,RE,identity,1.000000,0,
OBS_001687,HT 93,a.1_log,3,SE,SE,identity,1.000000,0,
OBS_001688,HT 93,a.1_stmt,0,PA3,PA3,identity,1.000000,0,
OBS_001688,HT 93,a.1_stmt,1,NI,NI,identity,1.000000,0,
OBS_001688,HT 93,a.1_stmt,2,NA,NA,identity,1.000000,0,
OBS_001689,HT 93,a.2-3_stmt,0,KI,KI,identity,1.000000,0,
OBS_001689,HT 93,a.2-3_stmt,1,DI,DI,identity,1.000000,0,
OBS_001689,HT 93,a.2-3_stmt,2,NI,NI,identity,1.000000,0,
OBS_001690,HT 93,a.3-4_log,0,I,I,identity,1.000000,0,
OBS_001690,HT 93,a.3-4_log,1,GRA,GRA,identity,1.000000,0,
OBS_001690,HT 93,a.3-4_log,2,PA,PA,identity,1.000000,0,
OBS_001691,HT 93,a.3-4_stmt,0,A,A,identity,1.000000,0,
OBS_001691,HT 93,a.3-4_stmt,1,SE,SE,identity,1.000000,0,
OBS_001692,HT 93,a.4-5_log,0,I,I,identity,1.000000,0,
OBS_001692,HT 93,a.4-5_log,1,GRA,GRA,identity,1.000000,0,
OBS_001692,HT 93,a.4-5_log,2,PA,PA,identity,1.000000,0,
OBS_001693,HT 93,a.4-5_stmt,0,QA,QA,identity,1.000000,0,
OBS_001693,HT 93,a.4-5_stmt,1,QA,QA,identity,1.000000,0,
OBS_001693,HT 93,a.4-5_stmt,2,RU,RU,identity,1.000000,0,
OBS_001694,HT 93,a.4_stmt,0,SA,SA,identity,1.000000,0,
OBS_001694,HT 93,a.4_stmt,1,RA2,RA2,exact,1.000000,0,Canonical sign form
OBS_001695,HT 93,a.5-6_stmt,0,VIR,VIR,identity,1.000000,0,
OBS_001695,HT 93,a.5-6_stmt,1,I,I,identity,1.000000,0,
OBS_001696,HT 93,a.6_stmt,0,DE,DE,identity,1.000000,0,
OBS_001696,HT 93,a.6_stmt,1,JU,JU,identity,1.000000,0,
OBS_001696,HT 93,a.6_stmt,2,KU,KU,identity,1.000000,0,
OBS_001697,HT 93,a.7_log,0,*406VAS,*406VAS,identity,1.000000,0,
OBS_001698,HT 93,a.7_stmt,0,DA,DA,identity,1.000000,0,
OBS_001698,HT 93,a.7_stmt,1,RI,RI,identity,1.000000,0,
OBS_001698,HT 93,a.7_stmt,2,DA,DA,identity,1.000000,0,
OBS_001699,HT 93,a.8_stmt,0,PA,PA,identity,1.000000,0,
OBS_001699,HT 93,a.8_stmt,1,SE,SE,identity,1.000000,0,
OBS_001699,HT 93,a.8_stmt,2,JA,JA,identity,1.000000,0,
OBS_001700,HT 93,a.8_stmt,0,PA3,PA3,identity,1.000000,0,
OBS_001700,HT 93,a.8_stmt,1,NI,NI,identity,1.000000,0,
OBS_001700,HT 93,a.8_stmt,2,NA[,NA[,identity,1.000000,0,
OBS_001701,HT 93,a.9_log,0,VIR,VIR,identity,1.000000,0,
OBS_001702,HT 93,b.1_stmt,0,KI,KI,identity,1.000000,0,
OBS_001702,HT 93,b.1_stmt,1,RO[,RO[,identity,1.000000,0,
OBS_001703,HT 93A,word_1,0,AB56,AB56,identity,1.000000,0,
OBS_001703,HT 93A,word_1,1,AB30,AB30,identity,1.000000,0,
OBS_001703,HT 93A,word_1,2,AB06,AB06,identity,1.000000,0,
OBS_001704,HT 93A,word_10,0,AB01,AB01,identity,1.000000,0,
OBS_001704,HT 93A,word_10,1,AB53,AB53,identity,1.000000,0,
OBS_001704,HT 93A,word_10,2,AB01,AB01,identity,1.000000,0,
OBS_001705,HT 93A,word_11,0,AB56,AB56,identity,1.000000,0,
OBS_001705,HT 93A,word_11,1,AB30,AB30,identity,1.000000,0,
OBS_001705,HT 93A,word_11,2,AB06,AB06,identity,1.000000,0,
OBS_001706,HT 93A,word_12,0,AB03,AB03,identity,1.000000,0,
OBS_001706,HT 93A,word_12,1,AB09,AB09,identity,1.000000,0,
OBS_001706,HT 93A,word_12,2,AB57,AB57,identity,1.000000,0,
OBS_001707,HT 93A,word_13,0,[?],[?],identity,1.000000,0,
OBS_001707,HT 93A,word_13,1,AB77,AB77,identity,1.000000,0,
OBS_001708,HT 93A,word_2,0,AB07,AB07,identity,1.000000,0,
OBS_001708,HT 93A,word_2,1,AB53,AB53,identity,1.000000,0,
OBS_001708,HT 93A,word_2,2,AB06,AB06,identity,1.000000,0,
OBS_001709,HT 93A,word_3,0,AB67,AB67,exact,1.000000,0,Canonical sign form
OBS_001709,HT 93A,word_3,1,AB07,AB07,identity,1.000000,0,
OBS_001709,HT 93A,word_3,2,AB30,AB30,identity,1.000000,0,
OBS_001710,HT 93A,word_4,0,AB08,AB08,identity,1.000000,0,
OBS_001710,HT 93A,word_4,1,AB09,AB09,identity,1.000000,0,
OBS_001711,HT 93A,word_5,0,AB31,AB31,identity,1.000000,0,
OBS_001711,HT 93A,word_5,1,AB76,AB76,identity,1.000000,0,
OBS_001712,HT 93A,word_6,0,AB16,AB16,identity,1.000000,0,
OBS_001712,HT 93A,word_6,1,AB16,AB16,identity,1.000000,0,
OBS_001712,HT 93A,word_6,2,AB26,AB26,identity,1.000000,0,
OBS_001713,HT 93A,word_7,0,AB100,AB100,identity,1.000000,0,
OBS_001713,HT 93A,word_7,1,AB28,AB28,identity,1.000000,0,
OBS_001714,HT 93A,word_8,0,AB45,AB45,identity,1.000000,0,
OBS_001714,HT 93A,word_8,1,AB65,AB65,identity,1.000000,0,
OBS_001714,HT 93A,word_8,2,AB81,AB81,identity,1.000000,0,
OBS_001715,HT 93A,word_9,0,AB61,AB61,identity,1.000000,0,
OBS_001715,HT 93A,word_9,1,AB37,AB37,identity,1.000000,0,
OBS_001715,HT 93A,word_9,2,[?],[?],identity,1.000000,0,
OBS_001716,HT 93B,word_1,0,AB67,AB67,exact,1.000000,0,Canonical sign form
OBS_001716,HT 93B,word_1,1,AB02,AB02,identity,1.000000,0,
OBS_001717,HT 94,a .3_stmt,0,SA,SA,identity,1.000000,0,
OBS_001717,HT 94,a .3_stmt,1,RA2,RA2,exact,1.000000,0,Canonical sign form
OBS_001718,HT 94,a.1_log,0,VIR,VIR,identity,1.000000,0,
OBS_001719,HT 94,a.1_stmt,0,KA,KA,identity,1.000000,0,
OBS_001719,HT 94,a.1_stmt,1,PA,PA,identity,1.000000,0,
OBS_001720,HT 94,a.2_log,0,TI,TI,identity,1.000000,0,
OBS_001720,HT 94,a.2_log,1,A,A,identity,1.000000,0,
OBS_001721,HT 94,a.2_log,0,VIR,VIR,identity,1.000000,0,
OBS_001721,HT 94,a.2_log,1,*313B,*313B,identity,1.000000,0,
OBS_001722,HT 94,a.3_log,0,FIC,FIC,identity,1.000000,0,
OBS_001723,HT 94,a.3_stmt,0,KU,KU,identity,1.000000,0,
OBS_001723,HT 94,a.3_stmt,1,RO,RO,identity,1.000000,0,
OBS_001724,HT 94,a.3_stmt,0,SA,SA,identity,1.000000,0,
OBS_001724,HT 94,a.3_stmt,1,RA2,RA2,exact,1.000000,0,Canonical sign form
OBS_001725,HT 94,a.4_log,0,FIC,FIC,identity,1.000000,0,
OBS_001726,HT 94,a.4_stmt,0,[NAME,[NAME,identity,1.000000,0,
OBS_001727,HT 94,a.5_log,0,FIC,FIC,identity,1.000000,0,
OBS_001728,HT 94,a.5_stmt,0,[NAME,[NAME,identity,1.000000,0,
OBS_001729,HT 94,b.1_stmt,0,KI,KI,identity,1.000000,0,
OBS_001729,HT 94,b.1_stmt,1,RO,RO,identity,1.000000,0,
OBS_001730,HT 94,b.1_stmt,0,PA,PA,identity,1.000000,0,
OBS_001730,HT 94,b.1_stmt,1,TA,TA,identity,1.000000,0,
OBS_001730,HT 94,b.1_stmt,2,NE,NE,identity,1.000000,0,
OBS_001731,HT 94,b.1_stmt,0,TU,TU,identity,1.000000,0,
OBS_001731,HT 94,b.1_stmt,1,MA,MA,identity,1.000000,0,
OBS_001732,HT 94,b.2_stmt,0,DE,DE,identity,1.000000,0,
OBS_001732,HT 94,b.2_stmt,1,DI,DI,identity,1.000000,0,
OBS_001733,HT 94,b.2_stmt,0,KE,KE,identity,1.000000,0,
OBS_001733,HT 94,b.2_stmt,1,KI,KI,identity,1.000000,0,
OBS_001733,HT 94,b.2_stmt,2,RU,RU,identity,1.000000,0,
OBS_001734,HT 94,b.2_stmt,0,SA,SA,identity,1.000000,0,
OBS_001734,HT 94,b.2_stmt,1,RU,RU,identity,1.000000,0,
OBS_001735,HT 94,b.3_stmt,0,KU,KU,identity,1.000000,0,
OBS_001735,HT 94,b.3_stmt,1,RO,RO,identity,1.000000,0,
OBS_001736,HT 94,b.4_stmt,0,RA,RA,suppressed_in_strict,0.350000,1,
OBS_001736,HT 94,b.4_stmt,1,DE,DE,identity,1.000000,0,
OBS_001736,HT 94,b.4_stmt,2,ME,ME,identity,1.000000,0,
OBS_001736,HT 94,b.4_stmt,3,TE,TE,identity,1.000000,0,
OBS_001737,HT 94A,word_1,0,AB77,AB77,identity,1.000000,0,
OBS_001737,HT 94A,word_1,1,AB03,AB03,identity,1.000000,0,
OBS_001738,HT 94A,word_2,0,AB81,AB81,identity,1.000000,0,
OBS_001738,HT 94A,word_2,1,AB02,AB02,identity,1.000000,0,
OBS_001739,HT 94A,word_3,0,AB31,AB31,identity,1.000000,0,
OBS_001739,HT 94A,word_3,1,AB76,AB76,identity,1.000000,0,
OBS_001740,HT 94A,word_4,0,A318,A318,identity,1.000000,0,
OBS_001740,HT 94A,word_4,1,A306,A306,identity,1.000000,0,
OBS_001741,HT 94B,word_1,0,AB67,AB67,exact,1.000000,0,Canonical sign form
OBS_001741,HT 94B,word_1,1,AB02,AB02,identity,1.000000,0,
OBS_001742,HT 94B,word_2,0,AB69,AB69,identity,1.000000,0,
OBS_001742,HT 94B,word_2,1,AB80,AB80,identity,1.000000,0,
OBS_001743,HT 94B,word_3,0,AB03,AB03,identity,1.000000,0,
OBS_001743,HT 94B,word_3,1,AB59,AB59,identity,1.000000,0,
OBS_001743,HT 94B,word_3,2,AB24,AB24,identity,1.000000,0,
OBS_001744,HT 94B,word_4,0,AB45,AB45,identity,1.000000,0,
OBS_001744,HT 94B,word_4,1,AB07,AB07,identity,1.000000,0,
OBS_001745,HT 94B,word_5,0,AB44,AB44,identity,1.000000,0,
OBS_001745,HT 94B,word_5,1,AB67,AB67,exact,1.000000,0,Canonical sign form
OBS_001745,HT 94B,word_5,2,AB26,AB26,identity,1.000000,0,
OBS_001746,HT 94B,word_6,0,AB31,AB31,identity,1.000000,0,
OBS_001746,HT 94B,word_6,1,AB26,AB26,identity,1.000000,0,
OBS_001747,HT 94B,word_7,0,AB81,AB81,identity,1.000000,0,
OBS_001747,HT 94B,word_7,1,AB02,AB02,identity,1.000000,0,
OBS_001748,HT 94B,word_8,0,AB60,AB60,identity,1.000000,0,
OBS_001748,HT 94B,word_8,1,[?],[?],identity,1.000000,0,
OBS_001748,HT 94B,word_8,2,AB45,AB45,identity,1.000000,0,
OBS_001748,HT 94B,word_8,3,AB13,AB13,identity,1.000000,0,
OBS_001748,HT 94B,word_8,4,AB04,AB04,identity,1.000000,0,
OBS_001749,HT 94B,word_9,0,AB21F,AB21F,identity,1.000000,0,
OBS_001749,HT 94B,word_9,1,AB69,AB69,identity,1.000000,0,
OBS_001750,HT 95,a.1_log,0,GRA,GRA,identity,1.000000,0,
OBS_001751,HT 95,a.1_stmt,0,DA,DA,identity,1.000000,0,
OBS_001751,HT 95,a.1_stmt,1,DU,DU,identity,1.000000,0,
OBS_001751,HT 95,a.1_stmt,2,MA,MA,identity,1.000000,0,
OBS_001751,HT 95,a.1_stmt,3,TA,TA,identity,1.000000,0,
OBS_001752,HT 95,a.2_stmt,0,DA,DA,identity,1.000000,0,
OBS_001752,HT 95,a.2_stmt,1,ME,ME,identity,1.000000,0,
OBS_001753,HT 95,a.2_stmt,0,MI,MI,identity,1.000000,0,
OBS_001753,HT 95,a.2_stmt,1,NU,NU,identity,1.000000,0,
OBS_001753,HT 95,a.2_stmt,2,TE,TE,identity,1.000000,0,
OBS_001754,HT 95,a.3-4_stmt,0,KU,KU,identity,1.000000,0,
OBS_001754,HT 95,a.3-4_stmt,1,NI,NI,identity,1.000000,0,
OBS_001754,HT 95,a.3-4_stmt,2,SU,SU,identity,1.000000,0,
OBS_001755,HT 95,a.3_stmt,0,SA,SA,identity,1.000000,0,
OBS_001755,HT 95,a.3_stmt,1,RU,RU,identity,1.000000,0,
OBS_001756,HT 95,a.4-5_stmt,0,QE,QE,identity,1.000000,0,
OBS_001756,HT 95,a.4-5_stmt,1,RA2,RA2,exact,1.000000,0,Canonical sign form
OBS_001756,HT 95,a.4-5_stmt,2,U,U,identity,1.000000,0,
OBS_001757,HT 95,a.4_stmt,0,DI,DI,identity,1.000000,0,
OBS_001757,HT 95,a.4_stmt,1,DE,DE,identity,1.000000,0,
OBS_001757,HT 95,a.4_stmt,2,RU,RU,identity,1.000000,0,
OBS_001758,HT 95,b.1_stmt,0,A,A,identity,1.000000,0,
OBS_001758,HT 95,b.1_stmt,1,DU,DU,identity,1.000000,0,
OBS_001759,HT 95,b.1_stmt,0,SA,SA,identity,1.000000,0,
OBS_001759,HT 95,b.1_stmt,1,RU,RU,identity,1.000000,0,
OBS_001760,HT 95,b.2-3_stmt,0,MI,MI,identity,1.000000,0,
OBS_001760,HT 95,b.2-3_stmt,1,NU,NU,identity,1.000000,0,
OBS_001760,HT 95,b.2-3_stmt,2,TE,TE,identity,1.000000,0,
OBS_001761,HT 95,b.2_stmt,0,DA,DA,identity,1.000000,0,
OBS_001761,HT 95,b.2_stmt,1,ME,ME,identity,1.000000,0,
OBS_001762,HT 95,b.3-4_stmt,0,KU,KU,identity,1.000000,0,
OBS_001762,HT 95,b.3-4_stmt,1,NI,NI,identity,1.000000,0,
OBS_001762,HT 95,b.3-4_stmt,2,SU,SU,identity,1.000000,0,
OBS_001763,HT 95,b.4-5_stmt,0,QE,QE,identity,1.000000,0,
OBS_001763,HT 95,b.4-5_stmt,1,RA2,RA2,exact,1.000000,0,Canonical sign form
OBS_001763,HT 95,b.4-5_stmt,2,U,U,identity,1.000000,0,
OBS_001764,HT 95,b.4_stmt,0,DI,DI,identity,1.000000,0,
OBS_001764,HT 95,b.4_stmt,1,DE,DE,identity,1.000000,0,
OBS_001764,HT 95,b.4_stmt,2,RU,RU,identity,1.000000,0,
OBS_001765,HT 95A,word_1,0,AB01,AB01,identity,1.000000,0,
OBS_001765,HT 95A,word_1,1,AB51,AB51,identity,1.000000,0,
OBS_001765,HT 95A,word_1,2,AB80,AB80,identity,1.000000,0,
OBS_001765,HT 95A,word_1,3,AB59,AB59,identity,1.000000,0,
OBS_001766,HT 95A,word_2,0,AB01,AB01,identity,1.000000,0,
OBS_001766,HT 95A,word_2,1,AB13,AB13,identity,1.000000,0,
OBS_001767,HT 95A,word_3,0,AB73,AB73,identity,1.000000,0,
OBS_001767,HT 95A,word_3,1,AB55,AB55,identity,1.000000,0,
OBS_001767,HT 95A,word_3,2,AB04,AB04,identity,1.000000,0,
OBS_001768,HT 95A,word_4,0,AB31,AB31,identity,1.000000,0,
OBS_001768,HT 95A,word_4,1,AB26,AB26,identity,1.000000,0,
OBS_001769,HT 95A,word_5,0,AB81,AB81,identity,1.000000,0,
OBS_001769,HT 95A,word_5,1,AB30,AB30,identity,1.000000,0,
OBS_001769,HT 95A,word_5,2,[?],[?],identity,1.000000,0,
OBS_001770,HT 95A,word_6,0,AB07,AB07,identity,1.000000,0,
OBS_001770,HT 95A,word_6,1,AB45,AB45,identity,1.000000,0,
OBS_001770,HT 95A,word_6,2,AB26,AB26,identity,1.000000,0,
OBS_001770,HT 95A,word_6,3,AB78,AB78,identity,1.000000,0,
OBS_001770,HT 95A,word_6,4,AB76,AB76,identity,1.000000,0,
OBS_001770,HT 95A,word_6,5,AB10,AB10,identity,1.000000,0,
OBS_001771,HT 95B,word_1,0,AB08,AB08,identity,1.000000,0,
OBS_001771,HT 95B,word_1,1,AB51,AB51,identity,1.000000,0,
OBS_001772,HT 95B,word_2,0,AB31,AB31,identity,1.000000,0,
OBS_001772,HT 95B,word_2,1,AB26,AB26,identity,1.000000,0,
OBS_001773,HT 95B,word_3,0,AB01,AB01,identity,1.000000,0,
OBS_001773,HT 95B,word_3,1,AB17,AB17,identity,1.000000,0,
OBS_001774,HT 95B,word_4,0,AB73,AB73,identity,1.000000,0,
OBS_001774,HT 95B,word_4,1,AB55,AB55,identity,1.000000,0,
OBS_001774,HT 95B,word_4,2,AB04,AB04,identity,1.000000,0,
OBS_001775,HT 95B,word_5,0,AB81,AB81,identity,1.000000,0,
OBS_001775,HT 95B,word_5,1,AB30,AB30,identity,1.000000,0,
OBS_001775,HT 95B,word_5,2,AB58,AB58,identity,1.000000,0,
OBS_001776,HT 95B,word_6,0,AB07,AB07,identity,1.000000,0,
OBS_001776,HT 95B,word_6,1,AB45,AB45,identity,1.000000,0,
OBS_001776,HT 95B,word_6,2,AB26,AB26,identity,1.000000,0,
OBS_001777,HT 95B,word_7,0,AB78,AB78,identity,1.000000,0,
OBS_001777,HT 95B,word_7,1,AB76,AB76,identity,1.000000,0,
OBS_001777,HT 95B,word_7,2,AB10,AB10,identity,1.000000,0,
OBS_001778,HT 96,a.1-2_stmt,0,I,I,identity,1.000000,0,
OBS_001778,HT 96,a.1-2_stmt,1,TI,TI,identity,1.000000,0,
OBS_001778,HT 96,a.1-2_stmt,2,TI,TI,identity,1.000000,0,
OBS_001778,HT 96,a.1-2_stmt,3,KU,KU,identity,1.000000,0,
OBS_001778,HT 96,a.1-2_stmt,4,NI,NI,identity,1.000000,0,
OBS_001778,HT 96,a.1-2_stmt,5,A,A,identity,1.000000,0,
OBS_001778,HT 96,a.1-2_stmt,6,PA,PA,identity,1.000000,0,
OBS_001778,HT 96,a.1-2_stmt,7,RA,RA,suppressed_in_strict,0.350000,1,
OBS_001778,HT 96,a.1-2_stmt,8,NE,NE,identity,1.000000,0,
OBS_001778,HT 96,a.1-2_stmt,9,A,A,identity,1.000000,0,
OBS_001778,HT 96,a.1-2_stmt,10,TE,TE,identity,1.000000,0,
OBS_001779,HT 96,a.2-3_log,0,GRA,GRA,identity,1.000000,0,
OBS_001780,HT 96,a.2-3_stmt,0,SI,SI,identity,1.000000,0,
OBS_001780,HT 96,a.2-3_stmt,1,MI,MI,identity,1.000000,0,
OBS_001780,HT 96,a.2-3_stmt,2,TA,TA,identity,1.000000,0,
OBS_001781,HT 96,a.3_stmt,0,RU,RU,identity,1.000000,0,
OBS_001781,HT 96,a.3_stmt,1,SA,SA,identity,1.000000,0,
OBS_001782,HT 96,a.4_stmt,0,PI,PI,identity,1.000000,0,
OBS_001782,HT 96,a.4_stmt,1,TA,TA,identity,1.000000,0,
OBS_001782,HT 96,a.4_stmt,2,RA,RA,suppressed_in_strict,0.350000,1,
OBS_001783,HT 96,a.5_log,0,TE,TE,identity,1.000000,0,
OBS_001783,HT 96,a.5_log,1,FIC,FIC,identity,1.000000,0,
OBS_001784,HT 96,a.5_stmt,0,]KU,]KU,identity,1.000000,0,
OBS_001784,HT 96,a.5_stmt,1,MA,MA,identity,1.000000,0,
OBS_001784,HT 96,a.5_stmt,2,RO,RO,identity,1.000000,0,
OBS_001785,HT 96,a.6_log,0,]FIC,]FIC,identity,1.000000,0,
OBS_001786,HT 96,b.1-2_log,0,I,I,identity,1.000000,0,
OBS_001786,HT 96,b.1-2_log,1,[?],[?],identity,1.000000,0,
OBS_001786,HT 96,b.1-2_log,2,GRA,GRA,identity,1.000000,0,
OBS_001787,HT 96,b.1-2_stmt,0,QA,QA,identity,1.000000,0,
OBS_001787,HT 96,b.1-2_stmt,1,RA,RA,suppressed_in_strict,0.350000,1,
OBS_001787,HT 96,b.1-2_stmt,2,RE,RE,identity,1.000000,0,
OBS_001788,HT 96,b.1_stmt,0,A,A,identity,1.000000,0,
OBS_001788,HT 96,b.1_stmt,1,PA,PA,identity,1.000000,0,
OBS_001788,HT 96,b.1_stmt,2,RA,RA,suppressed_in_strict,0.350000,1,
OBS_001788,HT 96,b.1_stmt,3,NE,NE,identity,1.000000,0,
OBS_001789,HT 96,b.3_log,0,FIC,FIC,identity,1.000000,0,
OBS_001790,HT 96,b.3_log,0,OLE,OLE,identity,1.000000,0,
OBS_001790,HT 96,b.3_log,1,U,U,identity,1.000000,0,
OBS_001791,HT 96A,word_1,0,AB28,AB28,identity,1.000000,0,
OBS_001791,HT 96A,word_1,1,AB37,AB37,identity,1.000000,0,
OBS_001791,HT 96A,word_1,2,AB37,AB37,identity,1.000000,0,
OBS_001791,HT 96A,word_1,3,AB81,AB81,identity,1.000000,0,
OBS_001791,HT 96A,word_1,4,AB30,AB30,identity,1.000000,0,
OBS_001792,HT 96A,word_2,0,AB08,AB08,identity,1.000000,0,
OBS_001792,HT 96A,word_2,1,AB03,AB03,identity,1.000000,0,
OBS_001792,HT 96A,word_2,2,AB60,AB60,identity,1.000000,0,
OBS_001792,HT 96A,word_2,3,AB24,AB24,identity,1.000000,0,
OBS_001793,HT 96A,word_3,0,AB08,AB08,identity,1.000000,0,
OBS_001793,HT 96A,word_3,1,AB123,AB123,identity,1.000000,0,
OBS_001793,HT 96A,word_3,2,AB04,AB04,identity,1.000000,0,
OBS_001794,HT 96A,word_4,0,AB41,AB41,identity,1.000000,0,
OBS_001794,HT 96A,word_4,1,AB73,AB73,identity,1.000000,0,
OBS_001794,HT 96A,word_4,2,AB59,AB59,identity,1.000000,0,
OBS_001795,HT 96A,word_5,0,AB26,AB26,identity,1.000000,0,
OBS_001795,HT 96A,word_5,1,AB31,AB31,identity,1.000000,0,
OBS_001796,HT 96A,word_6,0,AB39,AB39,identity,1.000000,0,
OBS_001796,HT 96A,word_6,1,AB59,AB59,identity,1.000000,0,
OBS_001796,HT 96A,word_6,2,AB60,AB60,identity,1.000000,0,
OBS_001797,HT 96A,word_7,0,AB81,AB81,identity,1.000000,0,
OBS_001797,HT 96A,word_7,1,AB80,AB80,identity,1.000000,0,
OBS_001797,HT 96A,word_7,2,AB02,AB02,identity,1.000000,0,
OBS_001798,HT 96B,word_1,0,AB08,AB08,identity,1.000000,0,
OBS_001798,HT 96B,word_1,1,AB03,AB03,identity,1.000000,0,
OBS_001798,HT 96B,word_1,2,AB60,AB60,identity,1.000000,0,
OBS_001798,HT 96B,word_1,3,AB24,AB24,identity,1.000000,0,
OBS_001799,HT 96B,word_2,0,AB16,AB16,identity,1.000000,0,
OBS_001799,HT 96B,word_2,1,AB118,AB118,identity,1.000000,0,
OBS_001799,HT 96B,word_2,2,AB60,AB60,identity,1.000000,0,
OBS_001799,HT 96B,word_2,3,AB27,AB27,identity,1.000000,0,
OBS_001800,HT 97,a.1_stmt,0,KA,KA,identity,1.000000,0,
OBS_001800,HT 97,a.1_stmt,1,RU,RU,identity,1.000000,0,
OBS_001801,HT 97,a.3_stmt,0,KA,KA,identity,1.000000,0,
OBS_001801,HT 97,a.3_stmt,1,NU,NU,identity,1.000000,0,
OBS_001801,HT 97,a.3_stmt,2,TI,TI,identity,1.000000,0,
OBS_001802,HT 97,a.3_stmt,0,PA,PA,identity,1.000000,0,
OBS_001802,HT 97,a.3_stmt,1,I,I,identity,1.000000,0,
OBS_001802,HT 97,a.3_stmt,2,TO,TO,identity,1.000000,0,
OBS_001803,HT 97,a.4_stmt,0,MA,MA,identity,1.000000,0,
OBS_001803,HT 97,a.4_stmt,1,DI,DI,identity,1.000000,0,
OBS_001804,HT 97,a.4_stmt,0,NA,NA,identity,1.000000,0,
OBS_001804,HT 97,a.4_stmt,1,TI,TI,identity,1.000000,0,
OBS_001805,HT 97,a.5_stmt,0,TA,TA,identity,1.000000,0,
OBS_001805,HT 97,a.5_stmt,1,TI,TI,identity,1.000000,0,
OBS_001806,HT 97,b._log,0,SA,SA,identity,1.000000,0,
OBS_001806,HT 97,b._log,1,RA2,RA2,exact,1.000000,0,Canonical sign form
OBS_001807,HT 97A,word_1,0,AB77,AB77,identity,1.000000,0,
OBS_001807,HT 97A,word_1,1,AB26,AB26,identity,1.000000,0,
OBS_001808,HT 97A,word_2,0,AB77,AB77,identity,1.000000,0,
OBS_001808,HT 97A,word_2,1,AB55,AB55,identity,1.000000,0,
OBS_001808,HT 97A,word_2,2,AB37,AB37,identity,1.000000,0,
OBS_001809,HT 97A,word_3,0,AB03,AB03,identity,1.000000,0,
OBS_001809,HT 97A,word_3,1,AB28,AB28,identity,1.000000,0,
OBS_001809,HT 97A,word_3,2,AB05,AB05,identity,1.000000,0,
OBS_001810,HT 97A,word_4,0,AB06,AB06,identity,1.000000,0,
OBS_001810,HT 97A,word_4,1,AB37,AB37,identity,1.000000,0,
OBS_001810,HT 97A,word_4,2,AB80,AB80,identity,1.000000,0,
OBS_001810,HT 97A,word_4,3,AB07,AB07,identity,1.000000,0,
OBS_001811,HT 97A,word_5,0,AB59,AB59,identity,1.000000,0,
OBS_001811,HT 97A,word_5,1,AB37,AB37,identity,1.000000,0,
OBS_001812,HT 97A,word_6,0,AB45,AB45,identity,1.000000,0,
OBS_001812,HT 97A,word_6,1,[?],[?],identity,1.000000,0,
OBS_001813,HT 97A,word_7,0,AB08,AB08,identity,1.000000,0,
OBS_001814,HT 97B,word_1,0,AB31,AB31,identity,1.000000,0,
OBS_001814,HT 97B,word_1,1,AB76,AB76,identity,1.000000,0,
OBS_001815,HT 98,a.2-3_stmt,0,DI,DI,identity,1.000000,0,
OBS_001815,HT 98,a.2-3_stmt,1,RE,RE,identity,1.000000,0,
OBS_001815,HT 98,a.2-3_stmt,2,DI,DI,identity,1.000000,0,
OBS_001815,HT 98,a.2-3_stmt,3,NA,NA,identity,1.000000,0,
OBS_001816,HT 98,a.2_stmt,0,TA,TA,identity,1.000000,0,
OBS_001816,HT 98,a.2_stmt,1,NA,NA,identity,1.000000,0,
OBS_001816,HT 98,a.2_stmt,2,TI,TI,identity,1.000000,0,
OBS_001817,HT 98,a.4-5_stmt,0,KA,KA,identity,1.000000,0,
OBS_001817,HT 98,a.4-5_stmt,1,RI,RI,identity,1.000000,0,
OBS_001817,HT 98,a.4-5_stmt,2,I,I,identity,1.000000,0,
OBS_001818,HT 98,a.4_stmt,0,RO,RO,identity,1.000000,0,
OBS_001818,HT 98,a.4_stmt,1,KE,KE,identity,1.000000,0,
OBS_001819,HT 98,b.2_log,0,]VINA,]VINA,identity,1.000000,0,
OBS_001820,HT 98,b.2_stmt,0,DA,DA,identity,1.000000,0,
OBS_001820,HT 98,b.2_stmt,1,RU,RU,identity,1.000000,0,
OBS_001820,HT 98,b.2_stmt,2,NE,NE,identity,1.000000,0,
OBS_001820,HT 98,b.2_stmt,3,TE,TE,identity,1.000000,0,
OBS_001821,HT 98A,word_2,0,[?],[?],identity,1.000000,0,
OBS_001821,HT 98A,word_2,1,AB45,AB45,identity,1.000000,0,
OBS_001822,HT 98A,word_3,0,AB69,AB69,identity,1.000000,0,
OBS_001823,HT 98A,word_4,0,AB59,AB59,identity,1.000000,0,
OBS_001823,HT 98A,word_4,1,AB06,AB06,identity,1.000000,0,
OBS_001823,HT 98A,word_4,2,AB37,AB37,identity,1.000000,0,
OBS_001824,HT 98A,word_5,0,AB07,AB07,identity,1.000000,0,
OBS_001824,HT 98A,word_5,1,AB27,AB27,identity,1.000000,0,
OBS_001824,HT 98A,word_5,2,AB07,AB07,identity,1.000000,0,
OBS_001824,HT 98A,word_5,3,AB06,AB06,identity,1.000000,0,
OBS_001825,HT 98A,word_6,0,AB04,AB04,identity,1.000000,0,
OBS_001825,HT 98A,word_6,1,A301,A301,identity,1.000000,0,
OBS_001826,HT 98A,word_7,0,AB02,AB02,identity,1.000000,0,
OBS_001826,HT 98A,word_7,1,AB44,AB44,identity,1.000000,0,
OBS_001827,HT 98A,word_8,0,AB77,AB77,identity,1.000000,0,
OBS_001827,HT 98A,word_8,1,AB53,AB53,identity,1.000000,0,
OBS_001827,HT 98A,word_8,2,A310,A310,identity,1.000000,0,
OBS_001827,HT 98A,word_8,3,AB28,AB28,identity,1.000000,0,
OBS_001828,HT 98B,word_1,0,AB01,AB01,identity,1.000000,0,
OBS_001828,HT 98B,word_1,1,AB26,AB26,identity,1.000000,0,
OBS_001828,HT 98B,word_1,2,AB24,AB24,identity,1.000000,0,
OBS_001828,HT 98B,word_1,3,AB04,AB04,identity,1.000000,0,
OBS_001829,HT 99,a.1_stmt,0,A,A,identity,1.000000,0,
OBS_001829,HT 99,a.1_stmt,1,DU,DU,identity,1.000000,0,
OBS_001830,HT 99,a.1_stmt,0,SA,SA,identity,1.000000,0,
OBS_001830,HT 99,a.1_stmt,1,RA2,RA2,exact,1.000000,0,Canonical sign form
OBS_001831,HT 99,a.2_log,0,FIC,FIC,identity,1.000000,0,
OBS_001832,HT 99,a.2_log,0,GRA,GRA,identity,1.000000,0,
OBS_001832,HT 99,a.2_log,1,QE[,QE[,identity,1.000000,0,
OBS_001833,HT 99,a.2_log,0,VINA,VINA,identity,1.000000,0,
OBS_001834,HT 99,b.1_log,0,SI,SI,identity,1.000000,0,
OBS_001834,HT 99,b.1_log,1,SE,SE,identity,1.000000,0,
OBS_001834,HT 99,b.1_log,2,FIC,FIC,identity,1.000000,0,
OBS_001835,HT 99,b.1_stmt,0,DA,DA,identity,1.000000,0,
OBS_001835,HT 99,b.1_stmt,1,SI,SI,identity,1.000000,0,
OBS_001836,HT 99,b.1_stmt,0,ZU,ZU,identity,1.000000,0,
OBS_001836,HT 99,b.1_stmt,1,DU,DU,identity,1.000000,0,
OBS_001837,HT 99,b.2-3_stmt,0,RU,RU,identity,1.000000,0,
OBS_001837,HT 99,b.2-3_stmt,1,MA,MA,identity,1.000000,0,
OBS_001837,HT 99,b.2-3_stmt,2,TA,TA,identity,1.000000,0,
OBS_001838,HT 99A,word_1,0,AB08,AB08,identity,1.000000,0,
OBS_001838,HT 99A,word_1,1,AB51,AB51,identity,1.000000,0,
OBS_001839,HT 99A,word_2,0,AB31,AB31,identity,1.000000,0,
OBS_001839,HT 99A,word_2,1,AB76,AB76,identity,1.000000,0,
OBS_001840,HT 99B,word_1,0,AB01,AB01,identity,1.000000,0,
OBS_001840,HT 99B,word_1,1,AB41,AB41,identity,1.000000,0,
OBS_001840,HT 99B,word_1,2,AB118,AB118,identity,1.000000,0,
OBS_001841,HT 99B,word_2,0,AB79,AB79,identity,1.000000,0,
OBS_001841,HT 99B,word_2,1,AB51,AB51,identity,1.000000,0,
OBS_001842,HT 99B,word_3,0,AB26,AB26,identity,1.000000,0,
OBS_001842,HT 99B,word_3,1,AB80,AB80,identity,1.000000,0,
OBS_001842,HT 99B,word_3,2,AB59,AB59,identity,1.000000,0,
OBS_001843,HT 9A,word_1,0,AB31,AB31,identity,1.000000,0,
OBS_001843,HT 9A,word_1,1,AB02,AB02,identity,1.000000,0,
OBS_001844,HT 9A,word_2,0,AB03,AB03,identity,1.000000,0,
OBS_001844,HT 9A,word_2,1,AB45,AB45,identity,1.000000,0,
OBS_001845,HT 9A,word_3,0,A306,A306,identity,1.000000,0,
OBS_001845,HT 9A,word_3,1,AB69,AB69,identity,1.000000,0,
OBS_001846,HT 9A,word_4,0,AB07,AB07,identity,1.000000,0,
OBS_001846,HT 9A,word_4,1,AB06,AB06,identity,1.000000,0,
OBS_001846,HT 9A,word_4,2,AB10,AB10,identity,1.000000,0,
OBS_001847,HT 9A,word_5,0,AB78,AB78,identity,1.000000,0,
OBS_001847,HT 9A,word_5,1,AB50,AB50,identity,1.000000,0,
OBS_001848,HT 9A,word_6,0,A324,A324,identity,1.000000,0,
OBS_001848,HT 9A,word_6,1,AB07,AB07,identity,1.000000,0,
OBS_001848,HT 9A,word_6,2,AB60,AB60,identity,1.000000,0,
OBS_001849,HT 9A,word_7,0,AB59,AB59,identity,1.000000,0,
OBS_001849,HT 9A,word_7,1,AB28,AB28,identity,1.000000,0,
OBS_001849,HT 9A,word_7,2,AB123,AB123,identity,1.000000,0,
OBS_001850,HT 9A,word_8,0,AB08,AB08,identity,1.000000,0,
OBS_001850,HT 9A,word_8,1,AB26,AB26,identity,1.000000,0,
OBS_001850,HT 9A,word_8,2,AB81,AB81,identity,1.000000,0,
OBS_001850,HT 9A,word_8,3,AB02,AB02,identity,1.000000,0,
OBS_001851,HT 9B,word_1,0,AB54,AB54,identity,1.000000,0,
OBS_001851,HT 9B,word_1,1,AB57,AB57,identity,1.000000,0,
OBS_001851,HT 9B,word_1,2,AB39,AB39,identity,1.000000,0,
OBS_001851,HT 9B,word_1,3,[?],[?],identity,1.000000,0,
OBS_001852,HT 9B,word_10,0,AB81,AB81,identity,1.000000,0,
OBS_001852,HT 9B,word_10,1,AB02,AB02,identity,1.000000,0,
OBS_001853,HT 9B,word_2,0,AB77,AB77,identity,1.000000,0,
OBS_001853,HT 9B,word_2,1,A305,A305,identity,1.000000,0,
OBS_001854,HT 9B,word_3,0,AB03,AB03,identity,1.000000,0,
OBS_001854,HT 9B,word_3,1,AB45,AB45,identity,1.000000,0,
OBS_001855,HT 9B,word_4,0,AB08,AB08,identity,1.000000,0,
OBS_001855,HT 9B,word_4,1,AB41,AB41,identity,1.000000,0,
OBS_001856,HT 9B,word_5,0,A306,A306,identity,1.000000,0,
OBS_001856,HT 9B,word_5,1,AB69,AB69,identity,1.000000,0,
OBS_001857,HT 9B,word_6,0,A324,A324,identity,1.000000,0,
OBS_001857,HT 9B,word_6,1,AB07,AB07,identity,1.000000,0,
OBS_001857,HT 9B,word_6,2,AB60,AB60,identity,1.000000,0,
OBS_001858,HT 9B,word_7,0,AB78,AB78,identity,1.000000,0,
OBS_001858,HT 9B,word_7,1,AB50,AB50,identity,1.000000,0,
OBS_001859,HT 9B,word_8,0,AB59,AB59,identity,1.000000,0,
OBS_001859,HT 9B,word_8,1,AB28,AB28,identity,1.000000,0,
OBS_001859,HT 9B,word_8,2,AB123,AB123,identity,1.000000,0,
OBS_001860,HT 9B,word_9,0,AB07,AB07,identity,1.000000,0,
OBS_001860,HT 9B,word_9,1,AB06,AB06,identity,1.000000,0,
OBS_001860,HT 9B,word_9,2,AB10,AB10,identity,1.000000,0,
OBS_001861,HT WA 1001,word_1,0,AB01,AB01,identity,1.000000,0,
OBS_001861,HT WA 1001,word_1,1,AB77,AB77,identity,1.000000,0,
OBS_001862,HT WA 1002,word_1,0,AB01,AB01,identity,1.000000,0,
OBS_001862,HT WA 1002,word_1,1,AB77,AB77,identity,1.000000,0,
OBS_001863,HT WA 1003,word_1,0,AB01,AB01,identity,1.000000,0,
OBS_001863,HT WA 1003,word_1,1,AB77,AB77,identity,1.000000,0,
OBS_001864,HT WA 1004,word_1,0,AB01,AB01,identity,1.000000,0,
OBS_001864,HT WA 1004,word_1,1,AB77,AB77,identity,1.000000,0,
OBS_001865,HT WA 1005,word_1,0,AB01,AB01,identity,1.000000,0,
OBS_001865,HT WA 1005,word_1,1,AB77,AB77,identity,1.000000,0,
OBS_001866,HT WA 1006,word_1,0,AB28,AB28,identity,1.000000,0,
OBS_001866,HT WA 1006,word_1,1,AB76,AB76,identity,1.000000,0,
OBS_001867,HT WA 1007,word_1,0,AB28,AB28,identity,1.000000,0,
OBS_001867,HT WA 1007,word_1,1,AB76,AB76,identity,1.000000,0,
OBS_001868,HT WA 1008,word_1,0,AB28,AB28,identity,1.000000,0,
OBS_001868,HT WA 1008,word_1,1,AB76,AB76,identity,1.000000,0,
OBS_001869,HT WA 1009,word_1,0,AB28,AB28,identity,1.000000,0,
OBS_001869,HT WA 1009,word_1,1,AB76,AB76,identity,1.000000,0,
OBS_001870,HT WA 1010,word_1,0,AB28,AB28,identity,1.000000,0,
OBS_001870,HT WA 1010,word_1,1,AB76,AB76,identity,1.000000,0,
OBS_001871,HT WA 1011,word_1,0,AB28,AB28,identity,1.000000,0,
OBS_001871,HT WA 1011,word_1,1,AB76,AB76,identity,1.000000,0,
OBS_001872,HT WA 1012,word_1,0,AB28,AB28,identity,1.000000,0,
OBS_001872,HT WA 1012,word_1,1,AB76,AB76,identity,1.000000,0,
OBS_001873,HT WA 1013,word_1,0,AB28,AB28,identity,1.000000,0,
OBS_001873,HT WA 1013,word_1,1,AB76,AB76,identity,1.000000,0,
OBS_001874,HT WA 1014,word_1,0,AB41,AB41,identity,1.000000,0,
OBS_001874,HT WA 1014,word_1,1,AB77,AB77,identity,1.000000,0,
OBS_001875,HT WA 1015,word_1,0,AB41,AB41,identity,1.000000,0,
OBS_001875,HT WA 1015,word_1,1,AB77,AB77,identity,1.000000,0,
OBS_001876,HT WA 1016,word_1,0,AB41,AB41,identity,1.000000,0,
OBS_001876,HT WA 1016,word_1,1,AB77,AB77,identity,1.000000,0,
OBS_001877,HT WA 1017,word_1,0,AB41,AB41,identity,1.000000,0,
OBS_001877,HT WA 1017,word_1,1,AB77,AB77,identity,1.000000,0,
OBS_001878,HT WA 1018,word_1,0,AB41,AB41,identity,1.000000,0,
OBS_001878,HT WA 1018,word_1,1,AB77,AB77,identity,1.000000,0,
OBS_001879,HT WA 1019,word_1,0,AB03,AB03,identity,1.000000,0,
OBS_001879,HT WA 1019,word_1,1,AB59,AB59,identity,1.000000,0,
OBS_001879,HT WA 1019,word_1,2,AB24,AB24,identity,1.000000,0,
OBS_001880,HT WA 1019,word_1,0,AB41,AB41,identity,1.000000,0,
OBS_001880,HT WA 1019,word_1,1,AB69,AB69,identity,1.000000,0,
OBS_001881,HT WA 1020,word_1,0,A629,A629,identity,1.000000,0,
OBS_001882,HT WA 1020,word_1,0,AB46,AB46,identity,1.000000,0,
OBS_001882,HT WA 1020,word_1,1,AB59,AB59,identity,1.000000,0,
OBS_001882,HT WA 1020,word_1,2,AB06,AB06,identity,1.000000,0,
OBS_001883,HT WA 1020,word_2,0,AB81,AB81,identity,1.000000,0,
OBS_001883,HT WA 1020,word_2,1,AB03,AB03,identity,1.000000,0,
OBS_001884,HT WA 1021,word_1,0,AB188,AB188,identity,1.000000,0,
OBS_001884,HT WA 1021,word_1,1,AB51,AB51,identity,1.000000,0,
OBS_001885,HT WA 1028,word_1,0,AB41,AB41,identity,1.000000,0,
OBS_001886,HT WA 1028,word_1,0,AB77,AB77,identity,1.000000,0,
OBS_001887,HT WA 1029,word_1,0,A301,A301,identity,1.000000,0,
OBS_001888,HT WA 1242,word_1,0,AB41,AB41,identity,1.000000,0,
OBS_001889,HT WC 3001,.a: PA-SE-JA_stmt,0,B,B,identity,1.000000,0,
OBS_001889,HT WC 3001,.a: PA-SE-JA_stmt,1,J,J,identity,1.000000,0,
OBS_001890,HT WC 3001,word_1,0,AB03,AB03,identity,1.000000,0,
OBS_001890,HT WC 3001,word_1,1,AB09,AB09,identity,1.000000,0,
OBS_001890,HT WC 3001,word_1,2,AB57,AB57,identity,1.000000,0,
OBS_001891,HT WC 3002,word_1,0,AB03,AB03,identity,1.000000,0,
OBS_001891,HT WC 3002,word_1,1,AB09,AB09,identity,1.000000,0,
OBS_001891,HT WC 3002,word_1,2,AB57,AB57,identity,1.000000,0,
OBS_001892,HT WC 3003,word_1,0,AB77,AB77,identity,1.000000,0,
OBS_001892,HT WC 3003,word_1,1,AB27,AB27,identity,1.000000,0,
OBS_001892,HT WC 3003,word_1,2,AB02,AB02,identity,1.000000,0,
OBS_001893,HT WC 3004,.a: TA-NI-KA_stmt,0,B,B,identity,1.000000,0,
OBS_001893,HT WC 3004,.a: TA-NI-KA_stmt,1,SE,SE,identity,1.000000,0,
OBS_001894,HT WC 3004A,word_1,0,AB79,AB79,identity,1.000000,0,
OBS_001894,HT WC 3004A,word_1,1,AB30,AB30,identity,1.000000,0,
OBS_001894,HT WC 3004A,word_1,2,AB77,AB77,identity,1.000000,0,
OBS_001895,HT WC 3005,a: TA-NI- KA_stmt,0,B,B,identity,1.000000,0,
OBS_001895,HT WC 3005,a: TA-NI- KA_stmt,1,SE,SE,identity,1.000000,0,
OBS_001896,HT WC 3005A,word_1,0,AB59,AB59,identity,1.000000,0,
OBS_001896,HT WC 3005A,word_1,1,AB30,AB30,identity,1.000000,0,
OBS_001896,HT WC 3005A,word_1,2,AB77,AB77,identity,1.000000,0,
OBS_001897,HT WC 3006,a: WA-O-MI_stmt,0,B,B,identity,1.000000,0,
OBS_001897,HT WC 3006,a: WA-O-MI_stmt,1,RA,RA,suppressed_in_strict,0.350000,1,
OBS_001897,HT WC 3006,a: WA-O-MI_stmt,2,PU3,PU3,identity,1.000000,0,
OBS_001897,HT WC 3006,a: WA-O-MI_stmt,3,RA,RA,suppressed_in_strict,0.350000,1,
OBS_001898,HT WC 3006A,word_1,0,AB54,AB54,identity,1.000000,0,
OBS_001898,HT WC 3006A,word_1,1,AB61,AB61,identity,1.000000,0,
OBS_001898,HT WC 3006A,word_1,2,AB73,AB73,identity,1.000000,0,
OBS_001899,HT WC 3006B,word_1,0,AB60,AB60,identity,1.000000,0,
OBS_001899,HT WC 3006B,word_1,1,A314,A314,identity,1.000000,0,
OBS_001899,HT WC 3006B,word_1,2,AB60,AB60,identity,1.000000,0,
OBS_001900,HT WC 3007,word_1,0,AB54,AB54,identity,1.000000,0,
OBS_001900,HT WC 3007,word_1,1,AB07,AB07,identity,1.000000,0,
OBS_001900,HT WC 3007,word_1,2,AB30,AB30,identity,1.000000,0,
OBS_001901,HT WC 3008,a: WA-DI-NI_stmt,0,B,B,identity,1.000000,0,
OBS_001901,HT WC 3008,a: WA-DI-NI_stmt,1,RU,RU,identity,1.000000,0,
OBS_001901,HT WC 3008,a: WA-DI-NI_stmt,2,JA,JA,identity,1.000000,0,
OBS_001901,HT WC 3008,a: WA-DI-NI_stmt,3,TA,TA,identity,1.000000,0,
OBS_001901,HT WC 3008,a: WA-DI-NI_stmt,4,DI,DI,identity,1.000000,0,
OBS_001902,HT WC 3008A,word_1,0,AB54,AB54,identity,1.000000,0,
OBS_001902,HT WC 3008A,word_1,1,AB07,AB07,identity,1.000000,0,
OBS_001902,HT WC 3008A,word_1,2,AB30,AB30,identity,1.000000,0,
OBS_001903,HT WC 3008B,word_1,0,AB26,AB26,identity,1.000000,0,
OBS_001903,HT WC 3008B,word_1,1,AB57,AB57,identity,1.000000,0,
OBS_001903,HT WC 3008B,word_1,2,AB59,AB59,identity,1.000000,0,
OBS_001903,HT WC 3008B,word_1,3,AB07,AB07,identity,1.000000,0,
OBS_001904,HT WC 3009A,word_1,0,A333,A333,identity,1.000000,0,
OBS_001904,HT WC 3009A,word_1,1,AB07,AB07,identity,1.000000,0,
OBS_001904,HT WC 3009A,word_1,2,AB58,AB58,identity,1.000000,0,
OBS_001904,HT WC 3009A,word_1,3,AB77,AB77,identity,1.000000,0,
OBS_001905,HT WC 3010,word_1,0,A333,A333,identity,1.000000,0,
OBS_001905,HT WC 3010,word_1,1,AB07,AB07,identity,1.000000,0,
OBS_001905,HT WC 3010,word_1,2,AB06,AB06,identity,1.000000,0,
OBS_001905,HT WC 3010,word_1,3,AB58,AB58,identity,1.000000,0,
OBS_001905,HT WC 3010,word_1,4,AB77,AB77,identity,1.000000,0,
OBS_001906,HT WC 3011,word_1,0,AB79,AB79,identity,1.000000,0,
OBS_001906,HT WC 3011,word_1,1,AB07,AB07,identity,1.000000,0,
OBS_001906,HT WC 3011,word_1,2,AB60,AB60,identity,1.000000,0,
OBS_001907,HT WC 3012,a: ZU-DI-RA_stmt,0,B,B,identity,1.000000,0,
OBS_001907,HT WC 3012,a: ZU-DI-RA_stmt,1,RE,RE,identity,1.000000,0,
OBS_001907,HT WC 3012,a: ZU-DI-RA_stmt,2,RO,RO,identity,1.000000,0,
OBS_001908,HT WC 3012A,word_1,0,AB79,AB79,identity,1.000000,0,
OBS_001908,HT WC 3012A,word_1,1,AB07,AB07,identity,1.000000,0,
OBS_001908,HT WC 3012A,word_1,2,AB60,AB60,identity,1.000000,0,
OBS_001909,HT WC 3012B,word_1,0,AB27,AB27,identity,1.000000,0,
OBS_001909,HT WC 3012B,word_1,1,AB02,AB02,identity,1.000000,0,
OBS_001910,HT WC 3013,statement_log,0,NO,NO,identity,1.000000,0,
OBS_001910,HT WC 3013,statement_log,1,OFIMPRESSIONS,OFIMPRESSIONS,identity,1.000000,0,
OBS_001911,HT WC 3014,a-b: KU-MI-NA-QE_stmt,0,B,B,identity,1.000000,0,
OBS_001911,HT WC 3014,a-b: KU-MI-NA-QE_stmt,1,CAP,CAP,identity,1.000000,0,
OBS_001912,HT WC 3014A,word_1,0,AB81,AB81,identity,1.000000,0,
OBS_001912,HT WC 3014A,word_1,1,AB73,AB73,identity,1.000000,0,
OBS_001912,HT WC 3014A,word_1,2,AB06,AB06,identity,1.000000,0,
OBS_001913,HT WC 3014B,word_1,0,AB78,AB78,identity,1.000000,0,
OBS_001914,HT WC 3015A,word_1,0,AB77,AB77,identity,1.000000,0,
OBS_001914,HT WC 3015A,word_1,1,AB81,AB81,identity,1.000000,0,
OBS_001914,HT WC 3015A,word_1,2,AB03,AB03,identity,1.000000,0,
OBS_001915,HT WC 3016,a: KA-KU-PA_stmt,0,B,B,identity,1.000000,0,
OBS_001915,HT WC 3016,a: KA-KU-PA_stmt,1,PA,PA,identity,1.000000,0,
OBS_001915,HT WC 3016,a: KA-KU-PA_stmt,2,D,D,identity,1.000000,0,
OBS_001916,HT WC 3016A,word_1,0,AB77,AB77,identity,1.000000,0,
OBS_001916,HT WC 3016A,word_1,1,AB81,AB81,identity,1.000000,0,
OBS_001916,HT WC 3016A,word_1,2,AB03,AB03,identity,1.000000,0,
OBS_001917,HT WC 3017A,word_1,0,AB16,AB16,identity,1.000000,0,
OBS_001917,HT WC 3017A,word_1,1,AB81,AB81,identity,1.000000,0,
OBS_001917,HT WC 3017A,word_1,2,AB27,AB27,identity,1.000000,0,
OBS_001917,HT WC 3017A,word_1,3,AB06,AB06,identity,1.000000,0,
OBS_001917,HT WC 3017A,word_1,4,A306,A306,identity,1.000000,0,
OBS_001918,HT WC 3018,a: KA_stmt,0,B,B,identity,1.000000,0,
OBS_001918,HT WC 3018,a: KA_stmt,1,D,D,identity,1.000000,0,
OBS_001919,HT WC 3019,table1_row2_stmt,0,A,A,identity,1.000000,0,
OBS_001919,HT WC 3019,table1_row2_stmt,1,TELA3,TELA3,identity,1.000000,0,
OBS_001919,HT WC 3019,table1_row2_stmt,2,B,B,identity,1.000000,0,
OBS_001919,HT WC 3019,table1_row2_stmt,3,E,E,identity,1.000000,0,
OBS_001920,HT WC 3020A,word_1,0,AB188,AB188,identity,1.000000,0,
OBS_001920,HT WC 3020A,word_1,1,AB51,AB51,identity,1.000000,0,
OBS_001921,HT WC 3022,table1_row2_stmt,0,VIR,VIR,identity,1.000000,0,
OBS_001922,HT WC 3024,a: A-RA-TU- ME_stmt,0,B,B,identity,1.000000,0,
OBS_001922,HT WC 3024,a: A-RA-TU- ME_stmt,1,OVISF,OVISF,identity,1.000000,0,
OBS_001923,HT WE WC 3020,a: *188-DU_stmt,0,B,B,identity,1.000000,0,
OBS_001923,HT WE WC 3020,a: *188-DU_stmt,1,PA,PA,identity,1.000000,0,
OBS_001923,HT WE WC 3020,a: *188-DU_stmt,2,D,D,identity,1.000000,0,
OBS_001924,HT ZB 158A,word_1,0,[?],[?],identity,1.000000,0,
OBS_001924,HT ZB 158A,word_1,1,AB69,AB69,identity,1.000000,0,
OBS_001924,HT ZB 158A,word_1,2,AB09,AB09,identity,1.000000,0,
OBS_001924,HT ZB 158A,word_1,3,AB58,AB58,identity,1.000000,0,
OBS_001924,HT ZB 158A,word_1,4,AB67,AB67,exact,1.000000,0,Canonical sign form
OBS_001925,HT ZB 158B,word_1,0,AB58,AB58,identity,1.000000,0,
OBS_001925,HT ZB 158B,word_1,1,AB67,AB67,exact,1.000000,0,Canonical sign form
OBS_001925,HT ZB 158B,word_1,2,AB53,AB53,identity,1.000000,0,
OBS_001925,HT ZB 158B,word_1,3,AB04,AB04,identity,1.000000,0,
OBS_001925,HT ZB 158B,word_1,4,AB28,AB28,identity,1.000000,0,
OBS_001925,HT ZB 158B,word_1,5,AB57,AB57,identity,1.000000,0,
OBS_001926,HT ZB 159,word_1,0,AB08,AB08,identity,1.000000,0,
OBS_001926,HT ZB 159,word_1,1,AB06,AB06,identity,1.000000,0,
OBS_001926,HT ZB 159,word_1,2,AB55,AB55,identity,1.000000,0,
OBS_001926,HT ZB 159,word_1,3,AB41,AB41,identity,1.000000,0,
OBS_001926,HT ZB 159,word_1,4,AB57,AB57,identity,1.000000,0,
OBS_001926,HT ZB 159,word_1,5,AB09,AB09,identity,1.000000,0,
OBS_001927,HT ZB 160,word_1,0,AB03,AB03,identity,1.000000,0,
OBS_001927,HT ZB 160,word_1,1,AB59,AB59,identity,1.000000,0,
OBS_001927,HT ZB 160,word_1,2,AB01,AB01,identity,1.000000,0,
OBS_001928,HT ZB 160,word_2,0,AB51,AB51,identity,1.000000,0,
OBS_001928,HT ZB 160,word_2,1,AB29,AB29,identity,1.000000,0,
OBS_001928,HT ZB 160,word_2,2,AB27,AB27,identity,1.000000,0,
OBS_001929,HT ZB 161,word_1,0,AB41,AB41,identity,1.000000,0,
OBS_001929,HT ZB 161,word_1,1,AB50,AB50,identity,1.000000,0,
OBS_001930,HT ZD 155,word_1,0,AB08,AB08,identity,1.000000,0,
OBS_001930,HT ZD 155,word_1,1,AB65,AB65,identity,1.000000,0,
OBS_001931,HT ZD 155,word_2,0,AB06,AB06,identity,1.000000,0,
OBS_001931,HT ZD 155,word_2,1,AB80,AB80,identity,1.000000,0,
OBS_001931,HT ZD 155,word_2,2,AB80,AB80,identity,1.000000,0,
OBS_001931,HT ZD 155,word_2,3,AB37,AB37,identity,1.000000,0,
OBS_001931,HT ZD 155,word_2,4,AB37,AB37,identity,1.000000,0,
OBS_001931,HT ZD 155,word_2,5,A319,A319,identity,1.000000,0,
OBS_001932,HT ZD 156,word_1,0,AB59,AB59,identity,1.000000,0,
OBS_001932,HT ZD 156,word_1,1,AB57,AB57,identity,1.000000,0,
OBS_001933,HT ZD 157,word_1,0,AB40,AB40,identity,1.000000,0,
OBS_001933,HT ZD 157,word_1,1,AB57,AB57,identity,1.000000,0,
OBS_001933,HT ZD 157,word_1,2,AB58,AB58,identity,1.000000,0,
OBS_001934,HT ZD 157,word_2,0,AB80,AB80,identity,1.000000,0,
OBS_001934,HT ZD 157,word_2,1,AB37,AB37,identity,1.000000,0,
OBS_001934,HT ZD 157,word_2,2,AB37,AB37,identity,1.000000,0,
OBS_001934,HT ZD 157,word_2,3,A319,A319,identity,1.000000,0,
OBS_001935,KE 1,.1_stmt,0,KA,KA,identity,1.000000,0,
OBS_001935,KE 1,.1_stmt,1,SA,SA,identity,1.000000,0,
OBS_001936,KE 1,word_1,0,AB77,AB77,identity,1.000000,0,
OBS_001936,KE 1,word_1,1,AB31,AB31,identity,1.000000,0,
OBS_001937,KE WC 2,a: D_stmt,0,B,B,identity,1.000000,0,
OBS_001937,KE WC 2,a: D_stmt,1,B,B,identity,1.000000,0,
OBS_001937,KE WC 2,a: D_stmt,2,B,B,identity,1.000000,0,
OBS_001938,KE ZB 4,word_1,0,AB57,AB57,identity,1.000000,0,
OBS_001938,KE ZB 4,word_1,1,AB41,AB41,identity,1.000000,0,
OBS_001938,KE ZB 4,word_1,2,AB38,AB38,identity,1.000000,0,
OBS_001939,KH 1,.1_log,0,GRA,GRA,identity,1.000000,0,
OBS_001939,KH 1,.1_log,1,F,F,identity,1.000000,0,
OBS_001940,KH 1,word_1,0,AB46,AB46,identity,1.000000,0,
OBS_001941,KH 10,.2_log,0,GRA,GRA,identity,1.000000,0,
OBS_001942,KH 10,.3-4_log,0,GRA,GRA,identity,1.000000,0,
OBS_001943,KH 10,.3-4_stmt,0,A,A,identity,1.000000,0,
OBS_001943,KH 10,.3-4_stmt,1,KI,KI,identity,1.000000,0,
OBS_001943,KH 10,.3-4_stmt,2,PI,PI,identity,1.000000,0,
OBS_001943,KH 10,.3-4_stmt,3,E,E,identity,1.000000,0,
OBS_001943,KH 10,.3-4_stmt,4,TE,TE,identity,1.000000,0,
OBS_001944,KH 10,.3_stmt,0,I,I,identity,1.000000,0,
OBS_001944,KH 10,.3_stmt,1,PA,PA,identity,1.000000,0,
OBS_001944,KH 10,.3_stmt,2,SA,SA,identity,1.000000,0,
OBS_001944,KH 10,.3_stmt,3,JA,JA,identity,1.000000,0,
OBS_001944,KH 10,.3_stmt,4,QA,QA,identity,1.000000,0,
OBS_001945,KH 10,word_2,0,AB28,AB28,identity,1.000000,0,
OBS_001945,KH 10,word_2,1,AB03,AB03,identity,1.000000,0,
OBS_001945,KH 10,word_2,2,AB31,AB31,identity,1.000000,0,
OBS_001945,KH 10,word_2,3,AB57,AB57,identity,1.000000,0,
OBS_001946,KH 10,word_3,0,AB16,AB16,identity,1.000000,0,
OBS_001946,KH 10,word_3,1,AB118,AB118,identity,1.000000,0,
OBS_001947,KH 10,word_4,0,AB08,AB08,identity,1.000000,0,
OBS_001947,KH 10,word_4,1,AB67,AB67,exact,1.000000,0,Canonical sign form
OBS_001947,KH 10,word_4,2,AB39,AB39,identity,1.000000,0,
OBS_001947,KH 10,word_4,3,AB38,AB38,identity,1.000000,0,
OBS_001947,KH 10,word_4,4,AB04,AB04,identity,1.000000,0,
OBS_001948,KH 100,.2_log,0,VIN[,VIN[,identity,1.000000,0,
OBS_001949,KH 100,word_1,0,A352,A352,identity,1.000000,0,
OBS_001949,KH 100,word_1,1,A306,A306,identity,1.000000,0,
OBS_001950,KH 100,word_2,0,AB02,AB02,identity,1.000000,0,
OBS_001951,KH 100,word_3,0,AB45,AB45,identity,1.000000,0,
OBS_001952,KH 11,.1_stmt,0,A,A,identity,1.000000,0,
OBS_001952,KH 11,.1_stmt,1,DU,DU,identity,1.000000,0,
OBS_001952,KH 11,.1_stmt,2,ZA,ZA,identity,1.000000,0,
OBS_001953,KH 11,.2_log,0,VINA,VINA,identity,1.000000,0,
OBS_001954,KH 11,.4-5_stmt,0,A,A,identity,1.000000,0,
OBS_001954,KH 11,.4-5_stmt,1,TO,TO,identity,1.000000,0,
OBS_001954,KH 11,.4-5_stmt,2,TO,TO,identity,1.000000,0,
OBS_001954,KH 11,.4-5_stmt,3,I,I,identity,1.000000,0,
OBS_001955,KH 11,.5-6_stmt,0,A,A,identity,1.000000,0,
OBS_001955,KH 11,.5-6_stmt,1,TE,TE,identity,1.000000,0,
OBS_001956,KH 11,.5_log,0,FIC,FIC,identity,1.000000,0,
OBS_001957,KH 11,.5_log,0,VINA,VINA,identity,1.000000,0,
OBS_001958,KH 11,word_1,0,AB08,AB08,identity,1.000000,0,
OBS_001958,KH 11,word_1,1,AB51,AB51,identity,1.000000,0,
OBS_001958,KH 11,word_1,2,[?],[?],identity,1.000000,0,
OBS_001958,KH 11,word_1,3,AB17,AB17,identity,1.000000,0,
OBS_001959,KH 11,word_2,0,AB08,AB08,identity,1.000000,0,
OBS_001959,KH 11,word_2,1,AB05,AB05,identity,1.000000,0,
OBS_001959,KH 11,word_2,2,A349,A349,identity,1.000000,0,
OBS_001959,KH 11,word_2,3,AB05,AB05,identity,1.000000,0,
OBS_001959,KH 11,word_2,4,AB28,AB28,identity,1.000000,0,
OBS_001960,KH 11,word_3,0,AB08,AB08,identity,1.000000,0,
OBS_001960,KH 11,word_3,1,AB59,AB59,identity,1.000000,0,
OBS_001960,KH 11,word_3,2,A350,A350,identity,1.000000,0,
OBS_001961,KH 12,.1_log,0,MI,MI,identity,1.000000,0,
OBS_001961,KH 12,.1_log,1,JA,JA,identity,1.000000,0,
OBS_001961,KH 12,.1_log,2,RU,RU,identity,1.000000,0,
OBS_001962,KH 12,.2_log,0,I,I,identity,1.000000,0,
OBS_001962,KH 12,.2_log,1,[?],[?],identity,1.000000,0,
OBS_001963,KH 12,.3_log,0,*401VAS,*401VAS,identity,1.000000,0,
OBS_001963,KH 12,.3_log,1,RU,RU,identity,1.000000,0,
OBS_001964,KH 12,.4_log,0,*401VAS,*401VAS,identity,1.000000,0,
OBS_001964,KH 12,.4_log,1,RU,RU,identity,1.000000,0,
OBS_001965,KH 12,word_1,0,A651,A651,identity,1.000000,0,
OBS_001966,KH 13,.2_stmt,0,]A,]A,identity,1.000000,0,
OBS_001966,KH 13,.2_stmt,1,SE,SE,identity,1.000000,0,
OBS_001966,KH 13,.2_stmt,2,RE,RE,identity,1.000000,0,
OBS_001966,KH 13,.2_stmt,3,ZA[,ZA[,identity,1.000000,0,
OBS_001967,KH 13,.4_stmt,0,]DA,]DA,identity,1.000000,0,
OBS_001967,KH 13,.4_stmt,1,I[,I[,identity,1.000000,0,
OBS_001968,KH 13,word_1,0,AB08,AB08,identity,1.000000,0,
OBS_001968,KH 13,word_1,1,AB09,AB09,identity,1.000000,0,
OBS_001968,KH 13,word_1,2,AB27,AB27,identity,1.000000,0,
OBS_001968,KH 13,word_1,3,AB17,AB17,identity,1.000000,0,
OBS_001969,KH 13,word_2,0,[?],[?],identity,1.000000,0,
OBS_001969,KH 13,word_2,1,AB01,AB01,identity,1.000000,0,
OBS_001969,KH 13,word_2,2,AB28,AB28,identity,1.000000,0,
OBS_001970,KH 14,.1_stmt,0,A,A,identity,1.000000,0,
OBS_001970,KH 14,.1_stmt,1,MA,MA,identity,1.000000,0,
OBS_001970,KH 14,.1_stmt,2,JA,JA,identity,1.000000,0,
OBS_001971,KH 14,word_1,0,AB60,AB60,identity,1.000000,0,
OBS_001972,KH 14,word_2,0,AB08,AB08,identity,1.000000,0,
OBS_001972,KH 14,word_2,1,AB80,AB80,identity,1.000000,0,
OBS_001972,KH 14,word_2,2,AB57,AB57,identity,1.000000,0,
OBS_001973,KH 14,word_3,0,A303,A303,identity,1.000000,0,
OBS_001974,KH 15,.1_log,0,FIC,FIC,identity,1.000000,0,
OBS_001975,KH 16,.2_stmt,0,]U,]U,identity,1.000000,0,
OBS_001975,KH 16,.2_stmt,1,TA,TA,identity,1.000000,0,
OBS_001975,KH 16,.2_stmt,2,I,I,identity,1.000000,0,
OBS_001975,KH 16,.2_stmt,3,SI,SI,identity,1.000000,0,
OBS_001976,KH 16,word_1,0,AB10,AB10,identity,1.000000,0,
OBS_001976,KH 16,word_1,1,AB59,AB59,identity,1.000000,0,
OBS_001976,KH 16,word_1,2,AB28,AB28,identity,1.000000,0,
OBS_001976,KH 16,word_1,3,AB41,AB41,identity,1.000000,0,
OBS_001977,KH 16,word_2,0,AB59,AB59,identity,1.000000,0,
OBS_001977,KH 16,word_2,1,[?],[?],identity,1.000000,0,
OBS_001978,KH 17,.3_log,0,FIC[,FIC[,identity,1.000000,0,
OBS_001979,KH 17,.4_log,0,]FIC,]FIC,identity,1.000000,0,
OBS_001980,KH 17,word_1,0,AB08,AB08,identity,1.000000,0,
OBS_001981,KH 18,.2_stmt,0,I,I,identity,1.000000,0,
OBS_001981,KH 18,.2_stmt,1,KU,KU,identity,1.000000,0,
OBS_001981,KH 18,.2_stmt,2,PI[,PI[,identity,1.000000,0,
OBS_001982,KH 18,.4_log,0,RO,RO,identity,1.000000,0,
OBS_001982,KH 18,.4_log,1,RO,RO,identity,1.000000,0,
OBS_001983,KH 18,.4_log,0,VINC,VINC,identity,1.000000,0,
OBS_001984,KH 18,word_1,0,AB28,AB28,identity,1.000000,0,
OBS_001984,KH 18,word_1,1,AB81,AB81,identity,1.000000,0,
OBS_001984,KH 18,word_1,2,AB39,AB39,identity,1.000000,0,
OBS_001985,KH 19,.2_log,0,OLE,OLE,identity,1.000000,0,
OBS_001985,KH 19,.2_log,1,TA,TA,identity,1.000000,0,
OBS_001986,KH 2,word_1,0,AB69,AB69,identity,1.000000,0,
OBS_001986,KH 2,word_1,1,[?],[?],identity,1.000000,0,
OBS_001987,KH 20,.2_stmt,0,A,A,identity,1.000000,0,
OBS_001987,KH 20,.2_stmt,1,SI,SI,identity,1.000000,0,
OBS_001987,KH 20,.2_stmt,2,KI,KI,identity,1.000000,0,
OBS_001987,KH 20,.2_stmt,3,RA,RA,suppressed_in_strict,0.350000,1,
OBS_001988,KH 20,.4_log,0,FIC,FIC,identity,1.000000,0,
OBS_001989,KH 20,.4_stmt,0,DU,DU,identity,1.000000,0,
OBS_001989,KH 20,.4_stmt,1,RE,RE,identity,1.000000,0,
OBS_001989,KH 20,.4_stmt,2,ZA,ZA,identity,1.000000,0,
OBS_001990,KH 20,word_1,0,AB08,AB08,identity,1.000000,0,
OBS_001990,KH 20,word_1,1,AB41,AB41,identity,1.000000,0,
OBS_001990,KH 20,word_1,2,AB67,AB67,exact,1.000000,0,Canonical sign form
OBS_001990,KH 20,word_1,3,AB60,AB60,identity,1.000000,0,
OBS_001991,KH 20,word_2,0,AB51,AB51,identity,1.000000,0,
OBS_001991,KH 20,word_2,1,AB27,AB27,identity,1.000000,0,
OBS_001991,KH 20,word_2,2,AB17,AB17,identity,1.000000,0,
OBS_001992,KH 21,.2_log,0,FIC,FIC,identity,1.000000,0,
OBS_001993,KH 21,word_1,0,A306,A306,identity,1.000000,0,
OBS_001993,KH 21,word_1,1,AB78,AB78,identity,1.000000,0,
OBS_001993,KH 21,word_1,2,AB51,AB51,identity,1.000000,0,
OBS_001994,KH 22,word_1,0,[?],[?],identity,1.000000,0,
OBS_001994,KH 22,word_1,1,AB17,AB17,identity,1.000000,0,
OBS_001995,KH 23,.1_stmt,0,A,A,identity,1.000000,0,
OBS_001995,KH 23,.1_stmt,1,DU[,DU[,identity,1.000000,0,
OBS_001996,KH 23,word_1,0,AB08,AB08,identity,1.000000,0,
OBS_001996,KH 23,word_1,1,AB51,AB51,identity,1.000000,0,
OBS_001997,KH 24,word_1,0,[?],[?],identity,1.000000,0,
OBS_001997,KH 24,word_1,1,AB58,AB58,identity,1.000000,0,
OBS_001998,KH 25,.1_log,0,]VIR,]VIR,identity,1.000000,0,
OBS_001999,KH 25,.2_log,0,]VIR,]VIR,identity,1.000000,0,
OBS_002000,KH 26,.1_log,0,]VIR,]VIR,identity,1.000000,0,
OBS_002001,KH 27,.1_log,0,]FIC[,]FIC[,identity,1.000000,0,
OBS_002002,KH 27,.2_log,0,]GRA,]GRA,identity,1.000000,0,
OBS_002002,KH 27,.2_log,1,PA,PA,identity,1.000000,0,
OBS_002003,KH 28,.2_log,0,]SE,]SE,identity,1.000000,0,
OBS_002003,KH 28,.2_log,1,GRA,GRA,identity,1.000000,0,
OBS_002003,KH 28,.2_log,2,F,F,identity,1.000000,0,
OBS_002004,KH 28,word_1,0,AB09,AB09,identity,1.000000,0,
OBS_002005,KH 29,.1_stmt,0,RA,RA,suppressed_in_strict,0.350000,1,
OBS_002005,KH 29,.1_stmt,1,TA2[,TA2[,identity,1.000000,0,
OBS_002006,KH 29,.2_stmt,0,KU,KU,identity,1.000000,0,
OBS_002006,KH 29,.2_stmt,1,PA,PA,identity,1.000000,0,
OBS_002007,KH 29,word_1,0,[?],[?],identity,1.000000,0,
OBS_002007,KH 29,word_1,1,AB60,AB60,identity,1.000000,0,
OBS_002008,KH 29,word_2,0,AB66,AB66,identity,1.000000,0,
OBS_002008,KH 29,word_2,1,[?],[?],identity,1.000000,0,
OBS_002009,KH 29,word_3,0,AB81,AB81,identity,1.000000,0,
OBS_002009,KH 29,word_3,1,AB03,AB03,identity,1.000000,0,
OBS_002010,KH 3,word_1,0,AB55?,AB55?,identity,1.000000,0,
OBS_002011,KH 30,.2_log,0,]FIC,]FIC,identity,1.000000,0,
OBS_002012,KH 31,.3_log,0,*401VAS,*401VAS,identity,1.000000,0,
OBS_002012,KH 31,.3_log,1,RA,RA,suppressed_in_strict,0.350000,1,
OBS_002013,KH 32,word_1,0,AB28,AB28,identity,1.000000,0,
OBS_002013,KH 32,word_1,1,A331,A331,identity,1.000000,0,
OBS_002014,KH 33,word_1,0,[?],[?],identity,1.000000,0,
OBS_002014,KH 33,word_1,1,AB08,AB08,identity,1.000000,0,
OBS_002015,KH 36,.1_log,0,]KA,]KA,identity,1.000000,0,
OBS_002015,KH 36,.1_log,1,MI,MI,identity,1.000000,0,
OBS_002015,KH 36,.1_log,2,JA,JA,identity,1.000000,0,
OBS_002015,KH 36,.1_log,3,RU,RU,identity,1.000000,0,
OBS_002016,KH 36,word_1,0,AB77,AB77,identity,1.000000,0,
OBS_002017,KH 36,word_2,0,AB06,AB06,identity,1.000000,0,
OBS_002018,KH 37,word_1,0,AB40,AB40,identity,1.000000,0,
OBS_002019,KH 39,.1_stmt,0,A,A,identity,1.000000,0,
OBS_002019,KH 39,.1_stmt,1,TA,TA,identity,1.000000,0,
OBS_002020,KH 39,word_1,0,AB08,AB08,identity,1.000000,0,
OBS_002020,KH 39,word_1,1,AB59,AB59,identity,1.000000,0,
OBS_002020,KH 39,word_1,2,[?],[?],identity,1.000000,0,
OBS_002021,KH 4,.1_stmt,0,A,A,identity,1.000000,0,
OBS_002021,KH 4,.1_stmt,1,DU,DU,identity,1.000000,0,
OBS_002021,KH 4,.1_stmt,2,RE[,RE[,identity,1.000000,0,
OBS_002022,KH 4,word_1,0,AB08,AB08,identity,1.000000,0,
OBS_002022,KH 4,word_1,1,AB51,AB51,identity,1.000000,0,
OBS_002022,KH 4,word_1,2,AB27,AB27,identity,1.000000,0,
OBS_002023,KH 40,word_1,0,AB41,AB41,identity,1.000000,0,
OBS_002023,KH 40,word_1,1,AB06,AB06,identity,1.000000,0,
OBS_002023,KH 40,word_1,2,[?],[?],identity,1.000000,0,
OBS_002024,KH 41,.2_stmt,0,KA,KA,identity,1.000000,0,
OBS_002024,KH 41,.2_stmt,1,TA,TA,identity,1.000000,0,
OBS_002024,KH 41,.2_stmt,2,RE[,RE[,identity,1.000000,0,
OBS_002025,KH 41,word_1,0,AB77,AB77,identity,1.000000,0,
OBS_002025,KH 41,word_1,1,AB59,AB59,identity,1.000000,0,
OBS_002025,KH 41,word_1,2,AB27,AB27,identity,1.000000,0,
OBS_002026,KH 43,.1_log,0,MA,MA,identity,1.000000,0,
OBS_002026,KH 43,.1_log,1,RU,RU,identity,1.000000,0,
OBS_002026,KH 43,.1_log,2,RE,RE,identity,1.000000,0,
OBS_002027,KH 43,.2_log,0,WI,WI,identity,1.000000,0,
OBS_002027,KH 43,.2_log,1,ZE,ZE,identity,1.000000,0,
OBS_002028,KH 44,word_1,0,A335,A335,identity,1.000000,0,
OBS_002029,KH 45,word_1,0,AB08,AB08,identity,1.000000,0,
OBS_002030,KH 47,word_1,0,AB16,AB16,identity,1.000000,0,
OBS_002030,KH 47,word_1,1,AB24,AB24,identity,1.000000,0,
OBS_002031,KH 47,word_2,0,AB41,AB41,identity,1.000000,0,
OBS_002032,KH 47,word_3,0,AB60,AB60,identity,1.000000,0,
OBS_002033,KH 47,word_4,0,A306,A306,identity,1.000000,0,
OBS_002034,KH 49,word_1,0,[?],[?],identity,1.000000,0,
OBS_002034,KH 49,word_1,1,AB26,AB26,identity,1.000000,0,
OBS_002035,KH 49,word_2,0,AB81,AB81,identity,1.000000,0,
OBS_002036,KH 5,.1-2_stmt,0,A,A,identity,1.000000,0,
OBS_002036,KH 5,.1-2_stmt,1,DA,DA,identity,1.000000,0,
OBS_002036,KH 5,.1-2_stmt,2,KI,KI,identity,1.000000,0,
OBS_002036,KH 5,.1-2_stmt,3,SI,SI,identity,1.000000,0,
OBS_002036,KH 5,.1-2_stmt,4,KA,KA,identity,1.000000,0,
OBS_002036,KH 5,.1-2_stmt,5,A,A,identity,1.000000,0,
OBS_002036,KH 5,.1-2_stmt,6,RA,RA,suppressed_in_strict,0.350000,1,
OBS_002036,KH 5,.1-2_stmt,7,U,U,identity,1.000000,0,
OBS_002036,KH 5,.1-2_stmt,8,DA,DA,identity,1.000000,0,
OBS_002037,KH 5,.2_log,0,VINB,VINB,identity,1.000000,0,
OBS_002037,KH 5,.2_log,1,WI,WI,identity,1.000000,0,
OBS_002038,KH 5,.2_stmt,0,WI,WI,identity,1.000000,0,
OBS_002038,KH 5,.2_stmt,1,SA,SA,identity,1.000000,0,
OBS_002038,KH 5,.2_stmt,2,SA,SA,identity,1.000000,0,
OBS_002038,KH 5,.2_stmt,3,NE,NE,identity,1.000000,0,
OBS_002039,KH 5,.3-4_stmt,0,KU,KU,identity,1.000000,0,
OBS_002039,KH 5,.3-4_stmt,1,PA,PA,identity,1.000000,0,
OBS_002039,KH 5,.3-4_stmt,2,ZU,ZU,identity,1.000000,0,
OBS_002040,KH 5,.3_stmt,0,WI,WI,identity,1.000000,0,
OBS_002040,KH 5,.3_stmt,1,NA,NA,identity,1.000000,0,
OBS_002040,KH 5,.3_stmt,2,DU,DU,identity,1.000000,0,
OBS_002041,KH 5,.4_log,0,FIC,FIC,identity,1.000000,0,
OBS_002042,KH 5,word_1,0,AB08,AB08,identity,1.000000,0,
OBS_002042,KH 5,word_1,1,AB01,AB01,identity,1.000000,0,
OBS_002042,KH 5,word_1,2,AB67,AB67,exact,1.000000,0,Canonical sign form
OBS_002042,KH 5,word_1,3,AB41,AB41,identity,1.000000,0,
OBS_002042,KH 5,word_1,4,AB77,AB77,identity,1.000000,0,
OBS_002043,KH 5,word_2,0,AB08,AB08,identity,1.000000,0,
OBS_002043,KH 5,word_2,1,AB60,AB60,identity,1.000000,0,
OBS_002043,KH 5,word_2,2,AB10,AB10,identity,1.000000,0,
OBS_002043,KH 5,word_2,3,AB01,AB01,identity,1.000000,0,
OBS_002044,KH 5,word_3,0,AB40,AB40,identity,1.000000,0,
OBS_002044,KH 5,word_3,1,AB31,AB31,identity,1.000000,0,
OBS_002044,KH 5,word_3,2,AB31,AB31,identity,1.000000,0,
OBS_002044,KH 5,word_3,3,AB24,AB24,identity,1.000000,0,
OBS_002045,KH 5,word_4,0,AB40,AB40,identity,1.000000,0,
OBS_002045,KH 5,word_4,1,AB06,AB06,identity,1.000000,0,
OBS_002045,KH 5,word_4,2,AB51,AB51,identity,1.000000,0,
OBS_002046,KH 5,word_5,0,A301,A301,identity,1.000000,0,
OBS_002046,KH 5,word_5,1,AB06,AB06,identity,1.000000,0,
OBS_002047,KH 5,word_6,0,AB81,AB81,identity,1.000000,0,
OBS_002047,KH 5,word_6,1,AB03,AB03,identity,1.000000,0,
OBS_002047,KH 5,word_6,2,AB79,AB79,identity,1.000000,0,
OBS_002048,KH 50,word_1,0,[?],[?],identity,1.000000,0,
OBS_002048,KH 50,word_1,1,AB59,AB59,identity,1.000000,0,
OBS_002049,KH 50,word_2,0,AB46,AB46,identity,1.000000,0,
OBS_002050,KH 50,word_3,0,AB78,AB78,identity,1.000000,0,
OBS_002051,KH 51,.1_stmt,0,SI,SI,identity,1.000000,0,
OBS_002051,KH 51,.1_stmt,1,I,I,identity,1.000000,0,
OBS_002051,KH 51,.1_stmt,2,SI,SI,identity,1.000000,0,
OBS_002052,KH 51,word_1,0,AB41,AB41,identity,1.000000,0,
OBS_002052,KH 51,word_1,1,AB28,AB28,identity,1.000000,0,
OBS_002052,KH 51,word_1,2,AB41,AB41,identity,1.000000,0,
OBS_002053,KH 51,word_2,0,AB69,AB69,identity,1.000000,0,
OBS_002054,KH 52,.2_stmt,0,]TA,]TA,identity,1.000000,0,
OBS_002054,KH 52,.2_stmt,1,U,U,identity,1.000000,0,
OBS_002055,KH 52,word_1,0,AB59,AB59,identity,1.000000,0,
OBS_002055,KH 52,word_1,1,AB10,AB10,identity,1.000000,0,
OBS_002056,KH 53,word_1,0,AB08,AB08,identity,1.000000,0,
OBS_002056,KH 53,word_1,1,AB13,AB13,identity,1.000000,0,
OBS_002056,KH 53,word_1,2,AB123,AB123,identity,1.000000,0,
OBS_002057,KH 53,word_2,0,AB24,AB24,identity,1.000000,0,
OBS_002058,KH 55,.2_log,0,OLE,OLE,identity,1.000000,0,
OBS_002058,KH 55,.2_log,1,TA,TA,identity,1.000000,0,
OBS_002059,KH 57,word_1,0,AB69,AB69,identity,1.000000,0,
OBS_002060,KH 57,word_2,0,AB20,AB20,identity,1.000000,0,
OBS_002061,KH 58,word_1,0,AB08,AB08,identity,1.000000,0,
OBS_002062,KH 58,word_2,0,AB08,AB08,identity,1.000000,0,
OBS_002062,KH 58,word_2,1,A301,A301,identity,1.000000,0,
OBS_002063,KH 59,.3_stmt,0,DI,DI,identity,1.000000,0,
OBS_002063,KH 59,.3_stmt,1,NA,NA,identity,1.000000,0,
OBS_002064,KH 59,word_1,0,AB28,AB28,identity,1.000000,0,
OBS_002065,KH 59,word_2,0,AB07,AB07,identity,1.000000,0,
OBS_002065,KH 59,word_2,1,AB06,AB06,identity,1.000000,0,
OBS_002066,KH 6,.1_stmt,0,DI,DI,identity,1.000000,0,
OBS_002066,KH 6,.1_stmt,1,SI,SI,identity,1.000000,0,
OBS_002067,KH 6,.2_stmt,0,TE,TE,identity,1.000000,0,
OBS_002067,KH 6,.2_stmt,1,NU,NU,identity,1.000000,0,
OBS_002067,KH 6,.2_stmt,2,RE[,RE[,identity,1.000000,0,
OBS_002068,KH 6,.3_stmt,0,]KI,]KI,identity,1.000000,0,
OBS_002068,KH 6,.3_stmt,1,SA,SA,identity,1.000000,0,
OBS_002068,KH 6,.3_stmt,2,NE,NE,identity,1.000000,0,
OBS_002069,KH 6,.4_stmt,0,RI,RI,identity,1.000000,0,
OBS_002069,KH 6,.4_stmt,1,TA,TA,identity,1.000000,0,
OBS_002069,KH 6,.4_stmt,2,JE,JE,identity,1.000000,0,
OBS_002070,KH 6,.5_log,0,BOS,BOS,identity,1.000000,0,
OBS_002071,KH 6,.6-7_stmt,0,PI,PI,identity,1.000000,0,
OBS_002071,KH 6,.6-7_stmt,1,SA[,SA[,identity,1.000000,0,
OBS_002072,KH 6,.7_stmt,0,AU,AU,identity,1.000000,0,
OBS_002072,KH 6,.7_stmt,1,RE,RE,identity,1.000000,0,
OBS_002072,KH 6,.7_stmt,2,TE,TE,identity,1.000000,0,
OBS_002073,KH 6,word_1,0,AB07,AB07,identity,1.000000,0,
OBS_002073,KH 6,word_1,1,AB41,AB41,identity,1.000000,0,
OBS_002074,KH 6,word_2,0,AB04,AB04,identity,1.000000,0,
OBS_002074,KH 6,word_2,1,AB55,AB55,identity,1.000000,0,
OBS_002074,KH 6,word_2,2,AB27,AB27,identity,1.000000,0,
OBS_002075,KH 6,word_3,0,AB67,AB67,exact,1.000000,0,Canonical sign form
OBS_002075,KH 6,word_3,1,AB31,AB31,identity,1.000000,0,
OBS_002075,KH 6,word_3,2,AB24,AB24,identity,1.000000,0,
OBS_002076,KH 6,word_4,0,AB53,AB53,identity,1.000000,0,
OBS_002076,KH 6,word_4,1,AB59,AB59,identity,1.000000,0,
OBS_002076,KH 6,word_4,2,AB46,AB46,identity,1.000000,0,
OBS_002077,KH 6,word_5,0,AB27,AB27,identity,1.000000,0,
OBS_002078,KH 6,word_6,0,AB39,AB39,identity,1.000000,0,
OBS_002078,KH 6,word_6,1,AB31,AB31,identity,1.000000,0,
OBS_002079,KH 6,word_7,0,AB85,AB85,identity,1.000000,0,
OBS_002079,KH 6,word_7,1,AB27,AB27,identity,1.000000,0,
OBS_002079,KH 6,word_7,2,AB04,AB04,identity,1.000000,0,
OBS_002080,KH 60,.1_stmt,0,]RA,]RA,identity,1.000000,0,
OBS_002080,KH 60,.1_stmt,1,KI,KI,identity,1.000000,0,
OBS_002080,KH 60,.1_stmt,2,TA,TA,identity,1.000000,0,
OBS_002080,KH 60,.1_stmt,3,NA,NA,identity,1.000000,0,
OBS_002080,KH 60,.1_stmt,4,SI[,SI[,identity,1.000000,0,
OBS_002081,KH 60,.2_log,0,]*131C,]*131C,identity,1.000000,0,
OBS_002082,KH 60,.3_log,0,MI,MI,identity,1.000000,0,
OBS_002082,KH 60,.3_log,1,JA,JA,identity,1.000000,0,
OBS_002082,KH 60,.3_log,2,RU,RU,identity,1.000000,0,
OBS_002083,KH 60,word_1,0,AB60,AB60,identity,1.000000,0,
OBS_002083,KH 60,word_1,1,AB67,AB67,exact,1.000000,0,Canonical sign form
OBS_002083,KH 60,word_1,2,AB59,AB59,identity,1.000000,0,
OBS_002083,KH 60,word_1,3,AB06,AB06,identity,1.000000,0,
OBS_002083,KH 60,word_1,4,AB41,AB41,identity,1.000000,0,
OBS_002084,KH 61,.3_log,0,OLE,OLE,identity,1.000000,0,
OBS_002084,KH 61,.3_log,1,TA,TA,identity,1.000000,0,
OBS_002085,KH 61,.4_log,0,GRA,GRA,identity,1.000000,0,
OBS_002086,KH 61,word_2,0,AB80,AB80,identity,1.000000,0,
OBS_002087,KH 62,word_1,0,AB80,AB80,identity,1.000000,0,
OBS_002088,KH 63,.2_log,0,]*401VAS,]*401VAS,identity,1.000000,0,
OBS_002088,KH 63,.2_log,1,RU,RU,identity,1.000000,0,
OBS_002089,KH 63,word_1,0,AB58,AB58,identity,1.000000,0,
OBS_002090,KH 64,word_1,0,AB59,AB59,identity,1.000000,0,
OBS_002090,KH 64,word_1,1,[?],[?],identity,1.000000,0,
OBS_002091,KH 65,table1_row3_log,0,]FIC[,]FIC[,identity,1.000000,0,
OBS_002092,KH 65,word_1,0,AB30,AB30,identity,1.000000,0,
OBS_002093,KH 68,word_1,0,[?],[?],identity,1.000000,0,
OBS_002093,KH 68,word_1,1,[?],[?],identity,1.000000,0,
OBS_002094,KH 7,a.2-3_log,0,VIR,VIR,identity,1.000000,0,
OBS_002094,KH 7,a.2-3_log,1,*313B,*313B,identity,1.000000,0,
OBS_002095,KH 7,a.2-3_stmt,0,E,E,identity,1.000000,0,
OBS_002095,KH 7,a.2-3_stmt,1,NA,NA,identity,1.000000,0,
OBS_002095,KH 7,a.2-3_stmt,2,SI,SI,identity,1.000000,0,
OBS_002096,KH 7,a.3_stmt,0,I,I,identity,1.000000,0,
OBS_002096,KH 7,a.3_stmt,1,JA,JA,identity,1.000000,0,
OBS_002096,KH 7,a.3_stmt,2,PA,PA,identity,1.000000,0,
OBS_002096,KH 7,a.3_stmt,3,ME,ME,identity,1.000000,0,
OBS_002096,KH 7,a.3_stmt,4,TA,TA,identity,1.000000,0,
OBS_002096,KH 7,a.3_stmt,5,TA,TA,identity,1.000000,0,
OBS_002097,KH 7,a.4-5_log,0,VIR,VIR,identity,1.000000,0,
OBS_002097,KH 7,a.4-5_log,1,*313B,*313B,identity,1.000000,0,
OBS_002098,KH 7,a.4-5_stmt,0,KU,KU,identity,1.000000,0,
OBS_002098,KH 7,a.4-5_stmt,1,KO,KO,identity,1.000000,0,
OBS_002098,KH 7,a.4-5_stmt,2,E,E,identity,1.000000,0,
OBS_002099,KH 7,a.4_log,0,VIR,VIR,identity,1.000000,0,
OBS_002099,KH 7,a.4_log,1,*313B,*313B,identity,1.000000,0,
OBS_002100,KH 7,a.4_stmt,0,QA,QA,identity,1.000000,0,
OBS_002100,KH 7,a.4_stmt,1,TI,TI,identity,1.000000,0,
OBS_002100,KH 7,a.4_stmt,2,KI,KI,identity,1.000000,0,
OBS_002101,KH 7,b.2-3_stmt,0,PA,PA,identity,1.000000,0,
OBS_002101,KH 7,b.2-3_stmt,1,NA,NA,identity,1.000000,0,
OBS_002101,KH 7,b.2-3_stmt,2,TU,TU,identity,1.000000,0,
OBS_002102,KH 7,b.2_stmt,0,U,U,identity,1.000000,0,
OBS_002102,KH 7,b.2_stmt,1,TA,TA,identity,1.000000,0,
OBS_002102,KH 7,b.2_stmt,2,I,I,identity,1.000000,0,
OBS_002102,KH 7,b.2_stmt,3,SE,SE,identity,1.000000,0,
OBS_002103,KH 70,word_1,0,[?],[?],identity,1.000000,0,
OBS_002103,KH 70,word_1,1,[?],[?],identity,1.000000,0,
OBS_002104,KH 73,.2_log,0,FIC,FIC,identity,1.000000,0,
OBS_002105,KH 73,word_1,0,[?],[?],identity,1.000000,0,
OBS_002105,KH 73,word_1,1,[?],[?],identity,1.000000,0,
OBS_002105,KH 73,word_1,2,AB08,AB08,identity,1.000000,0,
OBS_002106,KH 73,word_2,0,AB08,AB08,identity,1.000000,0,
OBS_002106,KH 73,word_2,1,[?],[?],identity,1.000000,0,
OBS_002107,KH 74,.1_stmt,0,SI,SI,identity,1.000000,0,
OBS_002107,KH 74,.1_stmt,1,JA,JA,identity,1.000000,0,
OBS_002107,KH 74,.1_stmt,2,DA,DA,identity,1.000000,0,
OBS_002107,KH 74,.1_stmt,3,SU[,SU[,identity,1.000000,0,
OBS_002108,KH 74,word_1,0,[?],[?],identity,1.000000,0,
OBS_002108,KH 74,word_1,1,AB41,AB41,identity,1.000000,0,
OBS_002109,KH 74,word_2,0,AB57,AB57,identity,1.000000,0,
OBS_002109,KH 74,word_2,1,AB01,AB01,identity,1.000000,0,
OBS_002109,KH 74,word_2,2,AB58,AB58,identity,1.000000,0,
OBS_002110,KH 74,word_3,0,AB41,AB41,identity,1.000000,0,
OBS_002111,KH 75,.2_log,0,FIC,FIC,identity,1.000000,0,
OBS_002112,KH 76,word_1,0,AB41,AB41,identity,1.000000,0,
OBS_002113,KH 79,word_1,0,[?],[?],identity,1.000000,0,
OBS_002113,KH 79,word_1,1,AB03,AB03,identity,1.000000,0,
OBS_002113,KH 79,word_1,2,AB01,AB01,identity,1.000000,0,
OBS_002114,KH 79 89,.1_stmt,0,]MI,]MI,identity,1.000000,0,
OBS_002114,KH 79 89,.1_stmt,1,NA[,NA[,identity,1.000000,0,
OBS_002115,KH 79 89,.2_stmt,0,]PA,]PA,identity,1.000000,0,
OBS_002115,KH 79 89,.2_stmt,1,TA,TA,identity,1.000000,0,
OBS_002115,KH 79 89,.2_stmt,2,A,A,identity,1.000000,0,
OBS_002115,KH 79 89,.2_stmt,3,RA,RA,suppressed_in_strict,0.350000,1,
OBS_002116,KH 79 89,.3_stmt,0,PA,PA,identity,1.000000,0,
OBS_002116,KH 79 89,.3_stmt,1,DA,DA,identity,1.000000,0,
OBS_002116,KH 79 89,.3_stmt,2,NI,NI,identity,1.000000,0,
OBS_002117,KH 79 89,word_1,0,AB73,AB73,identity,1.000000,0,
OBS_002117,KH 79 89,word_1,1,AB06,AB06,identity,1.000000,0,
OBS_002118,KH 79 89,word_2,0,AB03,AB03,identity,1.000000,0,
OBS_002118,KH 79 89,word_2,1,AB59,AB59,identity,1.000000,0,
OBS_002119,KH 79 89,word_3,0,AB08,AB08,identity,1.000000,0,
OBS_002119,KH 79 89,word_3,1,AB60,AB60,identity,1.000000,0,
OBS_002120,KH 79 89,word_4,0,[?],[?],identity,1.000000,0,
OBS_002120,KH 79 89,word_4,1,AB03,AB03,identity,1.000000,0,
OBS_002120,KH 79 89,word_4,2,AB01,AB01,identity,1.000000,0,
OBS_002120,KH 79 89,word_4,3,AB30,AB30,identity,1.000000,0,
OBS_002121,KH 7A,word_2,0,AB28,AB28,identity,1.000000,0,
OBS_002122,KH 7A,word_3,0,AB38,AB38,identity,1.000000,0,
OBS_002122,KH 7A,word_3,1,AB06,AB06,identity,1.000000,0,
OBS_002122,KH 7A,word_3,2,AB41,AB41,identity,1.000000,0,
OBS_002123,KH 7A,word_4,0,AB28,AB28,identity,1.000000,0,
OBS_002123,KH 7A,word_4,1,AB57,AB57,identity,1.000000,0,
OBS_002123,KH 7A,word_4,2,AB03,AB03,identity,1.000000,0,
OBS_002123,KH 7A,word_4,3,AB13,AB13,identity,1.000000,0,
OBS_002124,KH 7A,word_5,0,AB59,AB59,identity,1.000000,0,
OBS_002124,KH 7A,word_5,1,AB59,AB59,identity,1.000000,0,
OBS_002125,KH 7A,word_6,0,AB16,AB16,identity,1.000000,0,
OBS_002125,KH 7A,word_6,1,AB37,AB37,identity,1.000000,0,
OBS_002125,KH 7A,word_6,2,AB67,AB67,exact,1.000000,0,Canonical sign form
OBS_002126,KH 7A,word_7,0,AB09,AB09,identity,1.000000,0,
OBS_002126,KH 7A,word_7,1,A305,A305,identity,1.000000,0,
OBS_002127,KH 7A,word_8,0,AB81,AB81,identity,1.000000,0,
OBS_002127,KH 7A,word_8,1,[?],[?],identity,1.000000,0,
OBS_002127,KH 7A,word_8,2,AB70,AB70,identity,1.000000,0,
OBS_002127,KH 7A,word_8,3,AB38,AB38,identity,1.000000,0,
OBS_002128,KH 7B,word_1,0,AB10,AB10,identity,1.000000,0,
OBS_002128,KH 7B,word_1,1,AB59,AB59,identity,1.000000,0,
OBS_002128,KH 7B,word_1,2,AB28,AB28,identity,1.000000,0,
OBS_002128,KH 7B,word_1,3,AB09,AB09,identity,1.000000,0,
OBS_002129,KH 7B,word_2,0,AB03,AB03,identity,1.000000,0,
OBS_002129,KH 7B,word_2,1,AB06,AB06,identity,1.000000,0,
OBS_002129,KH 7B,word_2,2,AB69,AB69,identity,1.000000,0,
OBS_002130,KH 8,.1_log,0,R,R,identity,1.000000,0,
OBS_002130,KH 8,.1_log,1,E[,E[,identity,1.000000,0,
OBS_002131,KH 8,.2_log,0,[[FIC,[[FIC,identity,1.000000,0,
OBS_002132,KH 8,.3_log,0,]GRA,]GRA,identity,1.000000,0,
OBS_002133,KH 8,.4_log,0,]FIC,]FIC,identity,1.000000,0,
OBS_002134,KH 8,word_1,0,AB27,AB27,identity,1.000000,0,
OBS_002134,KH 8,word_1,1,[?],[?],identity,1.000000,0,
OBS_002135,KH 8,word_2,0,[?],[?],identity,1.000000,0,
OBS_002135,KH 8,word_2,1,AB59,AB59,identity,1.000000,0,
OBS_002136,KH 81,.2_log,0,MI,MI,identity,1.000000,0,
OBS_002136,KH 81,.2_log,1,JA,JA,identity,1.000000,0,
OBS_002136,KH 81,.2_log,2,I,I,identity,1.000000,0,
OBS_002137,KH 82,.2_log,0,]OLE,]OLE,identity,1.000000,0,
OBS_002137,KH 82,.2_log,1,RI,RI,identity,1.000000,0,
OBS_002138,KH 83,.1_stmt,0,A,A,identity,1.000000,0,
OBS_002138,KH 83,.1_stmt,1,DI,DI,identity,1.000000,0,
OBS_002138,KH 83,.1_stmt,2,NE[,NE[,identity,1.000000,0,
OBS_002139,KH 83,.2_log,0,VAS,VAS,identity,1.000000,0,
OBS_002139,KH 83,.2_log,1,A,A,identity,1.000000,0,
OBS_002140,KH 83,word_1,0,AB08,AB08,identity,1.000000,0,
OBS_002140,KH 83,word_1,1,AB07,AB07,identity,1.000000,0,
OBS_002140,KH 83,word_1,2,AB24,AB24,identity,1.000000,0,
OBS_002141,KH 85,.1_log,0,OLE,OLE,identity,1.000000,0,
OBS_002141,KH 85,.1_log,1,TA,TA,identity,1.000000,0,
OBS_002142,KH 85,.2_log,0,*401VAS,*401VAS,identity,1.000000,0,
OBS_002142,KH 85,.2_log,1,RU,RU,identity,1.000000,0,
OBS_002143,KH 85,.2_log,0,VINC[,VINC[,identity,1.000000,0,
OBS_002144,KH 86,.1_stmt,0,RE,RE,identity,1.000000,0,
OBS_002144,KH 86,.1_stmt,1,ZA,ZA,identity,1.000000,0,
OBS_002145,KH 86,.2_stmt,0,PI,PI,identity,1.000000,0,
OBS_002145,KH 86,.2_stmt,1,NU,NU,identity,1.000000,0,
OBS_002146,KH 86,word_1,0,AB27,AB27,identity,1.000000,0,
OBS_002146,KH 86,word_1,1,AB17,AB17,identity,1.000000,0,
OBS_002147,KH 86,word_2,0,AB39,AB39,identity,1.000000,0,
OBS_002147,KH 86,word_2,1,AB55,AB55,identity,1.000000,0,
OBS_002148,KH 87,.3_log,0,BOSM,BOSM,identity,1.000000,0,
OBS_002149,KH 88,.1-2_log,0,FIC,FIC,identity,1.000000,0,
OBS_002150,KH 88,.1-2_stmt,0,QA,QA,identity,1.000000,0,
OBS_002150,KH 88,.1-2_stmt,1,NU,NU,identity,1.000000,0,
OBS_002150,KH 88,.1-2_stmt,2,MA,MA,identity,1.000000,0,
OBS_002150,KH 88,.1-2_stmt,3,QIF,QIF,identity,1.000000,0,
OBS_002151,KH 88,.2-3_stmt,0,PU,PU,identity,1.000000,0,
OBS_002151,KH 88,.2-3_stmt,1,DE,DE,identity,1.000000,0,
OBS_002152,KH 88,word_1,0,AB16,AB16,identity,1.000000,0,
OBS_002152,KH 88,word_1,1,AB55,AB55,identity,1.000000,0,
OBS_002152,KH 88,word_1,2,AB80,AB80,identity,1.000000,0,
OBS_002153,KH 88,word_2,0,AB21F,AB21F,identity,1.000000,0,
OBS_002153,KH 88,word_2,1,AB118,AB118,identity,1.000000,0,
OBS_002154,KH 88,word_3,0,AB50,AB50,identity,1.000000,0,
OBS_002154,KH 88,word_3,1,AB45,AB45,identity,1.000000,0,
OBS_002155,KH 9,.1_stmt,0,A,A,identity,1.000000,0,
OBS_002155,KH 9,.1_stmt,1,SI,SI,identity,1.000000,0,
OBS_002155,KH 9,.1_stmt,2,SU,SU,identity,1.000000,0,
OBS_002155,KH 9,.1_stmt,3,PO,PO,identity,1.000000,0,
OBS_002155,KH 9,.1_stmt,4,A,A,identity,1.000000,0,
OBS_002156,KH 9,.2_log,0,FIC,FIC,identity,1.000000,0,
OBS_002157,KH 9,.3_stmt,0,]I,]I,identity,1.000000,0,
OBS_002157,KH 9,.3_stmt,1,SI,SI,identity,1.000000,0,
OBS_002158,KH 9,.6_log,0,SI,SI,identity,1.000000,0,
OBS_002158,KH 9,.6_log,1,TA2,TA2,identity,1.000000,0,
OBS_002159,KH 9,word_1,0,AB08,AB08,identity,1.000000,0,
OBS_002159,KH 9,word_1,1,AB41,AB41,identity,1.000000,0,
OBS_002159,KH 9,word_1,2,AB58,AB58,identity,1.000000,0,
OBS_002159,KH 9,word_1,3,AB11,AB11,identity,1.000000,0,
OBS_002159,KH 9,word_1,4,AB08,AB08,identity,1.000000,0,
OBS_002160,KH 9,word_2,0,AB28,AB28,identity,1.000000,0,
OBS_002160,KH 9,word_2,1,AB41,AB41,identity,1.000000,0,
OBS_002161,KH 90,.2_stmt,0,MA,MA,identity,1.000000,0,
OBS_002161,KH 90,.2_stmt,1,TA,TA,identity,1.000000,0,
OBS_002161,KH 90,.2_stmt,2,RI,RI,identity,1.000000,0,
OBS_002161,KH 90,.2_stmt,3,TA,TA,identity,1.000000,0,
OBS_002162,KH 90,word_1,0,[?],[?],identity,1.000000,0,
OBS_002162,KH 90,word_1,1,AB57,AB57,identity,1.000000,0,
OBS_002162,KH 90,word_1,2,[?],[?],identity,1.000000,0,
OBS_002163,KH 90,word_2,0,AB80,AB80,identity,1.000000,0,
OBS_002163,KH 90,word_2,1,AB59,AB59,identity,1.000000,0,
OBS_002163,KH 90,word_2,2,AB53,AB53,identity,1.000000,0,
OBS_002163,KH 90,word_2,3,AB59,AB59,identity,1.000000,0,
OBS_002164,KH 91,.1_log,0,GRA,GRA,identity,1.000000,0,
OBS_002165,KH 91,.3_log,0,FIC[,FIC[,identity,1.000000,0,
OBS_002166,KH 91,.4_log,0,*401VAS,*401VAS,identity,1.000000,0,
OBS_002166,KH 91,.4_log,1,RA,RA,suppressed_in_strict,0.350000,1,
OBS_002167,KH 91,.4_log,0,*401VAS,*401VAS,identity,1.000000,0,
OBS_002167,KH 91,.4_log,1,RU,RU,identity,1.000000,0,
OBS_002168,KH 91,word_1,0,AB79,AB79,identity,1.000000,0,
OBS_002169,KH 92,.1_stmt,0,A,A,identity,1.000000,0,
OBS_002169,KH 92,.1_stmt,1,DA,DA,identity,1.000000,0,
OBS_002169,KH 92,.1_stmt,2,QIF,QIF,identity,1.000000,0,
OBS_002169,KH 92,.1_stmt,3,RI,RI,identity,1.000000,0,
OBS_002170,KH 92,.1_stmt,0,KU,KU,identity,1.000000,0,
OBS_002170,KH 92,.1_stmt,1,NI,NI,identity,1.000000,0,
OBS_002170,KH 92,.1_stmt,2,TE,TE,identity,1.000000,0,
OBS_002171,KH 92,.2_stmt,0,]NA,]NA,identity,1.000000,0,
OBS_002171,KH 92,.2_stmt,1,KI,KI,identity,1.000000,0,
OBS_002172,KH 92,word_1,0,AB08,AB08,identity,1.000000,0,
OBS_002172,KH 92,word_1,1,AB01,AB01,identity,1.000000,0,
OBS_002172,KH 92,word_1,2,AB21F,AB21F,identity,1.000000,0,
OBS_002172,KH 92,word_1,3,AB53,AB53,identity,1.000000,0,
OBS_002173,KH 92,word_2,0,AB81,AB81,identity,1.000000,0,
OBS_002173,KH 92,word_2,1,AB30,AB30,identity,1.000000,0,
OBS_002173,KH 92,word_2,2,AB04,AB04,identity,1.000000,0,
OBS_002174,KH 92,word_3,0,AB06,AB06,identity,1.000000,0,
OBS_002174,KH 92,word_3,1,AB67,AB67,exact,1.000000,0,Canonical sign form
OBS_002175,KH 92,word_4,0,AB08?,AB08?,identity,1.000000,0,
OBS_002175,KH 92,word_4,1,[?],[?],identity,1.000000,0,
OBS_002176,KH 94,word_3,0,AB17?,AB17?,identity,1.000000,0,
OBS_002177,KH 95,word_1,0,AB09,AB09,identity,1.000000,0,
OBS_002178,KH 97,.a1_stmt,0,]RE,]RE,identity,1.000000,0,
OBS_002178,KH 97,.a1_stmt,1,A,A,identity,1.000000,0,
OBS_002178,KH 97,.a1_stmt,2,JA,JA,identity,1.000000,0,
OBS_002179,KH 97,.b1_stmt,0,SE,SE,identity,1.000000,0,
OBS_002179,KH 97,.b1_stmt,1,I[,I[,identity,1.000000,0,
OBS_002180,KH 97A,word_1,0,AB27,AB27,identity,1.000000,0,
OBS_002181,KH 97A,word_2,0,AB08,AB08,identity,1.000000,0,
OBS_002181,KH 97A,word_2,1,AB57,AB57,identity,1.000000,0,
OBS_002182,KH 97A,word_3,0,AB06,AB06,identity,1.000000,0,
OBS_002183,KH 97B,word_1,0,AB09,AB09,identity,1.000000,0,
OBS_002184,KH 97B,word_2,0,AB28?,AB28?,identity,1.000000,0,
OBS_002185,KH 99,.1_stmt,0,]PA,]PA,identity,1.000000,0,
OBS_002185,KH 99,.1_stmt,1,RI,RI,identity,1.000000,0,
OBS_002185,KH 99,.1_stmt,2,DE,DE,identity,1.000000,0,
OBS_002186,KH 99,.2_stmt,0,]A,]A,identity,1.000000,0,
OBS_002186,KH 99,.2_stmt,1,SI,SI,identity,1.000000,0,
OBS_002187,KH 99,.3_stmt,0,]KU,]KU,identity,1.000000,0,
OBS_002187,KH 99,.3_stmt,1,KA,KA,identity,1.000000,0,
OBS_002188,KH 99,word_1,0,AB03,AB03,identity,1.000000,0,
OBS_002188,KH 99,word_1,1,AB53,AB53,identity,1.000000,0,
OBS_002188,KH 99,word_1,2,AB45,AB45,identity,1.000000,0,
OBS_002189,KH 99,word_2,0,AB08,AB08,identity,1.000000,0,
OBS_002189,KH 99,word_2,1,AB41,AB41,identity,1.000000,0,
OBS_002189,KH 99,word_2,2,AB118,AB118,identity,1.000000,0,
OBS_002190,KH 99,word_3,0,AB81,AB81,identity,1.000000,0,
OBS_002190,KH 99,word_3,1,AB77,AB77,identity,1.000000,0,
OBS_002190,KH 99,word_3,2,[?],[?],identity,1.000000,0,
OBS_002191,KH WA 1002,word_1,0,A501,A501,identity,1.000000,0,
OBS_002192,KH WA 1002,word_1,0,A640,A640,identity,1.000000,0,
OBS_002193,KH WA 1013,word_1,0,AB02,AB02,identity,1.000000,0,
OBS_002194,KH WA 1013,word_1,0,AB86,AB86,identity,1.000000,0,
OBS_002195,KH WA 1014,word_1,0,AB02,AB02,identity,1.000000,0,
OBS_002196,KH WA 1014,word_1,0,AB86,AB86,identity,1.000000,0,
OBS_002197,KH WA 1015,word_1,0,AB02,AB02,identity,1.000000,0,
OBS_002198,KH WA 1015,word_1,0,AB86,AB86,identity,1.000000,0,
OBS_002199,KH WA 1016,word_1,0,AB02,AB02,identity,1.000000,0,
OBS_002200,KH WA 1016,word_1,0,AB86,AB86,identity,1.000000,0,
OBS_002201,KH WC 2004,table1_row2_stmt,0,VIR[,VIR[,identity,1.000000,0,
OBS_002202,KH WC 2005,word_1,0,AB77,AB77,identity,1.000000,0,
OBS_002202,KH WC 2005,word_1,1,AB06,AB06,identity,1.000000,0,
OBS_002202,KH WC 2005,word_1,2,AB30,AB30,identity,1.000000,0,
OBS_002202,KH WC 2005,word_1,3,AB37,AB37,identity,1.000000,0,
OBS_002203,KH WC 2006,table1_row2_stmt,0,*417VAS,*417VAS,identity,1.000000,0,
OBS_002204,KH WC 2007,table1_row2_stmt,0,*417VAS,*417VAS,identity,1.000000,0,
OBS_002205,KH WC 2008,table1_row2_stmt,0,*411VASB,*411VASB,identity,1.000000,0,
OBS_002206,KH WC 2008,word_1,0,A411B,A411B,identity,1.000000,0,
OBS_002207,KH WC 2009,table1_row2_stmt,0,*411VASB,*411VASB,identity,1.000000,0,
OBS_002208,KH WC 2009,word_1,0,A411B,A411B,identity,1.000000,0,
OBS_002209,KH WC 2010,table1_row2_stmt,0,*409VAS,*409VAS,identity,1.000000,0,
OBS_002210,KH WC 2011,table1_row2_stmt,0,*411VASB,*411VASB,identity,1.000000,0,
OBS_002211,KH WC 2012,table1_row2_stmt,0,*411VASB,*411VASB,identity,1.000000,0,
OBS_002212,KH WC 2013,table1_row2_stmt,0,*411VASB,*411VASB,identity,1.000000,0,
OBS_002213,KH WC 2014,table1_row2_stmt,0,*411VASB,*411VASB,identity,1.000000,0,
OBS_002214,KH WC 2015,table1_row2_stmt,0,*411VASB,*411VASB,identity,1.000000,0,
OBS_002215,KH WC 2016,table1_row2_stmt,0,*411VASB,*411VASB,identity,1.000000,0,
OBS_002216,KH WC 2017,table1_row2_stmt,0,*411VASB,*411VASB,identity,1.000000,0,
OBS_002217,KH WC 2018,table1_row2_stmt,0,*411VASB,*411VASB,identity,1.000000,0,
OBS_002218,KH WC 2019,table1_row2_stmt,0,*411VASA,*411VASA,identity,1.000000,0,
OBS_002219,KH WC 2020,table1_row2_stmt,0,*409VAS,*409VAS,identity,1.000000,0,
OBS_002220,KH WC 2021,table1_row2_stmt,0,*409VAS,*409VAS,identity,1.000000,0,
OBS_002221,KH WC 2022,table1_row2_stmt,0,*411VASB,*411VASB,identity,1.000000,0,
OBS_002222,KH WC 2023,table1_row2_stmt,0,*411VASB,*411VASB,identity,1.000000,0,
OBS_002223,KH WC 2024,table1_row2_stmt,0,*411VASB,*411VASB,identity,1.000000,0,
OBS_002224,KH WC 2029 2030,table1_row2_stmt,0,VIR,VIR,identity,1.000000,0,
OBS_002224,KH WC 2029 2030,table1_row2_stmt,1,KA,KA,identity,1.000000,0,
OBS_002225,KH WC 2031,table1_row2_stmt,0,VIR,VIR,identity,1.000000,0,
OBS_002225,KH WC 2031,table1_row2_stmt,1,KA,KA,identity,1.000000,0,
OBS_002226,KH WC 2032,table1_row2_stmt,0,VIR,VIR,identity,1.000000,0,
OBS_002226,KH WC 2032,table1_row2_stmt,1,KA,KA,identity,1.000000,0,
OBS_002227,KH WC 2035,word_1,0,AB61,AB61,identity,1.000000,0,
OBS_002228,KH WC 2036,table1_row2_stmt,0,*164D,*164D,identity,1.000000,0,
OBS_002229,KH WC 2037,table1_row2_stmt,0,*164D,*164D,identity,1.000000,0,
OBS_002230,KH WC 2038,table1_row2_stmt,0,*164D,*164D,identity,1.000000,0,
OBS_002231,KH WC 2039,table1_row2_stmt,0,*164D,*164D,identity,1.000000,0,
OBS_002232,KH WC 2040,table1_row2_stmt,0,*164B,*164B,identity,1.000000,0,
OBS_002233,KH WC 2041,table1_row2_stmt,0,*164C,*164C,identity,1.000000,0,
OBS_002234,KH WC 2042,table1_row2_stmt,0,*164A,*164A,identity,1.000000,0,
OBS_002235,KH WC 2043,table1_row2_stmt,0,*164A,*164A,identity,1.000000,0,
OBS_002236,KH WC 2044 2096,table1_row2_stmt,0,*164A,*164A,identity,1.000000,0,
OBS_002237,KH WC 2045,table1_row2_stmt,0,*164D,*164D,identity,1.000000,0,
OBS_002238,KH WC 2063,table1_row2_stmt,0,OVIS,OVIS,identity,1.000000,0,
OBS_002239,KH WC 2066,table1_row2_stmt,0,I,I,identity,1.000000,0,
OBS_002239,KH WC 2066,table1_row2_stmt,1,[?],[?],identity,1.000000,0,
OBS_002240,KH WC 2069,table1_row2_stmt,0,BOSM,BOSM,identity,1.000000,0,
OBS_002241,KH WC 2070,table1_row2_stmt,0,I,I,identity,1.000000,0,
OBS_002241,KH WC 2070,table1_row2_stmt,1,[?],[?],identity,1.000000,0,
OBS_002242,KH WC 2100,table1_row2_stmt,0,VIR,VIR,identity,1.000000,0,
OBS_002242,KH WC 2100,table1_row2_stmt,1,JA,JA,identity,1.000000,0,
OBS_002243,KH WC 2100,word_1,0,AB100,AB100,identity,1.000000,0,
OBS_002243,KH WC 2100,word_1,1,A352,A352,identity,1.000000,0,
OBS_002243,KH WC 2100,word_1,2,AB57,AB57,identity,1.000000,0,
OBS_002244,KH WC 2102,table1_row2_stmt,0,OVIS,OVIS,identity,1.000000,0,
OBS_002245,KH WC 2103,table1_row2_stmt,0,*408VAS,*408VAS,identity,1.000000,0,
OBS_002246,KH WC 2111,table1_row2_stmt,0,*164D,*164D,identity,1.000000,0,
OBS_002247,KH WC 2122,table1_row2_stmt,0,*408VAS,*408VAS,identity,1.000000,0,
OBS_002248,KH WC 2124,table1_row2_stmt,0,TELA,TELA,identity,1.000000,0,
OBS_002249,KN 1,a.1-2_stmt,0,JA,JA,identity,1.000000,0,
OBS_002249,KN 1,a.1-2_stmt,1,KU,KU,identity,1.000000,0,
OBS_002249,KN 1,a.1-2_stmt,2,TI,TI,identity,1.000000,0,
OBS_002250,KN 1,b.1-3_stmt,0,JA,JA,identity,1.000000,0,
OBS_002250,KN 1,b.1-3_stmt,1,DU,DU,identity,1.000000,0,
OBS_002250,KN 1,b.1-3_stmt,2,RA,RA,suppressed_in_strict,0.350000,1,
OBS_002250,KN 1,b.1-3_stmt,3,TI,TI,identity,1.000000,0,
OBS_002251,KN 1A,word_1,0,AB57,AB57,identity,1.000000,0,
OBS_002251,KN 1A,word_1,1,AB81,AB81,identity,1.000000,0,
OBS_002251,KN 1A,word_1,2,AB37,AB37,identity,1.000000,0,
OBS_002252,KN 1B,word_1,0,AB57,AB57,identity,1.000000,0,
OBS_002252,KN 1B,word_1,1,AB51,AB51,identity,1.000000,0,
OBS_002252,KN 1B,word_1,2,AB60,AB60,identity,1.000000,0,
OBS_002252,KN 1B,word_1,3,AB37,AB37,identity,1.000000,0,
OBS_002253,KN 2,.1_stmt,0,]RU,]RU,identity,1.000000,0,
OBS_002253,KN 2,.1_stmt,1,NA,NA,identity,1.000000,0,
OBS_002254,KN 2,word_1,0,AB26,AB26,identity,1.000000,0,
OBS_002254,KN 2,word_1,1,AB06,AB06,identity,1.000000,0,
OBS_002255,KN 22,a.1_stmt,0,]SU,]SU,identity,1.000000,0,
OBS_002255,KN 22,a.1_stmt,1,JU,JU,identity,1.000000,0,
OBS_002255,KN 22,a.1_stmt,2,TA,TA,identity,1.000000,0,
OBS_002256,KN 22,b_stmt,0,PO,PO,identity,1.000000,0,
OBS_002256,KN 22,b_stmt,1,DI,DI,identity,1.000000,0,
OBS_002256,KN 22,b_stmt,2,PA3,PA3,identity,1.000000,0,
OBS_002257,KN 22A,word_1,0,AB58,AB58,identity,1.000000,0,
OBS_002257,KN 22A,word_1,1,AB65,AB65,identity,1.000000,0,
OBS_002257,KN 22A,word_1,2,AB59,AB59,identity,1.000000,0,
OBS_002258,KN 22A,word_2,0,AB77,AB77,identity,1.000000,0,
OBS_002258,KN 22A,word_2,1,AB46,AB46,identity,1.000000,0,
OBS_002258,KN 22A,word_2,2,[?],[?],identity,1.000000,0,
OBS_002259,KN 22B,word_1,0,AB11,AB11,identity,1.000000,0,
OBS_002259,KN 22B,word_1,1,AB07,AB07,identity,1.000000,0,
OBS_002259,KN 22B,word_1,2,AB56,AB56,identity,1.000000,0,
OBS_002260,KN 22C,word_1,0,AB80,AB80,identity,1.000000,0,
OBS_002260,KN 22C,word_1,1,AB58,AB58,identity,1.000000,0,
OBS_002260,KN 22C,word_1,2,AB73,AB73,identity,1.000000,0,
OBS_002260,KN 22C,word_1,3,[?],[?],identity,1.000000,0,
OBS_002260,KN 22C,word_1,4,AB06,AB06,identity,1.000000,0,
OBS_002260,KN 22C,word_1,5,[?],[?],identity,1.000000,0,
OBS_002261,KN 28,b.3_log,0,SU,SU,identity,1.000000,0,
OBS_002261,KN 28,b.3_log,1,MI,MI,identity,1.000000,0,
OBS_002262,KN 28B,word_1,0,[?],[?],identity,1.000000,0,
OBS_002262,KN 28B,word_1,1,AB04,AB04,identity,1.000000,0,
OBS_002263,KN 32,a.2_stmt,0,A,A,identity,1.000000,0,
OBS_002263,KN 32,a.2_stmt,1,KA,KA,identity,1.000000,0,
OBS_002263,KN 32,a.2_stmt,2,TA[,TA[,identity,1.000000,0,
OBS_002264,KN 32,b.2_stmt,0,SA,SA,identity,1.000000,0,
OBS_002264,KN 32,b.2_stmt,1,PU,PU,identity,1.000000,0,
OBS_002265,KN 32,b.3_stmt,0,JA,JA,identity,1.000000,0,
OBS_002265,KN 32,b.3_stmt,1,SU,SU,identity,1.000000,0,
OBS_002266,KN 32A,word_1,0,AB08,AB08,identity,1.000000,0,
OBS_002266,KN 32A,word_1,1,AB03,AB03,identity,1.000000,0,
OBS_002266,KN 32A,word_1,2,[?],[?],identity,1.000000,0,
OBS_002267,KN 32A,word_2,0,AB08,AB08,identity,1.000000,0,
OBS_002267,KN 32A,word_2,1,AB77,AB77,identity,1.000000,0,
OBS_002267,KN 32A,word_2,2,AB59,AB59,identity,1.000000,0,
OBS_002267,KN 32A,word_2,3,[?],[?],identity,1.000000,0,
OBS_002268,KN 32B,word_1,0,[?],[?],identity,1.000000,0,
OBS_002268,KN 32B,word_1,1,AB04,AB04,identity,1.000000,0,
OBS_002269,KN 32B,word_2,0,[?],[?],identity,1.000000,0,
OBS_002269,KN 32B,word_2,1,AB31,AB31,identity,1.000000,0,
OBS_002269,KN 32B,word_2,2,AB50,AB50,identity,1.000000,0,
OBS_002270,KN 32B,word_3,0,AB03,AB03,identity,1.000000,0,
OBS_002271,KN 32B,word_4,0,[?],[?],identity,1.000000,0,
OBS_002271,KN 32B,word_4,1,AB57,AB57,identity,1.000000,0,
OBS_002271,KN 32B,word_4,2,AB58,AB58,identity,1.000000,0,
OBS_002272,KN WB 33A,word_1,0,AB16,AB16,identity,1.000000,0,
OBS_002272,KN WB 33A,word_1,1,AB67,AB67,exact,1.000000,0,Canonical sign form
OBS_002273,KN WB 33B,word_1,0,AB55,AB55,identity,1.000000,0,
OBS_002273,KN WB 33B,word_1,1,AB09,AB09,identity,1.000000,0,
OBS_002273,KN WB 33B,word_1,2,[?],[?],identity,1.000000,0,
OBS_002274,KN WC 26,a: RU-JA_log,0,IMPRESSION,IMPRESSION,identity,1.000000,0,
OBS_002274,KN WC 26,a: RU-JA_log,1,DISC,DISC,identity,1.000000,0,
OBS_002274,KN WC 26,a: RU-JA_log,2,NO,NO,identity,1.000000,0,
OBS_002274,KN WC 26,a: RU-JA_log,3,PAPYRUS,PAPYRUS,identity,1.000000,0,
OBS_002275,KN WC 26,a: RU-JA_stmt,0,B,B,identity,1.000000,0,
OBS_002275,KN WC 26,a: RU-JA_stmt,1,NI,NI,identity,1.000000,0,
OBS_002275,KN WC 26,a: RU-JA_stmt,2,PI,PI,identity,1.000000,0,
OBS_002276,KN WC 26A,word_1,0,AB26,AB26,identity,1.000000,0,
OBS_002276,KN WC 26A,word_1,1,AB57,AB57,identity,1.000000,0,
OBS_002277,KN WC 26B,word_1,0,AB30,AB30,identity,1.000000,0,
OBS_002277,KN WC 26B,word_1,1,AB39,AB39,identity,1.000000,0,
OBS_002278,KN WC 29,table1_row2_stmt,0,CAPM,CAPM,identity,1.000000,0,
OBS_002279,KN WC 3,word_1,0,AB77,AB77,identity,1.000000,0,
OBS_002279,KN WC 3,word_1,1,AB28,AB28,identity,1.000000,0,
OBS_002279,KN WC 3,word_1,2,AB77,AB77,identity,1.000000,0,
OBS_002280,KN WC 30,word_1,0,AB57,AB57,identity,1.000000,0,
OBS_002280,KN WC 30,word_1,1,AB60,AB60,identity,1.000000,0,
OBS_002281,KN WC 42,b: ]-NA_log,0,IMPRESSION,IMPRESSION,identity,1.000000,0,
OBS_002281,KN WC 42,b: ]-NA_log,1,MOTIF,MOTIF,identity,1.000000,0,
OBS_002281,KN WC 42,b: ]-NA_log,2,NOT,NOT,identity,1.000000,0,
OBS_002281,KN WC 42,b: ]-NA_log,3,PRESERVED,PRESERVED,identity,1.000000,0,
OBS_002282,KN WC 42,b: ]-NA_stmt,0,A,A,identity,1.000000,0,
OBS_002282,KN WC 42,b: ]-NA_stmt,1,O,O,identity,1.000000,0,
OBS_002283,KN WC 43,a: vestigia_log,0,NOT,NOT,identity,1.000000,0,
OBS_002283,KN WC 43,a: vestigia_log,1,PRESERVED,PRESERVED,identity,1.000000,0,
OBS_002284,KN WC 48,a: ]TE_stmt,0,B,B,identity,1.000000,0,
OBS_002284,KN WC 48,a: ]TE_stmt,1,VESTIGIA,VESTIGIA,identity,1.000000,0,
OBS_002285,KN ZB 20,word_1,0,AB06,AB06,identity,1.000000,0,
OBS_002285,KN ZB 20,word_1,1,AB08,AB08,identity,1.000000,0,
OBS_002285,KN ZB 20,word_1,2,AB56,AB56,identity,1.000000,0,
OBS_002286,KN ZB 35,table1_row2_log,0,]OLE,]OLE,identity,1.000000,0,
OBS_002287,KN ZB 35,table1_row2_stmt,0,]JA[,]JA[,identity,1.000000,0,
OBS_002287,KN ZB 35,table1_row2_stmt,1,]DI,]DI,identity,1.000000,0,
OBS_002287,KN ZB 35,table1_row2_stmt,2,]WI[,]WI[,identity,1.000000,0,
OBS_002288,KN ZB 35,word_1,0,AB57,AB57,identity,1.000000,0,
OBS_002289,KN ZB 35,word_2,0,AB07,AB07,identity,1.000000,0,
OBS_002290,KN ZB 35,word_3,0,AB40,AB40,identity,1.000000,0,
OBS_002291,KN ZB 4,word_1,0,[?],[?],identity,1.000000,0,
OBS_002291,KN ZB 4,word_1,1,AB65,AB65,identity,1.000000,0,
OBS_002292,KN ZB 4,word_2,0,AB57,AB57,identity,1.000000,0,
OBS_002292,KN ZB 4,word_2,1,AB41,AB41,identity,1.000000,0,
OBS_002293,KN ZB 4,word_3,0,AB41,AB41,identity,1.000000,0,
OBS_002294,KN ZB 40,word_1,0,AB08,AB08,identity,1.000000,0,
OBS_002294,KN ZB 40,word_1,1,AB03,AB03,identity,1.000000,0,
OBS_002294,KN ZB 40,word_1,2,AB67,AB67,exact,1.000000,0,Canonical sign form
OBS_002295,KN ZB 40,word_2,0,AB10,AB10,identity,1.000000,0,
OBS_002295,KN ZB 40,word_2,1,AB06,AB06,identity,1.000000,0,
OBS_002295,KN ZB 40,word_2,2,AB08,AB08,identity,1.000000,0,
OBS_002296,KN ZB 5,word_1,0,AB08,AB08,identity,1.000000,0,
OBS_002296,KN ZB 5,word_1,1,AB69,AB69,identity,1.000000,0,
OBS_002296,KN ZB 5,word_1,2,AB53,AB53,identity,1.000000,0,
OBS_002296,KN ZB 5,word_1,3,AB41,AB41,identity,1.000000,0,
OBS_002296,KN ZB 5,word_1,4,AB37,AB37,identity,1.000000,0,
OBS_002297,KN ZC 6,word_1,0,AB34,AB34,identity,1.000000,0,
OBS_002297,KN ZC 6,word_1,1,AB37,AB37,identity,1.000000,0,
OBS_002297,KN ZC 6,word_1,2,AB53,AB53,identity,1.000000,0,
OBS_002298,KN ZC 6,word_2,0,AB08,AB08,identity,1.000000,0,
OBS_002298,KN ZC 6,word_2,1,AB07,AB07,identity,1.000000,0,
OBS_002298,KN ZC 6,word_2,2,AB01,AB01,identity,1.000000,0,
OBS_002298,KN ZC 6,word_2,3,AB67,AB67,exact,1.000000,0,Canonical sign form
OBS_002298,KN ZC 6,word_2,4,AB37,AB37,identity,1.000000,0,
OBS_002298,KN ZC 6,word_2,5,AB03,AB03,identity,1.000000,0,
OBS_002298,KN ZC 6,word_2,6,AB81,AB81,identity,1.000000,0,
OBS_002299,KN ZC 6,word_3,0,AB30,AB30,identity,1.000000,0,
OBS_002299,KN ZC 6,word_3,1,AB57,AB57,identity,1.000000,0,
OBS_002299,KN ZC 6,word_3,2,AB55,AB55,identity,1.000000,0,
OBS_002300,KN ZC 6,word_4,0,AB65,AB65,identity,1.000000,0,
OBS_002300,KN ZC 6,word_4,1,AB81,AB81,identity,1.000000,0,
OBS_002300,KN ZC 6,word_4,2,AB06,AB06,identity,1.000000,0,
OBS_002300,KN ZC 6,word_4,3,AB03,AB03,identity,1.000000,0,
OBS_002300,KN ZC 6,word_4,4,AB81,AB81,identity,1.000000,0,
OBS_002300,KN ZC 6,word_4,5,AB55,AB55,identity,1.000000,0,
OBS_002300,KN ZC 6,word_4,6,AB10,AB10,identity,1.000000,0,
OBS_002300,KN ZC 6,word_4,7,[?],[?],identity,1.000000,0,
OBS_002300,KN ZC 6,word_4,8,AB28,AB28,identity,1.000000,0,
OBS_002300,KN ZC 6,word_4,9,AB79,AB79,identity,1.000000,0,
OBS_002301,KN ZC 7,word_1,0,AB08,AB08,identity,1.000000,0,
OBS_002301,KN ZC 7,word_1,1,AB77,AB77,identity,1.000000,0,
OBS_002301,KN ZC 7,word_1,2,AB55,AB55,identity,1.000000,0,
OBS_002301,KN ZC 7,word_1,3,AB74,AB74,identity,1.000000,0,
OBS_002301,KN ZC 7,word_1,4,AB37,AB37,identity,1.000000,0,
OBS_002302,KN ZC 7,word_2,0,AB51,AB51,identity,1.000000,0,
OBS_002302,KN ZC 7,word_2,1,AB60,AB60,identity,1.000000,0,
OBS_002302,KN ZC 7,word_2,2,AB27,AB27,identity,1.000000,0,
OBS_002303,KN ZC 7,word_3,0,AB08,AB08,identity,1.000000,0,
OBS_002303,KN ZC 7,word_3,1,AB79,AB79,identity,1.000000,0,
OBS_002303,KN ZC 7,word_3,2,AB60,AB60,identity,1.000000,0,
OBS_002304,KN ZC 7,word_4,0,AB57,AB57,identity,1.000000,0,
OBS_002304,KN ZC 7,word_4,1,AB31,AB31,identity,1.000000,0,
OBS_002304,KN ZC 7,word_4,2,AB60,AB60,identity,1.000000,0,
OBS_002304,KN ZC 7,word_4,3,AB08,AB08,identity,1.000000,0,
OBS_002304,KN ZC 7,word_4,4,AB06,AB06,identity,1.000000,0,
OBS_002304,KN ZC 7,word_4,5,AB24,AB24,identity,1.000000,0,
OBS_002304,KN ZC 7,word_4,6,AB40,AB40,identity,1.000000,0,
OBS_002304,KN ZC 7,word_4,7,AB39,AB39,identity,1.000000,0,
OBS_002304,KN ZC 7,word_4,8,[?],[?],identity,1.000000,0,
OBS_002305,KN ZE 16,word_1,0,AB08,AB08,identity,1.000000,0,
OBS_002305,KN ZE 16,word_1,1,AB39,AB39,identity,1.000000,0,
OBS_002306,KN ZF 13,word_1,0,AB08,AB08,identity,1.000000,0,
OBS_002306,KN ZF 13,word_1,1,AB27,AB27,identity,1.000000,0,
OBS_002306,KN ZF 13,word_1,2,AB24,AB24,identity,1.000000,0,
OBS_002306,KN ZF 13,word_1,3,AB41,AB41,identity,1.000000,0,
OBS_002306,KN ZF 13,word_1,4,AB07,AB07,identity,1.000000,0,
OBS_002306,KN ZF 13,word_1,5,A301,A301,identity,1.000000,0,
OBS_002306,KN ZF 13,word_1,6,AB39,AB39,identity,1.000000,0,
OBS_002306,KN ZF 13,word_1,7,AB44,AB44,identity,1.000000,0,
OBS_002306,KN ZF 13,word_1,8,AB03,AB03,identity,1.000000,0,
OBS_002306,KN ZF 13,word_1,9,AB57,AB57,identity,1.000000,0,
OBS_002306,KN ZF 13,word_1,10,AB59,AB59,identity,1.000000,0,
OBS_002306,KN ZF 13,word_1,11,AB53,AB53,identity,1.000000,0,
OBS_002306,KN ZF 13,word_1,12,AB09,AB09,identity,1.000000,0,
OBS_002306,KN ZF 13,word_1,13,AB04,AB04,identity,1.000000,0,
OBS_002306,KN ZF 13,word_1,14,AB53,AB53,identity,1.000000,0,
OBS_002306,KN ZF 13,word_1,15,AB23,AB23,identity,1.000000,0,
OBS_002306,KN ZF 13,word_1,16,AB08,AB08,identity,1.000000,0,
OBS_002306,KN ZF 13,word_1,17,AB57,AB57,identity,1.000000,0,
OBS_002306,KN ZF 13,word_1,18,AB81,AB81,identity,1.000000,0,
OBS_002307,MA 1,a.1_stmt,0,QE,QE,identity,1.000000,0,
OBS_002307,MA 1,a.1_stmt,1,DE,DE,identity,1.000000,0,
OBS_002307,MA 1,a.1_stmt,2,MI,MI,identity,1.000000,0,
OBS_002307,MA 1,a.1_stmt,3,NU,NU,identity,1.000000,0,
OBS_002308,MA 1,a.1_stmt,0,X,X,identity,1.000000,0,
OBS_002308,MA 1,a.1_stmt,1,I,I,identity,1.000000,0,
OBS_002308,MA 1,a.1_stmt,2,DU,DU,identity,1.000000,0,
OBS_002308,MA 1,a.1_stmt,3,WI,WI,identity,1.000000,0,
OBS_002309,MA 1,b.1_stmt,0,A,A,identity,1.000000,0,
OBS_002309,MA 1,b.1_stmt,1,MA,MA,identity,1.000000,0,
OBS_002310,MA 1,b.1_stmt,0,QE,QE,identity,1.000000,0,
OBS_002310,MA 1,b.1_stmt,1,DE,DE,identity,1.000000,0,
OBS_002310,MA 1,b.1_stmt,2,MI,MI,identity,1.000000,0,
OBS_002310,MA 1,b.1_stmt,3,NU,NU,identity,1.000000,0,
OBS_002311,MA 10,a._log,0,*412VAS,*412VAS,identity,1.000000,0,
OBS_002311,MA 10,a._log,1,E,E,identity,1.000000,0,
OBS_002312,MA 10,a._log,0,*412VAS,*412VAS,identity,1.000000,0,
OBS_002312,MA 10,a._log,1,F,F,identity,1.000000,0,
OBS_002313,MA 10,a._log,0,*413VAS,*413VAS,identity,1.000000,0,
OBS_002313,MA 10,a._log,1,SU,SU,identity,1.000000,0,
OBS_002314,MA 10,b.1_log,0,*405VAS,*405VAS,identity,1.000000,0,
OBS_002315,MA 10,b.1_log,0,*412VAS,*412VAS,identity,1.000000,0,
OBS_002315,MA 10,b.1_log,1,E,E,identity,1.000000,0,
OBS_002316,MA 10,b.1_stmt,0,DU,DU,identity,1.000000,0,
OBS_002316,MA 10,b.1_stmt,1,PI,PI,identity,1.000000,0,
OBS_002316,MA 10,b.1_stmt,2,TE,TE,identity,1.000000,0,
OBS_002316,MA 10,b.1_stmt,3,WA,WA,identity,1.000000,0,
OBS_002317,MA 10,b.2_log,0,*404VAS,*404VAS,identity,1.000000,0,
OBS_002317,MA 10,b.2_log,1,A,A,identity,1.000000,0,
OBS_002318,MA 10,b.2_log,0,*404VAS,*404VAS,identity,1.000000,0,
OBS_002318,MA 10,b.2_log,1,TI,TI,identity,1.000000,0,
OBS_002319,MA 10,c._log,0,*404VAS,*404VAS,identity,1.000000,0,
OBS_002319,MA 10,c._log,1,?][,?][,identity,1.000000,0,
OBS_002320,MA 10,c._log,0,*412VAS,*412VAS,identity,1.000000,0,
OBS_002320,MA 10,c._log,1,E,E,identity,1.000000,0,
OBS_002321,MA 10,c._log,0,*412VAS,*412VAS,identity,1.000000,0,
OBS_002321,MA 10,c._log,1,F,F,identity,1.000000,0,
OBS_002322,MA 10A,word_1,0,AB26,AB26,identity,1.000000,0,
OBS_002323,MA 10B,word_1,0,AB51,AB51,identity,1.000000,0,
OBS_002323,MA 10B,word_1,1,AB39,AB39,identity,1.000000,0,
OBS_002323,MA 10B,word_1,2,AB04,AB04,identity,1.000000,0,
OBS_002323,MA 10B,word_1,3,AB54,AB54,identity,1.000000,0,
OBS_002324,MA 1A,word_1,0,AB28,AB28,identity,1.000000,0,
OBS_002324,MA 1A,word_1,1,AB51,AB51,identity,1.000000,0,
OBS_002324,MA 1A,word_1,2,AB40,AB40,identity,1.000000,0,
OBS_002325,MA 1A,word_2,0,AB78,AB78,identity,1.000000,0,
OBS_002325,MA 1A,word_2,1,AB45,AB45,identity,1.000000,0,
OBS_002325,MA 1A,word_2,2,AB73,AB73,identity,1.000000,0,
OBS_002325,MA 1A,word_2,3,AB55,AB55,identity,1.000000,0,
OBS_002326,MA 1B,word_1,0,AB08,AB08,identity,1.000000,0,
OBS_002326,MA 1B,word_1,1,AB80,AB80,identity,1.000000,0,
OBS_002327,MA 1B,word_2,0,AB78,AB78,identity,1.000000,0,
OBS_002327,MA 1B,word_2,1,AB45,AB45,identity,1.000000,0,
OBS_002327,MA 1B,word_2,2,AB73,AB73,identity,1.000000,0,
OBS_002327,MA 1B,word_2,3,AB55,AB55,identity,1.000000,0,
OBS_002328,MA 1C,word_1,0,AB37,AB37,identity,1.000000,0,
OBS_002329,MA 2,a.1_stmt,0,]DU,]DU,identity,1.000000,0,
OBS_002329,MA 2,a.1_stmt,1,RA,RA,suppressed_in_strict,0.350000,1,
OBS_002330,MA 2,b.1_stmt,0,RE,RE,identity,1.000000,0,
OBS_002330,MA 2,b.1_stmt,1,TI,TI,identity,1.000000,0,
OBS_002331,MA 2,b.2_stmt,0,JA,JA,identity,1.000000,0,
OBS_002331,MA 2,b.2_stmt,1,KU,KU,identity,1.000000,0,
OBS_002332,MA 2,c.1_stmt,0,U,U,identity,1.000000,0,
OBS_002332,MA 2,c.1_stmt,1,NA,NA,identity,1.000000,0,
OBS_002332,MA 2,c.1_stmt,2,NA,NA,identity,1.000000,0,
OBS_002333,MA 2,c.1_stmt,0,]JA,]JA,identity,1.000000,0,
OBS_002333,MA 2,c.1_stmt,1,MA,MA,identity,1.000000,0,
OBS_002333,MA 2,c.1_stmt,2,U,U,identity,1.000000,0,
OBS_002333,MA 2,c.1_stmt,3,TI,TI,identity,1.000000,0,
OBS_002334,MA 2A,word_1,0,AB51,AB51,identity,1.000000,0,
OBS_002334,MA 2A,word_1,1,AB60,AB60,identity,1.000000,0,
OBS_002335,MA 2B,word_1,0,[?],[?],identity,1.000000,0,
OBS_002335,MA 2B,word_1,1,AB27,AB27,identity,1.000000,0,
OBS_002335,MA 2B,word_1,2,AB37,AB37,identity,1.000000,0,
OBS_002336,MA 2B,word_2,0,AB37,AB37,identity,1.000000,0,
OBS_002337,MA 2B,word_3,0,AB57,AB57,identity,1.000000,0,
OBS_002337,MA 2B,word_3,1,AB81,AB81,identity,1.000000,0,
OBS_002338,MA 2B,word_4,0,AB37,AB37,identity,1.000000,0,
OBS_002339,MA 2C,word_1,0,AB10,AB10,identity,1.000000,0,
OBS_002339,MA 2C,word_1,1,AB06,AB06,identity,1.000000,0,
OBS_002339,MA 2C,word_1,2,AB06,AB06,identity,1.000000,0,
OBS_002340,MA 2C,word_2,0,AB57,AB57,identity,1.000000,0,
OBS_002340,MA 2C,word_2,1,AB80,AB80,identity,1.000000,0,
OBS_002340,MA 2C,word_2,2,AB10,AB10,identity,1.000000,0,
OBS_002340,MA 2C,word_2,3,AB37,AB37,identity,1.000000,0,
OBS_002341,MA 4,a.1_log,0,SA,SA,identity,1.000000,0,
OBS_002341,MA 4,a.1_log,1,B,B,identity,1.000000,0,
OBS_002342,MA 4,a.1_log,0,SA,SA,identity,1.000000,0,
OBS_002342,MA 4,a.1_log,1,L,L,identity,1.000000,0,
OBS_002343,MA 4,a.1_log,0,TA,TA,identity,1.000000,0,
OBS_002343,MA 4,a.1_log,1,*180B,*180B,identity,1.000000,0,
OBS_002344,MA 4B,word_1,0,AB08,AB08,identity,1.000000,0,
OBS_002344,MA 4B,word_1,1,[?],[?],identity,1.000000,0,
OBS_002344,MA 4B,word_1,2,AB57,AB57,identity,1.000000,0,
OBS_002345,MA WC 5,a.1-2: A-SA-DA- KA_stmt,0,B,B,identity,1.000000,0,
OBS_002345,MA WC 5,a.1-2: A-SA-DA- KA_stmt,1,GRA,GRA,identity,1.000000,0,
OBS_002345,MA WC 5,a.1-2: A-SA-DA- KA_stmt,2,E,E,identity,1.000000,0,
OBS_002346,MA WC 5A,word_1,0,AB08,AB08,identity,1.000000,0,
OBS_002346,MA WC 5A,word_1,1,AB31,AB31,identity,1.000000,0,
OBS_002346,MA WC 5A,word_1,2,AB01,AB01,identity,1.000000,0,
OBS_002346,MA WC 5A,word_1,3,AB77,AB77,identity,1.000000,0,
OBS_002347,MI 2,.2_stmt,0,DU,DU,identity,1.000000,0,
OBS_002347,MI 2,.2_stmt,1,KA[,KA[,identity,1.000000,0,
OBS_002348,MI 2,.3_log,0,*401VAS,*401VAS,identity,1.000000,0,
OBS_002348,MI 2,.3_log,1,RA,RA,suppressed_in_strict,0.350000,1,
OBS_002349,MI 2,word_1,0,AB50,AB50,identity,1.000000,0,
OBS_002350,MI 2,word_2,0,AB51,AB51,identity,1.000000,0,
OBS_002350,MI 2,word_2,1,AB77,AB77,identity,1.000000,0,
OBS_002351,MI 2,word_3,0,AB77,AB77,identity,1.000000,0,
OBS_002352,MY ZF 2,word_1,0,AB43,AB43,identity,1.000000,0,
OBS_002353,NOTES TO HT ZD 155 157,table1_row4_log,0,E,E,identity,1.000000,0,
OBS_002353,NOTES TO HT ZD 155 157,table1_row4_log,1,F,F,identity,1.000000,0,
OBS_002354,PA 1,.1-2_stmt,0,A,A,identity,1.000000,0,
OBS_002354,PA 1,.1-2_stmt,1,KU,KU,identity,1.000000,0,
OBS_002354,PA 1,.1-2_stmt,2,JU,JU,identity,1.000000,0,
OBS_002354,PA 1,.1-2_stmt,3,PA,PA,identity,1.000000,0,
OBS_002355,PA 1,word_1,0,AB08,AB08,identity,1.000000,0,
OBS_002355,PA 1,word_1,1,AB81,AB81,identity,1.000000,0,
OBS_002355,PA 1,word_1,2,AB65,AB65,identity,1.000000,0,
OBS_002355,PA 1,word_1,3,AB03,AB03,identity,1.000000,0,
OBS_002355,PA 1,word_1,4,AB118,AB118,identity,1.000000,0,
OBS_002356,PE 1,.1-2_stmt,0,U,U,identity,1.000000,0,
OBS_002356,PE 1,.1-2_stmt,1,KA,KA,identity,1.000000,0,
OBS_002356,PE 1,.1-2_stmt,2,RE,RE,identity,1.000000,0,
OBS_002356,PE 1,.1-2_stmt,3,A,A,identity,1.000000,0,
OBS_002356,PE 1,.1-2_stmt,4,SE,SE,identity,1.000000,0,
OBS_002356,PE 1,.1-2_stmt,5,SI,SI,identity,1.000000,0,
OBS_002356,PE 1,.1-2_stmt,6,NA,NA,identity,1.000000,0,
OBS_002357,PE 1,.2_log,0,VIR,VIR,identity,1.000000,0,
OBS_002358,PE 1,.2_stmt,0,KU,KU,identity,1.000000,0,
OBS_002358,PE 1,.2_stmt,1,PA,PA,identity,1.000000,0,
OBS_002358,PE 1,.2_stmt,2,RI,RI,identity,1.000000,0,
OBS_002359,PE 1,.3-4_log,0,VIR,VIR,identity,1.000000,0,
OBS_002360,PE 1,.3-4_stmt,0,E,E,identity,1.000000,0,
OBS_002360,PE 1,.3-4_stmt,1,KA[,KA[,identity,1.000000,0,
OBS_002361,PE 1,.3_log,0,GRA,GRA,identity,1.000000,0,
OBS_002361,PE 1,.3_log,1,PA,PA,identity,1.000000,0,
OBS_002362,PE 1,.4-5_log,0,GRA,GRA,identity,1.000000,0,
OBS_002362,PE 1,.4-5_log,1,PA,PA,identity,1.000000,0,
OBS_002363,PE 2,.2_stmt,0,RU,RU,identity,1.000000,0,
OBS_002363,PE 2,.2_stmt,1,PI[,PI[,identity,1.000000,0,
OBS_002363,PE 2,.2_stmt,2,MI,MI,identity,1.000000,0,
OBS_002364,PE 2,.3-4_stmt,0,QA,QA,identity,1.000000,0,
OBS_002364,PE 2,.3-4_stmt,1,QA,QA,identity,1.000000,0,
OBS_002364,PE 2,.3-4_stmt,2,DA,DA,identity,1.000000,0,
OBS_002365,PE 2,.3_stmt,0,A,A,identity,1.000000,0,
OBS_002365,PE 2,.3_stmt,1,RI,RI,identity,1.000000,0,
OBS_002365,PE 2,.3_stmt,2,PA,PA,identity,1.000000,0,
OBS_002366,PE 2,.3_stmt,0,A,A,identity,1.000000,0,
OBS_002366,PE 2,.3_stmt,1,ZA,ZA,identity,1.000000,0,
OBS_002367,PE 2,.4_stmt,0,TO,TO,identity,1.000000,0,
OBS_002367,PE 2,.4_stmt,1,ME,ME,identity,1.000000,0,
OBS_002368,PE 2,.4_stmt,0,TO,TO,identity,1.000000,0,
OBS_002368,PE 2,.4_stmt,1,RE,RE,identity,1.000000,0,
OBS_002369,PH 1,a.1_stmt,0,]DI,]DI,identity,1.000000,0,
OBS_002369,PH 1,a.1_stmt,1,RA,RA,suppressed_in_strict,0.350000,1,
OBS_002369,PH 1,a.1_stmt,2,DI,DI,identity,1.000000,0,
OBS_002369,PH 1,a.1_stmt,3,NA,NA,identity,1.000000,0,
OBS_002370,PH 10,word_1,0,A355,A355,identity,1.000000,0,
OBS_002370,PH 10,word_1,1,AB38,AB38,identity,1.000000,0,
OBS_002370,PH 10,word_1,2,A354,A354,identity,1.000000,0,
OBS_002371,PH 13,c (= reverse of a)_log,0,]TE,]TE,identity,1.000000,0,
OBS_002371,PH 13,c (= reverse of a)_log,1,ZU,ZU,identity,1.000000,0,
OBS_002372,PH 13A,word_1,0,A328,A328,identity,1.000000,0,
OBS_002373,PH 13B,word_1,0,A356,A356,identity,1.000000,0,
OBS_002374,PH 13C,word_1,0,AB04,AB04,identity,1.000000,0,
OBS_002374,PH 13C,word_1,1,AB79,AB79,identity,1.000000,0,
OBS_002375,PH 14,"a (reverse? [read retrograde, with word + commodity FIC])_log",0,FIC,FIC,identity,1.000000,0,
OBS_002376,PH 14,"b (obverse? [inscription starts with A-, read retrograde])_stmt",0,A,A,identity,1.000000,0,
OBS_002376,PH 14,"b (obverse? [inscription starts with A-, read retrograde])_stmt",1,MI,MI,identity,1.000000,0,
OBS_002377,PH 14A,word_1,0,AB57,AB57,identity,1.000000,0,
OBS_002377,PH 14A,word_1,1,A304,A304,identity,1.000000,0,
OBS_002378,PH 14B,word_1,0,AB08,AB08,identity,1.000000,0,
OBS_002378,PH 14B,word_1,1,AB73,AB73,identity,1.000000,0,
OBS_002379,PH 15,a (obverse?)_stmt,0,]MA,]MA,identity,1.000000,0,
OBS_002379,PH 15,a (obverse?)_stmt,1,TE,TE,identity,1.000000,0,
OBS_002379,PH 15,a (obverse?)_stmt,2,RE,RE,identity,1.000000,0,
OBS_002380,PH 15A,word_1,0,AB80,AB80,identity,1.000000,0,
OBS_002380,PH 15A,word_1,1,AB04,AB04,identity,1.000000,0,
OBS_002380,PH 15A,word_1,2,AB27,AB27,identity,1.000000,0,
OBS_002381,PH 15B,word_1,0,[?],[?],identity,1.000000,0,
OBS_002381,PH 15B,word_1,1,A357,A357,identity,1.000000,0,
OBS_002382,PH 16,b.1_stmt,0,JA,JA,identity,1.000000,0,
OBS_002382,PH 16,b.1_stmt,1,SA[,SA[,identity,1.000000,0,
OBS_002383,PH 16A,word_1,0,A320,A320,identity,1.000000,0,
OBS_002383,PH 16A,word_1,1,AB06,AB06,identity,1.000000,0,
OBS_002383,PH 16A,word_1,2,[?],[?],identity,1.000000,0,
OBS_002384,PH 16A,word_2,0,[?],[?],identity,1.000000,0,
OBS_002384,PH 16A,word_2,1,A358,A358,identity,1.000000,0,
OBS_002384,PH 16A,word_2,2,AB30,AB30,identity,1.000000,0,
OBS_002384,PH 16A,word_2,3,[?],[?],identity,1.000000,0,
OBS_002385,PH 16B,word_1,0,[?],[?],identity,1.000000,0,
OBS_002385,PH 16B,word_1,1,AB57,AB57,identity,1.000000,0,
OBS_002385,PH 16B,word_1,2,AB31,AB31,identity,1.000000,0,
OBS_002386,PH 16B,word_2,0,[?],[?],identity,1.000000,0,
OBS_002386,PH 16B,word_2,1,A320,A320,identity,1.000000,0,
OBS_002386,PH 16B,word_2,2,[?],[?],identity,1.000000,0,
OBS_002387,PH 17A,word_1,0,A359,A359,identity,1.000000,0,
OBS_002388,PH 17B,word_1,0,A360,A360,identity,1.000000,0,
OBS_002389,PH 18,a.1_stmt,0,]WI,]WI,identity,1.000000,0,
OBS_002389,PH 18,a.1_stmt,1,JA[,JA[,identity,1.000000,0,
OBS_002390,PH 18A,word_1,0,[?],[?],identity,1.000000,0,
OBS_002390,PH 18A,word_1,1,AB40,AB40,identity,1.000000,0,
OBS_002390,PH 18A,word_1,2,AB57,AB57,identity,1.000000,0,
OBS_002391,PH 19,a.1_stmt,0,PI,PI,identity,1.000000,0,
OBS_002391,PH 19,a.1_stmt,1,O,O,identity,1.000000,0,
OBS_002392,PH 19,word_1,0,AB39,AB39,identity,1.000000,0,
OBS_002392,PH 19,word_1,1,AB61,AB61,identity,1.000000,0,
OBS_002393,PH 1A,word_1,0,AB07,AB07,identity,1.000000,0,
OBS_002393,PH 1A,word_1,1,AB60,AB60,identity,1.000000,0,
OBS_002393,PH 1A,word_1,2,AB07,AB07,identity,1.000000,0,
OBS_002393,PH 1A,word_1,3,AB06,AB06,identity,1.000000,0,
OBS_002394,PH 1A,word_2,0,AB57,AB57,identity,1.000000,0,
OBS_002395,PH 1B,word_1,0,[?],[?],identity,1.000000,0,
OBS_002395,PH 1B,word_1,1,AB06,AB06,identity,1.000000,0,
OBS_002396,PH 2,.1-2_stmt,0,RA,RA,suppressed_in_strict,0.350000,1,
OBS_002396,PH 2,.1-2_stmt,1,O,O,identity,1.000000,0,
OBS_002396,PH 2,.1-2_stmt,2,DI,DI,identity,1.000000,0,
OBS_002396,PH 2,.1-2_stmt,3,KI,KI,identity,1.000000,0,
OBS_002397,PH 2,.1_stmt,0,A,A,identity,1.000000,0,
OBS_002397,PH 2,.1_stmt,1,SE,SE,identity,1.000000,0,
OBS_002397,PH 2,.1_stmt,2,TU,TU,identity,1.000000,0,
OBS_002397,PH 2,.1_stmt,3,QIF,QIF,identity,1.000000,0,
OBS_002398,PH 2,.3_stmt,0,PI,PI,identity,1.000000,0,
OBS_002398,PH 2,.3_stmt,1,RU,RU,identity,1.000000,0,
OBS_002398,PH 2,.3_stmt,2,E,E,identity,1.000000,0,
OBS_002398,PH 2,.3_stmt,3,JU,JU,identity,1.000000,0,
OBS_002399,PH 2,.4_stmt,0,SE,SE,identity,1.000000,0,
OBS_002399,PH 2,.4_stmt,1,SA,SA,identity,1.000000,0,
OBS_002399,PH 2,.4_stmt,2,PA3,PA3,identity,1.000000,0,
OBS_002400,PH 2,word_1,0,AB08,AB08,identity,1.000000,0,
OBS_002400,PH 2,word_1,1,AB09,AB09,identity,1.000000,0,
OBS_002400,PH 2,word_1,2,AB69,AB69,identity,1.000000,0,
OBS_002400,PH 2,word_1,3,AB21F,AB21F,identity,1.000000,0,
OBS_002401,PH 2,word_2,0,AB60,AB60,identity,1.000000,0,
OBS_002401,PH 2,word_2,1,AB61,AB61,identity,1.000000,0,
OBS_002401,PH 2,word_2,2,AB07,AB07,identity,1.000000,0,
OBS_002401,PH 2,word_2,3,AB67,AB67,exact,1.000000,0,Canonical sign form
OBS_002402,PH 2,word_3,0,AB39,AB39,identity,1.000000,0,
OBS_002402,PH 2,word_3,1,AB26,AB26,identity,1.000000,0,
OBS_002402,PH 2,word_3,2,AB38,AB38,identity,1.000000,0,
OBS_002402,PH 2,word_3,3,AB65,AB65,identity,1.000000,0,
OBS_002403,PH 2,word_4,0,AB09,AB09,identity,1.000000,0,
OBS_002403,PH 2,word_4,1,AB31,AB31,identity,1.000000,0,
OBS_002403,PH 2,word_4,2,AB56,AB56,identity,1.000000,0,
OBS_002404,PH 24,table1_row2_stmt,0,RO,RO,identity,1.000000,0,
OBS_002404,PH 24,table1_row2_stmt,1,E,E,identity,1.000000,0,
OBS_002405,PH 24,word_1,0,AB02,AB02,identity,1.000000,0,
OBS_002405,PH 24,word_1,1,AB38,AB38,identity,1.000000,0,
OBS_002406,PH 25,.1_log,0,VINA,VINA,identity,1.000000,0,
OBS_002407,PH 26,word_1,0,[?],[?],identity,1.000000,0,
OBS_002407,PH 26,word_1,1,A314,A314,identity,1.000000,0,
OBS_002408,PH 27,word_1,0,AB04,AB04,identity,1.000000,0,
OBS_002408,PH 27,word_1,1,[?],[?],identity,1.000000,0,
OBS_002409,PH 27,word_2,0,AB08,AB08,identity,1.000000,0,
OBS_002410,PH 28,a.2_stmt,0,JA,JA,identity,1.000000,0,
OBS_002410,PH 28,a.2_stmt,1,KI,KI,identity,1.000000,0,
OBS_002410,PH 28,a.2_stmt,2,PA3[,PA3[,identity,1.000000,0,
OBS_002411,PH 28,a.3_stmt,0,A,A,identity,1.000000,0,
OBS_002411,PH 28,a.3_stmt,1,RI,RI,identity,1.000000,0,
OBS_002411,PH 28,a.3_stmt,2,JA[,JA[,identity,1.000000,0,
OBS_002412,PH 28,b.3_stmt,0,[[GRAFFITO]],[[GRAFFITO]],identity,1.000000,0,
OBS_002413,PH 28A,word_1,0,AB08,AB08,identity,1.000000,0,
OBS_002413,PH 28A,word_1,1,AB56,AB56,identity,1.000000,0,
OBS_002413,PH 28A,word_1,2,[?],[?],identity,1.000000,0,
OBS_002414,PH 28A,word_2,0,AB57,AB57,identity,1.000000,0,
OBS_002414,PH 28A,word_2,1,AB67,AB67,exact,1.000000,0,Canonical sign form
OBS_002414,PH 28A,word_2,2,AB56,AB56,identity,1.000000,0,
OBS_002414,PH 28A,word_2,3,[?],[?],identity,1.000000,0,
OBS_002415,PH 28A,word_3,0,AB08,AB08,identity,1.000000,0,
OBS_002415,PH 28A,word_3,1,AB53,AB53,identity,1.000000,0,
OBS_002415,PH 28A,word_3,2,AB57,AB57,identity,1.000000,0,
OBS_002416,PH 3,a.2_log,0,MA,MA,identity,1.000000,0,
OBS_002416,PH 3,a.2_log,1,A,A,identity,1.000000,0,
OBS_002417,PH 3,a.2_log,0,MA,MA,identity,1.000000,0,
OBS_002417,PH 3,a.2_log,1,MA,MA,identity,1.000000,0,
OBS_002418,PH 3,a.3_log,0,MA,MA,identity,1.000000,0,
OBS_002418,PH 3,a.3_log,1,RU,RU,identity,1.000000,0,
OBS_002419,PH 3,a.3_stmt,0,PA,PA,identity,1.000000,0,
OBS_002419,PH 3,a.3_stmt,1,RA,RA,suppressed_in_strict,0.350000,1,
OBS_002420,PH 3,b.1_log,0,MI,MI,identity,1.000000,0,
OBS_002420,PH 3,b.1_log,1,JA,JA,identity,1.000000,0,
OBS_002421,PH 30,.2_stmt,0,]MA,]MA,identity,1.000000,0,
OBS_002421,PH 30,.2_stmt,1,RE,RE,identity,1.000000,0,
OBS_002421,PH 30,.2_stmt,2,RI,RI,identity,1.000000,0,
OBS_002421,PH 30,.2_stmt,3,MI,MI,identity,1.000000,0,
OBS_002421,PH 30,.2_stmt,4,DE,DE,identity,1.000000,0,
OBS_002422,PH 30,word_1,0,[?],[?],identity,1.000000,0,
OBS_002422,PH 30,word_1,1,AB37,AB37,identity,1.000000,0,
OBS_002422,PH 30,word_1,2,AB53,AB53,identity,1.000000,0,
OBS_002423,PH 30,word_2,0,AB80,AB80,identity,1.000000,0,
OBS_002423,PH 30,word_2,1,AB27,AB27,identity,1.000000,0,
OBS_002423,PH 30,word_2,2,AB53,AB53,identity,1.000000,0,
OBS_002423,PH 30,word_2,3,AB73,AB73,identity,1.000000,0,
OBS_002423,PH 30,word_2,4,AB45,AB45,identity,1.000000,0,
OBS_002424,PH 31,a.2_log,0,CAPM,CAPM,identity,1.000000,0,
OBS_002424,PH 31,a.2_log,1,KU,KU,identity,1.000000,0,
OBS_002425,PH 31,a.2_log,0,CF,CF,identity,1.000000,0,
OBS_002425,PH 31,a.2_log,1,QA,QA,identity,1.000000,0,
OBS_002425,PH 31,a.2_log,2,QA,QA,identity,1.000000,0,
OBS_002425,PH 31,a.2_log,3,RU,RU,identity,1.000000,0,
OBS_002425,PH 31,a.2_log,4,HT,HT,identity,1.000000,0,
OBS_002425,PH 31,a.2_log,5,IMMEDIATELY,IMMEDIATELY,identity,1.000000,0,
OBS_002425,PH 31,a.2_log,6,BEFORE,BEFORE,identity,1.000000,0,
OBS_002425,PH 31,a.2_log,7,MA,MA,identity,1.000000,0,
OBS_002425,PH 31,a.2_log,8,DI,DI,identity,1.000000,0,
OBS_002426,PH 31,a.2_log,0,MA,MA,identity,1.000000,0,
OBS_002426,PH 31,a.2_log,1,DI,DI,identity,1.000000,0,
OBS_002426,PH 31,a.2_log,2,HT,HT,identity,1.000000,0,
OBS_002426,PH 31,a.2_log,3,HT,HT,identity,1.000000,0,
OBS_002426,PH 31,a.2_log,4,85B,85B,identity,1.000000,0,
OBS_002426,PH 31,a.2_log,5,HT,HT,identity,1.000000,0,
OBS_002426,PH 31,a.2_log,6,97A,97A,identity,1.000000,0,
OBS_002426,PH 31,a.2_log,7,HT,HT,identity,1.000000,0,
OBS_002427,PH 31,a.2_log,0,OVISM,OVISM,identity,1.000000,0,
OBS_002428,PH 31,a.2_stmt,0,MA,MA,identity,1.000000,0,
OBS_002428,PH 31,a.2_stmt,1,DI,DI,identity,1.000000,0,
OBS_002429,PH 31,a.2_stmt,0,QA,QA,identity,1.000000,0,
OBS_002429,PH 31,a.2_stmt,1,QA,QA,identity,1.000000,0,
OBS_002429,PH 31,a.2_stmt,2,]RU,]RU,identity,1.000000,0,
OBS_002430,PH 31,a.3-4_stmt,0,PA,PA,identity,1.000000,0,
OBS_002430,PH 31,a.3-4_stmt,1,TA,TA,identity,1.000000,0,
OBS_002430,PH 31,a.3-4_stmt,2,DA,DA,identity,1.000000,0,
OBS_002431,PH 31,a.3-4_stmt,0,PA,PA,identity,1.000000,0,
OBS_002431,PH 31,a.3-4_stmt,1,TA,TA,identity,1.000000,0,
OBS_002431,PH 31,a.3-4_stmt,2,DA[,DA[,identity,1.000000,0,
OBS_002432,PH 31,a.3_log,0,KU,KU,identity,1.000000,0,
OBS_002432,PH 31,a.3_log,1,PA3,PA3,identity,1.000000,0,
OBS_002432,PH 31,a.3_log,2,NU,NU,identity,1.000000,0,
OBS_002432,PH 31,a.3_log,3,HT,HT,identity,1.000000,0,
OBS_002432,PH 31,a.3_log,4,HT,HT,identity,1.000000,0,
OBS_002432,PH 31,a.3_log,5,49A,49A,identity,1.000000,0,
OBS_002432,PH 31,a.3_log,6,HT,HT,identity,1.000000,0,
OBS_002432,PH 31,a.3_log,7,HT,HT,identity,1.000000,0,
OBS_002432,PH 31,a.3_log,8,117A,117A,identity,1.000000,0,
OBS_002432,PH 31,a.3_log,9,HT,HT,identity,1.000000,0,
OBS_002432,PH 31,a.3_log,10,122A,122A,identity,1.000000,0,
OBS_002432,PH 31,a.3_log,11,CF,CF,identity,1.000000,0,
OBS_002432,PH 31,a.3_log,12,KU,KU,identity,1.000000,0,
OBS_002432,PH 31,a.3_log,13,PA3,PA3,identity,1.000000,0,
OBS_002432,PH 31,a.3_log,14,HT,HT,identity,1.000000,0,
OBS_002432,PH 31,a.3_log,15,KU,KU,identity,1.000000,0,
OBS_002432,PH 31,a.3_log,16,PA3,PA3,identity,1.000000,0,
OBS_002432,PH 31,a.3_log,17,NA,NA,identity,1.000000,0,
OBS_002432,PH 31,a.3_log,18,TU,TU,identity,1.000000,0,
OBS_002432,PH 31,a.3_log,19,HT,HT,identity,1.000000,0,
OBS_002432,PH 31,a.3_log,20,47A,47A,identity,1.000000,0,
OBS_002432,PH 31,a.3_log,21,HT,HT,identity,1.000000,0,
OBS_002433,PH 31,a.3_log,0,OVISM,OVISM,identity,1.000000,0,
OBS_002434,PH 31,a.3_log,0,SI,SI,identity,1.000000,0,
OBS_002434,PH 31,a.3_log,1,AU,AU,identity,1.000000,0,
OBS_002434,PH 31,a.3_log,2,RE,RE,identity,1.000000,0,
OBS_002435,PH 31,a.3_log,0,SUS,SUS,identity,1.000000,0,
OBS_002435,PH 31,a.3_log,1,SI,SI,identity,1.000000,0,
OBS_002435,PH 31,a.3_log,2,RE,RE,identity,1.000000,0,
OBS_002436,PH 31,a.3_stmt,0,KU,KU,identity,1.000000,0,
OBS_002436,PH 31,a.3_stmt,1,PA3,PA3,identity,1.000000,0,
OBS_002436,PH 31,a.3_stmt,2,NU,NU,identity,1.000000,0,
OBS_002437,PH 31,a.4_log,0,CAPM,CAPM,identity,1.000000,0,
OBS_002437,PH 31,a.4_log,1,KU,KU,identity,1.000000,0,
OBS_002438,PH 31,a.4_log,0,OVISF,OVISF,identity,1.000000,0,
OBS_002439,PH 31,a.4_log,0,OVISM,OVISM,identity,1.000000,0,
OBS_002440,PH 31,a.4_log,0,PA,PA,identity,1.000000,0,
OBS_002440,PH 31,a.4_log,1,TA,TA,identity,1.000000,0,
OBS_002440,PH 31,a.4_log,2,DA,DA,identity,1.000000,0,
OBS_002440,PH 31,a.4_log,3,DU,DU,identity,1.000000,0,
OBS_002440,PH 31,a.4_log,4,PU2,PU2,identity,1.000000,0,
OBS_002440,PH 31,a.4_log,5,RE,RE,identity,1.000000,0,
OBS_002440,PH 31,a.4_log,6,HT,HT,identity,1.000000,0,
OBS_002440,PH 31,a.4_log,7,ZB,ZB,identity,1.000000,0,
OBS_002441,PH 31,a.4_stmt,0,KU,KU,identity,1.000000,0,
OBS_002441,PH 31,a.4_stmt,1,RO,RO,identity,1.000000,0,
OBS_002442,PH 31,a.4_stmt,0,PA,PA,identity,1.000000,0,
OBS_002442,PH 31,a.4_stmt,1,TA,TA,identity,1.000000,0,
OBS_002442,PH 31,a.4_stmt,2,DA[,DA[,identity,1.000000,0,
OBS_002442,PH 31,a.4_stmt,3,DU,DU,identity,1.000000,0,
OBS_002442,PH 31,a.4_stmt,4,PU2,PU2,identity,1.000000,0,
OBS_002442,PH 31,a.4_stmt,5,RE,RE,identity,1.000000,0,
OBS_002443,PH 31,a: JA-DI_stmt,0,B,B,identity,1.000000,0,
OBS_002443,PH 31,a: JA-DI_stmt,1,RO,RO,identity,1.000000,0,
OBS_002444,PH 31,a: TI-TI-MA_stmt,0,B,B,identity,1.000000,0,
OBS_002444,PH 31,a: TI-TI-MA_stmt,1,NA,NA,identity,1.000000,0,
OBS_002445,PH 31,b.1_log,0,CF,CF,identity,1.000000,0,
OBS_002445,PH 31,b.1_log,1,DU,DU,identity,1.000000,0,
OBS_002445,PH 31,b.1_log,2,RI,RI,identity,1.000000,0,
OBS_002445,PH 31,b.1_log,3,TE,TE,identity,1.000000,0,
OBS_002445,PH 31,b.1_log,4,HT,HT,identity,1.000000,0,
OBS_002446,PH 31,b.1_log,0,OVISF,OVISF,identity,1.000000,0,
OBS_002447,PH 31,b.1_stmt,0,DU,DU,identity,1.000000,0,
OBS_002447,PH 31,b.1_stmt,1,RI,RI,identity,1.000000,0,
OBS_002448,PH 31,b.2_log,0,CAPF,CAPF,identity,1.000000,0,
OBS_002449,PH 31,b.2_log,0,CAPM,CAPM,identity,1.000000,0,
OBS_002450,PH 31,b.2_log,0,CF,CF,identity,1.000000,0,
OBS_002450,PH 31,b.2_log,1,TU,TU,identity,1.000000,0,
OBS_002450,PH 31,b.2_log,2,JU,JU,identity,1.000000,0,
OBS_002450,PH 31,b.2_log,3,MA,MA,identity,1.000000,0,
OBS_002450,PH 31,b.2_log,4,HT,HT,identity,1.000000,0,
OBS_002450,PH 31,b.2_log,5,A3,A3,identity,1.000000,0,
OBS_002450,PH 31,b.2_log,6,IMMEDIATELY,IMMEDIATELY,identity,1.000000,0,
OBS_002450,PH 31,b.2_log,7,AFTER,AFTER,identity,1.000000,0,
OBS_002450,PH 31,b.2_log,8,KU,KU,identity,1.000000,0,
OBS_002450,PH 31,b.2_log,9,PA3,PA3,identity,1.000000,0,
OBS_002450,PH 31,b.2_log,10,NU,NU,identity,1.000000,0,
OBS_002451,PH 31,b.2_stmt,0,DU,DU,identity,1.000000,0,
OBS_002451,PH 31,b.2_stmt,1,RI,RI,identity,1.000000,0,
OBS_002452,PH 31,b.2_stmt,0,TU,TU,identity,1.000000,0,
OBS_002452,PH 31,b.2_stmt,1,JU,JU,identity,1.000000,0,
OBS_002452,PH 31,b.2_stmt,2,MA,MA,identity,1.000000,0,
OBS_002453,PH 31,b.3_log,0,CAPF,CAPF,identity,1.000000,0,
OBS_002454,PH 31,b.3_log,0,CAPM,CAPM,identity,1.000000,0,
OBS_002455,PH 31,b.3_log,0,CF,CF,identity,1.000000,0,
OBS_002455,PH 31,b.3_log,1,PA,PA,identity,1.000000,0,
OBS_002455,PH 31,b.3_log,2,TA,TA,identity,1.000000,0,
OBS_002455,PH 31,b.3_log,3,NE,NE,identity,1.000000,0,
OBS_002455,PH 31,b.3_log,4,HT,HT,identity,1.000000,0,
OBS_002455,PH 31,b.3_log,5,122A,122A,identity,1.000000,0,
OBS_002455,PH 31,b.3_log,6,IMMEDIATELY,IMMEDIATELY,identity,1.000000,0,
OBS_002455,PH 31,b.3_log,7,AFTER,AFTER,identity,1.000000,0,
OBS_002455,PH 31,b.3_log,8,KU,KU,identity,1.000000,0,
OBS_002455,PH 31,b.3_log,9,PA3,PA3,identity,1.000000,0,
OBS_002455,PH 31,b.3_log,10,NE,NE,identity,1.000000,0,
OBS_002456,PH 31,b.3_log,0,TE,TE,identity,1.000000,0,
OBS_002456,PH 31,b.3_log,1,RI,RI,identity,1.000000,0,
OBS_002456,PH 31,b.3_log,2,HT,HT,identity,1.000000,0,
OBS_002457,PH 31,b.3_stmt,0,PA,PA,identity,1.000000,0,
OBS_002457,PH 31,b.3_stmt,1,TA,TA,identity,1.000000,0,
OBS_002457,PH 31,b.3_stmt,2,NE,NE,identity,1.000000,0,
OBS_002458,PH 31,b.3_stmt,0,TE,TE,identity,1.000000,0,
OBS_002458,PH 31,b.3_stmt,1,RI,RI,identity,1.000000,0,
OBS_002459,PH 31,b.4_log,0,CAPM,CAPM,identity,1.000000,0,
OBS_002459,PH 31,b.4_log,1,KU,KU,identity,1.000000,0,
OBS_002460,PH 31,b.4_log,0,OVISF,OVISF,identity,1.000000,0,
OBS_002461,PH 31,b.4_log,0,OVISM,OVISM,identity,1.000000,0,
OBS_002462,PH 31,b.4_log,0,OVISM,OVISM,identity,1.000000,0,
OBS_002462,PH 31,b.4_log,1,SI,SI,identity,1.000000,0,
OBS_002462,PH 31,b.4_log,2,AU,AU,identity,1.000000,0,
OBS_002462,PH 31,b.4_log,3,RE,RE,identity,1.000000,0,
OBS_002463,PH 31,b.4_log,0,OVISM,OVISM,identity,1.000000,0,
OBS_002463,PH 31,b.4_log,1,SI,SI,identity,1.000000,0,
OBS_002463,PH 31,b.4_log,2,AU[,AU[,identity,1.000000,0,
OBS_002463,PH 31,b.4_log,3,RE,RE,identity,1.000000,0,
OBS_002464,PH 31,b.4_log,0,RI,RI,identity,1.000000,0,
OBS_002464,PH 31,b.4_log,1,RU,RU,identity,1.000000,0,
OBS_002464,PH 31,b.4_log,2,MA,MA,identity,1.000000,0,
OBS_002464,PH 31,b.4_log,3,HT,HT,identity,1.000000,0,
OBS_002465,PH 31,b.4_log,0,SUS,SUS,identity,1.000000,0,
OBS_002465,PH 31,b.4_log,1,SI[,SI[,identity,1.000000,0,
OBS_002466,PH 31,b.4_stmt,0,RI,RI,identity,1.000000,0,
OBS_002466,PH 31,b.4_stmt,1,RU,RU,identity,1.000000,0,
OBS_002466,PH 31,b.4_stmt,2,MA,MA,identity,1.000000,0,
OBS_002466,PH 31,b.4_stmt,3,TI,TI,identity,1.000000,0,
OBS_002467,PH 31,b.5_log,0,JA,JA,identity,1.000000,0,
OBS_002467,PH 31,b.5_log,1,MI,MI,identity,1.000000,0,
OBS_002467,PH 31,b.5_log,2,DA,DA,identity,1.000000,0,
OBS_002467,PH 31,b.5_log,3,RE,RE,identity,1.000000,0,
OBS_002467,PH 31,b.5_log,4,HT,HT,identity,1.000000,0,
OBS_002467,PH 31,b.5_log,5,122A,122A,identity,1.000000,0,
OBS_002467,PH 31,b.5_log,6,THE,THE,identity,1.000000,0,
OBS_002467,PH 31,b.5_log,7,SAME,SAME,identity,1.000000,0,
OBS_002467,PH 31,b.5_log,8,AS,AS,identity,1.000000,0,
OBS_002467,PH 31,b.5_log,9,A,A,identity,1.000000,0,
OBS_002467,PH 31,b.5_log,10,MI,MI,identity,1.000000,0,
OBS_002467,PH 31,b.5_log,11,DA,DA,identity,1.000000,0,
OBS_002467,PH 31,b.5_log,12,U?,U?,identity,1.000000,0,
OBS_002467,PH 31,b.5_log,13,ZA,ZA,identity,1.000000,0,
OBS_002467,PH 31,b.5_log,14,10A,10A,identity,1.000000,0,
OBS_002467,PH 31,b.5_log,15,CF,CF,identity,1.000000,0,
OBS_002467,PH 31,b.5_log,16,PH,PH,identity,1.000000,0,
OBS_002467,PH 31,b.5_log,17,14B,14B,identity,1.000000,0,
OBS_002467,PH 31,b.5_log,18,A,A,identity,1.000000,0,
OBS_002467,PH 31,b.5_log,19,MI,MI,identity,1.000000,0,
OBS_002468,PH 31,b.5_log,0,OVISM,OVISM,identity,1.000000,0,
OBS_002469,PH 31,b.5_stmt,0,A,A,identity,1.000000,0,
OBS_002469,PH 31,b.5_stmt,1,MI,MI,identity,1.000000,0,
OBS_002469,PH 31,b.5_stmt,2,DA,DA,identity,1.000000,0,
OBS_002469,PH 31,b.5_stmt,3,O,O,identity,1.000000,0,
OBS_002470,PH 31,table10_row2_stmt,0,VINA,VINA,identity,1.000000,0,
OBS_002471,PH 31,table11_row2_stmt,0,OVIS,OVIS,identity,1.000000,0,
OBS_002472,PH 31,table13_row2_stmt,0,VIN,VIN,exact,1.000000,0,Canonical sign form
OBS_002473,PH 31,table9_row2_stmt,0,VINA,VINA,identity,1.000000,0,
OBS_002473,PH 31,table9_row2_stmt,1,J,J,identity,1.000000,0,
OBS_002474,PH 31A,word_1,0,[?],[?],identity,1.000000,0,
OBS_002474,PH 31A,word_1,1,AB08,AB08,identity,1.000000,0,
OBS_002474,PH 31A,word_1,2,[?],[?],identity,1.000000,0,
OBS_002475,PH 31A,word_2,0,AB26,AB26,identity,1.000000,0,
OBS_002476,PH 31A,word_3,0,AB80,AB80,identity,1.000000,0,
OBS_002476,PH 31A,word_3,1,AB07,AB07,identity,1.000000,0,
OBS_002477,PH 31A,word_4,0,AB81,AB81,identity,1.000000,0,
OBS_002477,PH 31A,word_4,1,AB56,AB56,identity,1.000000,0,
OBS_002477,PH 31A,word_4,2,AB55,AB55,identity,1.000000,0,
OBS_002478,PH 31A,word_5,0,AB03,AB03,identity,1.000000,0,
OBS_002478,PH 31A,word_5,1,AB59,AB59,identity,1.000000,0,
OBS_002478,PH 31A,word_5,2,AB01,AB01,identity,1.000000,0,
OBS_002479,PH 31A,word_6,0,AB81,AB81,identity,1.000000,0,
OBS_002479,PH 31A,word_6,1,AB02,AB02,identity,1.000000,0,
OBS_002480,PH 31B,word_1,0,AB51,AB51,identity,1.000000,0,
OBS_002480,PH 31B,word_1,1,AB53,AB53,identity,1.000000,0,
OBS_002481,PH 31B,word_2,0,AB69,AB69,identity,1.000000,0,
OBS_002481,PH 31B,word_2,1,[?],[?],identity,1.000000,0,
OBS_002482,PH 31B,word_3,0,AB24,AB24,identity,1.000000,0,
OBS_002483,PH 31B,word_4,0,AB04,AB04,identity,1.000000,0,
OBS_002483,PH 31B,word_4,1,AB53,AB53,identity,1.000000,0,
OBS_002484,PH 31B,word_5,0,AB53,AB53,identity,1.000000,0,
OBS_002484,PH 31B,word_5,1,AB26,AB26,identity,1.000000,0,
OBS_002484,PH 31B,word_5,2,AB80,AB80,identity,1.000000,0,
OBS_002484,PH 31B,word_5,3,AB37,AB37,identity,1.000000,0,
OBS_002485,PH 31B,word_7,0,AB08,AB08,identity,1.000000,0,
OBS_002485,PH 31B,word_7,1,AB73,AB73,identity,1.000000,0,
OBS_002485,PH 31B,word_7,2,AB01,AB01,identity,1.000000,0,
OBS_002485,PH 31B,word_7,3,AB61,AB61,identity,1.000000,0,
OBS_002486,PH 3A,word_2,0,AB03,AB03,identity,1.000000,0,
OBS_002486,PH 3A,word_2,1,AB60,AB60,identity,1.000000,0,
OBS_002487,PH 3A,word_3,0,[?],[?],identity,1.000000,0,
OBS_002487,PH 3A,word_3,1,[?],[?],identity,1.000000,0,
OBS_002488,PH 3B,word_2,0,AB05,AB05,identity,1.000000,0,
OBS_002489,PH 3B,word_3,0,AB41,AB41,identity,1.000000,0,
OBS_002490,PH 6,.1_stmt,0,A,A,identity,1.000000,0,
OBS_002490,PH 6,.1_stmt,1,RI,RI,identity,1.000000,0,
OBS_002491,PH 6,.1_stmt,0,I,I,identity,1.000000,0,
OBS_002491,PH 6,.1_stmt,1,NA,NA,identity,1.000000,0,
OBS_002491,PH 6,.1_stmt,2,WA,WA,identity,1.000000,0,
OBS_002492,PH 6,.2_stmt,0,I,I,identity,1.000000,0,
OBS_002492,PH 6,.2_stmt,1,ZU,ZU,identity,1.000000,0,
OBS_002492,PH 6,.2_stmt,2,RI,RI,identity,1.000000,0,
OBS_002492,PH 6,.2_stmt,3,NI,NI,identity,1.000000,0,
OBS_002492,PH 6,.2_stmt,4,TA,TA,identity,1.000000,0,
OBS_002493,PH 6,.3_stmt,0,A,A,identity,1.000000,0,
OBS_002493,PH 6,.3_stmt,1,RI,RI,identity,1.000000,0,
OBS_002494,PH 6,.4_stmt,0,I,I,identity,1.000000,0,
OBS_002494,PH 6,.4_stmt,1,DA,DA,identity,1.000000,0,
OBS_002494,PH 6,.4_stmt,2,PA3,PA3,identity,1.000000,0,
OBS_002494,PH 6,.4_stmt,3,I,I,identity,1.000000,0,
OBS_002494,PH 6,.4_stmt,4,SA,SA,identity,1.000000,0,
OBS_002494,PH 6,.4_stmt,5,RI,RI,identity,1.000000,0,
OBS_002495,PH 6,word_1,0,AB28,AB28,identity,1.000000,0,
OBS_002495,PH 6,word_1,1,AB06,AB06,identity,1.000000,0,
OBS_002495,PH 6,word_1,2,AB54,AB54,identity,1.000000,0,
OBS_002496,PH 6,word_2,0,AB08,AB08,identity,1.000000,0,
OBS_002496,PH 6,word_2,1,AB53,AB53,identity,1.000000,0,
OBS_002497,PH 6,word_3,0,AB28,AB28,identity,1.000000,0,
OBS_002497,PH 6,word_3,1,AB79,AB79,identity,1.000000,0,
OBS_002497,PH 6,word_3,2,AB53,AB53,identity,1.000000,0,
OBS_002497,PH 6,word_3,3,AB30,AB30,identity,1.000000,0,
OBS_002497,PH 6,word_3,4,AB59,AB59,identity,1.000000,0,
OBS_002498,PH 6,word_4,0,AB08,AB08,identity,1.000000,0,
OBS_002498,PH 6,word_4,1,AB53,AB53,identity,1.000000,0,
OBS_002499,PH 6,word_5,0,AB28,AB28,identity,1.000000,0,
OBS_002499,PH 6,word_5,1,AB01,AB01,identity,1.000000,0,
OBS_002499,PH 6,word_5,2,AB56,AB56,identity,1.000000,0,
OBS_002499,PH 6,word_5,3,AB28,AB28,identity,1.000000,0,
OBS_002499,PH 6,word_5,4,AB31,AB31,identity,1.000000,0,
OBS_002499,PH 6,word_5,5,AB53,AB53,identity,1.000000,0,
OBS_002500,PH 7,a.1_stmt,0,]DI,]DI,identity,1.000000,0,
OBS_002500,PH 7,a.1_stmt,1,PA,PA,identity,1.000000,0,
OBS_002500,PH 7,a.1_stmt,2,JA[,JA[,identity,1.000000,0,
OBS_002501,PH 7,a.2_stmt,0,]U,]U,identity,1.000000,0,
OBS_002501,PH 7,a.2_stmt,1,DI,DI,identity,1.000000,0,
OBS_002501,PH 7,a.2_stmt,2,RI,RI,identity,1.000000,0,
OBS_002501,PH 7,a.2_stmt,3,KI[,KI[,identity,1.000000,0,
OBS_002502,PH 7,a.3_stmt,0,]JA,]JA,identity,1.000000,0,
OBS_002502,PH 7,a.3_stmt,1,RU,RU,identity,1.000000,0,
OBS_002502,PH 7,a.3_stmt,2,MA,MA,identity,1.000000,0,
OBS_002502,PH 7,a.3_stmt,3,NE[,NE[,identity,1.000000,0,
OBS_002503,PH 7,a.4_stmt,0,]JA,]JA,identity,1.000000,0,
OBS_002503,PH 7,a.4_stmt,1,SI,SI,identity,1.000000,0,
OBS_002503,PH 7,a.4_stmt,2,DA,DA,identity,1.000000,0,
OBS_002503,PH 7,a.4_stmt,3,RA,RA,suppressed_in_strict,0.350000,1,
OBS_002504,PH 7,b.2_stmt,0,]DA,]DA,identity,1.000000,0,
OBS_002504,PH 7,b.2_stmt,1,RA,RA,suppressed_in_strict,0.350000,1,
OBS_002505,PH 7A,word_1,0,AB07,AB07,identity,1.000000,0,
OBS_002505,PH 7A,word_1,1,AB03,AB03,identity,1.000000,0,
OBS_002505,PH 7A,word_1,2,AB57,AB57,identity,1.000000,0,
OBS_002506,PH 7A,word_2,0,AB10,AB10,identity,1.000000,0,
OBS_002506,PH 7A,word_2,1,AB07,AB07,identity,1.000000,0,
OBS_002506,PH 7A,word_2,2,AB53,AB53,identity,1.000000,0,
OBS_002506,PH 7A,word_2,3,AB67,AB67,exact,1.000000,0,Canonical sign form
OBS_002507,PH 7A,word_3,0,AB57,AB57,identity,1.000000,0,
OBS_002507,PH 7A,word_3,1,AB26,AB26,identity,1.000000,0,
OBS_002507,PH 7A,word_3,2,AB80,AB80,identity,1.000000,0,
OBS_002507,PH 7A,word_3,3,AB24,AB24,identity,1.000000,0,
OBS_002508,PH 7A,word_4,0,AB57,AB57,identity,1.000000,0,
OBS_002508,PH 7A,word_4,1,AB41,AB41,identity,1.000000,0,
OBS_002508,PH 7A,word_4,2,AB01,AB01,identity,1.000000,0,
OBS_002508,PH 7A,word_4,3,AB60,AB60,identity,1.000000,0,
OBS_002509,PH 7B,word_1,0,AB59,AB59,identity,1.000000,0,
OBS_002510,PH 7B,word_2,0,AB01,AB01,identity,1.000000,0,
OBS_002510,PH 7B,word_2,1,AB60,AB60,identity,1.000000,0,
OBS_002511,PH 8,a.1_log,0,]*417VAS,]*417VAS,identity,1.000000,0,
OBS_002511,PH 8,a.1_log,1,L2,L2,identity,1.000000,0,
OBS_002512,PH 8,a.2_log,0,]VIR,]VIR,identity,1.000000,0,
OBS_002513,PH 8,a.4_log,0,*418VAS,*418VAS,identity,1.000000,0,
OBS_002513,PH 8,a.4_log,1,L2,L2,identity,1.000000,0,
OBS_002514,PH 9,b (obverse: hole starts from this side)_log,0,VAS,VAS,identity,1.000000,0,
OBS_002514,PH 9,b (obverse: hole starts from this side)_log,1,VINA,VINA,identity,1.000000,0,
OBS_002515,PH 9A,word_1,0,A317,A317,identity,1.000000,0,
OBS_002515,PH 9A,word_1,1,AB78,AB78,identity,1.000000,0,
OBS_002515,PH 9A,word_1,2,A353,A353,identity,1.000000,0,
OBS_002516,PH WA 32,word_1,0,AB58,AB58,identity,1.000000,0,
OBS_002516,PH WA 32,word_1,1,AB67,AB67,exact,1.000000,0,Canonical sign form
OBS_002516,PH WA 32,word_1,2,AB60,AB60,identity,1.000000,0,
OBS_002516,PH WA 32,word_1,3,AB59,AB59,identity,1.000000,0,
OBS_002517,PH WC 37A,word_1,0,AB77,AB77,identity,1.000000,0,
OBS_002517,PH WC 37A,word_1,1,A314,A314,identity,1.000000,0,
OBS_002517,PH WC 37A,word_1,2,AB41,AB41,identity,1.000000,0,
OBS_002518,PH WC 38,word_1,0,A314,A314,identity,1.000000,0,
OBS_002518,PH WC 38,word_1,1,AB59,AB59,identity,1.000000,0,
OBS_002518,PH WC 38,word_1,2,AB80,AB80,identity,1.000000,0,
OBS_002519,PH WC 39A,word_1,0,AB57,AB57,identity,1.000000,0,
OBS_002519,PH WC 39A,word_1,1,AB07,AB07,identity,1.000000,0,
OBS_002520,PH WC 40A,word_1,0,A320,A320,identity,1.000000,0,
OBS_002520,PH WC 40A,word_1,1,A320,A320,identity,1.000000,0,
OBS_002520,PH WC 40A,word_1,2,AB80,AB80,identity,1.000000,0,
OBS_002521,PH WC 45,word_1,0,[?],[?],identity,1.000000,0,
OBS_002521,PH WC 45,word_1,1,[?],[?],identity,1.000000,0,
OBS_002521,PH WC 45,word_1,2,[?],[?],identity,1.000000,0,
OBS_002522,PK 1,.1_stmt,0,KA,KA,identity,1.000000,0,
OBS_002522,PK 1,.1_stmt,1,QA,QA,identity,1.000000,0,
OBS_002523,PK 1,.1_stmt,0,SI,SI,identity,1.000000,0,
OBS_002523,PK 1,.1_stmt,1,NE,NE,identity,1.000000,0,
OBS_002523,PK 1,.1_stmt,2,TI,TI,identity,1.000000,0,
OBS_002524,PK 1,.2_stmt,0,A,A,identity,1.000000,0,
OBS_002524,PK 1,.2_stmt,1,DU,DU,identity,1.000000,0,
OBS_002524,PK 1,.2_stmt,2,ZA,ZA,identity,1.000000,0,
OBS_002525,PK 1,.2_stmt,0,TA2,TA2,identity,1.000000,0,
OBS_002525,PK 1,.2_stmt,1,TA,TA,identity,1.000000,0,
OBS_002525,PK 1,.2_stmt,2,RE,RE,identity,1.000000,0,
OBS_002526,PK 1,.3-4_stmt,0,O,O,identity,1.000000,0,
OBS_002526,PK 1,.3-4_stmt,1,KA,KA,identity,1.000000,0,
OBS_002526,PK 1,.3-4_stmt,2,MI,MI,identity,1.000000,0,
OBS_002526,PK 1,.3-4_stmt,3,ZA,ZA,identity,1.000000,0,
OBS_002526,PK 1,.3-4_stmt,4,SI,SI,identity,1.000000,0,
OBS_002526,PK 1,.3-4_stmt,5,I,I,identity,1.000000,0,
OBS_002526,PK 1,.3-4_stmt,6,NA,NA,identity,1.000000,0,
OBS_002527,PK 1,.3_stmt,0,TA2,TA2,identity,1.000000,0,
OBS_002527,PK 1,.3_stmt,1,TI,TI,identity,1.000000,0,
OBS_002527,PK 1,.3_stmt,2,TE,TE,identity,1.000000,0,
OBS_002528,PK 1,.5_stmt,0,O,O,identity,1.000000,0,
OBS_002528,PK 1,.5_stmt,1,TE,TE,identity,1.000000,0,
OBS_002528,PK 1,.5_stmt,2,JA,JA,identity,1.000000,0,
OBS_002529,PK 1,.6-7_stmt,0,TU,TU,identity,1.000000,0,
OBS_002529,PK 1,.6-7_stmt,1,SU,SU,identity,1.000000,0,
OBS_002530,PK 1,.6_stmt,0,NI,NI,identity,1.000000,0,
OBS_002530,PK 1,.6_stmt,1,MI,MI,identity,1.000000,0,
OBS_002531,PK 1,.6_stmt,0,RA,RA,suppressed_in_strict,0.350000,1,
OBS_002531,PK 1,.6_stmt,1,NA,NA,identity,1.000000,0,
OBS_002531,PK 1,.6_stmt,2,TU,TU,identity,1.000000,0,
OBS_002531,PK 1,.6_stmt,3,SU,SU,identity,1.000000,0,
OBS_002532,PK 1,.7_stmt,0,MA,MA,identity,1.000000,0,
OBS_002532,PK 1,.7_stmt,1,TI,TI,identity,1.000000,0,
OBS_002532,PK 1,.7_stmt,2,ZA,ZA,identity,1.000000,0,
OBS_002532,PK 1,.7_stmt,3,I,I,identity,1.000000,0,
OBS_002532,PK 1,.7_stmt,4,TE,TE,identity,1.000000,0,
OBS_002533,PK 1,.8_stmt,0,MA,MA,identity,1.000000,0,
OBS_002533,PK 1,.8_stmt,1,KA,KA,identity,1.000000,0,
OBS_002533,PK 1,.8_stmt,2,I,I,identity,1.000000,0,
OBS_002533,PK 1,.8_stmt,3,TA,TA,identity,1.000000,0,
OBS_002534,PK 1,.8_stmt,0,MA,MA,identity,1.000000,0,
OBS_002534,PK 1,.8_stmt,1,TE,TE,identity,1.000000,0,
OBS_002534,PK 1,.8_stmt,2,TI,TI,identity,1.000000,0,
OBS_002535,PK 3,a.2_stmt,0,DA,DA,identity,1.000000,0,
OBS_002535,PK 3,a.2_stmt,1,RE,RE,identity,1.000000,0,
OBS_002536,PS ZA 2,.1 (top of fragments b+c):_stmt,0,??,??,identity,1.000000,0,
OBS_002536,PS ZA 2,.1 (top of fragments b+c):_stmt,1,RE,RE,identity,1.000000,0,
OBS_002536,PS ZA 2,.1 (top of fragments b+c):_stmt,2,I,I,identity,1.000000,0,
OBS_002536,PS ZA 2,.1 (top of fragments b+c):_stmt,3,KE,KE,identity,1.000000,0,
OBS_002537,PS ZA 2,.2 (beginning on the bottom of fragment a and continuing onto b+c):_stmt,0,TA,TA,identity,1.000000,0,
OBS_002537,PS ZA 2,.2 (beginning on the bottom of fragment a and continuing onto b+c):_stmt,1,NA,NA,identity,1.000000,0,
OBS_002537,PS ZA 2,.2 (beginning on the bottom of fragment a and continuing onto b+c):_stmt,2,I,I,identity,1.000000,0,
OBS_002537,PS ZA 2,.2 (beginning on the bottom of fragment a and continuing onto b+c):_stmt,3,TI,TI,identity,1.000000,0,
OBS_002537,PS ZA 2,.2 (beginning on the bottom of fragment a and continuing onto b+c):_stmt,4,?,?,suppressed_in_strict,0.200000,1,
OBS_002537,PS ZA 2,.2 (beginning on the bottom of fragment a and continuing onto b+c):_stmt,5,JA,JA,identity,1.000000,0,
OBS_002537,PS ZA 2,.2 (beginning on the bottom of fragment a and continuing onto b+c):_stmt,6,TI,TI,identity,1.000000,0,
OBS_002537,PS ZA 2,.2 (beginning on the bottom of fragment a and continuing onto b+c):_stmt,7,JA,JA,identity,1.000000,0,
OBS_002537,PS ZA 2,.2 (beginning on the bottom of fragment a and continuing onto b+c):_stmt,8,SA,SA,identity,1.000000,0,
OBS_002537,PS ZA 2,.2 (beginning on the bottom of fragment a and continuing onto b+c):_stmt,9,SA,SA,identity,1.000000,0,
OBS_002537,PS ZA 2,.2 (beginning on the bottom of fragment a and continuing onto b+c):_stmt,10,RA,RA,suppressed_in_strict,0.350000,1,
OBS_002537,PS ZA 2,.2 (beginning on the bottom of fragment a and continuing onto b+c):_stmt,11,ME,ME,identity,1.000000,0,
OBS_002538,PS ZA 2,1-2_log,0,RO,RO,identity,1.000000,0,
OBS_002538,PS ZA 2,1-2_log,1,VINA,VINA,identity,1.000000,0,
OBS_002539,PS ZA 2,1-2_stmt,0,TI,TI,identity,1.000000,0,
OBS_002539,PS ZA 2,1-2_stmt,1,MA,MA,identity,1.000000,0,
OBS_002539,PS ZA 2,1-2_stmt,2,RU,RU,identity,1.000000,0,
OBS_002539,PS ZA 2,1-2_stmt,3,WI,WI,identity,1.000000,0,
OBS_002539,PS ZA 2,1-2_stmt,4,TE,TE,identity,1.000000,0,
OBS_002540,PS ZA 2,word_1,0,AB59,AB59,identity,1.000000,0,
OBS_002540,PS ZA 2,word_1,1,AB06,AB06,identity,1.000000,0,
OBS_002540,PS ZA 2,word_1,2,AB28,AB28,identity,1.000000,0,
OBS_002540,PS ZA 2,word_1,3,A301,A301,identity,1.000000,0,
OBS_002540,PS ZA 2,word_1,4,AB37,AB37,identity,1.000000,0,
OBS_002541,PS ZA 2,word_3,0,AB57,AB57,identity,1.000000,0,
OBS_002541,PS ZA 2,word_3,1,AB37,AB37,identity,1.000000,0,
OBS_002542,PS ZA 2,word_4,0,AB57,AB57,identity,1.000000,0,
OBS_002542,PS ZA 2,word_4,1,AB31,AB31,identity,1.000000,0,
OBS_002542,PS ZA 2,word_4,2,AB31,AB31,identity,1.000000,0,
OBS_002542,PS ZA 2,word_4,3,AB60,AB60,identity,1.000000,0,
OBS_002542,PS ZA 2,word_4,4,AB13,AB13,identity,1.000000,0,
OBS_002543,PS ZA 2,word_5,0,AB27,AB27,identity,1.000000,0,
OBS_002543,PS ZA 2,word_5,1,AB28,AB28,identity,1.000000,0,
OBS_002543,PS ZA 2,word_5,2,AB44,AB44,identity,1.000000,0,
OBS_002544,PYR 1,word_1,0,AB37,AB37,identity,1.000000,0,
OBS_002544,PYR 1,word_1,1,AB80,AB80,identity,1.000000,0,
OBS_002544,PYR 1,word_1,2,AB26,AB26,identity,1.000000,0,
OBS_002544,PYR 1,word_1,3,AB40,AB40,identity,1.000000,0,
OBS_002544,PYR 1,word_1,4,AB04,AB04,identity,1.000000,0,
OBS_002545,SY ZA 4,word_1,0,AB08,AB08,identity,1.000000,0,
OBS_002545,SY ZA 4,word_1,1,AB59,AB59,identity,1.000000,0,
OBS_002545,SY ZA 4,word_1,2,AB28,AB28,identity,1.000000,0,
OBS_002545,SY ZA 4,word_1,3,A301,A301,identity,1.000000,0,
OBS_002545,SY ZA 4,word_1,4,AB54,AB54,identity,1.000000,0,
OBS_002545,SY ZA 4,word_1,5,AB57,AB57,identity,1.000000,0,
OBS_002546,SY ZA 4,word_2,0,AB57,AB57,identity,1.000000,0,
OBS_002546,SY ZA 4,word_2,1,AB28,AB28,identity,1.000000,0,
OBS_002546,SY ZA 4,word_2,2,AB48,AB48,identity,1.000000,0,
OBS_002546,SY ZA 4,word_2,3,AB17,AB17,identity,1.000000,0,
OBS_002547,SY ZA 4,word_3,0,AB56,AB56,identity,1.000000,0,
OBS_002547,SY ZA 4,word_3,1,AB30,AB30,identity,1.000000,0,
OBS_002547,SY ZA 4,word_3,2,AB40,AB40,identity,1.000000,0,
OBS_002548,THE TABLET 4,a.4_log,0,]OVIS,]OVIS,identity,1.000000,0,
OBS_002549,THE TABLET 5,a.1_stmt,0,TE,TE,identity,1.000000,0,
OBS_002549,THE TABLET 5,a.1_stmt,1,ME,ME,identity,1.000000,0,
OBS_002549,THE TABLET 5,a.1_stmt,2,DA,DA,identity,1.000000,0,
OBS_002549,THE TABLET 5,a.1_stmt,3,I[,I[,identity,1.000000,0,
OBS_002550,THE TABLET 6,a.2_log,0,]TELA,]TELA,identity,1.000000,0,
OBS_002550,THE TABLET 6,a.2_log,1,SE,SE,identity,1.000000,0,
OBS_002551,TY 2,.1_log,0,*309B,*309B,identity,1.000000,0,
OBS_002551,TY 2,.1_log,1,PU,PU,identity,1.000000,0,
OBS_002551,TY 2,.1_log,2,PI,PI,identity,1.000000,0,
OBS_002552,TY 2,.2-3_log,0,*309A,*309A,identity,1.000000,0,
OBS_002552,TY 2,.2-3_log,1,JU,JU,identity,1.000000,0,
OBS_002552,TY 2,.2-3_log,2,KI,KI,identity,1.000000,0,
OBS_002553,TY 2,.2-3_stmt,0,PA,PA,identity,1.000000,0,
OBS_002553,TY 2,.2-3_stmt,1,DA,DA,identity,1.000000,0,
OBS_002553,TY 2,.2-3_stmt,2,RU,RU,identity,1.000000,0,
OBS_002554,TY 2,.2_log,0,*309A,*309A,identity,1.000000,0,
OBS_002554,TY 2,.2_log,1,DA,DA,identity,1.000000,0,
OBS_002554,TY 2,.2_log,2,PU[,PU[,identity,1.000000,0,
OBS_002555,TY 2,.2_log,0,*309B,*309B,identity,1.000000,0,
OBS_002555,TY 2,.2_log,1,KI,KI,identity,1.000000,0,
OBS_002555,TY 2,.2_log,2,PU,PU,identity,1.000000,0,
OBS_002556,TY 2,.3-4_log,0,VIR,VIR,identity,1.000000,0,
OBS_002557,TY 2,.3_log,0,*309A,*309A,identity,1.000000,0,
OBS_002557,TY 2,.3_log,1,RI,RI,identity,1.000000,0,
OBS_002557,TY 2,.3_log,2,JU,JU,identity,1.000000,0,
OBS_002558,TY 2,.4_log,0,*309C,*309C,identity,1.000000,0,
OBS_002558,TY 2,.4_log,1,DA,DA,identity,1.000000,0,
OBS_002558,TY 2,.4_log,2,JU,JU,identity,1.000000,0,
OBS_002559,TY 2,.5_log,0,*309A,*309A,identity,1.000000,0,
OBS_002559,TY 2,.5_log,1,RI,RI,identity,1.000000,0,
OBS_002559,TY 2,.5_log,2,WA,WA,identity,1.000000,0,
OBS_002559,TY 2,.5_log,3,JU,JU,identity,1.000000,0,
OBS_002560,TY 2,.5_log,0,*309C,*309C,identity,1.000000,0,
OBS_002560,TY 2,.5_log,1,RU,RU,identity,1.000000,0,
OBS_002560,TY 2,.5_log,2,KA,KA,identity,1.000000,0,
OBS_002561,TY 2,.6_log,0,*309B[,*309B[,identity,1.000000,0,
OBS_002562,TY 2,.6_log,0,]*309B,]*309B,identity,1.000000,0,
OBS_002562,TY 2,.6_log,1,RI,RI,identity,1.000000,0,
OBS_002562,TY 2,.6_log,2,JU,JU,identity,1.000000,0,
OBS_002563,TY 2,word_1,0,A309B,A309B,identity,1.000000,0,
OBS_002563,TY 2,word_1,1,[?],[?],identity,1.000000,0,
OBS_002563,TY 2,word_1,2,AB34?,AB34?,identity,1.000000,0,
OBS_002563,TY 2,word_1,3,AB50,AB50,identity,1.000000,0,
OBS_002563,TY 2,word_1,4,AB39,AB39,identity,1.000000,0,
OBS_002564,TY 2,word_10,0,A309C,A309C,identity,1.000000,0,
OBS_002564,TY 2,word_10,1,AB53?,AB53?,identity,1.000000,0,
OBS_002564,TY 2,word_10,2,AB77,AB77,identity,1.000000,0,
OBS_002564,TY 2,word_10,3,AB26,AB26,identity,1.000000,0,
OBS_002565,TY 2,word_11,0,A309B,A309B,identity,1.000000,0,
OBS_002565,TY 2,word_11,1,AB53?,AB53?,identity,1.000000,0,
OBS_002565,TY 2,word_11,2,[?],[?],identity,1.000000,0,
OBS_002565,TY 2,word_11,3,AB54,AB54,identity,1.000000,0,
OBS_002565,TY 2,word_11,4,AB65?,AB65?,identity,1.000000,0,
OBS_002566,TY 2,word_12,0,A309B,A309B,identity,1.000000,0,
OBS_002566,TY 2,word_12,1,AB53?,AB53?,identity,1.000000,0,
OBS_002566,TY 2,word_12,2,AB65?,AB65?,identity,1.000000,0,
OBS_002566,TY 2,word_12,3,[?],[?],identity,1.000000,0,
OBS_002567,TY 2,word_13,0,A309B,A309B,identity,1.000000,0,
OBS_002568,TY 2,word_2,0,A309A,A309A,identity,1.000000,0,
OBS_002568,TY 2,word_2,1,[?],[?],identity,1.000000,0,
OBS_002569,TY 2,word_3,0,A309B,A309B,identity,1.000000,0,
OBS_002569,TY 2,word_3,1,[?],[?],identity,1.000000,0,
OBS_002569,TY 2,word_3,2,AB67,AB67,exact,1.000000,0,Canonical sign form
OBS_002569,TY 2,word_3,3,AB50,AB50,identity,1.000000,0,
OBS_002570,TY 2,word_4,0,A309A?,A309A?,identity,1.000000,0,
OBS_002570,TY 2,word_4,1,[?],[?],identity,1.000000,0,
OBS_002570,TY 2,word_4,2,AB01,AB01,identity,1.000000,0,
OBS_002570,TY 2,word_4,3,AB50,AB50,identity,1.000000,0,
OBS_002571,TY 2,word_5,0,AB03,AB03,identity,1.000000,0,
OBS_002571,TY 2,word_5,1,AB01,AB01,identity,1.000000,0,
OBS_002571,TY 2,word_5,2,AB26,AB26,identity,1.000000,0,
OBS_002572,TY 2,word_6,0,A309A,A309A,identity,1.000000,0,
OBS_002572,TY 2,word_6,1,AB65?,AB65?,identity,1.000000,0,
OBS_002572,TY 2,word_6,2,AB67,AB67,exact,1.000000,0,Canonical sign form
OBS_002573,TY 2,word_7,0,A309A?,A309A?,identity,1.000000,0,
OBS_002573,TY 2,word_7,1,AB53,AB53,identity,1.000000,0,
OBS_002573,TY 2,word_7,2,AB65?,AB65?,identity,1.000000,0,
OBS_002574,TY 2,word_8,0,A309A?,A309A?,identity,1.000000,0,
OBS_002574,TY 2,word_8,1,[?],[?],identity,1.000000,0,
OBS_002575,TY 2,word_9,0,A309C,A309C,identity,1.000000,0,
OBS_002575,TY 2,word_9,1,AB53?,AB53?,identity,1.000000,0,
OBS_002575,TY 2,word_9,2,AB01,AB01,identity,1.000000,0,
OBS_002575,TY 2,word_9,3,[?],[?],identity,1.000000,0,
OBS_002575,TY 2,word_9,4,AB65?,AB65?,identity,1.000000,0,
OBS_002576,TY 3,a.1_log,0,OLE,OLE,identity,1.000000,0,
OBS_002576,TY 3,a.1_log,1,KI,KI,identity,1.000000,0,
OBS_002577,TY 3,a.1_log,0,OLE,OLE,identity,1.000000,0,
OBS_002577,TY 3,a.1_log,1,U,U,identity,1.000000,0,
OBS_002578,TY 3,a.2_log,0,OLE,OLE,identity,1.000000,0,
OBS_002578,TY 3,a.2_log,1,MI[,MI[,identity,1.000000,0,
OBS_002579,TY 3,a.2_log,0,OLE,OLE,identity,1.000000,0,
OBS_002579,TY 3,a.2_log,1,OVISF,OVISF,identity,1.000000,0,
OBS_002580,TY 3,a.2_log,0,OLE,OLE,identity,1.000000,0,
OBS_002580,TY 3,a.2_log,1,U,U,identity,1.000000,0,
OBS_002581,TY 3,a.3_log,0,OLE,OLE,identity,1.000000,0,
OBS_002581,TY 3,a.3_log,1,KI,KI,identity,1.000000,0,
OBS_002582,TY 3,a.3_log,0,OLE,OLE,identity,1.000000,0,
OBS_002582,TY 3,a.3_log,1,KI,KI,identity,1.000000,0,
OBS_002582,TY 3,a.3_log,2,U,U,identity,1.000000,0,
OBS_002583,TY 3,a.4_log,0,OLE,OLE,identity,1.000000,0,
OBS_002583,TY 3,a.4_log,1,KI,KI,identity,1.000000,0,
OBS_002583,TY 3,a.4_log,2,ME,ME,identity,1.000000,0,
OBS_002584,TY 3,a.4_log,0,OLE,OLE,identity,1.000000,0,
OBS_002584,TY 3,a.4_log,1,OVISF,OVISF,identity,1.000000,0,
OBS_002585,TY 3,a.4_log,0,]OLIV[,]OLIV[,identity,1.000000,0,
OBS_002586,TY 3,a.5_log,0,OLE,OLE,identity,1.000000,0,
OBS_002586,TY 3,a.5_log,1,MI,MI,identity,1.000000,0,
OBS_002587,TY 3,a.5_log,0,OLE,OLE,identity,1.000000,0,
OBS_002587,TY 3,a.5_log,1,U,U,identity,1.000000,0,
OBS_002588,TY 3,a.5_stmt,0,A,A,identity,1.000000,0,
OBS_002588,TY 3,a.5_stmt,1,DA,DA,identity,1.000000,0,
OBS_002589,TY 3,a.6_stmt,0,]KO,]KO,identity,1.000000,0,
OBS_002589,TY 3,a.6_stmt,1,A,A,identity,1.000000,0,
OBS_002589,TY 3,a.6_stmt,2,DU,DU,identity,1.000000,0,
OBS_002589,TY 3,a.6_stmt,3,WA,WA,identity,1.000000,0,
OBS_002590,TY 3,a.7_log,0,OLE,OLE,identity,1.000000,0,
OBS_002590,TY 3,a.7_log,1,TU,TU,identity,1.000000,0,
OBS_002591,TY 3,a.7_stmt,0,A,A,identity,1.000000,0,
OBS_002591,TY 3,a.7_stmt,1,KU,KU,identity,1.000000,0,
OBS_002591,TY 3,a.7_stmt,2,TU,TU,identity,1.000000,0,
OBS_002592,TY 3,b.1_log,0,OLE,OLE,identity,1.000000,0,
OBS_002592,TY 3,b.1_log,1,MI,MI,identity,1.000000,0,
OBS_002593,TY 3,b.1_stmt,0,KI,KI,identity,1.000000,0,
OBS_002593,TY 3,b.1_stmt,1,RI,RI,identity,1.000000,0,
OBS_002593,TY 3,b.1_stmt,2,SI,SI,identity,1.000000,0,
OBS_002594,TY 3,b.2_log,0,OLE,OLE,identity,1.000000,0,
OBS_002594,TY 3,b.2_log,1,KI,KI,identity,1.000000,0,
OBS_002595,TY 3,b.2_log,0,OLE,OLE,identity,1.000000,0,
OBS_002595,TY 3,b.2_log,1,MI,MI,identity,1.000000,0,
OBS_002596,TY 3,b.2_stmt,0,PI,PI,identity,1.000000,0,
OBS_002596,TY 3,b.2_stmt,1,KU,KU,identity,1.000000,0,
OBS_002596,TY 3,b.2_stmt,2,ZU,ZU,identity,1.000000,0,
OBS_002597,TY 3,b.3_log,0,]OLE,]OLE,identity,1.000000,0,
OBS_002597,TY 3,b.3_log,1,NE,NE,identity,1.000000,0,
OBS_002598,TY 3,b.4_log,0,PA,PA,identity,1.000000,0,
OBS_002598,TY 3,b.4_log,1,OLE,OLE,identity,1.000000,0,
OBS_002598,TY 3,b.4_log,2,MI[,MI[,identity,1.000000,0,
OBS_002599,TY 3,b.5-8_stmt,0,DESUNT,DESUNT,identity,1.000000,0,
OBS_002600,TY 3A,word_1,0,AB17,AB17,identity,1.000000,0,
OBS_002600,TY 3A,word_1,1,A321,A321,identity,1.000000,0,
OBS_002601,TY 3A,word_2,0,AB08,AB08,identity,1.000000,0,
OBS_002601,TY 3A,word_2,1,AB51,AB51,identity,1.000000,0,
OBS_002601,TY 3A,word_2,2,[?],[?],identity,1.000000,0,
OBS_002601,TY 3A,word_2,3,[?],[?],identity,1.000000,0,
OBS_002602,TY 3A,word_3,0,AB08,AB08,identity,1.000000,0,
OBS_002602,TY 3A,word_3,1,AB01,AB01,identity,1.000000,0,
OBS_002603,TY 3A,word_4,0,AB70,AB70,identity,1.000000,0,
OBS_002603,TY 3A,word_4,1,AB08,AB08,identity,1.000000,0,
OBS_002603,TY 3A,word_4,2,AB51,AB51,identity,1.000000,0,
OBS_002603,TY 3A,word_4,3,AB54,AB54,identity,1.000000,0,
OBS_002604,TY 3A,word_5,0,AB08,AB08,identity,1.000000,0,
OBS_002604,TY 3A,word_5,1,AB81,AB81,identity,1.000000,0,
OBS_002604,TY 3A,word_5,2,AB69,AB69,identity,1.000000,0,
OBS_002604,TY 3A,word_5,3,A361,A361,identity,1.000000,0,
OBS_002605,TY 3B,word_1,0,AB67,AB67,exact,1.000000,0,Canonical sign form
OBS_002605,TY 3B,word_1,1,AB53,AB53,identity,1.000000,0,
OBS_002605,TY 3B,word_1,2,AB41,AB41,identity,1.000000,0,
OBS_002606,TY 3B,word_2,0,AB39,AB39,identity,1.000000,0,
OBS_002606,TY 3B,word_2,1,AB81,AB81,identity,1.000000,0,
OBS_002606,TY 3B,word_2,2,AB79,AB79,identity,1.000000,0,
OBS_002607,TY 3B,word_3,0,AB03,AB03,identity,1.000000,0,
OBS_002607,TY 3B,word_3,1,AB73,AB73,identity,1.000000,0,
OBS_002608,ZA 1,a.1-2_log,0,FIC,FIC,identity,1.000000,0,
OBS_002609,ZA 1,a.1-2_stmt,0,KI,KI,identity,1.000000,0,
OBS_002609,ZA 1,a.1-2_stmt,1,RE,RE,identity,1.000000,0,
OBS_002609,ZA 1,a.1-2_stmt,2,ZA,ZA,identity,1.000000,0,
OBS_002610,ZA 1,a.1_log,0,I,I,identity,1.000000,0,
OBS_002610,ZA 1,a.1_log,1,[?],[?],identity,1.000000,0,
OBS_002611,ZA 1,b.1-2_log,0,GRA,GRA,identity,1.000000,0,
OBS_002612,ZA 1,b.1_stmt,0,E,E,identity,1.000000,0,
OBS_002612,ZA 1,b.1_stmt,1,MI,MI,identity,1.000000,0,
OBS_002613,ZA 10,a.1-2_stmt,0,A,A,identity,1.000000,0,
OBS_002613,ZA 10,a.1-2_stmt,1,KU,KU,identity,1.000000,0,
OBS_002613,ZA 10,a.1-2_stmt,2,MI,MI,identity,1.000000,0,
OBS_002613,ZA 10,a.1-2_stmt,3,NA,NA,identity,1.000000,0,
OBS_002614,ZA 10,a.1_log,0,PA,PA,identity,1.000000,0,
OBS_002614,ZA 10,a.1_log,1,[?],[?],identity,1.000000,0,
OBS_002615,ZA 10,a.1_stmt,0,TA,TA,identity,1.000000,0,
OBS_002615,ZA 10,a.1_stmt,1,NA,NA,identity,1.000000,0,
OBS_002615,ZA 10,a.1_stmt,2,TE,TE,identity,1.000000,0,
OBS_002616,ZA 10,a.2_stmt,0,A,A,identity,1.000000,0,
OBS_002616,ZA 10,a.2_stmt,1,TA,TA,identity,1.000000,0,
OBS_002616,ZA 10,a.2_stmt,2,NA,NA,identity,1.000000,0,
OBS_002616,ZA 10,a.2_stmt,3,TE,TE,identity,1.000000,0,
OBS_002617,ZA 10,a.3-4_stmt,0,A,A,identity,1.000000,0,
OBS_002617,ZA 10,a.3-4_stmt,1,DU,DU,identity,1.000000,0,
OBS_002617,ZA 10,a.3-4_stmt,2,KU,KU,identity,1.000000,0,
OBS_002617,ZA 10,a.3-4_stmt,3,MI,MI,identity,1.000000,0,
OBS_002617,ZA 10,a.3-4_stmt,4,NA,NA,identity,1.000000,0,
OBS_002618,ZA 10,a.3_stmt,0,A,A,identity,1.000000,0,
OBS_002618,ZA 10,a.3_stmt,1,MI,MI,identity,1.000000,0,
OBS_002618,ZA 10,a.3_stmt,2,DA,DA,identity,1.000000,0,
OBS_002618,ZA 10,a.3_stmt,3,U,U,identity,1.000000,0,
OBS_002619,ZA 10,a.4-5_stmt,0,DA,DA,identity,1.000000,0,
OBS_002619,ZA 10,a.4-5_stmt,1,I,I,identity,1.000000,0,
OBS_002619,ZA 10,a.4-5_stmt,2,PI,PI,identity,1.000000,0,
OBS_002619,ZA 10,a.4-5_stmt,3,TA,TA,identity,1.000000,0,
OBS_002620,ZA 10,a.5_stmt,0,DU,DU,identity,1.000000,0,
OBS_002620,ZA 10,a.5_stmt,1,RE,RE,identity,1.000000,0,
OBS_002620,ZA 10,a.5_stmt,2,ZA,ZA,identity,1.000000,0,
OBS_002620,ZA 10,a.5_stmt,3,SE,SE,identity,1.000000,0,
OBS_002621,ZA 10,b.1-2_log,0,VINB,VINB,identity,1.000000,0,
OBS_002622,ZA 10,b.1-2_stmt,0,DU,DU,identity,1.000000,0,
OBS_002622,ZA 10,b.1-2_stmt,1,RE,RE,identity,1.000000,0,
OBS_002622,ZA 10,b.1-2_stmt,2,ZA,ZA,identity,1.000000,0,
OBS_002622,ZA 10,b.1-2_stmt,3,SE,SE,identity,1.000000,0,
OBS_002623,ZA 10,b.2-3_stmt,0,MA,MA,identity,1.000000,0,
OBS_002623,ZA 10,b.2-3_stmt,1,ZA,ZA,identity,1.000000,0,
OBS_002624,ZA 10,b.3-4_stmt,0,SA,SA,identity,1.000000,0,
OBS_002624,ZA 10,b.3-4_stmt,1,MA,MA,identity,1.000000,0,
OBS_002625,ZA 10,b.3_stmt,0,MA,MA,identity,1.000000,0,
OBS_002625,ZA 10,b.3_stmt,1,KI,KI,identity,1.000000,0,
OBS_002625,ZA 10,b.3_stmt,2,DE,DE,identity,1.000000,0,
OBS_002625,ZA 10,b.3_stmt,3,TE,TE,identity,1.000000,0,
OBS_002626,ZA 10,b.4-5_stmt,0,A,A,identity,1.000000,0,
OBS_002626,ZA 10,b.4-5_stmt,1,MI,MI,identity,1.000000,0,
OBS_002626,ZA 10,b.4-5_stmt,2,TA,TA,identity,1.000000,0,
OBS_002627,ZA 10,b.4_stmt,0,A,A,identity,1.000000,0,
OBS_002627,ZA 10,b.4_stmt,1,DE,DE,identity,1.000000,0,
OBS_002628,ZA 10,b.5-6_stmt,0,PA,PA,identity,1.000000,0,
OBS_002628,ZA 10,b.5-6_stmt,1,JA,JA,identity,1.000000,0,
OBS_002628,ZA 10,b.5-6_stmt,2,RE,RE,identity,1.000000,0,
OBS_002629,ZA 10,b.5_stmt,0,RA2,RA2,exact,1.000000,0,Canonical sign form
OBS_002629,ZA 10,b.5_stmt,1,RO,RO,identity,1.000000,0,
OBS_002629,ZA 10,b.5_stmt,2,RE,RE,identity,1.000000,0,
OBS_002630,ZA 10,b.6_stmt,0,KA,KA,identity,1.000000,0,
OBS_002630,ZA 10,b.6_stmt,1,KU,KU,identity,1.000000,0,
OBS_002630,ZA 10,b.6_stmt,2,NE,NE,identity,1.000000,0,
OBS_002630,ZA 10,b.6_stmt,3,TE,TE,identity,1.000000,0,
OBS_002631,ZA 10A,word_1,0,AB59,AB59,identity,1.000000,0,
OBS_002631,ZA 10A,word_1,1,AB06,AB06,identity,1.000000,0,
OBS_002631,ZA 10A,word_1,2,AB04,AB04,identity,1.000000,0,
OBS_002632,ZA 10A,word_2,0,AB08,AB08,identity,1.000000,0,
OBS_002632,ZA 10A,word_2,1,AB81,AB81,identity,1.000000,0,
OBS_002632,ZA 10A,word_2,2,AB73,AB73,identity,1.000000,0,
OBS_002632,ZA 10A,word_2,3,AB06,AB06,identity,1.000000,0,
OBS_002633,ZA 10A,word_3,0,AB08,AB08,identity,1.000000,0,
OBS_002633,ZA 10A,word_3,1,AB59,AB59,identity,1.000000,0,
OBS_002633,ZA 10A,word_3,2,AB06,AB06,identity,1.000000,0,
OBS_002633,ZA 10A,word_3,3,AB04,AB04,identity,1.000000,0,
OBS_002634,ZA 10A,word_4,0,AB08,AB08,identity,1.000000,0,
OBS_002634,ZA 10A,word_4,1,AB73,AB73,identity,1.000000,0,
OBS_002634,ZA 10A,word_4,2,AB01,AB01,identity,1.000000,0,
OBS_002634,ZA 10A,word_4,3,AB10,AB10,identity,1.000000,0,
OBS_002635,ZA 10A,word_5,0,AB08,AB08,identity,1.000000,0,
OBS_002635,ZA 10A,word_5,1,AB51,AB51,identity,1.000000,0,
OBS_002635,ZA 10A,word_5,2,AB81,AB81,identity,1.000000,0,
OBS_002635,ZA 10A,word_5,3,AB73,AB73,identity,1.000000,0,
OBS_002635,ZA 10A,word_5,4,AB06,AB06,identity,1.000000,0,
OBS_002636,ZA 10A,word_6,0,AB01,AB01,identity,1.000000,0,
OBS_002636,ZA 10A,word_6,1,AB28,AB28,identity,1.000000,0,
OBS_002636,ZA 10A,word_6,2,AB39,AB39,identity,1.000000,0,
OBS_002636,ZA 10A,word_6,3,AB59,AB59,identity,1.000000,0,
OBS_002637,ZA 10A,word_7,0,AB51,AB51,identity,1.000000,0,
OBS_002637,ZA 10A,word_7,1,AB27,AB27,identity,1.000000,0,
OBS_002637,ZA 10A,word_7,2,AB17,AB17,identity,1.000000,0,
OBS_002637,ZA 10A,word_7,3,AB09,AB09,identity,1.000000,0,
OBS_002638,ZA 10B,word_1,0,AB54,AB54,identity,1.000000,0,
OBS_002638,ZA 10B,word_1,1,A362,A362,identity,1.000000,0,
OBS_002639,ZA 10B,word_10,0,AB03,AB03,identity,1.000000,0,
OBS_002639,ZA 10B,word_10,1,AB57,AB57,identity,1.000000,0,
OBS_002639,ZA 10B,word_10,2,AB27,AB27,identity,1.000000,0,
OBS_002640,ZA 10B,word_11,0,AB77,AB77,identity,1.000000,0,
OBS_002640,ZA 10B,word_11,1,AB81,AB81,identity,1.000000,0,
OBS_002640,ZA 10B,word_11,2,AB24,AB24,identity,1.000000,0,
OBS_002640,ZA 10B,word_11,3,AB04,AB04,identity,1.000000,0,
OBS_002641,ZA 10B,word_2,0,AB51,AB51,identity,1.000000,0,
OBS_002641,ZA 10B,word_2,1,AB27,AB27,identity,1.000000,0,
OBS_002641,ZA 10B,word_2,2,AB17,AB17,identity,1.000000,0,
OBS_002641,ZA 10B,word_2,3,AB09,AB09,identity,1.000000,0,
OBS_002642,ZA 10B,word_3,0,AB10,AB10,identity,1.000000,0,
OBS_002642,ZA 10B,word_3,1,AB49,AB49,identity,1.000000,0,
OBS_002643,ZA 10B,word_4,0,AB80,AB80,identity,1.000000,0,
OBS_002643,ZA 10B,word_4,1,AB17,AB17,identity,1.000000,0,
OBS_002644,ZA 10B,word_5,0,AB80,AB80,identity,1.000000,0,
OBS_002644,ZA 10B,word_5,1,AB67,AB67,exact,1.000000,0,Canonical sign form
OBS_002644,ZA 10B,word_5,2,AB45,AB45,identity,1.000000,0,
OBS_002644,ZA 10B,word_5,3,AB04,AB04,identity,1.000000,0,
OBS_002645,ZA 10B,word_6,0,AB31,AB31,identity,1.000000,0,
OBS_002645,ZA 10B,word_6,1,AB80,AB80,identity,1.000000,0,
OBS_002646,ZA 10B,word_7,0,AB08,AB08,identity,1.000000,0,
OBS_002646,ZA 10B,word_7,1,AB45,AB45,identity,1.000000,0,
OBS_002647,ZA 10B,word_8,0,AB08,AB08,identity,1.000000,0,
OBS_002647,ZA 10B,word_8,1,AB73,AB73,identity,1.000000,0,
OBS_002647,ZA 10B,word_8,2,AB59,AB59,identity,1.000000,0,
OBS_002648,ZA 10B,word_9,0,AB76,AB76,identity,1.000000,0,
OBS_002648,ZA 10B,word_9,1,AB02,AB02,identity,1.000000,0,
OBS_002648,ZA 10B,word_9,2,AB27,AB27,identity,1.000000,0,
OBS_002649,ZA 11,a.1_log,0,GRA,GRA,identity,1.000000,0,
OBS_002649,ZA 11,a.1_log,1,PA[,PA[,identity,1.000000,0,
OBS_002650,ZA 11,a.1_log,0,I,I,identity,1.000000,0,
OBS_002650,ZA 11,a.1_log,1,[?],[?],identity,1.000000,0,
OBS_002651,ZA 11,a.1_stmt,0,DI,DI,identity,1.000000,0,
OBS_002651,ZA 11,a.1_stmt,1,DI,DI,identity,1.000000,0,
OBS_002651,ZA 11,a.1_stmt,2,KO,KO,identity,1.000000,0,
OBS_002651,ZA 11,a.1_stmt,3,RA,RA,suppressed_in_strict,0.350000,1,
OBS_002651,ZA 11,a.1_stmt,4,ME[,ME[,identity,1.000000,0,
OBS_002651,ZA 11,a.1_stmt,5,]TA2,]TA2,identity,1.000000,0,
OBS_002652,ZA 11,a.2-3_log,0,VINA,VINA,identity,1.000000,0,
OBS_002653,ZA 11,a.2-3_stmt,0,RA,RA,suppressed_in_strict,0.350000,1,
OBS_002653,ZA 11,a.2-3_stmt,1,MA,MA,identity,1.000000,0,
OBS_002653,ZA 11,a.2-3_stmt,2,SI,SI,identity,1.000000,0,
OBS_002654,ZA 11,a.3-4_stmt,0,]E,]E,identity,1.000000,0,
OBS_002654,ZA 11,a.3-4_stmt,1,KU,KU,identity,1.000000,0,
OBS_002654,ZA 11,a.3-4_stmt,2,RU,RU,identity,1.000000,0,
OBS_002655,ZA 11,a.4_log,0,QE,QE,identity,1.000000,0,
OBS_002655,ZA 11,a.4_log,1,GRA,GRA,identity,1.000000,0,
OBS_002655,ZA 11,a.4_log,2,PA,PA,identity,1.000000,0,
OBS_002656,ZA 11,a.4_log,0,VINA,VINA,identity,1.000000,0,
OBS_002657,ZA 11,a.5_log,0,GRA,GRA,identity,1.000000,0,
OBS_002657,ZA 11,a.5_log,1,PA,PA,identity,1.000000,0,
OBS_002658,ZA 11,a.5_stmt,0,KU,KU,identity,1.000000,0,
OBS_002658,ZA 11,a.5_stmt,1,PA,PA,identity,1.000000,0,
OBS_002659,ZA 11,a.5_stmt,0,PI,PI,identity,1.000000,0,
OBS_002659,ZA 11,a.5_stmt,1,A[,A[,identity,1.000000,0,
OBS_002660,ZA 11,a.6_log,0,]OLIV,]OLIV,identity,1.000000,0,
OBS_002661,ZA 11,b.1_log,0,GRA,GRA,identity,1.000000,0,
OBS_002661,ZA 11,b.1_log,1,PA,PA,identity,1.000000,0,
OBS_002662,ZA 11,b.1_log,0,I,I,identity,1.000000,0,
OBS_002662,ZA 11,b.1_log,1,[?],[?],identity,1.000000,0,
OBS_002663,ZA 11,b.1_stmt,0,E,E,identity,1.000000,0,
OBS_002663,ZA 11,b.1_stmt,1,TO,TO,identity,1.000000,0,
OBS_002663,ZA 11,b.1_stmt,2,RI,RI,identity,1.000000,0,
OBS_002664,ZA 11,b.1_stmt,0,SA,SA,identity,1.000000,0,
OBS_002664,ZA 11,b.1_stmt,1,RI,RI,identity,1.000000,0,
OBS_002665,ZA 11,b.2a_log,0,I,I,identity,1.000000,0,
OBS_002665,ZA 11,b.2a_log,1,OLIV,OLIV,exact,1.000000,0,Canonical sign form
OBS_002666,ZA 11,b.2b_stmt,0,]I,]I,identity,1.000000,0,
OBS_002666,ZA 11,b.2b_stmt,1,DE[,DE[,identity,1.000000,0,
OBS_002667,ZA 11,b.3_log,0,GRA,GRA,identity,1.000000,0,
OBS_002667,ZA 11,b.3_log,1,PA,PA,identity,1.000000,0,
OBS_002668,ZA 11,b.3_stmt,0,KU,KU,identity,1.000000,0,
OBS_002668,ZA 11,b.3_stmt,1,PA,PA,identity,1.000000,0,
OBS_002669,ZA 11A,word_1,0,AB07,AB07,identity,1.000000,0,
OBS_002669,ZA 11A,word_1,1,AB07,AB07,identity,1.000000,0,
OBS_002669,ZA 11A,word_1,2,AB70,AB70,identity,1.000000,0,
OBS_002669,ZA 11A,word_1,3,AB60,AB60,identity,1.000000,0,
OBS_002669,ZA 11A,word_1,4,AB13,AB13,identity,1.000000,0,
OBS_002669,ZA 11A,word_1,5,AB66,AB66,identity,1.000000,0,
OBS_002670,ZA 11A,word_2,0,AB60,AB60,identity,1.000000,0,
OBS_002670,ZA 11A,word_2,1,AB80,AB80,identity,1.000000,0,
OBS_002670,ZA 11A,word_2,2,AB41,AB41,identity,1.000000,0,
OBS_002671,ZA 11A,word_3,0,AB38,AB38,identity,1.000000,0,
OBS_002671,ZA 11A,word_3,1,AB81,AB81,identity,1.000000,0,
OBS_002671,ZA 11A,word_3,2,AB26,AB26,identity,1.000000,0,
OBS_002672,ZA 11A,word_4,0,AB81,AB81,identity,1.000000,0,
OBS_002672,ZA 11A,word_4,1,AB03,AB03,identity,1.000000,0,
OBS_002673,ZA 11A,word_5,0,AB39,AB39,identity,1.000000,0,
OBS_002673,ZA 11A,word_5,1,A310,A310,identity,1.000000,0,
OBS_002673,ZA 11A,word_5,2,AB08,AB08,identity,1.000000,0,
OBS_002674,ZA 11B,word_1,0,AB38,AB38,identity,1.000000,0,
OBS_002674,ZA 11B,word_1,1,AB05,AB05,identity,1.000000,0,
OBS_002674,ZA 11B,word_1,2,AB53,AB53,identity,1.000000,0,
OBS_002675,ZA 11B,word_2,0,AB31,AB31,identity,1.000000,0,
OBS_002675,ZA 11B,word_2,1,A301,A301,identity,1.000000,0,
OBS_002675,ZA 11B,word_2,2,AB53,AB53,identity,1.000000,0,
OBS_002676,ZA 11B,word_3,0,AB28,AB28,identity,1.000000,0,
OBS_002676,ZA 11B,word_3,1,AB45,AB45,identity,1.000000,0,
OBS_002677,ZA 11B,word_4,0,AB81,AB81,identity,1.000000,0,
OBS_002677,ZA 11B,word_4,1,AB03,AB03,identity,1.000000,0,
OBS_002678,ZA 12,a.1_log,0,PA,PA,identity,1.000000,0,
OBS_002678,ZA 12,a.1_log,1,[?],[?],identity,1.000000,0,
OBS_002679,ZA 12,b.1_log,0,PA,PA,identity,1.000000,0,
OBS_002679,ZA 12,b.1_log,1,[?],[?],identity,1.000000,0,
OBS_002680,ZA 13,word_1,0,[?],[?],identity,1.000000,0,
OBS_002680,ZA 13,word_1,1,AB58,AB58,identity,1.000000,0,
OBS_002680,ZA 13,word_1,2,AB03,AB03,identity,1.000000,0,
OBS_002681,ZA 14,.1_stmt,0,ME,ME,identity,1.000000,0,
OBS_002681,ZA 14,.1_stmt,1,KI,KI,identity,1.000000,0,
OBS_002681,ZA 14,.1_stmt,2,DI,DI,identity,1.000000,0,
OBS_002682,ZA 14,.2_stmt,0,PU,PU,identity,1.000000,0,
OBS_002682,ZA 14,.2_stmt,1,NI,NI,identity,1.000000,0,
OBS_002682,ZA 14,.2_stmt,2,KA,KA,identity,1.000000,0,
OBS_002682,ZA 14,.2_stmt,3,SO,SO,identity,1.000000,0,
OBS_002683,ZA 14,.2_stmt,0,QA,QA,identity,1.000000,0,
OBS_002683,ZA 14,.2_stmt,1,TI,TI,identity,1.000000,0,
OBS_002683,ZA 14,.2_stmt,2,JU,JU,identity,1.000000,0,
OBS_002684,ZA 14,.3-4_stmt,0,TU,TU,identity,1.000000,0,
OBS_002684,ZA 14,.3-4_stmt,1,MI,MI,identity,1.000000,0,
OBS_002684,ZA 14,.3-4_stmt,2,TI,TI,identity,1.000000,0,
OBS_002684,ZA 14,.3-4_stmt,3,ZA,ZA,identity,1.000000,0,
OBS_002684,ZA 14,.3-4_stmt,4,SE,SE,identity,1.000000,0,
OBS_002685,ZA 14,.3_stmt,0,KU,KU,identity,1.000000,0,
OBS_002685,ZA 14,.3_stmt,1,PI,PI,identity,1.000000,0,
OBS_002686,ZA 14,.4_stmt,0,JA,JA,identity,1.000000,0,
OBS_002686,ZA 14,.4_stmt,1,WI[,WI[,identity,1.000000,0,
OBS_002687,ZA 14,.4_stmt,0,PA,PA,identity,1.000000,0,
OBS_002687,ZA 14,.4_stmt,1,NU,NU,identity,1.000000,0,
OBS_002687,ZA 14,.4_stmt,2,QE,QE,identity,1.000000,0,
OBS_002688,ZA 14,word_1,0,AB13,AB13,identity,1.000000,0,
OBS_002688,ZA 14,word_1,1,AB67,AB67,exact,1.000000,0,Canonical sign form
OBS_002688,ZA 14,word_1,2,AB07,AB07,identity,1.000000,0,
OBS_002689,ZA 14,word_2,0,AB21F,AB21F,identity,1.000000,0,
OBS_002689,ZA 14,word_2,1,AB118,AB118,identity,1.000000,0,
OBS_002690,ZA 14,word_3,0,AB50,AB50,identity,1.000000,0,
OBS_002690,ZA 14,word_3,1,AB30,AB30,identity,1.000000,0,
OBS_002690,ZA 14,word_3,2,AB77,AB77,identity,1.000000,0,
OBS_002690,ZA 14,word_3,3,A363,A363,identity,1.000000,0,
OBS_002691,ZA 14,word_4,0,AB16,AB16,identity,1.000000,0,
OBS_002691,ZA 14,word_4,1,AB37,AB37,identity,1.000000,0,
OBS_002691,ZA 14,word_4,2,AB65,AB65,identity,1.000000,0,
OBS_002692,ZA 14,word_5,0,AB81,AB81,identity,1.000000,0,
OBS_002692,ZA 14,word_5,1,AB39,AB39,identity,1.000000,0,
OBS_002693,ZA 14,word_6,0,AB69,AB69,identity,1.000000,0,
OBS_002693,ZA 14,word_6,1,AB73,AB73,identity,1.000000,0,
OBS_002693,ZA 14,word_6,2,AB37,AB37,identity,1.000000,0,
OBS_002693,ZA 14,word_6,3,AB17,AB17,identity,1.000000,0,
OBS_002693,ZA 14,word_6,4,AB09,AB09,identity,1.000000,0,
OBS_002694,ZA 14,word_7,0,AB03,AB03,identity,1.000000,0,
OBS_002694,ZA 14,word_7,1,AB55,AB55,identity,1.000000,0,
OBS_002694,ZA 14,word_7,2,AB78,AB78,identity,1.000000,0,
OBS_002695,ZA 14,word_8,0,AB57,AB57,identity,1.000000,0,
OBS_002695,ZA 14,word_8,1,AB40,AB40,identity,1.000000,0,
OBS_002696,ZA 15,a.1_log,0,SA,SA,identity,1.000000,0,
OBS_002696,ZA 15,a.1_log,1,VINA,VINA,identity,1.000000,0,
OBS_002697,ZA 15,a.1_stmt,0,KU,KU,identity,1.000000,0,
OBS_002697,ZA 15,a.1_stmt,1,NA,NA,identity,1.000000,0,
OBS_002698,ZA 15,a.2_stmt,0,QE,QE,identity,1.000000,0,
OBS_002698,ZA 15,a.2_stmt,1,SI,SI,identity,1.000000,0,
OBS_002698,ZA 15,a.2_stmt,2,ZU,ZU,identity,1.000000,0,
OBS_002698,ZA 15,a.2_stmt,3,E,E,identity,1.000000,0,
OBS_002699,ZA 15,a.3_log,0,ME,ME,identity,1.000000,0,
OBS_002699,ZA 15,a.3_log,1,VINA,VINA,identity,1.000000,0,
OBS_002700,ZA 15,a.3_stmt,0,I,I,identity,1.000000,0,
OBS_002700,ZA 15,a.3_stmt,1,TI,TI,identity,1.000000,0,
OBS_002700,ZA 15,a.3_stmt,2,NI,NI,identity,1.000000,0,
OBS_002700,ZA 15,a.3_stmt,3,SA,SA,identity,1.000000,0,
OBS_002701,ZA 15,a.4-5_stmt,0,IB,IB,identity,1.000000,0,
OBS_002701,ZA 15,a.4-5_stmt,1,NU,NU,identity,1.000000,0,
OBS_002701,ZA 15,a.4-5_stmt,2,MA,MA,identity,1.000000,0,
OBS_002701,ZA 15,a.4-5_stmt,3,RE,RE,identity,1.000000,0,
OBS_002702,ZA 15,a.4_stmt,0,MI,MI,identity,1.000000,0,
OBS_002702,ZA 15,a.4_stmt,1,ZA,ZA,identity,1.000000,0,
OBS_002702,ZA 15,a.4_stmt,2,SE,SE,identity,1.000000,0,
OBS_002703,ZA 15,a.5_stmt,0,SI,SI,identity,1.000000,0,
OBS_002703,ZA 15,a.5_stmt,1,PI,PI,identity,1.000000,0,
OBS_002703,ZA 15,a.5_stmt,2,KI,KI,identity,1.000000,0,
OBS_002704,ZA 15,a.6-7_stmt,0,SA,SA,identity,1.000000,0,
OBS_002704,ZA 15,a.6-7_stmt,1,MI,MI,identity,1.000000,0,
OBS_002704,ZA 15,a.6-7_stmt,2,DA,DA,identity,1.000000,0,
OBS_002704,ZA 15,a.6-7_stmt,3,E,E,identity,1.000000,0,
OBS_002705,ZA 15,a.6_stmt,0,JA,JA,identity,1.000000,0,
OBS_002705,ZA 15,a.6_stmt,1,SA,SA,identity,1.000000,0,
OBS_002705,ZA 15,a.6_stmt,2,MU,MU,identity,1.000000,0,
OBS_002706,ZA 15,a.7_stmt,0,SO,SO,identity,1.000000,0,
OBS_002706,ZA 15,a.7_stmt,1,KE,KE,identity,1.000000,0,
OBS_002706,ZA 15,a.7_stmt,2,MA,MA,identity,1.000000,0,
OBS_002706,ZA 15,a.7_stmt,3,SE,SE,identity,1.000000,0,
OBS_002707,ZA 15,b.1_log,0,VINA,VINA,identity,1.000000,0,
OBS_002708,ZA 15,b.1_stmt,0,KA,KA,identity,1.000000,0,
OBS_002708,ZA 15,b.1_stmt,1,DI,DI,identity,1.000000,0,
OBS_002709,ZA 15,b.2_log,0,VINA,VINA,identity,1.000000,0,
OBS_002710,ZA 15,b.2_stmt,0,KU,KU,identity,1.000000,0,
OBS_002710,ZA 15,b.2_stmt,1,RO,RO,identity,1.000000,0,
OBS_002711,ZA 15,b.3_log,0,VINA,VINA,identity,1.000000,0,
OBS_002711,ZA 15,b.3_log,1,RA,RA,suppressed_in_strict,0.350000,1,
OBS_002712,ZA 15A,word_1,0,AB47,AB47,identity,1.000000,0,
OBS_002712,ZA 15A,word_1,1,AB81,AB81,identity,1.000000,0,
OBS_002712,ZA 15A,word_1,2,AB06,AB06,identity,1.000000,0,
OBS_002713,ZA 15A,word_2,0,AB78,AB78,identity,1.000000,0,
OBS_002713,ZA 15A,word_2,1,AB41,AB41,identity,1.000000,0,
OBS_002713,ZA 15A,word_2,2,AB79,AB79,identity,1.000000,0,
OBS_002713,ZA 15A,word_2,3,AB38,AB38,identity,1.000000,0,
OBS_002714,ZA 15A,word_3,0,AB28,AB28,identity,1.000000,0,
OBS_002714,ZA 15A,word_3,1,AB37,AB37,identity,1.000000,0,
OBS_002714,ZA 15A,word_3,2,AB30,AB30,identity,1.000000,0,
OBS_002714,ZA 15A,word_3,3,AB31,AB31,identity,1.000000,0,
OBS_002715,ZA 15A,word_4,0,AB73,AB73,identity,1.000000,0,
OBS_002715,ZA 15A,word_4,1,AB17,AB17,identity,1.000000,0,
OBS_002715,ZA 15A,word_4,2,AB09,AB09,identity,1.000000,0,
OBS_002716,ZA 15A,word_5,0,AB28B,AB28B,identity,1.000000,0,
OBS_002716,ZA 15A,word_5,1,AB55,AB55,identity,1.000000,0,
OBS_002716,ZA 15A,word_5,2,AB80,AB80,identity,1.000000,0,
OBS_002716,ZA 15A,word_5,3,AB27,AB27,identity,1.000000,0,
OBS_002717,ZA 15A,word_6,0,AB41,AB41,identity,1.000000,0,
OBS_002717,ZA 15A,word_6,1,[?],[?],identity,1.000000,0,
OBS_002717,ZA 15A,word_6,2,AB67,AB67,exact,1.000000,0,Canonical sign form
OBS_002718,ZA 15A,word_7,0,AB57,AB57,identity,1.000000,0,
OBS_002718,ZA 15A,word_7,1,AB31,AB31,identity,1.000000,0,
OBS_002718,ZA 15A,word_7,2,AB23,AB23,identity,1.000000,0,
OBS_002719,ZA 15A,word_8,0,AB73,AB73,identity,1.000000,0,
OBS_002719,ZA 15A,word_8,1,AB01,AB01,identity,1.000000,0,
OBS_002719,ZA 15A,word_8,2,AB38,AB38,identity,1.000000,0,
OBS_002720,ZA 15A,word_9,0,A364,A364,identity,1.000000,0,
OBS_002720,ZA 15A,word_9,1,AB44,AB44,identity,1.000000,0,
OBS_002720,ZA 15A,word_9,2,AB80,AB80,identity,1.000000,0,
OBS_002720,ZA 15A,word_9,3,AB09,AB09,identity,1.000000,0,
OBS_002721,ZA 15B,word_1,0,AB77,AB77,identity,1.000000,0,
OBS_002721,ZA 15B,word_1,1,AB07,AB07,identity,1.000000,0,
OBS_002722,ZA 15B,word_2,0,AB81,AB81,identity,1.000000,0,
OBS_002722,ZA 15B,word_2,1,AB02,AB02,identity,1.000000,0,
OBS_002723,ZA 16,.6-9_stmt,0,DESUNT,DESUNT,identity,1.000000,0,
OBS_002724,ZA 16,word_1,0,[?],[?],identity,1.000000,0,
OBS_002724,ZA 16,word_1,1,AB41,AB41,identity,1.000000,0,
OBS_002725,ZA 18,a.1_log,0,GRA,GRA,identity,1.000000,0,
OBS_002725,ZA 18,a.1_log,1,PA,PA,identity,1.000000,0,
OBS_002726,ZA 18,a.1_stmt,0,DA,DA,identity,1.000000,0,
OBS_002726,ZA 18,a.1_stmt,1,RE,RE,identity,1.000000,0,
OBS_002726,ZA 18,a.1_stmt,2,KU[,KU[,identity,1.000000,0,
OBS_002727,ZA 18,a.2_log,0,OLE,OLE,identity,1.000000,0,
OBS_002727,ZA 18,a.2_log,1,KI,KI,identity,1.000000,0,
OBS_002728,ZA 18,a.2_log,0,OLIV,OLIV,exact,1.000000,0,Canonical sign form
OBS_002729,ZA 18A,word_1,0,AB01,AB01,identity,1.000000,0,
OBS_002729,ZA 18A,word_1,1,AB27,AB27,identity,1.000000,0,
OBS_002729,ZA 18A,word_1,2,AB81,AB81,identity,1.000000,0,
OBS_002730,ZA 18A,word_2,0,AB81,AB81,identity,1.000000,0,
OBS_002730,ZA 18A,word_2,1,A321,A321,identity,1.000000,0,
OBS_002731,ZA 19,table1_row3_stmt,0,]RA,]RA,identity,1.000000,0,
OBS_002731,ZA 19,table1_row3_stmt,1,TE,TE,identity,1.000000,0,
OBS_002732,ZA 19,word_1,0,AB60,AB60,identity,1.000000,0,
OBS_002732,ZA 19,word_1,1,AB04,AB04,identity,1.000000,0,
OBS_002732,ZA 19,word_1,2,[?],[?],identity,1.000000,0,
OBS_002733,ZA 1A,word_1,0,AB67,AB67,exact,1.000000,0,Canonical sign form
OBS_002733,ZA 1A,word_1,1,AB27,AB27,identity,1.000000,0,
OBS_002733,ZA 1A,word_1,2,AB17,AB17,identity,1.000000,0,
OBS_002734,ZA 1B,word_1,0,AB38,AB38,identity,1.000000,0,
OBS_002734,ZA 1B,word_1,1,AB73,AB73,identity,1.000000,0,
OBS_002734,ZA 1B,word_1,2,[?],[?],identity,1.000000,0,
OBS_002735,ZA 1B,word_2,0,AB02,AB02,identity,1.000000,0,
OBS_002736,ZA 20,.1-2_stmt,0,]DU,]DU,identity,1.000000,0,
OBS_002736,ZA 20,.1-2_stmt,1,RE,RE,identity,1.000000,0,
OBS_002736,ZA 20,.1-2_stmt,2,ZA,ZA,identity,1.000000,0,
OBS_002736,ZA 20,.1-2_stmt,3,SE,SE,identity,1.000000,0,
OBS_002737,ZA 20,.2_stmt,0,SI,SI,identity,1.000000,0,
OBS_002737,ZA 20,.2_stmt,1,TE,TE,identity,1.000000,0,
OBS_002737,ZA 20,.2_stmt,2,TU,TU,identity,1.000000,0,
OBS_002738,ZA 20,.3_stmt,0,RU,RU,identity,1.000000,0,
OBS_002738,ZA 20,.3_stmt,1,MA,MA,identity,1.000000,0,
OBS_002738,ZA 20,.3_stmt,2,TA,TA,identity,1.000000,0,
OBS_002738,ZA 20,.3_stmt,3,SE,SE,identity,1.000000,0,
OBS_002739,ZA 20,.3_stmt,0,SI,SI,identity,1.000000,0,
OBS_002739,ZA 20,.3_stmt,1,TU,TU,identity,1.000000,0,
OBS_002740,ZA 20,.4_stmt,0,KU,KU,identity,1.000000,0,
OBS_002740,ZA 20,.4_stmt,1,RA,RA,suppressed_in_strict,0.350000,1,
OBS_002741,ZA 20,word_2,0,AB51,AB51,identity,1.000000,0,
OBS_002741,ZA 20,word_2,1,AB27,AB27,identity,1.000000,0,
OBS_002741,ZA 20,word_2,2,AB17,AB17,identity,1.000000,0,
OBS_002741,ZA 20,word_2,3,AB09,AB09,identity,1.000000,0,
OBS_002742,ZA 20,word_3,0,AB73,AB73,identity,1.000000,0,
OBS_002742,ZA 20,word_3,1,[?],[?],identity,1.000000,0,
OBS_002742,ZA 20,word_3,2,[?],[?],identity,1.000000,0,
OBS_002743,ZA 20,word_4,0,AB41,AB41,identity,1.000000,0,
OBS_002743,ZA 20,word_4,1,AB04,AB04,identity,1.000000,0,
OBS_002743,ZA 20,word_4,2,AB69,AB69,identity,1.000000,0,
OBS_002744,ZA 20,word_5,0,AB41,AB41,identity,1.000000,0,
OBS_002744,ZA 20,word_5,1,AB69,AB69,identity,1.000000,0,
OBS_002745,ZA 20,word_6,0,AB04,AB04,identity,1.000000,0,
OBS_002745,ZA 20,word_6,1,AB123,AB123,identity,1.000000,0,
OBS_002746,ZA 20,word_7,0,AB26,AB26,identity,1.000000,0,
OBS_002746,ZA 20,word_7,1,AB80,AB80,identity,1.000000,0,
OBS_002746,ZA 20,word_7,2,AB59,AB59,identity,1.000000,0,
OBS_002746,ZA 20,word_7,3,AB09,AB09,identity,1.000000,0,
OBS_002747,ZA 20,word_8,0,AB81,AB81,identity,1.000000,0,
OBS_002747,ZA 20,word_8,1,AB60,AB60,identity,1.000000,0,
OBS_002748,ZA 21,a.2_stmt,0,]PI,]PI,identity,1.000000,0,
OBS_002748,ZA 21,a.2_stmt,1,MU,MU,identity,1.000000,0,
OBS_002749,ZA 21,a.4_stmt,0,TA,TA,identity,1.000000,0,
OBS_002749,ZA 21,a.4_stmt,1,KE,KE,identity,1.000000,0,
OBS_002750,ZA 21,a.6_log,0,]PA,]PA,identity,1.000000,0,
OBS_002750,ZA 21,a.6_log,1,[?],[?],identity,1.000000,0,
OBS_002751,ZA 21,a.6_stmt,0,TA,TA,identity,1.000000,0,
OBS_002751,ZA 21,a.6_stmt,1,MA,MA,identity,1.000000,0,
OBS_002751,ZA 21,a.6_stmt,2,PI,PI,identity,1.000000,0,
OBS_002752,ZA 21,b.1_stmt,0,I,I,identity,1.000000,0,
OBS_002752,ZA 21,b.1_stmt,1,DA[,DA[,identity,1.000000,0,
OBS_002753,ZA 21,b.3_stmt,0,SA,SA,identity,1.000000,0,
OBS_002753,ZA 21,b.3_stmt,1,RI,RI,identity,1.000000,0,
OBS_002754,ZA 21A,word_1,0,[?],[?],identity,1.000000,0,
OBS_002754,ZA 21A,word_1,1,AB13,AB13,identity,1.000000,0,
OBS_002755,ZA 21A,word_2,0,AB39,AB39,identity,1.000000,0,
OBS_002755,ZA 21A,word_2,1,AB23,AB23,identity,1.000000,0,
OBS_002756,ZA 21A,word_3,0,AB80,AB80,identity,1.000000,0,
OBS_002757,ZA 21A,word_4,0,AB04,AB04,identity,1.000000,0,
OBS_002758,ZA 21A,word_5,0,AB59,AB59,identity,1.000000,0,
OBS_002758,ZA 21A,word_5,1,AB44,AB44,identity,1.000000,0,
OBS_002759,ZA 21A,word_6,0,AB03,AB03,identity,1.000000,0,
OBS_002760,ZA 21A,word_7,0,AB59,AB59,identity,1.000000,0,
OBS_002760,ZA 21A,word_7,1,AB80,AB80,identity,1.000000,0,
OBS_002760,ZA 21A,word_7,2,AB39,AB39,identity,1.000000,0,
OBS_002761,ZA 21A,word_8,0,AB08,AB08,identity,1.000000,0,
OBS_002762,ZA 21A,word_9,0,AB118,AB118,identity,1.000000,0,
OBS_002762,ZA 21A,word_9,1,AB73,AB73,identity,1.000000,0,
OBS_002763,ZA 21B,word_1,0,AB28,AB28,identity,1.000000,0,
OBS_002763,ZA 21B,word_1,1,AB01,AB01,identity,1.000000,0,
OBS_002764,ZA 21B,word_2,0,AB67,AB67,exact,1.000000,0,Canonical sign form
OBS_002765,ZA 21B,word_3,0,AB31,AB31,identity,1.000000,0,
OBS_002765,ZA 21B,word_3,1,AB53,AB53,identity,1.000000,0,
OBS_002766,ZA 21B,word_6,0,AB13,AB13,identity,1.000000,0,
OBS_002767,ZA 22,.1_log,0,]OVISF[,]OVISF[,identity,1.000000,0,
OBS_002768,ZA 22,.2_log,0,OVISM,OVISM,identity,1.000000,0,
OBS_002769,ZA 22,.3_log,0,OVISF,OVISF,identity,1.000000,0,
OBS_002770,ZA 22,.4_stmt,0,DU,DU,identity,1.000000,0,
OBS_002770,ZA 22,.4_stmt,1,JU,JU,identity,1.000000,0,
OBS_002771,ZA 22,.5_log,0,OVISF,OVISF,identity,1.000000,0,
OBS_002772,ZA 22,word_1,0,AB60,AB60,identity,1.000000,0,
OBS_002773,ZA 22,word_2,0,AB51,AB51,identity,1.000000,0,
OBS_002773,ZA 22,word_2,1,AB65,AB65,identity,1.000000,0,
OBS_002774,ZA 23,.1_stmt,0,]TE,]TE,identity,1.000000,0,
OBS_002774,ZA 23,.1_stmt,1,TE,TE,identity,1.000000,0,
OBS_002775,ZA 23,.2_stmt,0,]MI,]MI,identity,1.000000,0,
OBS_002775,ZA 23,.2_stmt,1,RE[,RE[,identity,1.000000,0,
OBS_002776,ZA 23,word_1,0,AB04,AB04,identity,1.000000,0,
OBS_002776,ZA 23,word_1,1,AB04,AB04,identity,1.000000,0,
OBS_002777,ZA 23,word_2,0,AB73,AB73,identity,1.000000,0,
OBS_002777,ZA 23,word_2,1,AB27,AB27,identity,1.000000,0,
OBS_002778,ZA 24,a.1_stmt,0,I,I,identity,1.000000,0,
OBS_002778,ZA 24,a.1_stmt,1,DA,DA,identity,1.000000,0,
OBS_002779,ZA 24A,word_1,0,AB28,AB28,identity,1.000000,0,
OBS_002779,ZA 24A,word_1,1,AB01,AB01,identity,1.000000,0,
OBS_002780,ZA 24B,word_1,0,AB59,AB59,identity,1.000000,0,
OBS_002781,ZA 26,a.1_stmt,0,SI,SI,identity,1.000000,0,
OBS_002781,ZA 26,a.1_stmt,1,TE,TE,identity,1.000000,0,
OBS_002781,ZA 26,a.1_stmt,2,DI,DI,identity,1.000000,0,
OBS_002781,ZA 26,a.1_stmt,3,DI,DI,identity,1.000000,0,
OBS_002782,ZA 26,a.2_log,0,]OVISF,]OVISF,identity,1.000000,0,
OBS_002783,ZA 26,a.2_stmt,0,JA,JA,identity,1.000000,0,
OBS_002783,ZA 26,a.2_stmt,1,KI[,KI[,identity,1.000000,0,
OBS_002784,ZA 26,b.1_log,0,]OVISF,]OVISF,identity,1.000000,0,
OBS_002785,ZA 26A,word_1,0,AB41,AB41,identity,1.000000,0,
OBS_002785,ZA 26A,word_1,1,AB04,AB04,identity,1.000000,0,
OBS_002786,ZA 26A,word_2,0,AB07,AB07,identity,1.000000,0,
OBS_002786,ZA 26A,word_2,1,AB07,AB07,identity,1.000000,0,
OBS_002787,ZA 26A,word_3,0,AB57,AB57,identity,1.000000,0,
OBS_002787,ZA 26A,word_3,1,AB67,AB67,exact,1.000000,0,Canonical sign form
OBS_002788,ZA 27,.2_stmt,0,O,O,identity,1.000000,0,
OBS_002788,ZA 27,.2_stmt,1,MI[,MI[,identity,1.000000,0,
OBS_002789,ZA 27,.2_stmt,0,]DI,]DI,identity,1.000000,0,
OBS_002789,ZA 27,.2_stmt,1,KI,KI,identity,1.000000,0,
OBS_002790,ZA 27,word_1,0,AB07,AB07,identity,1.000000,0,
OBS_002790,ZA 27,word_1,1,AB67,AB67,exact,1.000000,0,Canonical sign form
OBS_002791,ZA 27,word_2,0,AB61,AB61,identity,1.000000,0,
OBS_002791,ZA 27,word_2,1,AB73,AB73,identity,1.000000,0,
OBS_002792,ZA 28,table1_row3_log,0,GRA,GRA,identity,1.000000,0,
OBS_002792,ZA 28,table1_row3_log,1,PA,PA,identity,1.000000,0,
OBS_002793,ZA 29,word_1,0,AB80,AB80,identity,1.000000,0,
OBS_002794,ZA 29,word_2,0,AB04,AB04,identity,1.000000,0,
OBS_002795,ZA 31,word_1,0,AB51?,AB51?,identity,1.000000,0,
OBS_002796,ZA 32,word_1,0,AB57?,AB57?,identity,1.000000,0,
OBS_002797,ZA 4,a.2-3_stmt,0,JA,JA,identity,1.000000,0,
OBS_002797,ZA 4,a.2-3_stmt,1,TO,TO,identity,1.000000,0,
OBS_002797,ZA 4,a.2-3_stmt,2,JA[,JA[,identity,1.000000,0,
OBS_002798,ZA 4,a.3-4_stmt,0,JA,JA,identity,1.000000,0,
OBS_002798,ZA 4,a.3-4_stmt,1,PA,PA,identity,1.000000,0,
OBS_002799,ZA 4,a.3_stmt,0,A,A,identity,1.000000,0,
OBS_002799,ZA 4,a.3_stmt,1,TI,TI,identity,1.000000,0,
OBS_002799,ZA 4,a.3_stmt,2,RU,RU,identity,1.000000,0,
OBS_002800,ZA 4,a.4_stmt,0,TU,TU,identity,1.000000,0,
OBS_002800,ZA 4,a.4_stmt,1,ME,ME,identity,1.000000,0,
OBS_002800,ZA 4,a.4_stmt,2,SE,SE,identity,1.000000,0,
OBS_002801,ZA 4,a.5-6_stmt,0,IB,IB,identity,1.000000,0,
OBS_002801,ZA 4,a.5-6_stmt,1,NU,NU,identity,1.000000,0,
OBS_002801,ZA 4,a.5-6_stmt,2,MA,MA,identity,1.000000,0,
OBS_002801,ZA 4,a.5-6_stmt,3,RE,RE,identity,1.000000,0,
OBS_002802,ZA 4,a.5_stmt,0,QE,QE,identity,1.000000,0,
OBS_002802,ZA 4,a.5_stmt,1,SI,SI,identity,1.000000,0,
OBS_002802,ZA 4,a.5_stmt,2,ZU,ZU,identity,1.000000,0,
OBS_002802,ZA 4,a.5_stmt,3,E,E,identity,1.000000,0,
OBS_002803,ZA 4,a.6-7_stmt,0,SI,SI,identity,1.000000,0,
OBS_002803,ZA 4,a.6-7_stmt,1,PI,PI,identity,1.000000,0,
OBS_002803,ZA 4,a.6-7_stmt,2,KI,KI,identity,1.000000,0,
OBS_002804,ZA 4,a.8_stmt,0,KA,KA,identity,1.000000,0,
OBS_002804,ZA 4,a.8_stmt,1,DI,DI,identity,1.000000,0,
OBS_002805,ZA 4A,word_1,0,AB39,AB39,identity,1.000000,0,
OBS_002805,ZA 4A,word_1,1,[?],[?],identity,1.000000,0,
OBS_002805,ZA 4A,word_1,2,AB09,AB09,identity,1.000000,0,
OBS_002806,ZA 4A,word_10,0,AB77,AB77,identity,1.000000,0,
OBS_002806,ZA 4A,word_10,1,AB07,AB07,identity,1.000000,0,
OBS_002807,ZA 4A,word_2,0,AB57,AB57,identity,1.000000,0,
OBS_002807,ZA 4A,word_2,1,AB05,AB05,identity,1.000000,0,
OBS_002807,ZA 4A,word_2,2,AB57,AB57,identity,1.000000,0,
OBS_002808,ZA 4A,word_3,0,AB08,AB08,identity,1.000000,0,
OBS_002808,ZA 4A,word_3,1,AB37,AB37,identity,1.000000,0,
OBS_002808,ZA 4A,word_3,2,AB26,AB26,identity,1.000000,0,
OBS_002809,ZA 4A,word_4,0,AB57,AB57,identity,1.000000,0,
OBS_002809,ZA 4A,word_4,1,AB03,AB03,identity,1.000000,0,
OBS_002810,ZA 4A,word_5,0,AB69,AB69,identity,1.000000,0,
OBS_002810,ZA 4A,word_5,1,AB13,AB13,identity,1.000000,0,
OBS_002810,ZA 4A,word_5,2,AB09,AB09,identity,1.000000,0,
OBS_002811,ZA 4A,word_6,0,AB78,AB78,identity,1.000000,0,
OBS_002811,ZA 4A,word_6,1,AB41,AB41,identity,1.000000,0,
OBS_002811,ZA 4A,word_6,2,AB79,AB79,identity,1.000000,0,
OBS_002811,ZA 4A,word_6,3,AB38,AB38,identity,1.000000,0,
OBS_002812,ZA 4A,word_7,0,AB28B,AB28B,identity,1.000000,0,
OBS_002812,ZA 4A,word_7,1,AB55,AB55,identity,1.000000,0,
OBS_002812,ZA 4A,word_7,2,AB80,AB80,identity,1.000000,0,
OBS_002812,ZA 4A,word_7,3,AB27,AB27,identity,1.000000,0,
OBS_002813,ZA 4A,word_8,0,AB41,AB41,identity,1.000000,0,
OBS_002813,ZA 4A,word_8,1,AB39,AB39,identity,1.000000,0,
OBS_002813,ZA 4A,word_8,2,AB67,AB67,exact,1.000000,0,Canonical sign form
OBS_002814,ZA 4A,word_9,0,AB38,AB38,identity,1.000000,0,
OBS_002814,ZA 4A,word_9,1,AB82,AB82,identity,1.000000,0,
OBS_002815,ZA 5,a.1-2_stmt,0,KI,KI,identity,1.000000,0,
OBS_002815,ZA 5,a.1-2_stmt,1,NI,NI,identity,1.000000,0,
OBS_002815,ZA 5,a.1-2_stmt,2,MA,MA,identity,1.000000,0,
OBS_002816,ZA 5,a.1_log,0,VINA,VINA,identity,1.000000,0,
OBS_002816,ZA 5,a.1_log,1,SU,SU,identity,1.000000,0,
OBS_002817,ZA 5,a.2-3_stmt,0,O,O,identity,1.000000,0,
OBS_002817,ZA 5,a.2-3_stmt,1,TA,TA,identity,1.000000,0,
OBS_002817,ZA 5,a.2-3_stmt,2,NI,NI,identity,1.000000,0,
OBS_002817,ZA 5,a.2-3_stmt,3,ZA,ZA,identity,1.000000,0,
OBS_002817,ZA 5,a.2-3_stmt,4,SE,SE,identity,1.000000,0,
OBS_002818,ZA 5,a.3_stmt,0,SA,SA,identity,1.000000,0,
OBS_002818,ZA 5,a.3_stmt,1,MI,MI,identity,1.000000,0,
OBS_002818,ZA 5,a.3_stmt,2,DA,DA,identity,1.000000,0,
OBS_002818,ZA 5,a.3_stmt,3,E[,E[,identity,1.000000,0,
OBS_002819,ZA 5,a.5-6_stmt,0,DESUNT,DESUNT,identity,1.000000,0,
OBS_002820,ZA 5,b.1_stmt,0,IB,IB,identity,1.000000,0,
OBS_002820,ZA 5,b.1_stmt,1,NU,NU,identity,1.000000,0,
OBS_002820,ZA 5,b.1_stmt,2,MA,MA,identity,1.000000,0,
OBS_002820,ZA 5,b.1_stmt,3,RE,RE,identity,1.000000,0,
OBS_002821,ZA 5,b.2-3_stmt,0,MA,MA,identity,1.000000,0,
OBS_002821,ZA 5,b.2-3_stmt,1,KA,KA,identity,1.000000,0,
OBS_002821,ZA 5,b.2-3_stmt,2,I,I,identity,1.000000,0,
OBS_002821,ZA 5,b.2-3_stmt,3,TA,TA,identity,1.000000,0,
OBS_002822,ZA 5,b.2_stmt,0,SI,SI,identity,1.000000,0,
OBS_002822,ZA 5,b.2_stmt,1,PI,PI,identity,1.000000,0,
OBS_002822,ZA 5,b.2_stmt,2,KI,KI,identity,1.000000,0,
OBS_002823,ZA 5A,word_1,0,AB21F,AB21F,identity,1.000000,0,
OBS_002823,ZA 5A,word_1,1,AB118,AB118,identity,1.000000,0,
OBS_002824,ZA 5A,word_2,0,AB67,AB67,exact,1.000000,0,Canonical sign form
OBS_002824,ZA 5A,word_2,1,AB30,AB30,identity,1.000000,0,
OBS_002824,ZA 5A,word_2,2,AB80,AB80,identity,1.000000,0,
OBS_002825,ZA 5A,word_3,0,AB61,AB61,identity,1.000000,0,
OBS_002825,ZA 5A,word_3,1,AB59,AB59,identity,1.000000,0,
OBS_002825,ZA 5A,word_3,2,AB30,AB30,identity,1.000000,0,
OBS_002825,ZA 5A,word_3,3,AB17,AB17,identity,1.000000,0,
OBS_002825,ZA 5A,word_3,4,AB09,AB09,identity,1.000000,0,
OBS_002826,ZA 5A,word_4,0,AB31,AB31,identity,1.000000,0,
OBS_002826,ZA 5A,word_4,1,AB73,AB73,identity,1.000000,0,
OBS_002826,ZA 5A,word_4,2,AB01,AB01,identity,1.000000,0,
OBS_002826,ZA 5A,word_4,3,AB38,AB38,identity,1.000000,0,
OBS_002827,ZA 5B,word_1,0,AB28B,AB28B,identity,1.000000,0,
OBS_002827,ZA 5B,word_1,1,AB55,AB55,identity,1.000000,0,
OBS_002827,ZA 5B,word_1,2,AB80,AB80,identity,1.000000,0,
OBS_002827,ZA 5B,word_1,3,AB27,AB27,identity,1.000000,0,
OBS_002828,ZA 5B,word_2,0,AB41,AB41,identity,1.000000,0,
OBS_002828,ZA 5B,word_2,1,AB39,AB39,identity,1.000000,0,
OBS_002828,ZA 5B,word_2,2,AB67,AB67,exact,1.000000,0,Canonical sign form
OBS_002829,ZA 5B,word_3,0,AB80,AB80,identity,1.000000,0,
OBS_002829,ZA 5B,word_3,1,AB77,AB77,identity,1.000000,0,
OBS_002829,ZA 5B,word_3,2,AB28,AB28,identity,1.000000,0,
OBS_002829,ZA 5B,word_3,3,AB59,AB59,identity,1.000000,0,
OBS_002830,ZA 6,a.1-2_stmt,0,JU,JU,identity,1.000000,0,
OBS_002830,ZA 6,a.1-2_stmt,1,TE,TE,identity,1.000000,0,
OBS_002830,ZA 6,a.1-2_stmt,2,MI[,MI[,identity,1.000000,0,
OBS_002831,ZA 6,a.1_stmt,0,WA,WA,identity,1.000000,0,
OBS_002831,ZA 6,a.1_stmt,1,NA,NA,identity,1.000000,0,
OBS_002832,ZA 6,a.3-4_log,0,]OLIV,]OLIV,identity,1.000000,0,
OBS_002833,ZA 6,a.3_stmt,0,I,I,identity,1.000000,0,
OBS_002833,ZA 6,a.3_stmt,1,SE,SE,identity,1.000000,0,
OBS_002834,ZA 6,a.4_log,0,]OLIV,]OLIV,identity,1.000000,0,
OBS_002835,ZA 6,a.6_log,0,GRA,GRA,identity,1.000000,0,
OBS_002835,ZA 6,a.6_log,1,PA,PA,identity,1.000000,0,
OBS_002836,ZA 6,a.6_stmt,0,]PU2,]PU2,identity,1.000000,0,
OBS_002836,ZA 6,a.6_stmt,1,RA2,RA2,exact,1.000000,0,Canonical sign form
OBS_002837,ZA 6,a.7_log,0,OLIV[,OLIV[,identity,1.000000,0,
OBS_002838,ZA 6,a.9-10_stmt,0,I,I,identity,1.000000,0,
OBS_002838,ZA 6,a.9-10_stmt,1,SE,SE,identity,1.000000,0,
OBS_002839,ZA 6,b.1_log,0,GRA,GRA,identity,1.000000,0,
OBS_002839,ZA 6,b.1_log,1,PA,PA,identity,1.000000,0,
OBS_002840,ZA 6,b.1_stmt,0,I,I,identity,1.000000,0,
OBS_002840,ZA 6,b.1_stmt,1,KU,KU,identity,1.000000,0,
OBS_002840,ZA 6,b.1_stmt,2,JU,JU,identity,1.000000,0,
OBS_002840,ZA 6,b.1_stmt,3,TI,TI,identity,1.000000,0,
OBS_002840,ZA 6,b.1_stmt,4,IB,IB,identity,1.000000,0,
OBS_002841,ZA 6,b.2-3_log,0,GRA,GRA,identity,1.000000,0,
OBS_002841,ZA 6,b.2-3_log,1,PA,PA,identity,1.000000,0,
OBS_002842,ZA 6,b.2_log,0,VINA,VINA,identity,1.000000,0,
OBS_002842,ZA 6,b.2_log,1,KA,KA,identity,1.000000,0,
OBS_002843,ZA 6,b.2_log,0,VINA,VINA,identity,1.000000,0,
OBS_002843,ZA 6,b.2_log,1,RA,RA,suppressed_in_strict,0.350000,1,
OBS_002844,ZA 6,b.4_stmt,0,PA,PA,identity,1.000000,0,
OBS_002844,ZA 6,b.4_stmt,1,ZA,ZA,identity,1.000000,0,
OBS_002845,ZA 6,b.5_stmt,0,]I,]I,identity,1.000000,0,
OBS_002845,ZA 6,b.5_stmt,1,MA[,MA[,identity,1.000000,0,
OBS_002846,ZA 6A,word_1,0,A305,A305,identity,1.000000,0,
OBS_002846,ZA 6A,word_1,1,AB54,AB54,identity,1.000000,0,
OBS_002846,ZA 6A,word_1,2,AB06,AB06,identity,1.000000,0,
OBS_002847,ZA 6A,word_2,0,AB34,AB34,identity,1.000000,0,
OBS_002847,ZA 6A,word_2,1,AB65,AB65,identity,1.000000,0,
OBS_002847,ZA 6A,word_2,2,AB04,AB04,identity,1.000000,0,
OBS_002847,ZA 6A,word_2,3,AB73,AB73,identity,1.000000,0,
OBS_002848,ZA 6A,word_3,0,AB28,AB28,identity,1.000000,0,
OBS_002848,ZA 6A,word_3,1,AB09,AB09,identity,1.000000,0,
OBS_002849,ZA 6A,word_4,0,AB28,AB28,identity,1.000000,0,
OBS_002850,ZA 6A,word_5,0,AB29,AB29,identity,1.000000,0,
OBS_002850,ZA 6A,word_5,1,AB76,AB76,identity,1.000000,0,
OBS_002851,ZA 6A,word_6,0,AB28,AB28,identity,1.000000,0,
OBS_002851,ZA 6A,word_6,1,AB09,AB09,identity,1.000000,0,
OBS_002852,ZA 6B,word_1,0,AB28,AB28,identity,1.000000,0,
OBS_002852,ZA 6B,word_1,1,AB81,AB81,identity,1.000000,0,
OBS_002852,ZA 6B,word_1,2,AB65,AB65,identity,1.000000,0,
OBS_002852,ZA 6B,word_1,3,AB37,AB37,identity,1.000000,0,
OBS_002852,ZA 6B,word_1,4,AB28B,AB28B,identity,1.000000,0,
OBS_002853,ZA 6B,word_2,0,A312,A312,identity,1.000000,0,
OBS_002853,ZA 6B,word_2,1,AB66,AB66,identity,1.000000,0,
OBS_002854,ZA 6B,word_3,0,AB03,AB03,identity,1.000000,0,
OBS_002854,ZA 6B,word_3,1,AB17,AB17,identity,1.000000,0,
OBS_002855,ZA 6B,word_4,0,AB28,AB28,identity,1.000000,0,
OBS_002855,ZA 6B,word_4,1,AB80,AB80,identity,1.000000,0,
OBS_002856,ZA 7,a.1-2_stmt,0,A,A,identity,1.000000,0,
OBS_002856,ZA 7,a.1-2_stmt,1,RA,RA,suppressed_in_strict,0.350000,1,
OBS_002856,ZA 7,a.1-2_stmt,2,TU,TU,identity,1.000000,0,
OBS_002857,ZA 7,a.1_stmt,0,U,U,identity,1.000000,0,
OBS_002857,ZA 7,a.1_stmt,1,JU,JU,identity,1.000000,0,
OBS_002858,ZA 7,a.2-3_stmt,0,A,A,identity,1.000000,0,
OBS_002858,ZA 7,a.2-3_stmt,1,RE,RE,identity,1.000000,0,
OBS_002858,ZA 7,a.2-3_stmt,2,TU,TU,identity,1.000000,0,
OBS_002858,ZA 7,a.2-3_stmt,3,MI[,MI[,identity,1.000000,0,
OBS_002859,ZA 7,a.4-6_stmt,0,DESUNT,DESUNT,identity,1.000000,0,
OBS_002860,ZA 7,b.1_stmt,0,A,A,identity,1.000000,0,
OBS_002860,ZA 7,b.1_stmt,1,MA[,MA[,identity,1.000000,0,
OBS_002861,ZA 7,b.2-7_stmt,0,DESUNT,DESUNT,identity,1.000000,0,
OBS_002862,ZA 7A,word_1,0,AB10,AB10,identity,1.000000,0,
OBS_002862,ZA 7A,word_1,1,AB65,AB65,identity,1.000000,0,
OBS_002863,ZA 7A,word_2,0,AB08,AB08,identity,1.000000,0,
OBS_002863,ZA 7A,word_2,1,AB60,AB60,identity,1.000000,0,
OBS_002863,ZA 7A,word_2,2,AB69,AB69,identity,1.000000,0,
OBS_002864,ZA 7A,word_3,0,AB08,AB08,identity,1.000000,0,
OBS_002864,ZA 7A,word_3,1,AB27,AB27,identity,1.000000,0,
OBS_002864,ZA 7A,word_3,2,AB69,AB69,identity,1.000000,0,
OBS_002864,ZA 7A,word_3,3,AB73,AB73,identity,1.000000,0,
OBS_002865,ZA 7B,word_1,0,AB08,AB08,identity,1.000000,0,
OBS_002865,ZA 7B,word_1,1,AB80,AB80,identity,1.000000,0,
OBS_002866,ZA 8,.1_log,0,FIC,FIC,identity,1.000000,0,
OBS_002867,ZA 8,.1_stmt,0,A,A,identity,1.000000,0,
OBS_002867,ZA 8,.1_stmt,1,TA,TA,identity,1.000000,0,
OBS_002867,ZA 8,.1_stmt,2,RE,RE,identity,1.000000,0,
OBS_002868,ZA 8,.1_stmt,0,KI,KI,identity,1.000000,0,
OBS_002868,ZA 8,.1_stmt,1,RA,RA,suppressed_in_strict,0.350000,1,
OBS_002869,ZA 8,.2-3_stmt,0,A,A,identity,1.000000,0,
OBS_002869,ZA 8,.2-3_stmt,1,RI,RI,identity,1.000000,0,
OBS_002869,ZA 8,.2-3_stmt,2,NI,NI,identity,1.000000,0,
OBS_002869,ZA 8,.2-3_stmt,3,TA,TA,identity,1.000000,0,
OBS_002870,ZA 8,.2_stmt,0,KU,KU,identity,1.000000,0,
OBS_002870,ZA 8,.2_stmt,1,TU,TU,identity,1.000000,0,
OBS_002870,ZA 8,.2_stmt,2,KO,KO,identity,1.000000,0,
OBS_002870,ZA 8,.2_stmt,3,RE,RE,identity,1.000000,0,
OBS_002871,ZA 8,.3-4_stmt,0,TA,TA,identity,1.000000,0,
OBS_002871,ZA 8,.3-4_stmt,1,I,I,identity,1.000000,0,
OBS_002871,ZA 8,.3-4_stmt,2,NU,NU,identity,1.000000,0,
OBS_002871,ZA 8,.3-4_stmt,3,MA,MA,identity,1.000000,0,
OBS_002871,ZA 8,.3-4_stmt,4,PA,PA,identity,1.000000,0,
OBS_002872,ZA 8,.4_stmt,0,MA,MA,identity,1.000000,0,
OBS_002872,ZA 8,.4_stmt,1,KA,KA,identity,1.000000,0,
OBS_002872,ZA 8,.4_stmt,2,I,I,identity,1.000000,0,
OBS_002872,ZA 8,.4_stmt,3,SE,SE,identity,1.000000,0,
OBS_002873,ZA 8,.5_stmt,0,DA,DA,identity,1.000000,0,
OBS_002873,ZA 8,.5_stmt,1,I,I,identity,1.000000,0,
OBS_002873,ZA 8,.5_stmt,2,PI,PI,identity,1.000000,0,
OBS_002873,ZA 8,.5_stmt,3,TA,TA,identity,1.000000,0,
OBS_002874,ZA 8,.6_stmt,0,KA,KA,identity,1.000000,0,
OBS_002874,ZA 8,.6_stmt,1,I,I,identity,1.000000,0,
OBS_002874,ZA 8,.6_stmt,2,RO,RO,identity,1.000000,0,
OBS_002875,ZA 8,word_1,0,AB67,AB67,exact,1.000000,0,Canonical sign form
OBS_002875,ZA 8,word_1,1,AB60,AB60,identity,1.000000,0,
OBS_002876,ZA 8,word_2,0,AB08,AB08,identity,1.000000,0,
OBS_002876,ZA 8,word_2,1,AB59,AB59,identity,1.000000,0,
OBS_002876,ZA 8,word_2,2,AB27,AB27,identity,1.000000,0,
OBS_002877,ZA 8,word_3,0,AB81,AB81,identity,1.000000,0,
OBS_002877,ZA 8,word_3,1,AB69,AB69,identity,1.000000,0,
OBS_002877,ZA 8,word_3,2,AB70,AB70,identity,1.000000,0,
OBS_002877,ZA 8,word_3,3,AB27,AB27,identity,1.000000,0,
OBS_002878,ZA 8,word_4,0,AB08,AB08,identity,1.000000,0,
OBS_002878,ZA 8,word_4,1,AB53,AB53,identity,1.000000,0,
OBS_002878,ZA 8,word_4,2,AB30,AB30,identity,1.000000,0,
OBS_002878,ZA 8,word_4,3,AB59,AB59,identity,1.000000,0,
OBS_002879,ZA 8,word_5,0,AB59,AB59,identity,1.000000,0,
OBS_002879,ZA 8,word_5,1,AB28,AB28,identity,1.000000,0,
OBS_002879,ZA 8,word_5,2,AB55,AB55,identity,1.000000,0,
OBS_002879,ZA 8,word_5,3,AB80,AB80,identity,1.000000,0,
OBS_002879,ZA 8,word_5,4,AB03,AB03,identity,1.000000,0,
OBS_002880,ZA 8,word_6,0,AB80,AB80,identity,1.000000,0,
OBS_002880,ZA 8,word_6,1,AB77,AB77,identity,1.000000,0,
OBS_002880,ZA 8,word_6,2,AB28,AB28,identity,1.000000,0,
OBS_002880,ZA 8,word_6,3,AB09,AB09,identity,1.000000,0,
OBS_002881,ZA 8,word_7,0,AB01,AB01,identity,1.000000,0,
OBS_002881,ZA 8,word_7,1,AB28,AB28,identity,1.000000,0,
OBS_002881,ZA 8,word_7,2,AB39,AB39,identity,1.000000,0,
OBS_002881,ZA 8,word_7,3,AB59,AB59,identity,1.000000,0,
OBS_002882,ZA 8,word_8,0,AB77,AB77,identity,1.000000,0,
OBS_002882,ZA 8,word_8,1,AB28,AB28,identity,1.000000,0,
OBS_002882,ZA 8,word_8,2,AB02,AB02,identity,1.000000,0,
OBS_002883,ZA 9,.1_stmt,0,NU,NU,identity,1.000000,0,
OBS_002883,ZA 9,.1_stmt,1,TI,TI,identity,1.000000,0,
OBS_002884,ZA 9,.2_log,0,OVIS,OVIS,identity,1.000000,0,
OBS_002884,ZA 9,.2_log,1,SI,SI,identity,1.000000,0,
OBS_002885,ZA 9,.3-4_log,0,OVIS,OVIS,identity,1.000000,0,
OBS_002885,ZA 9,.3-4_log,1,SI,SI,identity,1.000000,0,
OBS_002886,ZA 9,.3-4_stmt,0,RO,RO,identity,1.000000,0,
OBS_002886,ZA 9,.3-4_stmt,1,SI,SI,identity,1.000000,0,
OBS_002886,ZA 9,.3-4_stmt,2,RA[,RA[,identity,1.000000,0,
OBS_002887,ZA 9,.4-5_log,0,OVIS,OVIS,identity,1.000000,0,
OBS_002887,ZA 9,.4-5_log,1,SI,SI,identity,1.000000,0,
OBS_002888,ZA 9,.4-5_stmt,0,A,A,identity,1.000000,0,
OBS_002888,ZA 9,.4-5_stmt,1,TA,TA,identity,1.000000,0,
OBS_002888,ZA 9,.4-5_stmt,2,NA,NA,identity,1.000000,0,
OBS_002889,ZA 9,.5_log,0,OVISF,OVISF,identity,1.000000,0,
OBS_002890,ZA 9,.6_log,0,OVISF,OVISF,identity,1.000000,0,
OBS_002891,ZA 9,.6_stmt,0,WI,WI,identity,1.000000,0,
OBS_002891,ZA 9,.6_stmt,1,RA,RA,suppressed_in_strict,0.350000,1,
OBS_002891,ZA 9,.6_stmt,2,RE,RE,identity,1.000000,0,
OBS_002891,ZA 9,.6_stmt,3,MI,MI,identity,1.000000,0,
OBS_002891,ZA 9,.6_stmt,4,TE,TE,identity,1.000000,0,
OBS_002892,ZA 9,word_1,0,[?],[?],identity,1.000000,0,
OBS_002892,ZA 9,word_1,1,AB55,AB55,identity,1.000000,0,
OBS_002892,ZA 9,word_1,2,AB37,AB37,identity,1.000000,0,
OBS_002893,ZA 9,word_2,0,AB17,AB17,identity,1.000000,0,
OBS_002893,ZA 9,word_2,1,[?],[?],identity,1.000000,0,
OBS_002894,ZA 9,word_3,0,[?],[?],identity,1.000000,0,
OBS_002894,ZA 9,word_3,1,AB60,AB60,identity,1.000000,0,
OBS_002895,ZA 9,word_5,0,AB02,AB02,identity,1.000000,0,
OBS_002895,ZA 9,word_5,1,AB41,AB41,identity,1.000000,0,
OBS_002895,ZA 9,word_5,2,AB60,AB60,identity,1.000000,0,
OBS_002896,ZA 9,word_6,0,AB08,AB08,identity,1.000000,0,
OBS_002896,ZA 9,word_6,1,AB59,AB59,identity,1.000000,0,
OBS_002896,ZA 9,word_6,2,AB06,AB06,identity,1.000000,0,
OBS_002896,ZA 9,word_6,3,[?],[?],identity,1.000000,0,
OBS_002897,ZA 9,word_7,0,[?],[?],identity,1.000000,0,
OBS_002897,ZA 9,word_7,1,AB80,AB80,identity,1.000000,0,
OBS_002897,ZA 9,word_7,2,AB65,AB65,identity,1.000000,0,
OBS_002898,ZA 9,word_8,0,AB40,AB40,identity,1.000000,0,
OBS_002898,ZA 9,word_8,1,AB60,AB60,identity,1.000000,0,
OBS_002898,ZA 9,word_8,2,AB27,AB27,identity,1.000000,0,
OBS_002898,ZA 9,word_8,3,AB73,AB73,identity,1.000000,0,
OBS_002898,ZA 9,word_8,4,AB04,AB04,identity,1.000000,0,
OBS_002899,ZA WC 2,word_1,0,AB08,AB08,identity,1.000000,0,
OBS_002899,ZA WC 2,word_1,1,AB37,AB37,identity,1.000000,0,
OBS_002899,ZA WC 2,word_1,2,AB77,AB77,identity,1.000000,0,
OBS_002900,ZA WC 2,word_2,0,AB08,AB08,identity,1.000000,0,
OBS_002900,ZA WC 2,word_2,1,AB51,AB51,identity,1.000000,0,
OBS_002900,ZA WC 2,word_2,2,AB70,AB70,identity,1.000000,0,
OBS_002900,ZA WC 2,word_2,3,AB73,AB73,identity,1.000000,0,
OBS_002901,ZA ZB 34,.a-.b_stmt,0,TELA,TELA,identity,1.000000,0,
