observation_id,source_id,source_kind,artifact_id,line_id,line_no,sequence_surface,quantity,signs_raw,signs_canonical,groups_raw,provenance,notes
OBS_000001,linearA/HT10.html,html_original,HT10,1,1,KU-RA2-TA,32,KU RA2 TA,KU RA2 TA,KU-RA2-TA,linearA/HT10.html:original_pre,
OBS_000002,linearA/HT10.html,html_original,HT10,2,2,DA-NE,2,DA NE,DA NE,DA-NE,linearA/HT10.html:original_pre,
OBS_000003,linearA/HT10.html,html_original,HT10,3,3,KU-RA2-TE,2,KU RA2 TE,KU RA2 TE,KU-RA2-TE,linearA/HT10.html:original_pre,
OBS_000004,linearA/HT10.html,html_original,HT10,4,4,KU-RA2-SI,10,KU RA2 SI,KU RA2 SI,KU-RA2-SI,linearA/HT10.html:original_pre,
OBS_000005,linearA/HT10.html,html_original,HT10,5,5,KU-RA2-NE,15,KU RA2 NE,KU RA2 NE,KU-RA2-NE,linearA/HT10.html:original_pre,
OBS_000006,linearA/HT10.html,html_original,HT10,6,6,KU-RA2,70,KU RA2,KU RA2,KU-RA2,linearA/HT10.html:original_pre,
OBS_000007,linearA/HT10.html,raw_annotation,HT10,28,28,KU-RA2-TA,32,KU RA2 TA,KU RA2 TA,KU-RA2-TA,linearA/HT10.html:raw_annotation,
OBS_000008,linearA/HT10.html,raw_annotation,HT10,29,29,DA-NE,2,DA NE,DA NE,DA-NE,linearA/HT10.html:raw_annotation,
OBS_000009,linearA/HT10.html,raw_annotation,HT10,30,30,KU-RA2-TE,2,KU RA2 TE,KU RA2 TE,KU-RA2-TE,linearA/HT10.html:raw_annotation,
OBS_000010,linearA/HT10.html,raw_annotation,HT10,31,31,KU-RA2-SI,10,KU RA2 SI,KU RA2 SI,KU-RA2-SI,linearA/HT10.html:raw_annotation,
OBS_000011,linearA/HT10.html,raw_annotation,HT10,32,32,KU-RA2-NE,15,KU RA2 NE,KU RA2 NE,KU-RA2-NE,linearA/HT10.html:raw_annotation,
OBS_000012,linearA/HT10.html,raw_annotation,HT10,33,33,KU-RA2,70,KU RA2,KU RA2,KU-RA2,linearA/HT10.html:raw_annotation,
OBS_000013,linearA/HT12.html,html_original,HT12,1,1,OLIV,5,OLIV,OLIV,OLIV,linearA/HT12.html:original_pre,
OBS_000014,linearA/HT12.html,html_original,HT12,2,2,QA+TU,8,QA TU,QA TU,QA+TU,linearA/HT12.html:original_pre,
OBS_000015,linearA/HT12.html,html_original,HT12,3,3,QE-TU-NE,30,QE TU NE,QE TU NE,QE-TU-NE,linearA/HT12.html:original_pre,
OBS_000016,linearA/HT12.html,html_original,HT12,4,4,DA-I,50,DA I,DA I,DA-I,linearA/HT12.html:original_pre,
OBS_000017,linearA/HT12.html,html_original,HT12,5,5,MA+RU,10,MA RU,MA RU,MA+RU,linearA/HT12.html:original_pre,
OBS_000018,linearA/HT12.html,html_original,HT12,6,6,KU-RA2,28,KU RA2,KU RA2,KU-RA2,linearA/HT12.html:original_pre,
OBS_000019,linearA/HT12.html,raw_annotation,HT12,28,28,OLIV,5,OLIV,OLIV,OLIV,linearA/HT12.html:raw_annotation,
OBS_000020,linearA/HT12.html,raw_annotation,HT12,29,29,QA+TU,8,QA TU,QA TU,QA+TU,linearA/HT12.html:raw_annotation,
OBS_000021,linearA/HT12.html,raw_annotation,HT12,30,30,QE-TU-NE,30,QE TU NE,QE TU NE,QE-TU-NE,linearA/HT12.html:raw_annotation,
OBS_000022,linearA/HT12.html,raw_annotation,HT12,31,31,DA-I,50,DA I,DA I,DA-I,linearA/HT12.html:raw_annotation,
OBS_000023,linearA/HT12.html,raw_annotation,HT12,32,32,MA+RU,10,MA RU,MA RU,MA+RU,linearA/HT12.html:raw_annotation,
OBS_000024,linearA/HT12.html,raw_annotation,HT12,33,33,KU-RA2,28,KU RA2,KU RA2,KU-RA2,linearA/HT12.html:raw_annotation,
OBS_000025,linearA/HT13.html,html_original,HT13,1,1,AB51 AB24 AB22 AB09,7,AB51 AB24 AB22 AB09,AB51 AB24 AB22 AB09,AB51 AB24 AB22 AB09,linearA/HT13.html:original_pre,
OBS_000026,linearA/HT13.html,html_original,HT13,2,2,AB81 AB02 AB22 AB67,12,AB81 AB02 AB22 AB67,AB81 AB02 AB22 AB67,AB81 AB02 AB22 AB67,linearA/HT13.html:original_pre,
OBS_000027,linearA/HT13.html,html_original,HT13,3,3,AB04 AB40 AB22 AB59,2,AB04 AB40 AB22 AB59,AB04 AB40 AB22 AB59,AB04 AB40 AB22 AB59,linearA/HT13.html:original_pre,
OBS_000028,linearA/HT13.html,html_original,HT13,4,4,AB54 AB67 AB22 AB03,5,AB54 AB67 AB22 AB03,AB54 AB67 AB22 AB03,AB54 AB67 AB22 AB03,linearA/HT13.html:original_pre,
OBS_000029,linearA/HT13.html,raw_annotation,HT13,28,28,AB51 AB24 AB22 AB09,7,AB51 AB24 AB22 AB09,AB51 AB24 AB22 AB09,AB51 AB24 AB22 AB09,linearA/HT13.html:raw_annotation,
OBS_000030,linearA/HT13.html,raw_annotation,HT13,29,29,AB81 AB02 AB22 AB67,12,AB81 AB02 AB22 AB67,AB81 AB02 AB22 AB67,AB81 AB02 AB22 AB67,linearA/HT13.html:raw_annotation,
OBS_000031,linearA/HT13.html,raw_annotation,HT13,30,30,AB04 AB40 AB22 AB59,2,AB04 AB40 AB22 AB59,AB04 AB40 AB22 AB59,AB04 AB40 AB22 AB59,linearA/HT13.html:raw_annotation,
OBS_000032,linearA/HT13.html,raw_annotation,HT13,31,31,AB54 AB67 AB22 AB03,5,AB54 AB67 AB22 AB03,AB54 AB67 AB22 AB03,AB54 AB67 AB22 AB03,linearA/HT13.html:raw_annotation,
OBS_000033,linearA/HT31.html,html_original,HT31,1,1,AB54 AB67 AB22 AB03,2,AB54 AB67 AB22 AB03,AB54 AB67 AB22 AB03,AB54 AB67 AB22 AB03,linearA/HT31.html:original_pre,
OBS_000034,linearA/HT31.html,html_original,HT31,2,2,AB81 AB02 AB22 AB67,10,AB81 AB02 AB22 AB67,AB81 AB02 AB22 AB67,AB81 AB02 AB22 AB67,linearA/HT31.html:original_pre,
OBS_000035,linearA/HT31.html,html_original,HT31,3,3,AB81 AB02 AB22 AB28,7,AB81 AB02 AB22 AB28,AB81 AB02 AB22 AB28,AB81 AB02 AB22 AB28,linearA/HT31.html:original_pre,
OBS_000036,linearA/HT31.html,html_original,HT31,4,4,AB54 AB28 AB22 AB09,5,AB54 AB28 AB22 AB09,AB54 AB28 AB22 AB09,AB54 AB28 AB22 AB09,linearA/HT31.html:original_pre,
OBS_000037,linearA/HT31.html,html_original,HT31,5,5,AB51 AB45 AB22 AB59,8,AB51 AB45 AB22 AB59,AB51 AB45 AB22 AB59,AB51 AB45 AB22 AB59,linearA/HT31.html:original_pre,
OBS_000038,linearA/HT31.html,html_original,HT31,6,6,AB28 AB67 AB22 AB54,4,AB28 AB67 AB22 AB54,AB28 AB67 AB22 AB54,AB28 AB67 AB22 AB54,linearA/HT31.html:original_pre,
OBS_000039,linearA/HT31.html,raw_annotation,HT31,28,28,AB54 AB67 AB22 AB03,2,AB54 AB67 AB22 AB03,AB54 AB67 AB22 AB03,AB54 AB67 AB22 AB03,linearA/HT31.html:raw_annotation,
OBS_000040,linearA/HT31.html,raw_annotation,HT31,29,29,AB81 AB02 AB22 AB67,10,AB81 AB02 AB22 AB67,AB81 AB02 AB22 AB67,AB81 AB02 AB22 AB67,linearA/HT31.html:raw_annotation,
OBS_000041,linearA/HT31.html,raw_annotation,HT31,30,30,AB81 AB02 AB22 AB28,7,AB81 AB02 AB22 AB28,AB81 AB02 AB22 AB28,AB81 AB02 AB22 AB28,linearA/HT31.html:raw_annotation,
OBS_000042,linearA/HT31.html,raw_annotation,HT31,31,31,AB54 AB28 AB22 AB09,5,AB54 AB28 AB22 AB09,AB54 AB28 AB22 AB09,AB54 AB28 AB22 AB09,linearA/HT31.html:raw_annotation,
OBS_000043,linearA/HT31.html,raw_annotation,HT31,32,32,AB51 AB45 AB22 AB59,8,AB51 AB45 AB22 AB59,AB51 AB45 AB22 AB59,AB51 AB45 AB22 AB59,linearA/HT31.html:raw_annotation,
OBS_000044,linearA/HT31.html,raw_annotation,HT31,33,33,AB28 AB67 AB22 AB54,4,AB28 AB67 AB22 AB54,AB28 AB67 AB22 AB54,AB28 AB67 AB22 AB54,linearA/HT31.html:raw_annotation,
OBS_000045,linearA/HT7.html,html_original,HT7,1,1,QE-TU-RA,2,QE TU RA,QE TU RA,QE-TU-RA,linearA/HT7.html:original_pre,
OBS_000046,linearA/HT7.html,html_original,HT7,2,2,KI-RA,1,KI RA,KI RA,KI-RA,linearA/HT7.html:original_pre,
OBS_000047,linearA/HT7.html,html_original,HT7,3,3,DA-NA-TU,1,DA NA TU,DA NA TU,DA-NA-TU,linearA/HT7.html:original_pre,
OBS_000048,linearA/HT7.html,html_original,HT7,4,4,TU-RU-SI,1,TU RU SI,TU RU SI,TU-RU-SI,linearA/HT7.html:original_pre,
OBS_000049,linearA/HT7.html,html_original,HT7,5,5,TI-RU-SI,2,TI RU SI,TI RU SI,TI-RU-SI,linearA/HT7.html:original_pre,
OBS_000050,linearA/HT7.html,raw_annotation,HT7,28,28,QE-TU-RA,2,QE TU RA,QE TU RA,QE-TU-RA,linearA/HT7.html:raw_annotation,
OBS_000051,linearA/HT7.html,raw_annotation,HT7,29,29,KI-RA,1,KI RA,KI RA,KI-RA,linearA/HT7.html:raw_annotation,
OBS_000052,linearA/HT7.html,raw_annotation,HT7,30,30,DA-NA-TU,1,DA NA TU,DA NA TU,DA-NA-TU,linearA/HT7.html:raw_annotation,
OBS_000053,linearA/HT7.html,raw_annotation,HT7,31,31,TU-RU-SI,1,TU RU SI,TU RU SI,TU-RU-SI,linearA/HT7.html:raw_annotation,
OBS_000054,linearA/HT7.html,raw_annotation,HT7,32,32,TI-RU-SI,2,TI RU SI,TI RU SI,TI-RU-SI,linearA/HT7.html:raw_annotation,
OBS_000055,linearA/HT8.html,html_original,HT8,1,1,OLIV+KI,10,OLIV KI,OLIV KI,OLIV+KI,linearA/HT8.html:original_pre,
OBS_000056,linearA/HT8.html,html_original,HT8,2,2,PA3,3,PA3,PA3,PA3,linearA/HT8.html:original_pre,
OBS_000057,linearA/HT8.html,html_original,HT8,3,3,SUP+?,1,SUP ?,SUP ?,SUP+?,linearA/HT8.html:original_pre,
OBS_000058,linearA/HT8.html,html_original,HT8,4,4,QA-KI,5,QA KI,QA KI,QA-KI,linearA/HT8.html:original_pre,
OBS_000059,linearA/HT8.html,html_original,HT8,5,5,KU-RA,2,KU RA,KU RA,KU-RA,linearA/HT8.html:original_pre,
OBS_000060,linearA/HT8.html,raw_annotation,HT8,28,28,OLIV+KI,10,OLIV KI,OLIV KI,OLIV+KI,linearA/HT8.html:raw_annotation,
OBS_000061,linearA/HT8.html,raw_annotation,HT8,29,29,PA3,3,PA3,PA3,PA3,linearA/HT8.html:raw_annotation,
OBS_000062,linearA/HT8.html,raw_annotation,HT8,30,30,SUP+?,1,SUP ?,SUP ?,SUP+?,linearA/HT8.html:raw_annotation,
OBS_000063,linearA/HT8.html,raw_annotation,HT8,31,31,QA-KI,5,QA KI,QA KI,QA-KI,linearA/HT8.html:raw_annotation,
OBS_000064,linearA/HT8.html,raw_annotation,HT8,32,32,KU-RA,2,KU RA,KU RA,KU-RA,linearA/HT8.html:raw_annotation,
OBS_000065,linearA/HT9.html,html_original,HT9,1,1,VIN+TE,51,VIN TE,VIN TE,VIN+TE,linearA/HT9.html:original_pre,
OBS_000066,linearA/HT9.html,html_original,HT9,2,2,VIN+TE,25,VIN TE,VIN TE,VIN+TE,linearA/HT9.html:original_pre,
OBS_000067,linearA/HT9.html,html_original,HT9,3,3,VIN+TE,87,VIN TE,VIN TE,VIN+TE,linearA/HT9.html:original_pre,
OBS_000068,linearA/HT9.html,html_original,HT9,4,4,VIN+TE,19,VIN TE,VIN TE,VIN+TE,linearA/HT9.html:original_pre,
OBS_000069,linearA/HT9.html,html_original,HT9,5,5,VIN+TE,18,VIN TE,VIN TE,VIN+TE,linearA/HT9.html:original_pre,
OBS_000070,linearA/HT9.html,html_original,HT9,6,6,VIN+TE,130,VIN TE,VIN TE,VIN+TE,linearA/HT9.html:original_pre,
OBS_000071,linearA/HT9.html,raw_annotation,HT9,28,28,VIN+TE,51,VIN TE,VIN TE,VIN+TE,linearA/HT9.html:raw_annotation,
OBS_000072,linearA/HT9.html,raw_annotation,HT9,29,29,VIN+TE,25,VIN TE,VIN TE,VIN+TE,linearA/HT9.html:raw_annotation,
OBS_000073,linearA/HT9.html,raw_annotation,HT9,30,30,VIN+TE,87,VIN TE,VIN TE,VIN+TE,linearA/HT9.html:raw_annotation,
OBS_000074,linearA/HT9.html,raw_annotation,HT9,31,31,VIN+TE,19,VIN TE,VIN TE,VIN+TE,linearA/HT9.html:raw_annotation,
OBS_000075,linearA/HT9.html,raw_annotation,HT9,32,32,VIN+TE,18,VIN TE,VIN TE,VIN+TE,linearA/HT9.html:raw_annotation,
OBS_000076,linearA/HT9.html,raw_annotation,HT9,33,33,VIN+TE,130,VIN TE,VIN TE,VIN+TE,linearA/HT9.html:raw_annotation,
OBS_000077,linearA/HT95.html,html_original,HT95,1,1,AB54 AB67 AB22 AB03,2,AB54 AB67 AB22 AB03,AB54 AB67 AB22 AB03,AB54 AB67 AB22 AB03,linearA/HT95.html:original_pre,
OBS_000078,linearA/HT95.html,html_original,HT95,2,2,AB81 AB02 AB22 AB67,10,AB81 AB02 AB22 AB67,AB81 AB02 AB22 AB67,AB81 AB02 AB22 AB67,linearA/HT95.html:original_pre,
OBS_000079,linearA/HT95.html,raw_annotation,HT95,28,28,AB54 AB67 AB22 AB03,2,AB54 AB67 AB22 AB03,AB54 AB67 AB22 AB03,AB54 AB67 AB22 AB03,linearA/HT95.html:raw_annotation,
OBS_000080,linearA/HT95.html,raw_annotation,HT95,29,29,AB81 AB02 AB22 AB67,10,AB81 AB02 AB22 AB67,AB81 AB02 AB22 AB67,AB81 AB02 AB22 AB67,linearA/HT95.html:raw_annotation,
OBS_000081,linearA/ZA10.html,html_original,ZA10,1,1,AB27 AB17 AB22 AB40,3,AB27 AB17 AB22 AB40,AB27 AB17 AB22 AB40,AB27 AB17 AB22 AB40,linearA/ZA10.html:original_pre,
OBS_000082,linearA/ZA10.html,html_original,ZA10,2,2,AB04 AB69 AB22 AB67,1,AB04 AB69 AB22 AB67,AB04 AB69 AB22 AB67,AB04 AB69 AB22 AB67,linearA/ZA10.html:original_pre,
OBS_000083,linearA/ZA10.html,html_original,ZA10,3,3,AB81 AB02 AB22 AB67,9,AB81 AB02 AB22 AB67,AB81 AB02 AB22 AB67,AB81 AB02 AB22 AB67,linearA/ZA10.html:original_pre,
OBS_000084,linearA/ZA10.html,raw_annotation,ZA10,28,28,AB27 AB17 AB22 AB40,3,AB27 AB17 AB22 AB40,AB27 AB17 AB22 AB40,AB27 AB17 AB22 AB40,linearA/ZA10.html:raw_annotation,
OBS_000085,linearA/ZA10.html,raw_annotation,ZA10,29,29,AB04 AB69 AB22 AB67,1,AB04 AB69 AB22 AB67,AB04 AB69 AB22 AB67,AB04 AB69 AB22 AB67,linearA/ZA10.html:raw_annotation,
OBS_000086,linearA/ZA10.html,raw_annotation,ZA10,30,30,AB81 AB02 AB22 AB67,9,AB81 AB02 AB22 AB67,AB81 AB02 AB22 AB67,AB81 AB02 AB22 AB67,linearA/ZA10.html:raw_annotation,
OBS_000087,linearA/mdFiles/HT12.md,md_original,HT12,1,19,OLIV,5,OLIV,OLIV,OLIV,linearA/mdFiles/HT12.md:original_md_section,
OBS_000088,linearA/mdFiles/HT12.md,md_original,HT12,2,20,QA+TU,8,QA TU,QA TU,QA+TU,linearA/mdFiles/HT12.md:original_md_section,
OBS_000089,linearA/mdFiles/HT12.md,md_original,HT12,3,21,QE-TU-NE,30,QE TU NE,QE TU NE,QE-TU-NE,linearA/mdFiles/HT12.md:original_md_section,
OBS_000090,linearA/mdFiles/HT12.md,md_original,HT12,4,22,DA-I,50,DA I,DA I,DA-I,linearA/mdFiles/HT12.md:original_md_section,
OBS_000091,linearA/mdFiles/HT12.md,md_original,HT12,5,23,MA+RU,10,MA RU,MA RU,MA+RU,linearA/mdFiles/HT12.md:original_md_section,
OBS_000092,linearA/mdFiles/HT12.md,md_original,HT12,6,24,KU-RA2,28,KU RA2,KU RA2,KU-RA2,linearA/mdFiles/HT12.md:original_md_section,
OBS_000093,linearA/mdFiles/HT12.md,raw_annotation,HT12,11,11,OLIV,5,OLIV,OLIV,OLIV,linearA/mdFiles/HT12.md:raw_annotation,
OBS_000094,linearA/mdFiles/HT12.md,raw_annotation,HT12,12,12,QA+TU,8,QA TU,QA TU,QA+TU,linearA/mdFiles/HT12.md:raw_annotation,
OBS_000095,linearA/mdFiles/HT12.md,raw_annotation,HT12,13,13,QE-TU-NE,30,QE TU NE,QE TU NE,QE-TU-NE,linearA/mdFiles/HT12.md:raw_annotation,
OBS_000096,linearA/mdFiles/HT12.md,raw_annotation,HT12,14,14,DA-I,50,DA I,DA I,DA-I,linearA/mdFiles/HT12.md:raw_annotation,
OBS_000097,linearA/mdFiles/HT12.md,raw_annotation,HT12,15,15,MA+RU,10,MA RU,MA RU,MA+RU,linearA/mdFiles/HT12.md:raw_annotation,
OBS_000098,linearA/mdFiles/HT12.md,raw_annotation,HT12,16,16,KU-RA2,28,KU RA2,KU RA2,KU-RA2,linearA/mdFiles/HT12.md:raw_annotation,
OBS_000099,linearA/mdFiles/HT13.md,md_original,HT13,1,17,AB51 AB24 AB22 AB09,7,AB51 AB24 AB22 AB09,AB51 AB24 AB22 AB09,AB51 AB24 AB22 AB09,linearA/mdFiles/HT13.md:original_md_section,
OBS_000100,linearA/mdFiles/HT13.md,md_original,HT13,2,18,AB81 AB02 AB22 AB67,12,AB81 AB02 AB22 AB67,AB81 AB02 AB22 AB67,AB81 AB02 AB22 AB67,linearA/mdFiles/HT13.md:original_md_section,
OBS_000101,linearA/mdFiles/HT13.md,md_original,HT13,3,19,AB04 AB40 AB22 AB59,2,AB04 AB40 AB22 AB59,AB04 AB40 AB22 AB59,AB04 AB40 AB22 AB59,linearA/mdFiles/HT13.md:original_md_section,
OBS_000102,linearA/mdFiles/HT13.md,md_original,HT13,4,20,AB54 AB67 AB22 AB03,5,AB54 AB67 AB22 AB03,AB54 AB67 AB22 AB03,AB54 AB67 AB22 AB03,linearA/mdFiles/HT13.md:original_md_section,
OBS_000103,linearA/mdFiles/HT13.md,raw_annotation,HT13,11,11,AB51 AB24 AB22 AB09,7,AB51 AB24 AB22 AB09,AB51 AB24 AB22 AB09,AB51 AB24 AB22 AB09,linearA/mdFiles/HT13.md:raw_annotation,
OBS_000104,linearA/mdFiles/HT13.md,raw_annotation,HT13,12,12,AB81 AB02 AB22 AB67,12,AB81 AB02 AB22 AB67,AB81 AB02 AB22 AB67,AB81 AB02 AB22 AB67,linearA/mdFiles/HT13.md:raw_annotation,
OBS_000105,linearA/mdFiles/HT13.md,raw_annotation,HT13,13,13,AB04 AB40 AB22 AB59,2,AB04 AB40 AB22 AB59,AB04 AB40 AB22 AB59,AB04 AB40 AB22 AB59,linearA/mdFiles/HT13.md:raw_annotation,
OBS_000106,linearA/mdFiles/HT13.md,raw_annotation,HT13,14,14,AB54 AB67 AB22 AB03,5,AB54 AB67 AB22 AB03,AB54 AB67 AB22 AB03,AB54 AB67 AB22 AB03,linearA/mdFiles/HT13.md:raw_annotation,
OBS_000107,linearA/mdFiles/HT31.md,md_original,HT31,1,18,AB54 AB67 AB22 AB03,2,AB54 AB67 AB22 AB03,AB54 AB67 AB22 AB03,AB54 AB67 AB22 AB03,linearA/mdFiles/HT31.md:original_md_section,
OBS_000108,linearA/mdFiles/HT31.md,md_original,HT31,2,19,AB81 AB02 AB22 AB67,10,AB81 AB02 AB22 AB67,AB81 AB02 AB22 AB67,AB81 AB02 AB22 AB67,linearA/mdFiles/HT31.md:original_md_section,
OBS_000109,linearA/mdFiles/HT31.md,md_original,HT31,3,20,AB81 AB02 AB22 AB28,7,AB81 AB02 AB22 AB28,AB81 AB02 AB22 AB28,AB81 AB02 AB22 AB28,linearA/mdFiles/HT31.md:original_md_section,
OBS_000110,linearA/mdFiles/HT31.md,md_original,HT31,4,21,AB54 AB28 AB22 AB09,5,AB54 AB28 AB22 AB09,AB54 AB28 AB22 AB09,AB54 AB28 AB22 AB09,linearA/mdFiles/HT31.md:original_md_section,
OBS_000111,linearA/mdFiles/HT31.md,md_original,HT31,5,22,AB51 AB45 AB22 AB59,8,AB51 AB45 AB22 AB59,AB51 AB45 AB22 AB59,AB51 AB45 AB22 AB59,linearA/mdFiles/HT31.md:original_md_section,
OBS_000112,linearA/mdFiles/HT31.md,md_original,HT31,6,23,AB28 AB67 AB22 AB54,4,AB28 AB67 AB22 AB54,AB28 AB67 AB22 AB54,AB28 AB67 AB22 AB54,linearA/mdFiles/HT31.md:original_md_section,
OBS_000113,linearA/mdFiles/HT31.md,raw_annotation,HT31,10,10,AB54 AB67 AB22 AB03,2,AB54 AB67 AB22 AB03,AB54 AB67 AB22 AB03,AB54 AB67 AB22 AB03,linearA/mdFiles/HT31.md:raw_annotation,
OBS_000114,linearA/mdFiles/HT31.md,raw_annotation,HT31,11,11,AB81 AB02 AB22 AB67,10,AB81 AB02 AB22 AB67,AB81 AB02 AB22 AB67,AB81 AB02 AB22 AB67,linearA/mdFiles/HT31.md:raw_annotation,
OBS_000115,linearA/mdFiles/HT31.md,raw_annotation,HT31,12,12,AB81 AB02 AB22 AB28,7,AB81 AB02 AB22 AB28,AB81 AB02 AB22 AB28,AB81 AB02 AB22 AB28,linearA/mdFiles/HT31.md:raw_annotation,
OBS_000116,linearA/mdFiles/HT31.md,raw_annotation,HT31,13,13,AB54 AB28 AB22 AB09,5,AB54 AB28 AB22 AB09,AB54 AB28 AB22 AB09,AB54 AB28 AB22 AB09,linearA/mdFiles/HT31.md:raw_annotation,
OBS_000117,linearA/mdFiles/HT31.md,raw_annotation,HT31,14,14,AB51 AB45 AB22 AB59,8,AB51 AB45 AB22 AB59,AB51 AB45 AB22 AB59,AB51 AB45 AB22 AB59,linearA/mdFiles/HT31.md:raw_annotation,
OBS_000118,linearA/mdFiles/HT31.md,raw_annotation,HT31,15,15,AB28 AB67 AB22 AB54,4,AB28 AB67 AB22 AB54,AB28 AB67 AB22 AB54,AB28 AB67 AB22 AB54,linearA/mdFiles/HT31.md:raw_annotation,
OBS_000119,linearA/mdFiles/HT7.md,md_original,HT7,1,17,QE-TU-RA,2,QE TU RA,QE TU RA,QE-TU-RA,linearA/mdFiles/HT7.md:original_md_section,
OBS_000120,linearA/mdFiles/HT7.md,md_original,HT7,2,18,KI-RA,1,KI RA,KI RA,KI-RA,linearA/mdFiles/HT7.md:original_md_section,
OBS_000121,linearA/mdFiles/HT7.md,md_original,HT7,3,19,DA-NA-TU,1,DA NA TU,DA NA TU,DA-NA-TU,linearA/mdFiles/HT7.md:original_md_section,
OBS_000122,linearA/mdFiles/HT7.md,md_original,HT7,4,20,TU-RU-SI,1,TU RU SI,TU RU SI,TU-RU-SI,linearA/mdFiles/HT7.md:original_md_section,
OBS_000123,linearA/mdFiles/HT7.md,md_original,HT7,5,21,TI-RU-SI,2,TI RU SI,TI RU SI,TI-RU-SI,linearA/mdFiles/HT7.md:original_md_section,
OBS_000124,linearA/mdFiles/HT7.md,raw_annotation,HT7,10,10,QE-TU-RA,2,QE TU RA,QE TU RA,QE-TU-RA,linearA/mdFiles/HT7.md:raw_annotation,
OBS_000125,linearA/mdFiles/HT7.md,raw_annotation,HT7,11,11,KI-RA,1,KI RA,KI RA,KI-RA,linearA/mdFiles/HT7.md:raw_annotation,
OBS_000126,linearA/mdFiles/HT7.md,raw_annotation,HT7,12,12,DA-NA-TU,1,DA NA TU,DA NA TU,DA-NA-TU,linearA/mdFiles/HT7.md:raw_annotation,
OBS_000127,linearA/mdFiles/HT7.md,raw_annotation,HT7,13,13,TU-RU-SI,1,TU RU SI,TU RU SI,TU-RU-SI,linearA/mdFiles/HT7.md:raw_annotation,
OBS_000128,linearA/mdFiles/HT7.md,raw_annotation,HT7,14,14,TI-RU-SI,2,TI RU SI,TI RU SI,TI-RU-SI,linearA/mdFiles/HT7.md:raw_annotation,
OBS_000129,linearA/mdFiles/HT8.md,md_original,HT8,1,17,OLIV+KI,10,OLIV KI,OLIV KI,OLIV+KI,linearA/mdFiles/HT8.md:original_md_section,
OBS_000130,linearA/mdFiles/HT8.md,md_original,HT8,2,18,PA3,3,PA3,PA3,PA3,linearA/mdFiles/HT8.md:original_md_section,
OBS_000131,linearA/mdFiles/HT8.md,md_original,HT8,3,19,SUP+?,1,SUP ?,SUP ?,SUP+?,linearA/mdFiles/HT8.md:original_md_section,
OBS_000132,linearA/mdFiles/HT8.md,md_original,HT8,4,20,QA-KI,5,QA KI,QA KI,QA-KI,linearA/mdFiles/HT8.md:original_md_section,
OBS_000133,linearA/mdFiles/HT8.md,md_original,HT8,5,21,KU-RA,2,KU RA,KU RA,KU-RA,linearA/mdFiles/HT8.md:original_md_section,
OBS_000134,linearA/mdFiles/HT8.md,raw_annotation,HT8,10,10,OLIV+KI,10,OLIV KI,OLIV KI,OLIV+KI,linearA/mdFiles/HT8.md:raw_annotation,
OBS_000135,linearA/mdFiles/HT8.md,raw_annotation,HT8,11,11,PA3,3,PA3,PA3,PA3,linearA/mdFiles/HT8.md:raw_annotation,
OBS_000136,linearA/mdFiles/HT8.md,raw_annotation,HT8,12,12,SUP+?,1,SUP ?,SUP ?,SUP+?,linearA/mdFiles/HT8.md:raw_annotation,
OBS_000137,linearA/mdFiles/HT8.md,raw_annotation,HT8,13,13,QA-KI,5,QA KI,QA KI,QA-KI,linearA/mdFiles/HT8.md:raw_annotation,
OBS_000138,linearA/mdFiles/HT8.md,raw_annotation,HT8,14,14,KU-RA,2,KU RA,KU RA,KU-RA,linearA/mdFiles/HT8.md:raw_annotation,
OBS_000139,linearA/mdFiles/HT9.md,md_original,HT9,1,18,VIN+TE,51,VIN TE,VIN TE,VIN+TE,linearA/mdFiles/HT9.md:original_md_section,
OBS_000140,linearA/mdFiles/HT9.md,md_original,HT9,2,19,VIN+TE,25,VIN TE,VIN TE,VIN+TE,linearA/mdFiles/HT9.md:original_md_section,
OBS_000141,linearA/mdFiles/HT9.md,md_original,HT9,3,20,VIN+TE,87,VIN TE,VIN TE,VIN+TE,linearA/mdFiles/HT9.md:original_md_section,
OBS_000142,linearA/mdFiles/HT9.md,md_original,HT9,4,21,VIN+TE,19,VIN TE,VIN TE,VIN+TE,linearA/mdFiles/HT9.md:original_md_section,
OBS_000143,linearA/mdFiles/HT9.md,md_original,HT9,5,22,VIN+TE,18,VIN TE,VIN TE,VIN+TE,linearA/mdFiles/HT9.md:original_md_section,
OBS_000144,linearA/mdFiles/HT9.md,md_original,HT9,6,23,VIN+TE,130,VIN TE,VIN TE,VIN+TE,linearA/mdFiles/HT9.md:original_md_section,
OBS_000145,linearA/mdFiles/HT9.md,raw_annotation,HT9,10,10,VIN+TE,51,VIN TE,VIN TE,VIN+TE,linearA/mdFiles/HT9.md:raw_annotation,
OBS_000146,linearA/mdFiles/HT9.md,raw_annotation,HT9,11,11,VIN+TE,25,VIN TE,VIN TE,VIN+TE,linearA/mdFiles/HT9.md:raw_annotation,
OBS_000147,linearA/mdFiles/HT9.md,raw_annotation,HT9,12,12,VIN+TE,87,VIN TE,VIN TE,VIN+TE,linearA/mdFiles/HT9.md:raw_annotation,
OBS_000148,linearA/mdFiles/HT9.md,raw_annotation,HT9,13,13,VIN+TE,19,VIN TE,VIN TE,VIN+TE,linearA/mdFiles/HT9.md:raw_annotation,
OBS_000149,linearA/mdFiles/HT9.md,raw_annotation,HT9,14,14,VIN+TE,18,VIN TE,VIN TE,VIN+TE,linearA/mdFiles/HT9.md:raw_annotation,
OBS_000150,linearA/mdFiles/HT9.md,raw_annotation,HT9,15,15,VIN+TE,130,VIN TE,VIN TE,VIN+TE,linearA/mdFiles/HT9.md:raw_annotation,
OBS_000151,linearA/mdFiles/HT95.md,md_original,HT95,1,14,AB54 AB67 AB22 AB03,2,AB54 AB67 AB22 AB03,AB54 AB67 AB22 AB03,AB54 AB67 AB22 AB03,linearA/mdFiles/HT95.md:original_md_section,
OBS_000152,linearA/mdFiles/HT95.md,md_original,HT95,2,15,AB81 AB02 AB22 AB67,10,AB81 AB02 AB22 AB67,AB81 AB02 AB22 AB67,AB81 AB02 AB22 AB67,linearA/mdFiles/HT95.md:original_md_section,
OBS_000153,linearA/mdFiles/HT95.md,raw_annotation,HT95,10,10,AB54 AB67 AB22 AB03,2,AB54 AB67 AB22 AB03,AB54 AB67 AB22 AB03,AB54 AB67 AB22 AB03,linearA/mdFiles/HT95.md:raw_annotation,
OBS_000154,linearA/mdFiles/HT95.md,raw_annotation,HT95,11,11,AB81 AB02 AB22 AB67,10,AB81 AB02 AB22 AB67,AB81 AB02 AB22 AB67,AB81 AB02 AB22 AB67,linearA/mdFiles/HT95.md:raw_annotation,
OBS_000155,linearA/mdFiles/LinearA_report.md,raw_annotation,HT10,40,40,KU-RA2-TA,32,KU RA2 TA,KU RA2 TA,KU-RA2-TA,linearA/mdFiles/LinearA_report.md:raw_annotation,
OBS_000156,linearA/mdFiles/LinearA_report.md,raw_annotation,HT10,41,41,DA-NE,2,DA NE,DA NE,DA-NE,linearA/mdFiles/LinearA_report.md:raw_annotation,
OBS_000157,linearA/mdFiles/LinearA_report.md,raw_annotation,HT10,42,42,KU-RA2-TE,2,KU RA2 TE,KU RA2 TE,KU-RA2-TE,linearA/mdFiles/LinearA_report.md:raw_annotation,
OBS_000158,linearA/mdFiles/LinearA_report.md,raw_annotation,HT10,43,43,KU-RA2-SI,10,KU RA2 SI,KU RA2 SI,KU-RA2-SI,linearA/mdFiles/LinearA_report.md:raw_annotation,
OBS_000159,linearA/mdFiles/LinearA_report.md,raw_annotation,HT10,44,44,KU-RA2-NE,15,KU RA2 NE,KU RA2 NE,KU-RA2-NE,linearA/mdFiles/LinearA_report.md:raw_annotation,
OBS_000160,linearA/mdFiles/LinearA_report.md,raw_annotation,HT10,45,45,KU-RA2,70,KU RA2,KU RA2,KU-RA2,linearA/mdFiles/LinearA_report.md:raw_annotation,
OBS_000161,linearA/mdFiles/LinearA_report.md,raw_annotation,HT12,48,48,OLIV,5,OLIV,OLIV,OLIV,linearA/mdFiles/LinearA_report.md:raw_annotation,
OBS_000162,linearA/mdFiles/LinearA_report.md,raw_annotation,HT12,49,49,QA+TU,8,QA TU,QA TU,QA+TU,linearA/mdFiles/LinearA_report.md:raw_annotation,
OBS_000163,linearA/mdFiles/LinearA_report.md,raw_annotation,HT12,50,50,QE-TU-NE,30,QE TU NE,QE TU NE,QE-TU-NE,linearA/mdFiles/LinearA_report.md:raw_annotation,
OBS_000164,linearA/mdFiles/LinearA_report.md,raw_annotation,HT12,51,51,DA-I,50,DA I,DA I,DA-I,linearA/mdFiles/LinearA_report.md:raw_annotation,
OBS_000165,linearA/mdFiles/LinearA_report.md,raw_annotation,HT12,52,52,MA+RU,10,MA RU,MA RU,MA+RU,linearA/mdFiles/LinearA_report.md:raw_annotation,
OBS_000166,linearA/mdFiles/LinearA_report.md,raw_annotation,HT12,53,53,KU-RA2,28,KU RA2,KU RA2,KU-RA2,linearA/mdFiles/LinearA_report.md:raw_annotation,
OBS_000167,linearA/mdFiles/LinearA_report.md,raw_annotation,HT13,56,56,AB51 AB24 AB22 AB09,7,AB51 AB24 AB22 AB09,AB51 AB24 AB22 AB09,AB51 AB24 AB22 AB09,linearA/mdFiles/LinearA_report.md:raw_annotation,
OBS_000168,linearA/mdFiles/LinearA_report.md,raw_annotation,HT13,57,57,AB81 AB02 AB22 AB67,12,AB81 AB02 AB22 AB67,AB81 AB02 AB22 AB67,AB81 AB02 AB22 AB67,linearA/mdFiles/LinearA_report.md:raw_annotation,
OBS_000169,linearA/mdFiles/LinearA_report.md,raw_annotation,HT13,58,58,AB04 AB40 AB22 AB59,2,AB04 AB40 AB22 AB59,AB04 AB40 AB22 AB59,AB04 AB40 AB22 AB59,linearA/mdFiles/LinearA_report.md:raw_annotation,
OBS_000170,linearA/mdFiles/LinearA_report.md,raw_annotation,HT13,59,59,AB54 AB67 AB22 AB03,5,AB54 AB67 AB22 AB03,AB54 AB67 AB22 AB03,AB54 AB67 AB22 AB03,linearA/mdFiles/LinearA_report.md:raw_annotation,
OBS_000171,linearA/mdFiles/LinearA_report.md,raw_annotation,HT31,62,62,AB54 AB67 AB22 AB03,2,AB54 AB67 AB22 AB03,AB54 AB67 AB22 AB03,AB54 AB67 AB22 AB03,linearA/mdFiles/LinearA_report.md:raw_annotation,
OBS_000172,linearA/mdFiles/LinearA_report.md,raw_annotation,HT31,63,63,AB81 AB02 AB22 AB67,10,AB81 AB02 AB22 AB67,AB81 AB02 AB22 AB67,AB81 AB02 AB22 AB67,linearA/mdFiles/LinearA_report.md:raw_annotation,
OBS_000173,linearA/mdFiles/LinearA_report.md,raw_annotation,HT31,64,64,AB81 AB02 AB22 AB28,7,AB81 AB02 AB22 AB28,AB81 AB02 AB22 AB28,AB81 AB02 AB22 AB28,linearA/mdFiles/LinearA_report.md:raw_annotation,
OBS_000174,linearA/mdFiles/LinearA_report.md,raw_annotation,HT31,65,65,AB54 AB28 AB22 AB09,5,AB54 AB28 AB22 AB09,AB54 AB28 AB22 AB09,AB54 AB28 AB22 AB09,linearA/mdFiles/LinearA_report.md:raw_annotation,
OBS_000175,linearA/mdFiles/LinearA_report.md,raw_annotation,HT31,66,66,AB51 AB45 AB22 AB59,8,AB51 AB45 AB22 AB59,AB51 AB45 AB22 AB59,AB51 AB45 AB22 AB59,linearA/mdFiles/LinearA_report.md:raw_annotation,
OBS_000176,linearA/mdFiles/LinearA_report.md,raw_annotation,HT31,67,67,AB28 AB67 AB22 AB54,4,AB28 AB67 AB22 AB54,AB28 AB67 AB22 AB54,AB28 AB67 AB22 AB54,linearA/mdFiles/LinearA_report.md:raw_annotation,
OBS_000177,linearA/mdFiles/LinearA_report.md,raw_annotation,HT7,70,70,QE-TU-RA,2,QE TU RA,QE TU RA,QE-TU-RA,linearA/mdFiles/LinearA_report.md:raw_annotation,
OBS_000178,linearA/mdFiles/LinearA_report.md,raw_annotation,HT7,71,71,KI-RA,1,KI RA,KI RA,KI-RA,linearA/mdFiles/LinearA_report.md:raw_annotation,
OBS_000179,linearA/mdFiles/LinearA_report.md,raw_annotation,HT7,72,72,DA-NA-TU,1,DA NA TU,DA NA TU,DA-NA-TU,linearA/mdFiles/LinearA_report.md:raw_annotation,
OBS_000180,linearA/mdFiles/LinearA_report.md,raw_annotation,HT7,73,73,TU-RU-SI,1,TU RU SI,TU RU SI,TU-RU-SI,linearA/mdFiles/LinearA_report.md:raw_annotation,
OBS_000181,linearA/mdFiles/LinearA_report.md,raw_annotation,HT7,74,74,TI-RU-SI,2,TI RU SI,TI RU SI,TI-RU-SI,linearA/mdFiles/LinearA_report.md:raw_annotation,
OBS_000182,linearA/mdFiles/LinearA_report.md,raw_annotation,HT8,77,77,OLIV+KI,10,OLIV KI,OLIV KI,OLIV+KI,linearA/mdFiles/LinearA_report.md:raw_annotation,
OBS_000183,linearA/mdFiles/LinearA_report.md,raw_annotation,HT8,78,78,PA3,3,PA3,PA3,PA3,linearA/mdFiles/LinearA_report.md:raw_annotation,
OBS_000184,linearA/mdFiles/LinearA_report.md,raw_annotation,HT8,79,79,SUP+?,1,SUP ?,SUP ?,SUP+?,linearA/mdFiles/LinearA_report.md:raw_annotation,
OBS_000185,linearA/mdFiles/LinearA_report.md,raw_annotation,HT8,80,80,QA-KI,5,QA KI,QA KI,QA-KI,linearA/mdFiles/LinearA_report.md:raw_annotation,
OBS_000186,linearA/mdFiles/LinearA_report.md,raw_annotation,HT8,81,81,KU-RA,2,KU RA,KU RA,KU-RA,linearA/mdFiles/LinearA_report.md:raw_annotation,
OBS_000187,linearA/mdFiles/LinearA_report.md,raw_annotation,HT95,84,84,AB54 AB67 AB22 AB03,2,AB54 AB67 AB22 AB03,AB54 AB67 AB22 AB03,AB54 AB67 AB22 AB03,linearA/mdFiles/LinearA_report.md:raw_annotation,
OBS_000188,linearA/mdFiles/LinearA_report.md,raw_annotation,HT95,85,85,AB81 AB02 AB22 AB67,10,AB81 AB02 AB22 AB67,AB81 AB02 AB22 AB67,AB81 AB02 AB22 AB67,linearA/mdFiles/LinearA_report.md:raw_annotation,
OBS_000189,linearA/mdFiles/LinearA_report.md,raw_annotation,HT9,88,88,VIN+TE,51,VIN TE,VIN TE,VIN+TE,linearA/mdFiles/LinearA_report.md:raw_annotation,
OBS_000190,linearA/mdFiles/LinearA_report.md,raw_annotation,HT9,89,89,VIN+TE,25,VIN TE,VIN TE,VIN+TE,linearA/mdFiles/LinearA_report.md:raw_annotation,
OBS_000191,linearA/mdFiles/LinearA_report.md,raw_annotation,HT9,90,90,VIN+TE,87,VIN TE,VIN TE,VIN+TE,linearA/mdFiles/LinearA_report.md:raw_annotation,
OBS_000192,linearA/mdFiles/LinearA_report.md,raw_annotation,HT9,91,91,VIN+TE,19,VIN TE,VIN TE,VIN+TE,linearA/mdFiles/LinearA_report.md:raw_annotation,
OBS_000193,linearA/mdFiles/LinearA_report.md,raw_annotation,HT9,92,92,VIN+TE,18,VIN TE,VIN TE,VIN+TE,linearA/mdFiles/LinearA_report.md:raw_annotation,
OBS_000194,linearA/mdFiles/LinearA_report.md,raw_annotation,HT9,93,93,VIN+TE,130,VIN TE,VIN TE,VIN+TE,linearA/mdFiles/LinearA_report.md:raw_annotation,
OBS_000195,linearA/mdFiles/LinearA_report.md,raw_annotation,ZA10,96,96,AB27 AB17 AB22 AB40,3,AB27 AB17 AB22 AB40,AB27 AB17 AB22 AB40,AB27 AB17 AB22 AB40,linearA/mdFiles/LinearA_report.md:raw_annotation,
OBS_000196,linearA/mdFiles/LinearA_report.md,raw_annotation,ZA10,97,97,AB04 AB69 AB22 AB67,1,AB04 AB69 AB22 AB67,AB04 AB69 AB22 AB67,AB04 AB69 AB22 AB67,linearA/mdFiles/LinearA_report.md:raw_annotation,
OBS_000197,linearA/mdFiles/LinearA_report.md,raw_annotation,ZA10,98,98,AB81 AB02 AB22 AB67,9,AB81 AB02 AB22 AB67,AB81 AB02 AB22 AB67,AB81 AB02 AB22 AB67,linearA/mdFiles/LinearA_report.md:raw_annotation,
OBS_000198,linearA/mdFiles/ZA10.md,md_original,ZA10,1,15,AB27 AB17 AB22 AB40,3,AB27 AB17 AB22 AB40,AB27 AB17 AB22 AB40,AB27 AB17 AB22 AB40,linearA/mdFiles/ZA10.md:original_md_section,
OBS_000199,linearA/mdFiles/ZA10.md,md_original,ZA10,2,16,AB04 AB69 AB22 AB67,1,AB04 AB69 AB22 AB67,AB04 AB69 AB22 AB67,AB04 AB69 AB22 AB67,linearA/mdFiles/ZA10.md:original_md_section,
OBS_000200,linearA/mdFiles/ZA10.md,md_original,ZA10,3,17,AB81 AB02 AB22 AB67,9,AB81 AB02 AB22 AB67,AB81 AB02 AB22 AB67,AB81 AB02 AB22 AB67,linearA/mdFiles/ZA10.md:original_md_section,
OBS_000201,linearA/mdFiles/ZA10.md,raw_annotation,ZA10,10,10,AB27 AB17 AB22 AB40,3,AB27 AB17 AB22 AB40,AB27 AB17 AB22 AB40,AB27 AB17 AB22 AB40,linearA/mdFiles/ZA10.md:raw_annotation,
OBS_000202,linearA/mdFiles/ZA10.md,raw_annotation,ZA10,11,11,AB04 AB69 AB22 AB67,1,AB04 AB69 AB22 AB67,AB04 AB69 AB22 AB67,AB04 AB69 AB22 AB67,linearA/mdFiles/ZA10.md:raw_annotation,
OBS_000203,linearA/mdFiles/ZA10.md,raw_annotation,ZA10,12,12,AB81 AB02 AB22 AB67,9,AB81 AB02 AB22 AB67,AB81 AB02 AB22 AB67,AB81 AB02 AB22 AB67,linearA/mdFiles/ZA10.md:raw_annotation,
OBS_000204,external:youngerarchive,external_csv,ARKH 1,a.1_stmt,1,]TA PI,,]TA PI,]TA PI,]TA PI,https://web.archive.org/web/20190416192926/http://www.people.ku.edu/~jyounger/LinearA/misctexts.html,younger_table_statement | source=YoungerArchive | ingested=2026-02-24T02:56:37Z
OBS_000205,external:youngerarchive,external_csv,ARKH 1,a.2_stmt,2,A RA[,,A RA[,A RA[,A RA[,https://web.archive.org/web/20190416192926/http://www.people.ku.edu/~jyounger/LinearA/misctexts.html,younger_table_statement | source=YoungerArchive | ingested=2026-02-24T02:56:37Z
OBS_000206,external:youngerarchive,external_csv,ARKH 1,a.4_stmt,3,]A SU MI,,]A SU MI,]A SU MI,]A SU MI,https://web.archive.org/web/20190416192926/http://www.people.ku.edu/~jyounger/LinearA/misctexts.html,younger_table_statement | source=YoungerArchive | ingested=2026-02-24T02:56:37Z
OBS_000207,external:youngerarchive,external_csv,ARKH 1,a.5_stmt,4,A PA,,A PA,A PA,A PA,https://web.archive.org/web/20190416192926/http://www.people.ku.edu/~jyounger/LinearA/misctexts.html,younger_table_statement | source=YoungerArchive | ingested=2026-02-24T02:56:37Z
OBS_000208,external:youngerarchive,external_csv,ARKH 1,a.6_stmt,5,]MI KI SA NE[,,]MI KI SA NE[,]MI KI SA NE[,]MI KI SA NE[,https://web.archive.org/web/20190416192926/http://www.people.ku.edu/~jyounger/LinearA/misctexts.html,younger_table_statement | source=YoungerArchive | ingested=2026-02-24T02:56:37Z
OBS_000209,external:youngerarchive,external_csv,ARKH 1,b.1_stmt,6,PA RE,,PA RE,PA RE,PA RE,https://web.archive.org/web/20190416192926/http://www.people.ku.edu/~jyounger/LinearA/misctexts.html,younger_table_statement | source=YoungerArchive | ingested=2026-02-24T02:56:37Z
OBS_000210,external:youngerarchive,external_csv,ARKH 1,b.2_log,7,]PA3[,,]PA3[,]PA3[,]PA3[,https://web.archive.org/web/20190416192926/http://www.people.ku.edu/~jyounger/LinearA/misctexts.html,younger_table_logogram | source=YoungerArchive | ingested=2026-02-24T02:56:37Z
OBS_000211,external:sigla,external_csv,ARKH 1A,word_1,8,AB59 AB39,,AB59 AB39,AB59 AB39,AB59 AB39,http://sigla.phis.me/document/ARKH%201a/index-word.html,sigla_word_seq_pattern | source=SigLA | ingested=2026-02-24T02:56:37Z
OBS_000212,external:sigla,external_csv,ARKH 1A,word_2,9,AB67,,AB67,AB67,AB67,http://sigla.phis.me/document/ARKH%201a/index-word.html,sigla_word_seq_pattern | source=SigLA | ingested=2026-02-24T02:56:37Z
OBS_000213,external:sigla,external_csv,ARKH 1A,word_3,10,AB08 AB60,,AB08 AB60,AB08 AB60,AB08 AB60,http://sigla.phis.me/document/ARKH%201a/index-word.html,sigla_word_seq_pattern | source=SigLA | ingested=2026-02-24T02:56:37Z
OBS_000214,external:sigla,external_csv,ARKH 1A,word_4,11,AB08 AB58 AB73 AB118,,AB08 AB58 AB73 AB118,AB08 AB58 AB73 AB118,AB08 AB58 AB73 AB118,http://sigla.phis.me/document/ARKH%201a/index-word.html,sigla_word_seq_pattern | source=SigLA | ingested=2026-02-24T02:56:37Z
OBS_000215,external:sigla,external_csv,ARKH 1A,word_5,12,AB08 AB03 [?],,AB08 AB03 [?],AB08 AB03 [?],AB08 AB03 [?],http://sigla.phis.me/document/ARKH%201a/index-word.html,sigla_word_seq_pattern | source=SigLA | ingested=2026-02-24T02:56:37Z
OBS_000216,external:sigla,external_csv,ARKH 1A,word_6,13,AB73 AB67 AB31 AB24,,AB73 AB67 AB31 AB24,AB73 AB67 AB31 AB24,AB73 AB67 AB31 AB24,http://sigla.phis.me/document/ARKH%201a/index-word.html,sigla_word_seq_pattern | source=SigLA | ingested=2026-02-24T02:56:37Z
OBS_000217,external:sigla,external_csv,ARKH 1B,word_1,14,AB08,,AB08,AB08,AB08,http://sigla.phis.me/document/ARKH%201b/index-word.html,sigla_word_seq_pattern | source=SigLA | ingested=2026-02-24T02:56:37Z
OBS_000218,external:sigla,external_csv,ARKH 1B,word_2,15,AB57 AB27,,AB57 AB27,AB57 AB27,AB57 AB27,http://sigla.phis.me/document/ARKH%201b/index-word.html,sigla_word_seq_pattern | source=SigLA | ingested=2026-02-24T02:56:37Z
OBS_000219,external:sigla,external_csv,ARKH 1B,word_3,16,AB56,,AB56,AB56,AB56,http://sigla.phis.me/document/ARKH%201b/index-word.html,sigla_word_seq_pattern | source=SigLA | ingested=2026-02-24T02:56:37Z
OBS_000220,external:sigla,external_csv,ARKH 1B,word_4,17,AB06,,AB06,AB06,AB06,http://sigla.phis.me/document/ARKH%201b/index-word.html,sigla_word_seq_pattern | source=SigLA | ingested=2026-02-24T02:56:37Z
OBS_000221,external:youngerarchive,external_csv,ARKH 2,.1-2_log,18,VINB,,VINB,VINB,VINB,https://web.archive.org/web/20190416192926/http://www.people.ku.edu/~jyounger/LinearA/misctexts.html,younger_table_logogram | source=YoungerArchive | ingested=2026-02-24T02:56:37Z
OBS_000222,external:youngerarchive,external_csv,ARKH 2,.1-2_stmt,19,KU RA,,KU RA,KU RA,KU RA,https://web.archive.org/web/20190416192926/http://www.people.ku.edu/~jyounger/LinearA/misctexts.html,younger_table_statement | source=YoungerArchive | ingested=2026-02-24T02:56:37Z
OBS_000223,external:youngerarchive,external_csv,ARKH 2,.1_stmt,20,SI DA TE,,SI DA TE,SI DA TE,SI DA TE,https://web.archive.org/web/20190416192926/http://www.people.ku.edu/~jyounger/LinearA/misctexts.html,younger_table_statement | source=YoungerArchive | ingested=2026-02-24T02:56:37Z
OBS_000224,external:youngerarchive,external_csv,ARKH 2,.2-3_stmt,21,A SI DA TO I,,A SI DA TO I,A SI DA TO I,A SI DA TO I,https://web.archive.org/web/20190416192926/http://www.people.ku.edu/~jyounger/LinearA/misctexts.html,younger_table_statement | source=YoungerArchive | ingested=2026-02-24T02:56:37Z
OBS_000225,external:youngerarchive,external_csv,ARKH 2,.3-4_stmt,22,ZU SE DE QIF,,ZU SE DE QIF,ZU SE DE QIF,ZU SE DE QIF,https://web.archive.org/web/20190416192926/http://www.people.ku.edu/~jyounger/LinearA/misctexts.html,younger_table_statement | source=YoungerArchive | ingested=2026-02-24T02:56:37Z
OBS_000226,external:youngerarchive,external_csv,ARKH 2,.5-6_stmt,23,A SU PU WA,,A SU PU WA,A SU PU WA,A SU PU WA,https://web.archive.org/web/20190416192926/http://www.people.ku.edu/~jyounger/LinearA/misctexts.html,younger_table_statement | source=YoungerArchive | ingested=2026-02-24T02:56:37Z
OBS_000227,external:youngerarchive,external_csv,ARKH 2,.6_stmt,24,RU MI,,RU MI,RU MI,RU MI,https://web.archive.org/web/20190416192926/http://www.people.ku.edu/~jyounger/LinearA/misctexts.html,younger_table_statement | source=YoungerArchive | ingested=2026-02-24T02:56:37Z
OBS_000228,external:sigla,external_csv,ARKH 2,word_1,25,AB41 AB01 AB04,,AB41 AB01 AB04,AB41 AB01 AB04,AB41 AB01 AB04,http://sigla.phis.me/document/ARKH%202/index-word.html,sigla_word_seq_pattern | source=SigLA | ingested=2026-02-24T02:56:37Z
OBS_000229,external:sigla,external_csv,ARKH 2,word_2,26,AB81 AB60 AB131B,,AB81 AB60 AB131B,AB81 AB60 AB131B,AB81 AB60 AB131B,http://sigla.phis.me/document/ARKH%202/index-word.html,sigla_word_seq_pattern | source=SigLA | ingested=2026-02-24T02:56:37Z
OBS_000230,external:sigla,external_csv,ARKH 2,word_3,27,AB08 AB41 AB01 AB05 AB28,,AB08 AB41 AB01 AB05 AB28,AB08 AB41 AB01 AB05 AB28,AB08 AB41 AB01 AB05 AB28,http://sigla.phis.me/document/ARKH%202/index-word.html,sigla_word_seq_pattern | source=SigLA | ingested=2026-02-24T02:56:37Z
OBS_000231,external:sigla,external_csv,ARKH 2,word_4,28,AB79 A301 AB09 AB45 AB21F AB118,,AB79 A301 AB09 AB45 AB21F AB118,AB79 A301 AB09 AB45 AB21F AB118,AB79 A301 AB09 AB45 AB21F AB118,http://sigla.phis.me/document/ARKH%202/index-word.html,sigla_word_seq_pattern | source=SigLA | ingested=2026-02-24T02:56:37Z
OBS_000232,external:sigla,external_csv,ARKH 2,word_5,29,AB08 AB58 AB50 AB54,,AB08 AB58 AB50 AB54,AB08 AB58 AB50 AB54,AB08 AB58 AB50 AB54,http://sigla.phis.me/document/ARKH%202/index-word.html,sigla_word_seq_pattern | source=SigLA | ingested=2026-02-24T02:56:37Z
OBS_000233,external:sigla,external_csv,ARKH 2,word_6,30,AB26 AB73,,AB26 AB73,AB26 AB73,AB26 AB73,http://sigla.phis.me/document/ARKH%202/index-word.html,sigla_word_seq_pattern | source=SigLA | ingested=2026-02-24T02:56:37Z
OBS_000234,external:youngerarchive,external_csv,ARKH 3,a.1_log,31,GRA[,,GRA[,GRA[,GRA[,https://web.archive.org/web/20190416192926/http://www.people.ku.edu/~jyounger/LinearA/misctexts.html,younger_table_logogram | source=YoungerArchive | ingested=2026-02-24T02:56:37Z
OBS_000235,external:youngerarchive,external_csv,ARKH 3,a.1_stmt,32,KA NE,,KA NE,KA NE,KA NE,https://web.archive.org/web/20190416192926/http://www.people.ku.edu/~jyounger/LinearA/misctexts.html,younger_table_statement | source=YoungerArchive | ingested=2026-02-24T02:56:37Z
OBS_000236,external:youngerarchive,external_csv,ARKH 3,a.2_log,33,OLIV,,OLIV,OLIV,OLIV,https://web.archive.org/web/20190416192926/http://www.people.ku.edu/~jyounger/LinearA/misctexts.html,younger_table_logogram | source=YoungerArchive | ingested=2026-02-24T02:56:37Z
OBS_000237,external:youngerarchive,external_csv,ARKH 3,a.2_log,34,VINB,,VINB,VINB,VINB,https://web.archive.org/web/20190416192926/http://www.people.ku.edu/~jyounger/LinearA/misctexts.html,younger_table_logogram | source=YoungerArchive | ingested=2026-02-24T02:56:37Z
OBS_000238,external:youngerarchive,external_csv,ARKH 3,a.4_log,35,GRA,,GRA,GRA,GRA,https://web.archive.org/web/20190416192926/http://www.people.ku.edu/~jyounger/LinearA/misctexts.html,younger_table_logogram | source=YoungerArchive | ingested=2026-02-24T02:56:37Z
OBS_000239,external:youngerarchive,external_csv,ARKH 3,a.4_stmt,36,]KI NU,,]KI NU,]KI NU,]KI NU,https://web.archive.org/web/20190416192926/http://www.people.ku.edu/~jyounger/LinearA/misctexts.html,younger_table_statement | source=YoungerArchive | ingested=2026-02-24T02:56:37Z
OBS_000240,external:youngerarchive,external_csv,ARKH 3,b.1_log,37,GRA,,GRA,GRA,GRA,https://web.archive.org/web/20190416192926/http://www.people.ku.edu/~jyounger/LinearA/misctexts.html,younger_table_logogram | source=YoungerArchive | ingested=2026-02-24T02:56:37Z
OBS_000241,external:youngerarchive,external_csv,ARKH 3,b.1_stmt,38,JA PI,,JA PI,JA PI,JA PI,https://web.archive.org/web/20190416192926/http://www.people.ku.edu/~jyounger/LinearA/misctexts.html,younger_table_statement | source=YoungerArchive | ingested=2026-02-24T02:56:37Z
OBS_000242,external:youngerarchive,external_csv,ARKH 3,b.2_log,39,GRA,,GRA,GRA,GRA,https://web.archive.org/web/20190416192926/http://www.people.ku.edu/~jyounger/LinearA/misctexts.html,younger_table_logogram | source=YoungerArchive | ingested=2026-02-24T02:56:37Z
OBS_000243,external:youngerarchive,external_csv,ARKH 3,b.2_stmt,40,]PI PU3,,]PI PU3,]PI PU3,]PI PU3,https://web.archive.org/web/20190416192926/http://www.people.ku.edu/~jyounger/LinearA/misctexts.html,younger_table_statement | source=YoungerArchive | ingested=2026-02-24T02:56:37Z
OBS_000244,external:youngerarchive,external_csv,ARKH 3,b.4_log,41,OLE,,OLE,OLE,OLE,https://web.archive.org/web/20190416192926/http://www.people.ku.edu/~jyounger/LinearA/misctexts.html,younger_table_logogram | source=YoungerArchive | ingested=2026-02-24T02:56:37Z
OBS_000245,external:youngerarchive,external_csv,ARKH 3,b.5_log,42,]VINA,,]VINA,]VINA,]VINA,https://web.archive.org/web/20190416192926/http://www.people.ku.edu/~jyounger/LinearA/misctexts.html,younger_table_logogram | source=YoungerArchive | ingested=2026-02-24T02:56:37Z
OBS_000246,external:sigla,external_csv,ARKH 3A,word_1,43,AB77 AB24,,AB77 AB24,AB77 AB24,AB77 AB24,http://sigla.phis.me/document/ARKH%203a/index-word.html,sigla_word_seq_pattern | source=SigLA | ingested=2026-02-24T02:56:37Z
OBS_000247,external:sigla,external_csv,ARKH 3A,word_2,44,AB67 AB55,,AB67 AB55,AB67 AB55,AB67 AB55,http://sigla.phis.me/document/ARKH%203a/index-word.html,sigla_word_seq_pattern | source=SigLA | ingested=2026-02-24T02:56:37Z
OBS_000248,external:sigla,external_csv,ARKH 3A,word_3,45,AB81,,AB81,AB81,AB81,http://sigla.phis.me/document/ARKH%203a/index-word.html,sigla_word_seq_pattern | source=SigLA | ingested=2026-02-24T02:56:37Z
OBS_000249,external:sigla,external_csv,ARKH 3B,word_1,46,[?] AB57 AB39,,[?] AB57 AB39,[?] AB57 AB39,[?] AB57 AB39,http://sigla.phis.me/document/ARKH%203b/index-word.html,sigla_word_seq_pattern | source=SigLA | ingested=2026-02-24T02:56:37Z
OBS_000250,external:sigla,external_csv,ARKH 3B,word_2,47,AB39 A314,,AB39 A314,AB39 A314,AB39 A314,http://sigla.phis.me/document/ARKH%203b/index-word.html,sigla_word_seq_pattern | source=SigLA | ingested=2026-02-24T02:56:37Z
OBS_000251,external:youngerarchive,external_csv,ARKH 4,a.4-5_stmt,48,PI TI NE A,,PI TI NE A,PI TI NE A,PI TI NE A,https://web.archive.org/web/20190416192926/http://www.people.ku.edu/~jyounger/LinearA/misctexts.html,younger_table_statement | source=YoungerArchive | ingested=2026-02-24T02:56:37Z
OBS_000252,external:youngerarchive,external_csv,ARKH 4,b.3_stmt,49,]DE MI,,]DE MI,]DE MI,]DE MI,https://web.archive.org/web/20190416192926/http://www.people.ku.edu/~jyounger/LinearA/misctexts.html,younger_table_statement | source=YoungerArchive | ingested=2026-02-24T02:56:37Z
OBS_000253,external:youngerarchive,external_csv,ARKH 4,b.4_stmt,50,A KI RO,,A KI RO,A KI RO,A KI RO,https://web.archive.org/web/20190416192926/http://www.people.ku.edu/~jyounger/LinearA/misctexts.html,younger_table_statement | source=YoungerArchive | ingested=2026-02-24T02:56:37Z
OBS_000254,external:youngerarchive,external_csv,ARKH 4,b.5_stmt,51,ZA SI ZU,,ZA SI ZU,ZA SI ZU,ZA SI ZU,https://web.archive.org/web/20190416192926/http://www.people.ku.edu/~jyounger/LinearA/misctexts.html,younger_table_statement | source=YoungerArchive | ingested=2026-02-24T02:56:37Z
OBS_000255,external:sigla,external_csv,ARKH 4A,word_1,52,[?] AB30 AB59,,[?] AB30 AB59,[?] AB30 AB59,[?] AB30 AB59,http://sigla.phis.me/document/ARKH%204a/index-word.html,sigla_word_seq_pattern | source=SigLA | ingested=2026-02-24T02:56:37Z
OBS_000256,external:sigla,external_csv,ARKH 4A,word_2,53,AB59,,AB59,AB59,AB59,http://sigla.phis.me/document/ARKH%204a/index-word.html,sigla_word_seq_pattern | source=SigLA | ingested=2026-02-24T02:56:37Z
OBS_000257,external:sigla,external_csv,ARKH 4A,word_3,54,AB08 [?] [?] AB65,,AB08 [?] [?] AB65,AB08 [?] [?] AB65,AB08 [?] [?] AB65,http://sigla.phis.me/document/ARKH%204a/index-word.html,sigla_word_seq_pattern | source=SigLA | ingested=2026-02-24T02:56:37Z
OBS_000258,external:sigla,external_csv,ARKH 4A,word_4,55,AB45 AB58 [?] AB47 AB04,,AB45 AB58 [?] AB47 AB04,AB45 AB58 [?] AB47 AB04,AB45 AB58 [?] AB47 AB04,http://sigla.phis.me/document/ARKH%204a/index-word.html,sigla_word_seq_pattern | source=SigLA | ingested=2026-02-24T02:56:37Z
OBS_000259,external:sigla,external_csv,ARKH 4A,word_5,56,AB39 AB37 AB24 AB08 [?],,AB39 AB37 AB24 AB08 [?],AB39 AB37 AB24 AB08 [?],AB39 AB37 AB24 AB08 [?],http://sigla.phis.me/document/ARKH%204a/index-word.html,sigla_word_seq_pattern | source=SigLA | ingested=2026-02-24T02:56:37Z
OBS_000260,external:sigla,external_csv,ARKH 4B,word_1,57,[?] AB27,,[?] AB27,[?] AB27,[?] AB27,http://sigla.phis.me/document/ARKH%204b/index-word.html,sigla_word_seq_pattern | source=SigLA | ingested=2026-02-24T02:56:37Z
OBS_000261,external:sigla,external_csv,ARKH 4B,word_2,58,AB10,,AB10,AB10,AB10,http://sigla.phis.me/document/ARKH%204b/index-word.html,sigla_word_seq_pattern | source=SigLA | ingested=2026-02-24T02:56:37Z
OBS_000262,external:sigla,external_csv,ARKH 4B,word_3,59,AB45 AB73,,AB45 AB73,AB45 AB73,AB45 AB73,http://sigla.phis.me/document/ARKH%204b/index-word.html,sigla_word_seq_pattern | source=SigLA | ingested=2026-02-24T02:56:37Z
OBS_000263,external:sigla,external_csv,ARKH 4B,word_4,60,AB28 AB47,,AB28 AB47,AB28 AB47,AB28 AB47,http://sigla.phis.me/document/ARKH%204b/index-word.html,sigla_word_seq_pattern | source=SigLA | ingested=2026-02-24T02:56:37Z
OBS_000264,external:sigla,external_csv,ARKH 4B,word_5,61,AB08 AB67 AB02,,AB08 AB67 AB02,AB08 AB67 AB02,AB08 AB67 AB02,http://sigla.phis.me/document/ARKH%204b/index-word.html,sigla_word_seq_pattern | source=SigLA | ingested=2026-02-24T02:56:37Z
OBS_000265,external:sigla,external_csv,ARKH 4B,word_6,62,AB17? AB41 AB79,,AB17? AB41 AB79,AB17? AB41 AB79,AB17? AB41 AB79,http://sigla.phis.me/document/ARKH%204b/index-word.html,sigla_word_seq_pattern | source=SigLA | ingested=2026-02-24T02:56:37Z
OBS_000266,external:youngerarchive,external_csv,ARKH 5,.1_stmt,63,A DU NI TA NA,,A DU NI TA NA,A DU NI TA NA,A DU NI TA NA,https://web.archive.org/web/20190416192926/http://www.people.ku.edu/~jyounger/LinearA/misctexts.html,younger_table_statement | source=YoungerArchive | ingested=2026-02-24T02:56:37Z
OBS_000267,external:youngerarchive,external_csv,ARKH 5,.2_log,64,GRA,,GRA,GRA,GRA,https://web.archive.org/web/20190416192926/http://www.people.ku.edu/~jyounger/LinearA/misctexts.html,younger_table_logogram | source=YoungerArchive | ingested=2026-02-24T02:56:37Z
OBS_000268,external:youngerarchive,external_csv,ARKH 5,.2_stmt,65,A DA RO,,A DA RO,A DA RO,A DA RO,https://web.archive.org/web/20190416192926/http://www.people.ku.edu/~jyounger/LinearA/misctexts.html,younger_table_statement | source=YoungerArchive | ingested=2026-02-24T02:56:37Z
OBS_000269,external:youngerarchive,external_csv,ARKH 5,.3_log,66,VINB,,VINB,VINB,VINB,https://web.archive.org/web/20190416192926/http://www.people.ku.edu/~jyounger/LinearA/misctexts.html,younger_table_logogram | source=YoungerArchive | ingested=2026-02-24T02:56:37Z
OBS_000270,external:sigla,external_csv,ARKH 5,word_1,67,AB08 AB51 AB30 AB59 AB06,,AB08 AB51 AB30 AB59 AB06,AB08 AB51 AB30 AB59 AB06,AB08 AB51 AB30 AB59 AB06,http://sigla.phis.me/document/ARKH%205/index-word.html,sigla_word_seq_pattern | source=SigLA | ingested=2026-02-24T02:56:37Z
OBS_000271,external:sigla,external_csv,ARKH 5,word_2,68,AB08 AB01 AB02,,AB08 AB01 AB02,AB08 AB01 AB02,AB08 AB01 AB02,http://sigla.phis.me/document/ARKH%205/index-word.html,sigla_word_seq_pattern | source=SigLA | ingested=2026-02-24T02:56:37Z
OBS_000272,external:sigla,external_csv,ARKH 5,word_3,69,AB08,,AB08,AB08,AB08,http://sigla.phis.me/document/ARKH%205/index-word.html,sigla_word_seq_pattern | source=SigLA | ingested=2026-02-24T02:56:37Z
OBS_000273,external:youngerarchive,external_csv,ARKH 6,.1_stmt,70,DA NA TU,,DA NA TU,DA NA TU,DA NA TU,https://web.archive.org/web/20190416192926/http://www.people.ku.edu/~jyounger/LinearA/misctexts.html,younger_table_statement | source=YoungerArchive | ingested=2026-02-24T02:56:37Z
OBS_000274,external:sigla,external_csv,ARKH 6,word_1,71,AB01 AB06 AB69,,AB01 AB06 AB69,AB01 AB06 AB69,AB01 AB06 AB69,http://sigla.phis.me/document/ARKH%206/index-word.html,sigla_word_seq_pattern | source=SigLA | ingested=2026-02-24T02:56:37Z
OBS_000275,external:sigla,external_csv,ARKH 6,word_2,72,AB81,,AB81,AB81,AB81,http://sigla.phis.me/document/ARKH%206/index-word.html,sigla_word_seq_pattern | source=SigLA | ingested=2026-02-24T02:56:37Z
OBS_000276,external:sigla,external_csv,ARKH 6,word_3,73,[?] AB53,,[?] AB53,[?] AB53,[?] AB53,http://sigla.phis.me/document/ARKH%206/index-word.html,sigla_word_seq_pattern | source=SigLA | ingested=2026-02-24T02:56:37Z
OBS_000277,external:youngerarchive,external_csv,GO 2,r03._stmt,74,SI DA RO,,SI DA RO,SI DA RO,SI DA RO,https://web.archive.org/web/20190416192926/http://www.people.ku.edu/~jyounger/LinearA/misctexts.html,younger_table_statement | source=YoungerArchive | ingested=2026-02-24T02:56:37Z
OBS_000278,external:youngerarchive,external_csv,GO 2,v02._stmt,75,SE SI[,,SE SI[,SE SI[,SE SI[,https://web.archive.org/web/20190416192926/http://www.people.ku.edu/~jyounger/LinearA/misctexts.html,younger_table_statement | source=YoungerArchive | ingested=2026-02-24T02:56:37Z
OBS_000279,external:youngerarchive,external_csv,GO WC 1,a: A-SA- SU -MA-I- SE_stmt,76,B BOSM,,B BOSM,B BOSM,B BOSM,https://web.archive.org/web/20190416192926/http://www.people.ku.edu/~jyounger/LinearA/misctexts.html,younger_table_statement | source=YoungerArchive | ingested=2026-02-24T02:56:37Z
OBS_000280,external:sigla,external_csv,GO WC 1A,word_1,77,AB08 AB31 AB58 AB80 AB28 AB09,,AB08 AB31 AB58 AB80 AB28 AB09,AB08 AB31 AB58 AB80 AB28 AB09,AB08 AB31 AB58 AB80 AB28 AB09,http://sigla.phis.me/document/GO%20Wc%201a/index-word.html,sigla_word_seq_pattern | source=SigLA | ingested=2026-02-24T02:56:37Z
OBS_000281,external:youngerarchive,external_csv,GO WC 3,a._stmt,78,NEW,,NEW,NEW,NEW,https://web.archive.org/web/20190416192926/http://www.people.ku.edu/~jyounger/LinearA/misctexts.html,younger_table_statement | source=YoungerArchive | ingested=2026-02-24T02:56:37Z
OBS_000282,external:sigla,external_csv,HS ZG 1,word_1,79,AB08 AB80,,AB08 AB80,AB08 AB80,AB08 AB80,http://sigla.phis.me/document/HS%20Zg%201/index-word.html,sigla_word_seq_pattern | source=SigLA | ingested=2026-02-24T02:56:37Z
OBS_000283,external:youngerarchive,external_csv,HT 1,.1-2_stmt,80,QE RA2 U KI RO,,QE RA2 U KI RO,QE RA2 U KI RO,QE RA2 U KI RO,https://web.archive.org/web/20190416193018/http://www.people.ku.edu/~jyounger/LinearA/HTtexts.html,younger_table_statement | source=YoungerArchive | ingested=2026-02-24T02:56:37Z
OBS_000284,external:youngerarchive,external_csv,HT 1,.2-3_stmt,81,DI DI ZA KE,,DI DI ZA KE,DI DI ZA KE,DI DI ZA KE,https://web.archive.org/web/20190416193018/http://www.people.ku.edu/~jyounger/LinearA/HTtexts.html,younger_table_statement | source=YoungerArchive | ingested=2026-02-24T02:56:37Z
OBS_000285,external:youngerarchive,external_csv,HT 1,.2_stmt,82,ZU SU,,ZU SU,ZU SU,ZU SU,https://web.archive.org/web/20190416193018/http://www.people.ku.edu/~jyounger/LinearA/HTtexts.html,younger_table_statement | source=YoungerArchive | ingested=2026-02-24T02:56:37Z
OBS_000286,external:youngerarchive,external_csv,HT 1,.3-4_stmt,83,KU PA3 NU,,KU PA3 NU,KU PA3 NU,KU PA3 NU,https://web.archive.org/web/20190416193018/http://www.people.ku.edu/~jyounger/LinearA/HTtexts.html,younger_table_statement | source=YoungerArchive | ingested=2026-02-24T02:56:37Z
OBS_000287,external:youngerarchive,external_csv,HT 1,.4_stmt,84,A RA NA RE,,A RA NA RE,A RA NA RE,A RA NA RE,https://web.archive.org/web/20190416193018/http://www.people.ku.edu/~jyounger/LinearA/HTtexts.html,younger_table_statement | source=YoungerArchive | ingested=2026-02-24T02:56:37Z
OBS_000288,external:sigla,external_csv,HT 1,word_1,85,AB78 AB76 AB10,,AB78 AB76 AB10,AB78 AB76 AB10,AB78 AB76 AB10,http://sigla.phis.me/document/HT%201/index-word.html,sigla_word_seq_pattern | source=SigLA | ingested=2026-02-24T02:56:37Z
OBS_000289,external:sigla,external_csv,HT 1,word_2,86,AB67 AB02,,AB67 AB02,AB67 AB02,AB67 AB02,http://sigla.phis.me/document/HT%201/index-word.html,sigla_word_seq_pattern | source=SigLA | ingested=2026-02-24T02:56:37Z
OBS_000290,external:sigla,external_csv,HT 1,word_3,87,AB79 AB58,,AB79 AB58,AB79 AB58,AB79 AB58,http://sigla.phis.me/document/HT%201/index-word.html,sigla_word_seq_pattern | source=SigLA | ingested=2026-02-24T02:56:37Z
OBS_000291,external:sigla,external_csv,HT 1,word_4,88,AB07 AB07 AB17 AB44,,AB07 AB07 AB17 AB44,AB07 AB07 AB17 AB44,AB07 AB07 AB17 AB44,http://sigla.phis.me/document/HT%201/index-word.html,sigla_word_seq_pattern | source=SigLA | ingested=2026-02-24T02:56:37Z
OBS_000292,external:sigla,external_csv,HT 1,word_5,89,AB81 AB56 AB55,,AB81 AB56 AB55,AB81 AB56 AB55,AB81 AB56 AB55,http://sigla.phis.me/document/HT%201/index-word.html,sigla_word_seq_pattern | source=SigLA | ingested=2026-02-24T02:56:37Z
OBS_000293,external:sigla,external_csv,HT 1,word_6,90,AB08 AB60 AB06 AB27,,AB08 AB60 AB06 AB27,AB08 AB60 AB06 AB27,AB08 AB60 AB06 AB27,http://sigla.phis.me/document/HT%201/index-word.html,sigla_word_seq_pattern | source=SigLA | ingested=2026-02-24T02:56:37Z
OBS_000294,external:youngerarchive,external_csv,HT 10,a.1_stmt,91,KU NI SU,,KU NI SU,KU NI SU,KU NI SU,https://web.archive.org/web/20190416193018/http://www.people.ku.edu/~jyounger/LinearA/HTtexts.html,younger_table_statement | source=YoungerArchive | ingested=2026-02-24T02:56:37Z
OBS_000295,external:youngerarchive,external_csv,HT 10,a.1_stmt,92,SA MA,,SA MA,SA MA,SA MA,https://web.archive.org/web/20190416193018/http://www.people.ku.edu/~jyounger/LinearA/HTtexts.html,younger_table_statement | source=YoungerArchive | ingested=2026-02-24T02:56:37Z
OBS_000296,external:youngerarchive,external_csv,HT 10,a.2_stmt,93,DA RE,,DA RE,DA RE,DA RE,https://web.archive.org/web/20190416193018/http://www.people.ku.edu/~jyounger/LinearA/HTtexts.html,younger_table_statement | source=YoungerArchive | ingested=2026-02-24T02:56:37Z
OBS_000297,external:youngerarchive,external_csv,HT 10,a.2a_stmt,94,U ZA,,U ZA,U ZA,U ZA,https://web.archive.org/web/20190416193018/http://www.people.ku.edu/~jyounger/LinearA/HTtexts.html,younger_table_statement | source=YoungerArchive | ingested=2026-02-24T02:56:37Z
OBS_000298,external:youngerarchive,external_csv,HT 10,a.3_stmt,95,U ZA,,U ZA,U ZA,U ZA,https://web.archive.org/web/20190416193018/http://www.people.ku.edu/~jyounger/LinearA/HTtexts.html,younger_table_statement | source=YoungerArchive | ingested=2026-02-24T02:56:37Z
OBS_000299,external:youngerarchive,external_csv,HT 10,a.4_stmt,96,DA RI DA,,DA RI DA,DA RI DA,DA RI DA,https://web.archive.org/web/20190416193018/http://www.people.ku.edu/~jyounger/LinearA/HTtexts.html,younger_table_statement | source=YoungerArchive | ingested=2026-02-24T02:56:37Z
OBS_000300,external:youngerarchive,external_csv,HT 10,a.4_stmt,97,ME ZA,,ME ZA,ME ZA,ME ZA,https://web.archive.org/web/20190416193018/http://www.people.ku.edu/~jyounger/LinearA/HTtexts.html,younger_table_statement | source=YoungerArchive | ingested=2026-02-24T02:56:37Z
OBS_000301,external:youngerarchive,external_csv,HT 10,b.1-2_stmt,98,TA RI NA,,TA RI NA,TA RI NA,TA RI NA,https://web.archive.org/web/20190416193018/http://www.people.ku.edu/~jyounger/LinearA/HTtexts.html,younger_table_statement | source=YoungerArchive | ingested=2026-02-24T02:56:37Z
OBS_000302,external:youngerarchive,external_csv,HT 10,b.1_stmt,99,DA RE,,DA RE,DA RE,DA RE,https://web.archive.org/web/20190416193018/http://www.people.ku.edu/~jyounger/LinearA/HTtexts.html,younger_table_statement | source=YoungerArchive | ingested=2026-02-24T02:56:37Z
OBS_000303,external:youngerarchive,external_csv,HT 10,b.1_stmt,100,U TI,,U TI,U TI,U TI,https://web.archive.org/web/20190416193018/http://www.people.ku.edu/~jyounger/LinearA/HTtexts.html,younger_table_statement | source=YoungerArchive | ingested=2026-02-24T02:56:37Z
OBS_000304,external:youngerarchive,external_csv,HT 10,b.3_stmt,101,KA SA RU,,KA SA RU,KA SA RU,KA SA RU,https://web.archive.org/web/20190416193018/http://www.people.ku.edu/~jyounger/LinearA/HTtexts.html,younger_table_statement | source=YoungerArchive | ingested=2026-02-24T02:56:37Z
OBS_000305,external:youngerarchive,external_csv,HT 10,b.4_stmt,102,TA NA TI,,TA NA TI,TA NA TI,TA NA TI,https://web.archive.org/web/20190416193018/http://www.people.ku.edu/~jyounger/LinearA/HTtexts.html,younger_table_statement | source=YoungerArchive | ingested=2026-02-24T02:56:37Z
OBS_000306,external:youngerarchive,external_csv,HT 100,.1_log,103,]VIR KA,,]VIR KA,]VIR KA,]VIR KA,https://web.archive.org/web/20190416193018/http://www.people.ku.edu/~jyounger/LinearA/HTtexts.html,younger_table_logogram | source=YoungerArchive | ingested=2026-02-24T02:56:37Z
OBS_000307,external:youngerarchive,external_csv,HT 100,.2-3_log,104,VIR *313A,,VIR *313A,VIR *313A,VIR *313A,https://web.archive.org/web/20190416193018/http://www.people.ku.edu/~jyounger/LinearA/HTtexts.html,younger_table_logogram | source=YoungerArchive | ingested=2026-02-24T02:56:37Z
OBS_000308,external:youngerarchive,external_csv,HT 100,.2_log,105,TI A,,TI A,TI A,TI A,https://web.archive.org/web/20190416193018/http://www.people.ku.edu/~jyounger/LinearA/HTtexts.html,younger_table_logogram | source=YoungerArchive | ingested=2026-02-24T02:56:37Z
OBS_000309,external:youngerarchive,external_csv,HT 100,.3_stmt,106,KU RO,,KU RO,KU RO,KU RO,https://web.archive.org/web/20190416193018/http://www.people.ku.edu/~jyounger/LinearA/HTtexts.html,younger_table_statement | source=YoungerArchive | ingested=2026-02-24T02:56:37Z
OBS_000310,external:youngerarchive,external_csv,HT 100,.4_log,107,FIC,,FIC,FIC,FIC,https://web.archive.org/web/20190416193018/http://www.people.ku.edu/~jyounger/LinearA/HTtexts.html,younger_table_logogram | source=YoungerArchive | ingested=2026-02-24T02:56:37Z
OBS_000311,external:youngerarchive,external_csv,HT 100,.4_log,108,VINA,,VINA,VINA,VINA,https://web.archive.org/web/20190416193018/http://www.people.ku.edu/~jyounger/LinearA/HTtexts.html,younger_table_logogram | source=YoungerArchive | ingested=2026-02-24T02:56:37Z
OBS_000312,external:youngerarchive,external_csv,HT 100,.4_stmt,109,SA RA2,,SA RA2,SA RA2,SA RA2,https://web.archive.org/web/20190416193018/http://www.people.ku.edu/~jyounger/LinearA/HTtexts.html,younger_table_statement | source=YoungerArchive | ingested=2026-02-24T02:56:37Z
OBS_000313,external:youngerarchive,external_csv,HT 100,.5_log,110,OLE MI,,OLE MI,OLE MI,OLE MI,https://web.archive.org/web/20190416193018/http://www.people.ku.edu/~jyounger/LinearA/HTtexts.html,younger_table_logogram | source=YoungerArchive | ingested=2026-02-24T02:56:37Z
OBS_000314,external:youngerarchive,external_csv,HT 100,.5_log,111,OLE NE,,OLE NE,OLE NE,OLE NE,https://web.archive.org/web/20190416193018/http://www.people.ku.edu/~jyounger/LinearA/HTtexts.html,younger_table_logogram | source=YoungerArchive | ingested=2026-02-24T02:56:37Z
OBS_000315,external:youngerarchive,external_csv,HT 100,.5_log,112,OLE U,,OLE U,OLE U,OLE U,https://web.archive.org/web/20190416193018/http://www.people.ku.edu/~jyounger/LinearA/HTtexts.html,younger_table_logogram | source=YoungerArchive | ingested=2026-02-24T02:56:37Z
OBS_000316,external:sigla,external_csv,HT 100,word_1,113,AB81 AB02,,AB81 AB02,AB81 AB02,AB81 AB02,http://sigla.phis.me/document/HT%20100/index-word.html,sigla_word_seq_pattern | source=SigLA | ingested=2026-02-24T02:56:37Z
OBS_000317,external:sigla,external_csv,HT 100,word_2,114,AB31 AB76,,AB31 AB76,AB31 AB76,AB31 AB76,http://sigla.phis.me/document/HT%20100/index-word.html,sigla_word_seq_pattern | source=SigLA | ingested=2026-02-24T02:56:37Z
OBS_000318,external:youngerarchive,external_csv,HT 101,.1_log,115,GRA QE,,GRA QE,GRA QE,GRA QE,https://web.archive.org/web/20190416193018/http://www.people.ku.edu/~jyounger/LinearA/HTtexts.html,younger_table_logogram | source=YoungerArchive | ingested=2026-02-24T02:56:37Z
OBS_000319,external:youngerarchive,external_csv,HT 101,.1_stmt,116,ZU 22F DI,,ZU 22F DI,ZU 22F DI,ZU 22F DI,https://web.archive.org/web/20190416193018/http://www.people.ku.edu/~jyounger/LinearA/HTtexts.html,younger_table_statement | source=YoungerArchive | ingested=2026-02-24T02:56:37Z
OBS_000320,external:youngerarchive,external_csv,HT 101,.2_log,117,OLE KI,,OLE KI,OLE KI,OLE KI,https://web.archive.org/web/20190416193018/http://www.people.ku.edu/~jyounger/LinearA/HTtexts.html,younger_table_logogram | source=YoungerArchive | ingested=2026-02-24T02:56:37Z
OBS_000321,external:youngerarchive,external_csv,HT 101,.2_log,118,OLE MI,,OLE MI,OLE MI,OLE MI,https://web.archive.org/web/20190416193018/http://www.people.ku.edu/~jyounger/LinearA/HTtexts.html,younger_table_logogram | source=YoungerArchive | ingested=2026-02-24T02:56:37Z
OBS_000322,external:youngerarchive,external_csv,HT 101,.2_log,119,OLE U,,OLE U,OLE U,OLE U,https://web.archive.org/web/20190416193018/http://www.people.ku.edu/~jyounger/LinearA/HTtexts.html,younger_table_logogram | source=YoungerArchive | ingested=2026-02-24T02:56:37Z
OBS_000323,external:youngerarchive,external_csv,HT 101,.3_log,120,DI QE,,DI QE,DI QE,DI QE,https://web.archive.org/web/20190416193018/http://www.people.ku.edu/~jyounger/LinearA/HTtexts.html,younger_table_logogram | source=YoungerArchive | ingested=2026-02-24T02:56:37Z
OBS_000324,external:youngerarchive,external_csv,HT 101,.3_log,121,GRA,,GRA,GRA,GRA,https://web.archive.org/web/20190416193018/http://www.people.ku.edu/~jyounger/LinearA/HTtexts.html,younger_table_logogram | source=YoungerArchive | ingested=2026-02-24T02:56:37Z
OBS_000325,external:youngerarchive,external_csv,HT 101,.3_log,122,OLE,,OLE,OLE,OLE,https://web.archive.org/web/20190416193018/http://www.people.ku.edu/~jyounger/LinearA/HTtexts.html,younger_table_logogram | source=YoungerArchive | ingested=2026-02-24T02:56:37Z
OBS_000326,external:youngerarchive,external_csv,HT 101,.3_stmt,123,SA RA2,,SA RA2,SA RA2,SA RA2,https://web.archive.org/web/20190416193018/http://www.people.ku.edu/~jyounger/LinearA/HTtexts.html,younger_table_statement | source=YoungerArchive | ingested=2026-02-24T02:56:37Z
OBS_000327,external:youngerarchive,external_csv,HT 101,.4_log,124,OLE U,,OLE U,OLE U,OLE U,https://web.archive.org/web/20190416193018/http://www.people.ku.edu/~jyounger/LinearA/HTtexts.html,younger_table_logogram | source=YoungerArchive | ingested=2026-02-24T02:56:37Z
OBS_000328,external:youngerarchive,external_csv,HT 101,.4_stmt,125,KU PA3,,KU PA3,KU PA3,KU PA3,https://web.archive.org/web/20190416193018/http://www.people.ku.edu/~jyounger/LinearA/HTtexts.html,younger_table_statement | source=YoungerArchive | ingested=2026-02-24T02:56:37Z
OBS_000329,external:youngerarchive,external_csv,HT 101,.5_log,126,OLE KI,,OLE KI,OLE KI,OLE KI,https://web.archive.org/web/20190416193018/http://www.people.ku.edu/~jyounger/LinearA/HTtexts.html,younger_table_logogram | source=YoungerArchive | ingested=2026-02-24T02:56:37Z
OBS_000330,external:youngerarchive,external_csv,HT 101,.6_log,127,OLIV,,OLIV,OLIV,OLIV,https://web.archive.org/web/20190416193018/http://www.people.ku.edu/~jyounger/LinearA/HTtexts.html,younger_table_logogram | source=YoungerArchive | ingested=2026-02-24T02:56:37Z
OBS_000331,external:youngerarchive,external_csv,HT 101,.6_log,128,OLIV TU,,OLIV TU,OLIV TU,OLIV TU,https://web.archive.org/web/20190416193018/http://www.people.ku.edu/~jyounger/LinearA/HTtexts.html,younger_table_logogram | source=YoungerArchive | ingested=2026-02-24T02:56:37Z
OBS_000332,external:sigla,external_csv,HT 101,word_1,129,AB79 AB22F AB07,,AB79 AB22F AB07,AB79 AB22F AB07,AB79 AB22F AB07,http://sigla.phis.me/document/HT%20101/index-word.html,sigla_word_seq_pattern | source=SigLA | ingested=2026-02-24T02:56:37Z
OBS_000333,external:sigla,external_csv,HT 101,word_2,130,AB31 AB76,,AB31 AB76,AB31 AB76,AB31 AB76,http://sigla.phis.me/document/HT%20101/index-word.html,sigla_word_seq_pattern | source=SigLA | ingested=2026-02-24T02:56:37Z
OBS_000334,external:sigla,external_csv,HT 101,word_3,131,AB81,,AB81,AB81,AB81,http://sigla.phis.me/document/HT%20101/index-word.html,sigla_word_seq_pattern | source=SigLA | ingested=2026-02-24T02:56:37Z
OBS_000335,external:sigla,external_csv,HT 101,word_4,132,AB56,,AB56,AB56,AB56,http://sigla.phis.me/document/HT%20101/index-word.html,sigla_word_seq_pattern | source=SigLA | ingested=2026-02-24T02:56:37Z
OBS_000336,external:youngerarchive,external_csv,HT 102,.1-2_log,133,GRA,,GRA,GRA,GRA,https://web.archive.org/web/20190416193018/http://www.people.ku.edu/~jyounger/LinearA/HTtexts.html,younger_table_logogram | source=YoungerArchive | ingested=2026-02-24T02:56:37Z
OBS_000337,external:youngerarchive,external_csv,HT 102,.1-2_stmt,134,SA RA2,,SA RA2,SA RA2,SA RA2,https://web.archive.org/web/20190416193018/http://www.people.ku.edu/~jyounger/LinearA/HTtexts.html,younger_table_statement | source=YoungerArchive | ingested=2026-02-24T02:56:37Z
OBS_000338,external:youngerarchive,external_csv,HT 102,.1_stmt,135,KA PA,,KA PA,KA PA,KA PA,https://web.archive.org/web/20190416193018/http://www.people.ku.edu/~jyounger/LinearA/HTtexts.html,younger_table_statement | source=YoungerArchive | ingested=2026-02-24T02:56:37Z
OBS_000339,external:youngerarchive,external_csv,HT 102,.2_log,136,GRA PA,,GRA PA,GRA PA,GRA PA,https://web.archive.org/web/20190416193018/http://www.people.ku.edu/~jyounger/LinearA/HTtexts.html,younger_table_logogram | source=YoungerArchive | ingested=2026-02-24T02:56:37Z
OBS_000340,external:youngerarchive,external_csv,HT 102,.2_stmt,137,PA3 NI,,PA3 NI,PA3 NI,PA3 NI,https://web.archive.org/web/20190416193018/http://www.people.ku.edu/~jyounger/LinearA/HTtexts.html,younger_table_statement | source=YoungerArchive | ingested=2026-02-24T02:56:37Z
OBS_000341,external:youngerarchive,external_csv,HT 102,.3-4_stmt,138,MA ZU,,MA ZU,MA ZU,MA ZU,https://web.archive.org/web/20190416193018/http://www.people.ku.edu/~jyounger/LinearA/HTtexts.html,younger_table_statement | source=YoungerArchive | ingested=2026-02-24T02:56:37Z
OBS_000342,external:youngerarchive,external_csv,HT 102,.3_log,139,]VIR GRA PA,,]VIR GRA PA,]VIR GRA PA,]VIR GRA PA,https://web.archive.org/web/20190416193018/http://www.people.ku.edu/~jyounger/LinearA/HTtexts.html,younger_table_logogram | source=YoungerArchive | ingested=2026-02-24T02:56:37Z
OBS_000343,external:youngerarchive,external_csv,HT 102,.3_stmt,140,DI RI NA,,DI RI NA,DI RI NA,DI RI NA,https://web.archive.org/web/20190416193018/http://www.people.ku.edu/~jyounger/LinearA/HTtexts.html,younger_table_statement | source=YoungerArchive | ingested=2026-02-24T02:56:37Z
OBS_000344,external:youngerarchive,external_csv,HT 102,.4_stmt,141,I KA,,I KA,I KA,I KA,https://web.archive.org/web/20190416193018/http://www.people.ku.edu/~jyounger/LinearA/HTtexts.html,younger_table_statement | source=YoungerArchive | ingested=2026-02-24T02:56:37Z
OBS_000345,external:youngerarchive,external_csv,HT 102,.5_stmt,142,KU RO,,KU RO,KU RO,KU RO,https://web.archive.org/web/20190416193018/http://www.people.ku.edu/~jyounger/LinearA/HTtexts.html,younger_table_statement | source=YoungerArchive | ingested=2026-02-24T02:56:37Z
OBS_000346,external:sigla,external_csv,HT 102,word_1,143,AB77 AB03,,AB77 AB03,AB77 AB03,AB77 AB03,http://sigla.phis.me/document/HT%20102/index-word.html,sigla_word_seq_pattern | source=SigLA | ingested=2026-02-24T02:56:37Z
OBS_000347,external:sigla,external_csv,HT 102,word_2,144,AB31 AB76,,AB31 AB76,AB31 AB76,AB31 AB76,http://sigla.phis.me/document/HT%20102/index-word.html,sigla_word_seq_pattern | source=SigLA | ingested=2026-02-24T02:56:37Z
OBS_000348,external:sigla,external_csv,HT 102,word_3,145,AB56 AB30,,AB56 AB30,AB56 AB30,AB56 AB30,http://sigla.phis.me/document/HT%20102/index-word.html,sigla_word_seq_pattern | source=SigLA | ingested=2026-02-24T02:56:37Z
OBS_000349,external:sigla,external_csv,HT 102,word_4,146,AB07 AB53 AB06,,AB07 AB53 AB06,AB07 AB53 AB06,AB07 AB53 AB06,http://sigla.phis.me/document/HT%20102/index-word.html,sigla_word_seq_pattern | source=SigLA | ingested=2026-02-24T02:56:37Z
OBS_000350,external:sigla,external_csv,HT 102,word_5,147,AB80 AB79,,AB80 AB79,AB80 AB79,AB80 AB79,http://sigla.phis.me/document/HT%20102/index-word.html,sigla_word_seq_pattern | source=SigLA | ingested=2026-02-24T02:56:37Z
OBS_000351,external:sigla,external_csv,HT 102,word_6,148,AB28 AB77,,AB28 AB77,AB28 AB77,AB28 AB77,http://sigla.phis.me/document/HT%20102/index-word.html,sigla_word_seq_pattern | source=SigLA | ingested=2026-02-24T02:56:37Z
OBS_000352,external:sigla,external_csv,HT 102,word_7,149,AB81 AB02,,AB81 AB02,AB81 AB02,AB81 AB02,http://sigla.phis.me/document/HT%20102/index-word.html,sigla_word_seq_pattern | source=SigLA | ingested=2026-02-24T02:56:37Z
OBS_000353,external:youngerarchive,external_csv,HT 103,.1_log,150,FIC,,FIC,FIC,FIC,https://web.archive.org/web/20190416193018/http://www.people.ku.edu/~jyounger/LinearA/HTtexts.html,younger_table_logogram | source=YoungerArchive | ingested=2026-02-24T02:56:37Z
OBS_000354,external:youngerarchive,external_csv,HT 103,.1_stmt,151,U TA2,,U TA2,U TA2,U TA2,https://web.archive.org/web/20190416193018/http://www.people.ku.edu/~jyounger/LinearA/HTtexts.html,younger_table_statement | source=YoungerArchive | ingested=2026-02-24T02:56:37Z
OBS_000355,external:youngerarchive,external_csv,HT 103,.2_log,152,PA3,,PA3,PA3,PA3,https://web.archive.org/web/20190416193018/http://www.people.ku.edu/~jyounger/LinearA/HTtexts.html,younger_table_logogram | source=YoungerArchive | ingested=2026-02-24T02:56:37Z
OBS_000356,external:youngerarchive,external_csv,HT 103,.2_stmt,153,DA KU SE NE[,,DA KU SE NE[,DA KU SE NE[,DA KU SE NE[,https://web.archive.org/web/20190416193018/http://www.people.ku.edu/~jyounger/LinearA/HTtexts.html,younger_table_statement | source=YoungerArchive | ingested=2026-02-24T02:56:37Z
OBS_000357,external:youngerarchive,external_csv,HT 103,.4-5_stmt,154,DA KU SE NE,,DA KU SE NE,DA KU SE NE,DA KU SE NE,https://web.archive.org/web/20190416193018/http://www.people.ku.edu/~jyounger/LinearA/HTtexts.html,younger_table_statement | source=YoungerArchive | ingested=2026-02-24T02:56:37Z
OBS_000358,external:youngerarchive,external_csv,HT 103,.4_stmt,155,DA KU NA,,DA KU NA,DA KU NA,DA KU NA,https://web.archive.org/web/20190416193018/http://www.people.ku.edu/~jyounger/LinearA/HTtexts.html,younger_table_statement | source=YoungerArchive | ingested=2026-02-24T02:56:37Z
OBS_000359,external:youngerarchive,external_csv,HT 103,.5_stmt,156,KI RA,,KI RA,KI RA,KI RA,https://web.archive.org/web/20190416193018/http://www.people.ku.edu/~jyounger/LinearA/HTtexts.html,younger_table_statement | source=YoungerArchive | ingested=2026-02-24T02:56:37Z
OBS_000360,external:sigla,external_csv,HT 103,word_1,157,AB10 AB66,,AB10 AB66,AB10 AB66,AB10 AB66,http://sigla.phis.me/document/HT%20103/index-word.html,sigla_word_seq_pattern | source=SigLA | ingested=2026-02-24T02:56:37Z
OBS_000361,external:sigla,external_csv,HT 103,word_2,158,AB56 AB01 AB81 AB09 AB24,,AB56 AB01 AB81 AB09 AB24,AB56 AB01 AB81 AB09 AB24,AB56 AB01 AB81 AB09 AB24,http://sigla.phis.me/document/HT%20103/index-word.html,sigla_word_seq_pattern | source=SigLA | ingested=2026-02-24T02:56:37Z
OBS_000362,external:sigla,external_csv,HT 103,word_3,159,AB01 AB81 AB06,,AB01 AB81 AB06,AB01 AB81 AB06,AB01 AB81 AB06,http://sigla.phis.me/document/HT%20103/index-word.html,sigla_word_seq_pattern | source=SigLA | ingested=2026-02-24T02:56:37Z
OBS_000363,external:sigla,external_csv,HT 103,word_4,160,AB01 AB81 AB09 AB24,,AB01 AB81 AB09 AB24,AB01 AB81 AB09 AB24,AB01 AB81 AB09 AB24,http://sigla.phis.me/document/HT%20103/index-word.html,sigla_word_seq_pattern | source=SigLA | ingested=2026-02-24T02:56:37Z
OBS_000364,external:sigla,external_csv,HT 103,word_5,161,AB67 AB60,,AB67 AB60,AB67 AB60,AB67 AB60,http://sigla.phis.me/document/HT%20103/index-word.html,sigla_word_seq_pattern | source=SigLA | ingested=2026-02-24T02:56:37Z
OBS_000365,external:youngerarchive,external_csv,HT 104,.1-2_stmt,162,DA KU SE NE TI,,DA KU SE NE TI,DA KU SE NE TI,DA KU SE NE TI,https://web.archive.org/web/20190416193018/http://www.people.ku.edu/~jyounger/LinearA/HTtexts.html,younger_table_statement | source=YoungerArchive | ingested=2026-02-24T02:56:37Z
OBS_000366,external:youngerarchive,external_csv,HT 104,.1_log,163,TE RO,,TE RO,TE RO,TE RO,https://web.archive.org/web/20190416193018/http://www.people.ku.edu/~jyounger/LinearA/HTtexts.html,younger_table_logogram | source=YoungerArchive | ingested=2026-02-24T02:56:37Z
OBS_000367,external:youngerarchive,external_csv,HT 104,.1_stmt,164,TA PA,,TA PA,TA PA,TA PA,https://web.archive.org/web/20190416193018/http://www.people.ku.edu/~jyounger/LinearA/HTtexts.html,younger_table_statement | source=YoungerArchive | ingested=2026-02-24T02:56:37Z
OBS_000368,external:youngerarchive,external_csv,HT 104,.2-3_stmt,165,I DU TI,,I DU TI,I DU TI,I DU TI,https://web.archive.org/web/20190416193018/http://www.people.ku.edu/~jyounger/LinearA/HTtexts.html,younger_table_statement | source=YoungerArchive | ingested=2026-02-24T02:56:37Z
OBS_000369,external:youngerarchive,external_csv,HT 104,.3-4_stmt,166,PA DA SU TI,,PA DA SU TI,PA DA SU TI,PA DA SU TI,https://web.archive.org/web/20190416193018/http://www.people.ku.edu/~jyounger/LinearA/HTtexts.html,younger_table_statement | source=YoungerArchive | ingested=2026-02-24T02:56:37Z
OBS_000370,external:youngerarchive,external_csv,HT 104,.5_stmt,167,KU RO,,KU RO,KU RO,KU RO,https://web.archive.org/web/20190416193018/http://www.people.ku.edu/~jyounger/LinearA/HTtexts.html,younger_table_statement | source=YoungerArchive | ingested=2026-02-24T02:56:37Z
OBS_000371,external:sigla,external_csv,HT 104,word_1,168,AB59 AB03,,AB59 AB03,AB59 AB03,AB59 AB03,http://sigla.phis.me/document/HT%20104/index-word.html,sigla_word_seq_pattern | source=SigLA | ingested=2026-02-24T02:56:37Z
OBS_000372,external:sigla,external_csv,HT 104,word_2,169,AB01 AB81 AB09 AB24 AB37,,AB01 AB81 AB09 AB24 AB37,AB01 AB81 AB09 AB24 AB37,AB01 AB81 AB09 AB24 AB37,http://sigla.phis.me/document/HT%20104/index-word.html,sigla_word_seq_pattern | source=SigLA | ingested=2026-02-24T02:56:37Z
OBS_000373,external:sigla,external_csv,HT 104,word_3,170,AB28 AB51 AB37,,AB28 AB51 AB37,AB28 AB51 AB37,AB28 AB51 AB37,http://sigla.phis.me/document/HT%20104/index-word.html,sigla_word_seq_pattern | source=SigLA | ingested=2026-02-24T02:56:37Z
OBS_000374,external:sigla,external_csv,HT 104,word_4,171,AB03 AB01 AB58 AB37,,AB03 AB01 AB58 AB37,AB03 AB01 AB58 AB37,AB03 AB01 AB58 AB37,http://sigla.phis.me/document/HT%20104/index-word.html,sigla_word_seq_pattern | source=SigLA | ingested=2026-02-24T02:56:37Z
OBS_000375,external:sigla,external_csv,HT 104,word_5,172,AB81 AB02,,AB81 AB02,AB81 AB02,AB81 AB02,http://sigla.phis.me/document/HT%20104/index-word.html,sigla_word_seq_pattern | source=SigLA | ingested=2026-02-24T02:56:37Z
OBS_000376,external:youngerarchive,external_csv,HT 105,.1_stmt,173,KA PA[,,KA PA[,KA PA[,KA PA[,https://web.archive.org/web/20190416193018/http://www.people.ku.edu/~jyounger/LinearA/HTtexts.html,younger_table_statement | source=YoungerArchive | ingested=2026-02-24T02:56:37Z
OBS_000377,external:youngerarchive,external_csv,HT 105,.2_log,174,]VIR,,]VIR,]VIR,]VIR,https://web.archive.org/web/20190416193018/http://www.people.ku.edu/~jyounger/LinearA/HTtexts.html,younger_table_logogram | source=YoungerArchive | ingested=2026-02-24T02:56:37Z
OBS_000378,external:youngerarchive,external_csv,HT 105,.3_log,175,VIR,,VIR,VIR,VIR,https://web.archive.org/web/20190416193018/http://www.people.ku.edu/~jyounger/LinearA/HTtexts.html,younger_table_logogram | source=YoungerArchive | ingested=2026-02-24T02:56:37Z
OBS_000379,external:youngerarchive,external_csv,HT 105,.3_stmt,176,SA RA2,,SA RA2,SA RA2,SA RA2,https://web.archive.org/web/20190416193018/http://www.people.ku.edu/~jyounger/LinearA/HTtexts.html,younger_table_statement | source=YoungerArchive | ingested=2026-02-24T02:56:37Z
OBS_000380,external:youngerarchive,external_csv,HT 106,.1_stmt,177,MI NU TE,,MI NU TE,MI NU TE,MI NU TE,https://web.archive.org/web/20190416193018/http://www.people.ku.edu/~jyounger/LinearA/HTtexts.html,younger_table_statement | source=YoungerArchive | ingested=2026-02-24T02:56:37Z
OBS_000381,external:youngerarchive,external_csv,HT 108,.1_log,178,GRA H,,GRA H,GRA H,GRA H,https://web.archive.org/web/20190416193018/http://www.people.ku.edu/~jyounger/LinearA/HTtexts.html,younger_table_logogram | source=YoungerArchive | ingested=2026-02-24T02:56:37Z
OBS_000382,external:youngerarchive,external_csv,HT 108,.1_log,179,VIR,,VIR,VIR,VIR,https://web.archive.org/web/20190416193018/http://www.people.ku.edu/~jyounger/LinearA/HTtexts.html,younger_table_logogram | source=YoungerArchive | ingested=2026-02-24T02:56:37Z
OBS_000383,external:youngerarchive,external_csv,HT 108,.1_stmt,180,KI RE TA NA,,KI RE TA NA,KI RE TA NA,KI RE TA NA,https://web.archive.org/web/20190416193018/http://www.people.ku.edu/~jyounger/LinearA/HTtexts.html,younger_table_statement | source=YoungerArchive | ingested=2026-02-24T02:56:37Z
OBS_000384,external:youngerarchive,external_csv,HT 108,.2_stmt,181,DI NA RO,,DI NA RO,DI NA RO,DI NA RO,https://web.archive.org/web/20190416193018/http://www.people.ku.edu/~jyounger/LinearA/HTtexts.html,younger_table_statement | source=YoungerArchive | ingested=2026-02-24T02:56:37Z
OBS_000385,external:youngerarchive,external_csv,HT 108,.2_stmt,182,DU SU NI,,DU SU NI,DU SU NI,DU SU NI,https://web.archive.org/web/20190416193018/http://www.people.ku.edu/~jyounger/LinearA/HTtexts.html,younger_table_statement | source=YoungerArchive | ingested=2026-02-24T02:56:37Z
OBS_000386,external:sigla,external_csv,HT 108,word_1,183,AB67 AB27 AB59 AB06,,AB67 AB27 AB59 AB06,AB67 AB27 AB59 AB06,AB67 AB27 AB59 AB06,http://sigla.phis.me/document/HT%20108/index-word.html,sigla_word_seq_pattern | source=SigLA | ingested=2026-02-24T02:56:37Z
OBS_000387,external:sigla,external_csv,HT 108,word_2,184,AB07 AB06 AB02,,AB07 AB06 AB02,AB07 AB06 AB02,AB07 AB06 AB02,http://sigla.phis.me/document/HT%20108/index-word.html,sigla_word_seq_pattern | source=SigLA | ingested=2026-02-24T02:56:37Z
OBS_000388,external:sigla,external_csv,HT 108,word_3,185,AB51 AB58 AB30,,AB51 AB58 AB30,AB51 AB58 AB30,AB51 AB58 AB30,http://sigla.phis.me/document/HT%20108/index-word.html,sigla_word_seq_pattern | source=SigLA | ingested=2026-02-24T02:56:37Z
OBS_000389,external:sigla,external_csv,HT 108,word_4,186,[?] AB76 AB37 AB65,,[?] AB76 AB37 AB65,[?] AB76 AB37 AB65,[?] AB76 AB37 AB65,http://sigla.phis.me/document/HT%20108/index-word.html,sigla_word_seq_pattern | source=SigLA | ingested=2026-02-24T02:56:37Z
OBS_000390,external:youngerarchive,external_csv,HT 109,.3_stmt,187,KU RO,,KU RO,KU RO,KU RO,https://web.archive.org/web/20190416193018/http://www.people.ku.edu/~jyounger/LinearA/HTtexts.html,younger_table_statement | source=YoungerArchive | ingested=2026-02-24T02:56:37Z
OBS_000391,external:youngerarchive,external_csv,HT 109,.4_stmt,188,A RA JU,,A RA JU,A RA JU,A RA JU,https://web.archive.org/web/20190416193018/http://www.people.ku.edu/~jyounger/LinearA/HTtexts.html,younger_table_statement | source=YoungerArchive | ingested=2026-02-24T02:56:37Z
OBS_000392,external:sigla,external_csv,HT 109,word_1,189,AB27,,AB27,AB27,AB27,http://sigla.phis.me/document/HT%20109/index-word.html,sigla_word_seq_pattern | source=SigLA | ingested=2026-02-24T02:56:37Z
OBS_000393,external:sigla,external_csv,HT 109,word_3,190,AB59,,AB59,AB59,AB59,http://sigla.phis.me/document/HT%20109/index-word.html,sigla_word_seq_pattern | source=SigLA | ingested=2026-02-24T02:56:37Z
OBS_000394,external:sigla,external_csv,HT 109,word_4,191,AB81 AB02,,AB81 AB02,AB81 AB02,AB81 AB02,http://sigla.phis.me/document/HT%20109/index-word.html,sigla_word_seq_pattern | source=SigLA | ingested=2026-02-24T02:56:37Z
OBS_000395,external:sigla,external_csv,HT 109,word_5,192,AB08 AB60 AB65,,AB08 AB60 AB65,AB08 AB60 AB65,AB08 AB60 AB65,http://sigla.phis.me/document/HT%20109/index-word.html,sigla_word_seq_pattern | source=SigLA | ingested=2026-02-24T02:56:37Z
OBS_000396,external:sigla,external_csv,HT 10A,word_1,193,AB81 AB30 AB58,,AB81 AB30 AB58,AB81 AB30 AB58,AB81 AB30 AB58,http://sigla.phis.me/document/HT%2010a/index-word.html,sigla_word_seq_pattern | source=SigLA | ingested=2026-02-24T02:56:37Z
OBS_000397,external:sigla,external_csv,HT 10A,word_2,194,AB31 AB80,,AB31 AB80,AB31 AB80,AB31 AB80,http://sigla.phis.me/document/HT%2010a/index-word.html,sigla_word_seq_pattern | source=SigLA | ingested=2026-02-24T02:56:37Z
OBS_000398,external:sigla,external_csv,HT 10A,word_3,195,AB01 AB27,,AB01 AB27,AB01 AB27,AB01 AB27,http://sigla.phis.me/document/HT%2010a/index-word.html,sigla_word_seq_pattern | source=SigLA | ingested=2026-02-24T02:56:37Z
OBS_000399,external:sigla,external_csv,HT 10A,word_4,196,AB10 A325 AB17,,AB10 A325 AB17,AB10 A325 AB17,AB10 A325 AB17,http://sigla.phis.me/document/HT%2010a/index-word.html,sigla_word_seq_pattern | source=SigLA | ingested=2026-02-24T02:56:37Z
OBS_000400,external:sigla,external_csv,HT 10A,word_5,197,AB10 A325 AB17,,AB10 A325 AB17,AB10 A325 AB17,AB10 A325 AB17,http://sigla.phis.me/document/HT%2010a/index-word.html,sigla_word_seq_pattern | source=SigLA | ingested=2026-02-24T02:56:37Z
OBS_000401,external:sigla,external_csv,HT 10A,word_6,198,A305 AB26,,A305 AB26,A305 AB26,A305 AB26,http://sigla.phis.me/document/HT%2010a/index-word.html,sigla_word_seq_pattern | source=SigLA | ingested=2026-02-24T02:56:37Z
OBS_000402,external:sigla,external_csv,HT 10A,word_7,199,AB01 AB53 AB01,,AB01 AB53 AB01,AB01 AB53 AB01,AB01 AB53 AB01,http://sigla.phis.me/document/HT%2010a/index-word.html,sigla_word_seq_pattern | source=SigLA | ingested=2026-02-24T02:56:37Z
OBS_000403,external:sigla,external_csv,HT 10A,word_8,200,AB13 AB17,,AB13 AB17,AB13 AB17,AB13 AB17,http://sigla.phis.me/document/HT%2010a/index-word.html,sigla_word_seq_pattern | source=SigLA | ingested=2026-02-24T02:56:37Z
OBS_000404,external:sigla,external_csv,HT 10B,word_1,201,AB10 AB37,,AB10 AB37,AB10 AB37,AB10 AB37,http://sigla.phis.me/document/HT%2010b/index-word.html,sigla_word_seq_pattern | source=SigLA | ingested=2026-02-24T02:56:37Z
OBS_000405,external:sigla,external_csv,HT 10B,word_2,202,AB01 AB27,,AB01 AB27,AB01 AB27,AB01 AB27,http://sigla.phis.me/document/HT%2010b/index-word.html,sigla_word_seq_pattern | source=SigLA | ingested=2026-02-24T02:56:37Z
OBS_000406,external:sigla,external_csv,HT 10B,word_3,203,AB59 AB53 AB06,,AB59 AB53 AB06,AB59 AB53 AB06,AB59 AB53 AB06,http://sigla.phis.me/document/HT%2010b/index-word.html,sigla_word_seq_pattern | source=SigLA | ingested=2026-02-24T02:56:37Z
OBS_000407,external:sigla,external_csv,HT 10B,word_4,204,A312 AB59,,A312 AB59,A312 AB59,A312 AB59,http://sigla.phis.me/document/HT%2010b/index-word.html,sigla_word_seq_pattern | source=SigLA | ingested=2026-02-24T02:56:37Z
OBS_000408,external:sigla,external_csv,HT 10B,word_5,205,AB77 AB31 AB26,,AB77 AB31 AB26,AB77 AB31 AB26,AB77 AB31 AB26,http://sigla.phis.me/document/HT%2010b/index-word.html,sigla_word_seq_pattern | source=SigLA | ingested=2026-02-24T02:56:37Z
OBS_000409,external:sigla,external_csv,HT 10B,word_6,206,AB59 AB06 AB37,,AB59 AB06 AB37,AB59 AB06 AB37,AB59 AB06 AB37,http://sigla.phis.me/document/HT%2010b/index-word.html,sigla_word_seq_pattern | source=SigLA | ingested=2026-02-24T02:56:37Z
OBS_000410,external:youngerarchive,external_csv,HT 11,a.1-2_stmt,207,A RU RA,,A RU RA,A RU RA,A RU RA,https://web.archive.org/web/20190416193018/http://www.people.ku.edu/~jyounger/LinearA/HTtexts.html,younger_table_statement | source=YoungerArchive | ingested=2026-02-24T02:56:37Z
OBS_000411,external:youngerarchive,external_csv,HT 11,a.2_stmt,208,KA RO NA,,KA RO NA,KA RO NA,KA RO NA,https://web.archive.org/web/20190416193018/http://www.people.ku.edu/~jyounger/LinearA/HTtexts.html,younger_table_statement | source=YoungerArchive | ingested=2026-02-24T02:56:37Z
OBS_000412,external:youngerarchive,external_csv,HT 11,a.3-4_stmt,209,A SU JA,,A SU JA,A SU JA,A SU JA,https://web.archive.org/web/20190416193018/http://www.people.ku.edu/~jyounger/LinearA/HTtexts.html,younger_table_statement | source=YoungerArchive | ingested=2026-02-24T02:56:37Z
OBS_000413,external:youngerarchive,external_csv,HT 11,a.3_stmt,210,KU RO,,KU RO,KU RO,KU RO,https://web.archive.org/web/20190416193018/http://www.people.ku.edu/~jyounger/LinearA/HTtexts.html,younger_table_statement | source=YoungerArchive | ingested=2026-02-24T02:56:37Z
OBS_000414,external:youngerarchive,external_csv,HT 11,a.4_stmt,211,VIR I,,VIR I,VIR I,VIR I,https://web.archive.org/web/20190416193018/http://www.people.ku.edu/~jyounger/LinearA/HTtexts.html,younger_table_statement | source=YoungerArchive | ingested=2026-02-24T02:56:37Z
OBS_000415,external:youngerarchive,external_csv,HT 11,a.5_stmt,212,TA2,,TA2,TA2,TA2,https://web.archive.org/web/20190416193018/http://www.people.ku.edu/~jyounger/LinearA/HTtexts.html,younger_table_statement | source=YoungerArchive | ingested=2026-02-24T02:56:37Z
OBS_000416,external:youngerarchive,external_csv,HT 11,b.1_stmt,213,DE NU,,DE NU,DE NU,DE NU,https://web.archive.org/web/20190416193018/http://www.people.ku.edu/~jyounger/LinearA/HTtexts.html,younger_table_statement | source=YoungerArchive | ingested=2026-02-24T02:56:37Z
OBS_000417,external:youngerarchive,external_csv,HT 11,b.1_stmt,214,RU RA2,,RU RA2,RU RA2,RU RA2,https://web.archive.org/web/20190416193018/http://www.people.ku.edu/~jyounger/LinearA/HTtexts.html,younger_table_statement | source=YoungerArchive | ingested=2026-02-24T02:56:37Z
OBS_000418,external:youngerarchive,external_csv,HT 11,b.3-4_stmt,215,RU ZU NA,,RU ZU NA,RU ZU NA,RU ZU NA,https://web.archive.org/web/20190416193018/http://www.people.ku.edu/~jyounger/LinearA/HTtexts.html,younger_table_statement | source=YoungerArchive | ingested=2026-02-24T02:56:37Z
OBS_000419,external:youngerarchive,external_csv,HT 11,b.4-5_stmt,216,SA QE RI,,SA QE RI,SA QE RI,SA QE RI,https://web.archive.org/web/20190416193018/http://www.people.ku.edu/~jyounger/LinearA/HTtexts.html,younger_table_statement | source=YoungerArchive | ingested=2026-02-24T02:56:37Z
OBS_000420,external:youngerarchive,external_csv,HT 11,b.5-6_stmt,217,KU RO,,KU RO,KU RO,KU RO,https://web.archive.org/web/20190416193018/http://www.people.ku.edu/~jyounger/LinearA/HTtexts.html,younger_table_statement | source=YoungerArchive | ingested=2026-02-24T02:56:37Z
OBS_000421,external:youngerarchive,external_csv,HT 110,a.1_stmt,218,SI DU KU MI,,SI DU KU MI,SI DU KU MI,SI DU KU MI,https://web.archive.org/web/20190416193018/http://www.people.ku.edu/~jyounger/LinearA/HTtexts.html,younger_table_statement | source=YoungerArchive | ingested=2026-02-24T02:56:37Z
OBS_000422,external:youngerarchive,external_csv,HT 110,a.2_stmt,219,KU PA,,KU PA,KU PA,KU PA,https://web.archive.org/web/20190416193018/http://www.people.ku.edu/~jyounger/LinearA/HTtexts.html,younger_table_statement | source=YoungerArchive | ingested=2026-02-24T02:56:37Z
OBS_000423,external:youngerarchive,external_csv,HT 110,a.3_stmt,220,KU RO,,KU RO,KU RO,KU RO,https://web.archive.org/web/20190416193018/http://www.people.ku.edu/~jyounger/LinearA/HTtexts.html,younger_table_statement | source=YoungerArchive | ingested=2026-02-24T02:56:37Z
OBS_000424,external:youngerarchive,external_csv,HT 110,a.4_log,221,]FIC,,]FIC,]FIC,]FIC,https://web.archive.org/web/20190416193018/http://www.people.ku.edu/~jyounger/LinearA/HTtexts.html,younger_table_logogram | source=YoungerArchive | ingested=2026-02-24T02:56:37Z
OBS_000425,external:youngerarchive,external_csv,HT 110,b.1-2_log,222,*400VAS RI,,*400VAS RI,*400VAS RI,*400VAS RI,https://web.archive.org/web/20190416193018/http://www.people.ku.edu/~jyounger/LinearA/HTtexts.html,younger_table_logogram | source=YoungerArchive | ingested=2026-02-24T02:56:37Z
OBS_000426,external:youngerarchive,external_csv,HT 110,b.4_log,223,FIC,,FIC,FIC,FIC,https://web.archive.org/web/20190416193018/http://www.people.ku.edu/~jyounger/LinearA/HTtexts.html,younger_table_logogram | source=YoungerArchive | ingested=2026-02-24T02:56:37Z
OBS_000427,external:sigla,external_csv,HT 110A,word_1,224,AB41 AB51 AB34 AB81 AB73,,AB41 AB51 AB34 AB81 AB73,AB41 AB51 AB34 AB81 AB73,AB41 AB51 AB34 AB81 AB73,http://sigla.phis.me/document/HT%20110a/index-word.html,sigla_word_seq_pattern | source=SigLA | ingested=2026-02-24T02:56:37Z
OBS_000428,external:sigla,external_csv,HT 110A,word_2,225,AB81 AB03,,AB81 AB03,AB81 AB03,AB81 AB03,http://sigla.phis.me/document/HT%20110a/index-word.html,sigla_word_seq_pattern | source=SigLA | ingested=2026-02-24T02:56:37Z
OBS_000429,external:sigla,external_csv,HT 110A,word_3,226,AB81 AB02,,AB81 AB02,AB81 AB02,AB81 AB02,http://sigla.phis.me/document/HT%20110a/index-word.html,sigla_word_seq_pattern | source=SigLA | ingested=2026-02-24T02:56:37Z
OBS_000430,external:sigla,external_csv,HT 110B,word_2,227,AB02,,AB02,AB02,AB02,http://sigla.phis.me/document/HT%20110b/index-word.html,sigla_word_seq_pattern | source=SigLA | ingested=2026-02-24T02:56:37Z
OBS_000431,external:youngerarchive,external_csv,HT 111,a.2_stmt,228,QA SA,,QA SA,QA SA,QA SA,https://web.archive.org/web/20190416193018/http://www.people.ku.edu/~jyounger/LinearA/HTtexts.html,younger_table_statement | source=YoungerArchive | ingested=2026-02-24T02:56:37Z
OBS_000432,external:youngerarchive,external_csv,HT 111,a.2_stmt,229,]QE KA,,]QE KA,]QE KA,]QE KA,https://web.archive.org/web/20190416193018/http://www.people.ku.edu/~jyounger/LinearA/HTtexts.html,younger_table_statement | source=YoungerArchive | ingested=2026-02-24T02:56:37Z
OBS_000433,external:youngerarchive,external_csv,HT 111,a.3_stmt,230,QA QA RU,,QA QA RU,QA QA RU,QA QA RU,https://web.archive.org/web/20190416193018/http://www.people.ku.edu/~jyounger/LinearA/HTtexts.html,younger_table_statement | source=YoungerArchive | ingested=2026-02-24T02:56:37Z
OBS_000434,external:youngerarchive,external_csv,HT 111,b.1_stmt,231,SA DI,,SA DI,SA DI,SA DI,https://web.archive.org/web/20190416193018/http://www.people.ku.edu/~jyounger/LinearA/HTtexts.html,younger_table_statement | source=YoungerArchive | ingested=2026-02-24T02:56:37Z
OBS_000435,external:youngerarchive,external_csv,HT 111,b.3_log,232,]FIC,,]FIC,]FIC,]FIC,https://web.archive.org/web/20190416193018/http://www.people.ku.edu/~jyounger/LinearA/HTtexts.html,younger_table_logogram | source=YoungerArchive | ingested=2026-02-24T02:56:37Z
OBS_000436,external:youngerarchive,external_csv,HT 112,a.1_log,233,OVISF[,,OVISF[,OVISF[,OVISF[,https://web.archive.org/web/20190416193018/http://www.people.ku.edu/~jyounger/LinearA/HTtexts.html,younger_table_logogram | source=YoungerArchive | ingested=2026-02-24T02:56:37Z
OBS_000437,external:youngerarchive,external_csv,HT 112,a.2_stmt,234,]TU PA,,]TU PA,]TU PA,]TU PA,https://web.archive.org/web/20190416193018/http://www.people.ku.edu/~jyounger/LinearA/HTtexts.html,younger_table_statement | source=YoungerArchive | ingested=2026-02-24T02:56:37Z
OBS_000438,external:sigla,external_csv,HT 112A,word_2,235,AB69 AB03,,AB69 AB03,AB69 AB03,AB69 AB03,http://sigla.phis.me/document/HT%20112a/index-word.html,sigla_word_seq_pattern | source=SigLA | ingested=2026-02-24T02:56:37Z
OBS_000439,external:youngerarchive,external_csv,HT 113,.1_stmt,236,RA RI DE[,,RA RI DE[,RA RI DE[,RA RI DE[,https://web.archive.org/web/20190416193018/http://www.people.ku.edu/~jyounger/LinearA/HTtexts.html,younger_table_statement | source=YoungerArchive | ingested=2026-02-24T02:56:37Z
OBS_000440,external:youngerarchive,external_csv,HT 113,.2-3_stmt,237,]WI SA,,]WI SA,]WI SA,]WI SA,https://web.archive.org/web/20190416193018/http://www.people.ku.edu/~jyounger/LinearA/HTtexts.html,younger_table_statement | source=YoungerArchive | ingested=2026-02-24T02:56:37Z
OBS_000441,external:sigla,external_csv,HT 113,word_1,238,AB60 AB53 AB45,,AB60 AB53 AB45,AB60 AB53 AB45,AB60 AB53 AB45,http://sigla.phis.me/document/HT%20113/index-word.html,sigla_word_seq_pattern | source=SigLA | ingested=2026-02-24T02:56:37Z
OBS_000442,external:sigla,external_csv,HT 113,word_2,239,AB40 AB31,,AB40 AB31,AB40 AB31,AB40 AB31,http://sigla.phis.me/document/HT%20113/index-word.html,sigla_word_seq_pattern | source=SigLA | ingested=2026-02-24T02:56:37Z
OBS_000443,external:sigla,external_csv,HT 113 TER,word_1,240,AB73 [?],,AB73 [?],AB73 [?],AB73 [?],http://sigla.phis.me/document/HT%20113%20ter/index-word.html,sigla_word_seq_pattern | source=SigLA | ingested=2026-02-24T02:56:37Z
OBS_000444,external:youngerarchive,external_csv,HT 114,a.1-2_log,241,GRA,,GRA,GRA,GRA,https://web.archive.org/web/20190416193018/http://www.people.ku.edu/~jyounger/LinearA/HTtexts.html,younger_table_logogram | source=YoungerArchive | ingested=2026-02-24T02:56:37Z
OBS_000445,external:youngerarchive,external_csv,HT 114,a.1-2_stmt,242,SA RA2,,SA RA2,SA RA2,SA RA2,https://web.archive.org/web/20190416193018/http://www.people.ku.edu/~jyounger/LinearA/HTtexts.html,younger_table_statement | source=YoungerArchive | ingested=2026-02-24T02:56:37Z
OBS_000446,external:youngerarchive,external_csv,HT 114,a.1_stmt,243,KI RI TA2,,KI RI TA2,KI RI TA2,KI RI TA2,https://web.archive.org/web/20190416193018/http://www.people.ku.edu/~jyounger/LinearA/HTtexts.html,younger_table_statement | source=YoungerArchive | ingested=2026-02-24T02:56:37Z
OBS_000447,external:youngerarchive,external_csv,HT 114,a.2_log,244,OLE,,OLE,OLE,OLE,https://web.archive.org/web/20190416193018/http://www.people.ku.edu/~jyounger/LinearA/HTtexts.html,younger_table_logogram | source=YoungerArchive | ingested=2026-02-24T02:56:37Z
OBS_000448,external:youngerarchive,external_csv,HT 114,a.3-4_log,245,BOSM,,BOSM,BOSM,BOSM,https://web.archive.org/web/20190416193018/http://www.people.ku.edu/~jyounger/LinearA/HTtexts.html,younger_table_logogram | source=YoungerArchive | ingested=2026-02-24T02:56:37Z
OBS_000449,external:youngerarchive,external_csv,HT 114,a.3_log,246,FIC,,FIC,FIC,FIC,https://web.archive.org/web/20190416193018/http://www.people.ku.edu/~jyounger/LinearA/HTtexts.html,younger_table_logogram | source=YoungerArchive | ingested=2026-02-24T02:56:37Z
OBS_000450,external:youngerarchive,external_csv,HT 114,a.3_log,247,VINA,,VINA,VINA,VINA,https://web.archive.org/web/20190416193018/http://www.people.ku.edu/~jyounger/LinearA/HTtexts.html,younger_table_logogram | source=YoungerArchive | ingested=2026-02-24T02:56:37Z
OBS_000451,external:youngerarchive,external_csv,HT 114,b.1_log,248,SA VINA,,SA VINA,SA VINA,SA VINA,https://web.archive.org/web/20190416193018/http://www.people.ku.edu/~jyounger/LinearA/HTtexts.html,younger_table_logogram | source=YoungerArchive | ingested=2026-02-24T02:56:37Z
OBS_000452,external:sigla,external_csv,HT 114A,word_1,249,AB67 AB53 AB66,,AB67 AB53 AB66,AB67 AB53 AB66,AB67 AB53 AB66,http://sigla.phis.me/document/HT%20114a/index-word.html,sigla_word_seq_pattern | source=SigLA | ingested=2026-02-24T02:56:37Z
OBS_000453,external:sigla,external_csv,HT 114A,word_2,250,AB31 AB76,,AB31 AB76,AB31 AB76,AB31 AB76,http://sigla.phis.me/document/HT%20114a/index-word.html,sigla_word_seq_pattern | source=SigLA | ingested=2026-02-24T02:56:37Z
OBS_000454,external:youngerarchive,external_csv,HT 115,a.1-2_stmt,251,RI TA MA NU WI,,RI TA MA NU WI,RI TA MA NU WI,RI TA MA NU WI,https://web.archive.org/web/20190416193018/http://www.people.ku.edu/~jyounger/LinearA/HTtexts.html,younger_table_statement | source=YoungerArchive | ingested=2026-02-24T02:56:37Z
OBS_000455,external:youngerarchive,external_csv,HT 115,a.1_log,252,I GRA *22M,,I GRA *22M,I GRA *22M,I GRA *22M,https://web.archive.org/web/20190416193018/http://www.people.ku.edu/~jyounger/LinearA/HTtexts.html,younger_table_logogram | source=YoungerArchive | ingested=2026-02-24T02:56:37Z
OBS_000456,external:youngerarchive,external_csv,HT 115,a.1_stmt,253,NU RA JA,,NU RA JA,NU RA JA,NU RA JA,https://web.archive.org/web/20190416193018/http://www.people.ku.edu/~jyounger/LinearA/HTtexts.html,younger_table_statement | source=YoungerArchive | ingested=2026-02-24T02:56:37Z
OBS_000457,external:youngerarchive,external_csv,HT 115,a.2-3_stmt,254,NA QIF NE MI NA,,NA QIF NE MI NA,NA QIF NE MI NA,NA QIF NE MI NA,https://web.archive.org/web/20190416193018/http://www.people.ku.edu/~jyounger/LinearA/HTtexts.html,younger_table_statement | source=YoungerArchive | ingested=2026-02-24T02:56:37Z
OBS_000458,external:youngerarchive,external_csv,HT 115,a.3_stmt,255,SE KU TU,,SE KU TU,SE KU TU,SE KU TU,https://web.archive.org/web/20190416193018/http://www.people.ku.edu/~jyounger/LinearA/HTtexts.html,younger_table_statement | source=YoungerArchive | ingested=2026-02-24T02:56:37Z
OBS_000459,external:youngerarchive,external_csv,HT 115,a.4_stmt,256,A SE JA,,A SE JA,A SE JA,A SE JA,https://web.archive.org/web/20190416193018/http://www.people.ku.edu/~jyounger/LinearA/HTtexts.html,younger_table_statement | source=YoungerArchive | ingested=2026-02-24T02:56:37Z
OBS_000460,external:youngerarchive,external_csv,HT 115,a.4_stmt,257,PA RA NE,,PA RA NE,PA RA NE,PA RA NE,https://web.archive.org/web/20190416193018/http://www.people.ku.edu/~jyounger/LinearA/HTtexts.html,younger_table_statement | source=YoungerArchive | ingested=2026-02-24T02:56:37Z
OBS_000461,external:youngerarchive,external_csv,HT 115,a.5_stmt,258,KA PO RU,,KA PO RU,KA PO RU,KA PO RU,https://web.archive.org/web/20190416193018/http://www.people.ku.edu/~jyounger/LinearA/HTtexts.html,younger_table_statement | source=YoungerArchive | ingested=2026-02-24T02:56:37Z
OBS_000462,external:youngerarchive,external_csv,HT 115,b.1_stmt,259,]RU PA RA NE,,]RU PA RA NE,]RU PA RA NE,]RU PA RA NE,https://web.archive.org/web/20190416193018/http://www.people.ku.edu/~jyounger/LinearA/HTtexts.html,younger_table_statement | source=YoungerArchive | ingested=2026-02-24T02:56:37Z
OBS_000463,external:youngerarchive,external_csv,HT 115,b.2_log,260,GRA,,GRA,GRA,GRA,https://web.archive.org/web/20190416193018/http://www.people.ku.edu/~jyounger/LinearA/HTtexts.html,younger_table_logogram | source=YoungerArchive | ingested=2026-02-24T02:56:37Z
OBS_000464,external:youngerarchive,external_csv,HT 115,b.2_stmt,261,DU PA3 NA,,DU PA3 NA,DU PA3 NA,DU PA3 NA,https://web.archive.org/web/20190416193018/http://www.people.ku.edu/~jyounger/LinearA/HTtexts.html,younger_table_statement | source=YoungerArchive | ingested=2026-02-24T02:56:37Z
OBS_000465,external:youngerarchive,external_csv,HT 115,b.2_stmt,262,TI NU JA NU WI,,TI NU JA NU WI,TI NU JA NU WI,TI NU JA NU WI,https://web.archive.org/web/20190416193018/http://www.people.ku.edu/~jyounger/LinearA/HTtexts.html,younger_table_statement | source=YoungerArchive | ingested=2026-02-24T02:56:37Z
OBS_000466,external:youngerarchive,external_csv,HT 115,b.3_stmt,263,KU RU MA,,KU RU MA,KU RU MA,KU RU MA,https://web.archive.org/web/20190416193018/http://www.people.ku.edu/~jyounger/LinearA/HTtexts.html,younger_table_statement | source=YoungerArchive | ingested=2026-02-24T02:56:37Z
OBS_000467,external:youngerarchive,external_csv,HT 115,b.3_stmt,264,TU JA,,TU JA,TU JA,TU JA,https://web.archive.org/web/20190416193018/http://www.people.ku.edu/~jyounger/LinearA/HTtexts.html,younger_table_statement | source=YoungerArchive | ingested=2026-02-24T02:56:37Z
OBS_000468,external:youngerarchive,external_csv,HT 115,b.4_stmt,265,KU TA[,,KU TA[,KU TA[,KU TA[,https://web.archive.org/web/20190416193018/http://www.people.ku.edu/~jyounger/LinearA/HTtexts.html,younger_table_statement | source=YoungerArchive | ingested=2026-02-24T02:56:37Z
OBS_000469,external:sigla,external_csv,HT 115A,word_1,266,AB47 AB55 AB60 AB56,,AB47 AB55 AB60 AB56,AB47 AB55 AB60 AB56,AB47 AB55 AB60 AB56,http://sigla.phis.me/document/HT%20115a/index-word.html,sigla_word_seq_pattern | source=SigLA | ingested=2026-02-24T02:56:37Z
OBS_000470,external:sigla,external_csv,HT 115A,word_2,267,AB53 AB59 AB80 AB55 AB40,,AB53 AB59 AB80 AB55 AB40,AB53 AB59 AB80 AB55 AB40,AB53 AB59 AB80 AB55 AB40,http://sigla.phis.me/document/HT%20115a/index-word.html,sigla_word_seq_pattern | source=SigLA | ingested=2026-02-24T02:56:37Z
OBS_000471,external:sigla,external_csv,HT 115A,word_3,268,AB06 AB21F AB24 AB73 AB06,,AB06 AB21F AB24 AB73 AB06,AB06 AB21F AB24 AB73 AB06,AB06 AB21F AB24 AB73 AB06,http://sigla.phis.me/document/HT%20115a/index-word.html,sigla_word_seq_pattern | source=SigLA | ingested=2026-02-24T02:56:37Z
OBS_000472,external:sigla,external_csv,HT 115A,word_4,269,AB09 AB81 AB69,,AB09 AB81 AB69,AB09 AB81 AB69,AB09 AB81 AB69,http://sigla.phis.me/document/HT%20115a/index-word.html,sigla_word_seq_pattern | source=SigLA | ingested=2026-02-24T02:56:37Z
OBS_000473,external:sigla,external_csv,HT 115A,word_5,270,AB03 AB60 AB24,,AB03 AB60 AB24,AB03 AB60 AB24,AB03 AB60 AB24,http://sigla.phis.me/document/HT%20115a/index-word.html,sigla_word_seq_pattern | source=SigLA | ingested=2026-02-24T02:56:37Z
OBS_000474,external:sigla,external_csv,HT 115A,word_6,271,AB08 AB09 AB57 A718,,AB08 AB09 AB57 A718,AB08 AB09 AB57 A718,AB08 AB09 AB57 A718,http://sigla.phis.me/document/HT%20115a/index-word.html,sigla_word_seq_pattern | source=SigLA | ingested=2026-02-24T02:56:37Z
OBS_000475,external:sigla,external_csv,HT 115A,word_7,272,AB77 AB11 AB26,,AB77 AB11 AB26,AB77 AB11 AB26,AB77 AB11 AB26,http://sigla.phis.me/document/HT%20115a/index-word.html,sigla_word_seq_pattern | source=SigLA | ingested=2026-02-24T02:56:37Z
OBS_000476,external:sigla,external_csv,HT 115B,word_1,273,AB26,,AB26,AB26,AB26,http://sigla.phis.me/document/HT%20115b/index-word.html,sigla_word_seq_pattern | source=SigLA | ingested=2026-02-24T02:56:37Z
OBS_000477,external:sigla,external_csv,HT 115B,word_2,274,AB03 AB60 AB24,,AB03 AB60 AB24,AB03 AB60 AB24,AB03 AB60 AB24,http://sigla.phis.me/document/HT%20115b/index-word.html,sigla_word_seq_pattern | source=SigLA | ingested=2026-02-24T02:56:37Z
OBS_000478,external:sigla,external_csv,HT 115B,word_3,275,AB37 AB55 AB57,,AB37 AB55 AB57,AB37 AB55 AB57,AB37 AB55 AB57,http://sigla.phis.me/document/HT%20115b/index-word.html,sigla_word_seq_pattern | source=SigLA | ingested=2026-02-24T02:56:37Z
OBS_000479,external:sigla,external_csv,HT 115B,word_4,276,AB55 AB40,,AB55 AB40,AB55 AB40,AB55 AB40,http://sigla.phis.me/document/HT%20115b/index-word.html,sigla_word_seq_pattern | source=SigLA | ingested=2026-02-24T02:56:37Z
OBS_000480,external:sigla,external_csv,HT 115B,word_5,277,AB51 AB56 AB06,,AB51 AB56 AB06,AB51 AB56 AB06,AB51 AB56 AB06,http://sigla.phis.me/document/HT%20115b/index-word.html,sigla_word_seq_pattern | source=SigLA | ingested=2026-02-24T02:56:37Z
OBS_000481,external:sigla,external_csv,HT 115B,word_6,278,AB81 AB26 AB80,,AB81 AB26 AB80,AB81 AB26 AB80,AB81 AB26 AB80,http://sigla.phis.me/document/HT%20115b/index-word.html,sigla_word_seq_pattern | source=SigLA | ingested=2026-02-24T02:56:37Z
OBS_000482,external:sigla,external_csv,HT 115B,word_7,279,A306 AB69 AB57,,A306 AB69 AB57,A306 AB69 AB57,A306 AB69 AB57,http://sigla.phis.me/document/HT%20115b/index-word.html,sigla_word_seq_pattern | source=SigLA | ingested=2026-02-24T02:56:37Z
OBS_000483,external:sigla,external_csv,HT 115B,word_8,280,AB08 AB28 [?] [?],,AB08 AB28 [?] [?],AB08 AB28 [?] [?],AB08 AB28 [?] [?],http://sigla.phis.me/document/HT%20115b/index-word.html,sigla_word_seq_pattern | source=SigLA | ingested=2026-02-24T02:56:37Z
OBS_000484,external:sigla,external_csv,HT 115B,word_9,281,AB81 AB59,,AB81 AB59,AB81 AB59,AB81 AB59,http://sigla.phis.me/document/HT%20115b/index-word.html,sigla_word_seq_pattern | source=SigLA | ingested=2026-02-24T02:56:37Z
OBS_000485,external:youngerarchive,external_csv,HT 116,a.1-2_stmt,282,KU PA JA,,KU PA JA,KU PA JA,KU PA JA,https://web.archive.org/web/20190416193018/http://www.people.ku.edu/~jyounger/LinearA/HTtexts.html,younger_table_statement | source=YoungerArchive | ingested=2026-02-24T02:56:37Z
OBS_000486,external:youngerarchive,external_csv,HT 116,a.1_stmt,283,U TA RO,,U TA RO,U TA RO,U TA RO,https://web.archive.org/web/20190416193018/http://www.people.ku.edu/~jyounger/LinearA/HTtexts.html,younger_table_statement | source=YoungerArchive | ingested=2026-02-24T02:56:37Z
OBS_000487,external:youngerarchive,external_csv,HT 116,a.2_stmt,284,PU RA2,,PU RA2,PU RA2,PU RA2,https://web.archive.org/web/20190416193018/http://www.people.ku.edu/~jyounger/LinearA/HTtexts.html,younger_table_statement | source=YoungerArchive | ingested=2026-02-24T02:56:37Z
OBS_000488,external:youngerarchive,external_csv,HT 116,a.3-4_log,285,SI SE,,SI SE,SI SE,SI SE,https://web.archive.org/web/20190416193018/http://www.people.ku.edu/~jyounger/LinearA/HTtexts.html,younger_table_logogram | source=YoungerArchive | ingested=2026-02-24T02:56:37Z
OBS_000489,external:youngerarchive,external_csv,HT 116,a.4_stmt,286,PI TE,,PI TE,PI TE,PI TE,https://web.archive.org/web/20190416193018/http://www.people.ku.edu/~jyounger/LinearA/HTtexts.html,younger_table_statement | source=YoungerArchive | ingested=2026-02-24T02:56:37Z
OBS_000490,external:youngerarchive,external_csv,HT 116,a.5-6_stmt,287,SI KI NE,,SI KI NE,SI KI NE,SI KI NE,https://web.archive.org/web/20190416193018/http://www.people.ku.edu/~jyounger/LinearA/HTtexts.html,younger_table_statement | source=YoungerArchive | ingested=2026-02-24T02:56:37Z
OBS_000491,external:youngerarchive,external_csv,HT 116,a.6-7_stmt,288,QA NU MA,,QA NU MA,QA NU MA,QA NU MA,https://web.archive.org/web/20190416193018/http://www.people.ku.edu/~jyounger/LinearA/HTtexts.html,younger_table_statement | source=YoungerArchive | ingested=2026-02-24T02:56:37Z
OBS_000492,external:youngerarchive,external_csv,HT 116,b.1_stmt,289,KU RO,,KU RO,KU RO,KU RO,https://web.archive.org/web/20190416193018/http://www.people.ku.edu/~jyounger/LinearA/HTtexts.html,younger_table_statement | source=YoungerArchive | ingested=2026-02-24T02:56:37Z
OBS_000493,external:sigla,external_csv,HT 116A,word_1,290,AB10 AB59 AB02,,AB10 AB59 AB02,AB10 AB59 AB02,AB10 AB59 AB02,http://sigla.phis.me/document/HT%20116a/index-word.html,sigla_word_seq_pattern | source=SigLA | ingested=2026-02-24T02:56:37Z
OBS_000494,external:sigla,external_csv,HT 116A,word_2,291,AB81 AB03 AB57,,AB81 AB03 AB57,AB81 AB03 AB57,AB81 AB03 AB57,http://sigla.phis.me/document/HT%20116a/index-word.html,sigla_word_seq_pattern | source=SigLA | ingested=2026-02-24T02:56:37Z
OBS_000495,external:sigla,external_csv,HT 116A,word_3,292,AB50 AB76,,AB50 AB76,AB50 AB76,AB50 AB76,http://sigla.phis.me/document/HT%20116a/index-word.html,sigla_word_seq_pattern | source=SigLA | ingested=2026-02-24T02:56:37Z
OBS_000496,external:sigla,external_csv,HT 116A,word_4,293,AB39 AB34 AB04,,AB39 AB34 AB04,AB39 AB34 AB04,AB39 AB34 AB04,http://sigla.phis.me/document/HT%20116a/index-word.html,sigla_word_seq_pattern | source=SigLA | ingested=2026-02-24T02:56:37Z
OBS_000497,external:sigla,external_csv,HT 116A,word_5,294,AB41 AB67 AB24,,AB41 AB67 AB24,AB41 AB67 AB24,AB41 AB67 AB24,http://sigla.phis.me/document/HT%20116a/index-word.html,sigla_word_seq_pattern | source=SigLA | ingested=2026-02-24T02:56:37Z
OBS_000498,external:sigla,external_csv,HT 116A,word_6,295,AB16 AB55 AB80,,AB16 AB55 AB80,AB16 AB55 AB80,AB16 AB55 AB80,http://sigla.phis.me/document/HT%20116a/index-word.html,sigla_word_seq_pattern | source=SigLA | ingested=2026-02-24T02:56:37Z
OBS_000499,external:sigla,external_csv,HT 116B,word_1,296,AB81 AB02,,AB81 AB02,AB81 AB02,AB81 AB02,http://sigla.phis.me/document/HT%20116b/index-word.html,sigla_word_seq_pattern | source=SigLA | ingested=2026-02-24T02:56:37Z
OBS_000500,external:youngerarchive,external_csv,HT 117,a.1-2_stmt,297,MA KA RI TE KI RO U MI NA SI,,MA KA RI TE KI RO U MI NA SI,MA KA RI TE KI RO U MI NA SI,MA KA RI TE KI RO U MI NA SI,https://web.archive.org/web/20190416193018/http://www.people.ku.edu/~jyounger/LinearA/HTtexts.html,younger_table_statement | source=YoungerArchive | ingested=2026-02-24T02:56:37Z
OBS_000501,external:youngerarchive,external_csv,HT 117,a.2-3_stmt,298,KU RA MU,,KU RA MU,KU RA MU,KU RA MU,https://web.archive.org/web/20190416193018/http://www.people.ku.edu/~jyounger/LinearA/HTtexts.html,younger_table_statement | source=YoungerArchive | ingested=2026-02-24T02:56:37Z
OBS_000502,external:youngerarchive,external_csv,HT 117,a.2_stmt,299,MI TU,,MI TU,MI TU,MI TU,https://web.archive.org/web/20190416193018/http://www.people.ku.edu/~jyounger/LinearA/HTtexts.html,younger_table_statement | source=YoungerArchive | ingested=2026-02-24T02:56:37Z
OBS_000503,external:youngerarchive,external_csv,HT 117,a.2_stmt,300,U SU,,U SU,U SU,U SU,https://web.archive.org/web/20190416193018/http://www.people.ku.edu/~jyounger/LinearA/HTtexts.html,younger_table_statement | source=YoungerArchive | ingested=2026-02-24T02:56:37Z
OBS_000504,external:youngerarchive,external_csv,HT 117,a.3-4_stmt,301,TU JU MA,,TU JU MA,TU JU MA,TU JU MA,https://web.archive.org/web/20190416193018/http://www.people.ku.edu/~jyounger/LinearA/HTtexts.html,younger_table_statement | source=YoungerArchive | ingested=2026-02-24T02:56:37Z
OBS_000505,external:youngerarchive,external_csv,HT 117,a.3_stmt,302,KU PA3 NU,,KU PA3 NU,KU PA3 NU,KU PA3 NU,https://web.archive.org/web/20190416193018/http://www.people.ku.edu/~jyounger/LinearA/HTtexts.html,younger_table_statement | source=YoungerArchive | ingested=2026-02-24T02:56:37Z
OBS_000506,external:youngerarchive,external_csv,HT 117,a.3_stmt,303,MA RU,,MA RU,MA RU,MA RU,https://web.archive.org/web/20190416193018/http://www.people.ku.edu/~jyounger/LinearA/HTtexts.html,younger_table_statement | source=YoungerArchive | ingested=2026-02-24T02:56:37Z
OBS_000507,external:youngerarchive,external_csv,HT 117,a.4-5_stmt,304,MI RU TA RA RE,,MI RU TA RA RE,MI RU TA RA RE,MI RU TA RA RE,https://web.archive.org/web/20190416193018/http://www.people.ku.edu/~jyounger/LinearA/HTtexts.html,younger_table_statement | source=YoungerArchive | ingested=2026-02-24T02:56:37Z
OBS_000508,external:youngerarchive,external_csv,HT 117,a.4_stmt,305,U DI MI,,U DI MI,U DI MI,U DI MI,https://web.archive.org/web/20190416193018/http://www.people.ku.edu/~jyounger/LinearA/HTtexts.html,younger_table_statement | source=YoungerArchive | ingested=2026-02-24T02:56:37Z
OBS_000509,external:youngerarchive,external_csv,HT 117,a.5_stmt,306,NA DA RE,,NA DA RE,NA DA RE,NA DA RE,https://web.archive.org/web/20190416193018/http://www.people.ku.edu/~jyounger/LinearA/HTtexts.html,younger_table_statement | source=YoungerArchive | ingested=2026-02-24T02:56:37Z
OBS_000510,external:youngerarchive,external_csv,HT 117,a.5_stmt,307,TE JA RE,,TE JA RE,TE JA RE,TE JA RE,https://web.archive.org/web/20190416193018/http://www.people.ku.edu/~jyounger/LinearA/HTtexts.html,younger_table_statement | source=YoungerArchive | ingested=2026-02-24T02:56:37Z
OBS_000511,external:youngerarchive,external_csv,HT 117,a.6_stmt,308,KU RO,,KU RO,KU RO,KU RO,https://web.archive.org/web/20190416193018/http://www.people.ku.edu/~jyounger/LinearA/HTtexts.html,younger_table_statement | source=YoungerArchive | ingested=2026-02-24T02:56:37Z
OBS_000512,external:youngerarchive,external_csv,HT 117,a.7-8_stmt,309,KO SA I TI,,KO SA I TI,KO SA I TI,KO SA I TI,https://web.archive.org/web/20190416193018/http://www.people.ku.edu/~jyounger/LinearA/HTtexts.html,younger_table_statement | source=YoungerArchive | ingested=2026-02-24T02:56:37Z
OBS_000513,external:youngerarchive,external_csv,HT 117,a.7_stmt,310,KU KU DA RA,,KU KU DA RA,KU KU DA RA,KU KU DA RA,https://web.archive.org/web/20190416193018/http://www.people.ku.edu/~jyounger/LinearA/HTtexts.html,younger_table_statement | source=YoungerArchive | ingested=2026-02-24T02:56:37Z
OBS_000514,external:youngerarchive,external_csv,HT 117,a.7_stmt,311,SA TA,,SA TA,SA TA,SA TA,https://web.archive.org/web/20190416193018/http://www.people.ku.edu/~jyounger/LinearA/HTtexts.html,younger_table_statement | source=YoungerArchive | ingested=2026-02-24T02:56:37Z
OBS_000515,external:youngerarchive,external_csv,HT 117,a.8-9_stmt,312,DA NE KU TI,,DA NE KU TI,DA NE KU TI,DA NE KU TI,https://web.archive.org/web/20190416193018/http://www.people.ku.edu/~jyounger/LinearA/HTtexts.html,younger_table_statement | source=YoungerArchive | ingested=2026-02-24T02:56:37Z
OBS_000516,external:youngerarchive,external_csv,HT 117,a.8_stmt,313,DA MI NU,,DA MI NU,DA MI NU,DA MI NU,https://web.archive.org/web/20190416193018/http://www.people.ku.edu/~jyounger/LinearA/HTtexts.html,younger_table_statement | source=YoungerArchive | ingested=2026-02-24T02:56:37Z
OBS_000517,external:youngerarchive,external_csv,HT 117,a.9_stmt,314,KI DA RO,,KI DA RO,KI DA RO,KI DA RO,https://web.archive.org/web/20190416193018/http://www.people.ku.edu/~jyounger/LinearA/HTtexts.html,younger_table_statement | source=YoungerArchive | ingested=2026-02-24T02:56:37Z
OBS_000518,external:youngerarchive,external_csv,HT 117,b.1_stmt,315,KU RE JU,,KU RE JU,KU RE JU,KU RE JU,https://web.archive.org/web/20190416193018/http://www.people.ku.edu/~jyounger/LinearA/HTtexts.html,younger_table_statement | source=YoungerArchive | ingested=2026-02-24T02:56:37Z
OBS_000519,external:youngerarchive,external_csv,HT 117,b.1_stmt,316,QIF TU NE,,QIF TU NE,QIF TU NE,QIF TU NE,https://web.archive.org/web/20190416193018/http://www.people.ku.edu/~jyounger/LinearA/HTtexts.html,younger_table_statement | source=YoungerArchive | ingested=2026-02-24T02:56:37Z
OBS_000520,external:youngerarchive,external_csv,HT 117,b.2_stmt,317,DI KI SE,,DI KI SE,DI KI SE,DI KI SE,https://web.archive.org/web/20190416193018/http://www.people.ku.edu/~jyounger/LinearA/HTtexts.html,younger_table_statement | source=YoungerArchive | ingested=2026-02-24T02:56:37Z
OBS_000521,external:sigla,external_csv,HT 117A,word_1,318,AB80 AB77 AB53 AB04,,AB80 AB77 AB53 AB04,AB80 AB77 AB53 AB04,AB80 AB77 AB53 AB04,http://sigla.phis.me/document/HT%20117a/index-word.html,sigla_word_seq_pattern | source=SigLA | ingested=2026-02-24T02:56:37Z
OBS_000522,external:sigla,external_csv,HT 117A,word_10,319,AB10 AB07 AB73,,AB10 AB07 AB73,AB10 AB07 AB73,AB10 AB07 AB73,http://sigla.phis.me/document/HT%20117a/index-word.html,sigla_word_seq_pattern | source=SigLA | ingested=2026-02-24T02:56:37Z
OBS_000523,external:sigla,external_csv,HT 117A,word_11,320,AB73 AB26 AB59 AB60 AB27,,AB73 AB26 AB59 AB60 AB27,AB73 AB26 AB59 AB60 AB27,AB73 AB26 AB59 AB60 AB27,http://sigla.phis.me/document/HT%20117a/index-word.html,sigla_word_seq_pattern | source=SigLA | ingested=2026-02-24T02:56:37Z
OBS_000524,external:sigla,external_csv,HT 117A,word_12,321,AB04 AB56 AB27,,AB04 AB56 AB27,AB04 AB56 AB27,AB04 AB56 AB27,http://sigla.phis.me/document/HT%20117a/index-word.html,sigla_word_seq_pattern | source=SigLA | ingested=2026-02-24T02:56:37Z
OBS_000525,external:sigla,external_csv,HT 117A,word_13,322,AB06 AB01 AB27,,AB06 AB01 AB27,AB06 AB01 AB27,AB06 AB01 AB27,http://sigla.phis.me/document/HT%20117a/index-word.html,sigla_word_seq_pattern | source=SigLA | ingested=2026-02-24T02:56:37Z
OBS_000526,external:sigla,external_csv,HT 117A,word_14,323,AB81 AB02,,AB81 AB02,AB81 AB02,AB81 AB02,http://sigla.phis.me/document/HT%20117a/index-word.html,sigla_word_seq_pattern | source=SigLA | ingested=2026-02-24T02:56:37Z
OBS_000527,external:sigla,external_csv,HT 117A,word_15,324,AB31 AB59,,AB31 AB59,AB31 AB59,AB31 AB59,http://sigla.phis.me/document/HT%20117a/index-word.html,sigla_word_seq_pattern | source=SigLA | ingested=2026-02-24T02:56:37Z
OBS_000528,external:sigla,external_csv,HT 117A,word_16,325,AB81 AB81 AB01 AB60,,AB81 AB81 AB01 AB60,AB81 AB81 AB01 AB60,AB81 AB81 AB01 AB60,http://sigla.phis.me/document/HT%20117a/index-word.html,sigla_word_seq_pattern | source=SigLA | ingested=2026-02-24T02:56:37Z
OBS_000529,external:sigla,external_csv,HT 117A,word_17,326,AB70 AB31 AB28 AB37,,AB70 AB31 AB28 AB37,AB70 AB31 AB28 AB37,AB70 AB31 AB28 AB37,http://sigla.phis.me/document/HT%20117a/index-word.html,sigla_word_seq_pattern | source=SigLA | ingested=2026-02-24T02:56:37Z
OBS_000530,external:sigla,external_csv,HT 117A,word_18,327,AB01 AB73 AB55,,AB01 AB73 AB55,AB01 AB73 AB55,AB01 AB73 AB55,http://sigla.phis.me/document/HT%20117a/index-word.html,sigla_word_seq_pattern | source=SigLA | ingested=2026-02-24T02:56:37Z
OBS_000531,external:sigla,external_csv,HT 117A,word_19,328,AB01 AB24 AB81 AB37,,AB01 AB24 AB81 AB37,AB01 AB24 AB81 AB37,AB01 AB24 AB81 AB37,http://sigla.phis.me/document/HT%20117a/index-word.html,sigla_word_seq_pattern | source=SigLA | ingested=2026-02-24T02:56:37Z
OBS_000532,external:sigla,external_csv,HT 117A,word_2,329,AB67 AB02,,AB67 AB02,AB67 AB02,AB67 AB02,http://sigla.phis.me/document/HT%20117a/index-word.html,sigla_word_seq_pattern | source=SigLA | ingested=2026-02-24T02:56:37Z
OBS_000533,external:sigla,external_csv,HT 117A,word_20,330,AB67 AB01 AB02,,AB67 AB01 AB02,AB67 AB01 AB02,AB67 AB01 AB02,http://sigla.phis.me/document/HT%20117a/index-word.html,sigla_word_seq_pattern | source=SigLA | ingested=2026-02-24T02:56:37Z
OBS_000534,external:sigla,external_csv,HT 117A,word_3,331,AB10 AB73 AB06 AB41,,AB10 AB73 AB06 AB41,AB10 AB73 AB06 AB41,AB10 AB73 AB06 AB41,http://sigla.phis.me/document/HT%20117a/index-word.html,sigla_word_seq_pattern | source=SigLA | ingested=2026-02-24T02:56:37Z
OBS_000535,external:sigla,external_csv,HT 117A,word_4,332,AB10 AB58,,AB10 AB58,AB10 AB58,AB10 AB58,http://sigla.phis.me/document/HT%20117a/index-word.html,sigla_word_seq_pattern | source=SigLA | ingested=2026-02-24T02:56:37Z
OBS_000536,external:sigla,external_csv,HT 117A,word_5,333,AB73 AB69,,AB73 AB69,AB73 AB69,AB73 AB69,http://sigla.phis.me/document/HT%20117a/index-word.html,sigla_word_seq_pattern | source=SigLA | ingested=2026-02-24T02:56:37Z
OBS_000537,external:sigla,external_csv,HT 117A,word_6,334,AB81 AB60 AB23,,AB81 AB60 AB23,AB81 AB60 AB23,AB81 AB60 AB23,http://sigla.phis.me/document/HT%20117a/index-word.html,sigla_word_seq_pattern | source=SigLA | ingested=2026-02-24T02:56:37Z
OBS_000538,external:sigla,external_csv,HT 117A,word_7,335,AB80 AB26,,AB80 AB26,AB80 AB26,AB80 AB26,http://sigla.phis.me/document/HT%20117a/index-word.html,sigla_word_seq_pattern | source=SigLA | ingested=2026-02-24T02:56:37Z
OBS_000539,external:sigla,external_csv,HT 117A,word_8,336,AB81 AB56 AB55,,AB81 AB56 AB55,AB81 AB56 AB55,AB81 AB56 AB55,http://sigla.phis.me/document/HT%20117a/index-word.html,sigla_word_seq_pattern | source=SigLA | ingested=2026-02-24T02:56:37Z
OBS_000540,external:sigla,external_csv,HT 117A,word_9,337,AB69 AB65 AB80,,AB69 AB65 AB80,AB69 AB65 AB80,AB69 AB65 AB80,http://sigla.phis.me/document/HT%20117a/index-word.html,sigla_word_seq_pattern | source=SigLA | ingested=2026-02-24T02:56:37Z
OBS_000541,external:sigla,external_csv,HT 117B,word_1,338,AB21F AB69 AB24,,AB21F AB69 AB24,AB21F AB69 AB24,AB21F AB69 AB24,http://sigla.phis.me/document/HT%20117b/index-word.html,sigla_word_seq_pattern | source=SigLA | ingested=2026-02-24T02:56:37Z
OBS_000542,external:sigla,external_csv,HT 117B,word_2,339,AB81 AB27 AB65,,AB81 AB27 AB65,AB81 AB27 AB65,AB81 AB27 AB65,http://sigla.phis.me/document/HT%20117b/index-word.html,sigla_word_seq_pattern | source=SigLA | ingested=2026-02-24T02:56:37Z
OBS_000543,external:sigla,external_csv,HT 117B,word_3,340,AB07 AB67 AB09,,AB07 AB67 AB09,AB07 AB67 AB09,AB07 AB67 AB09,http://sigla.phis.me/document/HT%20117b/index-word.html,sigla_word_seq_pattern | source=SigLA | ingested=2026-02-24T02:56:37Z
OBS_000544,external:youngerarchive,external_csv,HT 118,.1_log,341,SUS I [?],,SUS I [?],SUS I [?],SUS I [?],https://web.archive.org/web/20190416193018/http://www.people.ku.edu/~jyounger/LinearA/HTtexts.html,younger_table_logogram | source=YoungerArchive | ingested=2026-02-24T02:56:37Z
OBS_000545,external:youngerarchive,external_csv,HT 118,.1_stmt,342,MA DI,,MA DI,MA DI,MA DI,https://web.archive.org/web/20190416193018/http://www.people.ku.edu/~jyounger/LinearA/HTtexts.html,younger_table_statement | source=YoungerArchive | ingested=2026-02-24T02:56:37Z
OBS_000546,external:youngerarchive,external_csv,HT 118,.2-3_stmt,343,QA QA RU,,QA QA RU,QA QA RU,QA QA RU,https://web.archive.org/web/20190416193018/http://www.people.ku.edu/~jyounger/LinearA/HTtexts.html,younger_table_statement | source=YoungerArchive | ingested=2026-02-24T02:56:37Z
OBS_000547,external:youngerarchive,external_csv,HT 118,.3-4_stmt,344,A RI SU,,A RI SU,A RI SU,A RI SU,https://web.archive.org/web/20190416193018/http://www.people.ku.edu/~jyounger/LinearA/HTtexts.html,younger_table_statement | source=YoungerArchive | ingested=2026-02-24T02:56:37Z
OBS_000548,external:youngerarchive,external_csv,HT 118,.4_stmt,345,RI RU MA,,RI RU MA,RI RU MA,RI RU MA,https://web.archive.org/web/20190416193018/http://www.people.ku.edu/~jyounger/LinearA/HTtexts.html,younger_table_statement | source=YoungerArchive | ingested=2026-02-24T02:56:37Z
OBS_000549,external:youngerarchive,external_csv,HT 118,.5_stmt,346,KU RO,,KU RO,KU RO,KU RO,https://web.archive.org/web/20190416193018/http://www.people.ku.edu/~jyounger/LinearA/HTtexts.html,younger_table_statement | source=YoungerArchive | ingested=2026-02-24T02:56:37Z
OBS_000550,external:sigla,external_csv,HT 118,word_1,347,AB80 AB07,,AB80 AB07,AB80 AB07,AB80 AB07,http://sigla.phis.me/document/HT%20118/index-word.html,sigla_word_seq_pattern | source=SigLA | ingested=2026-02-24T02:56:37Z
OBS_000551,external:sigla,external_csv,HT 118,word_2,348,AB16 AB16 AB26,,AB16 AB16 AB26,AB16 AB16 AB26,AB16 AB16 AB26,http://sigla.phis.me/document/HT%20118/index-word.html,sigla_word_seq_pattern | source=SigLA | ingested=2026-02-24T02:56:37Z
OBS_000552,external:sigla,external_csv,HT 118,word_3,349,AB08 AB53 AB58,,AB08 AB53 AB58,AB08 AB53 AB58,AB08 AB53 AB58,http://sigla.phis.me/document/HT%20118/index-word.html,sigla_word_seq_pattern | source=SigLA | ingested=2026-02-24T02:56:37Z
OBS_000553,external:sigla,external_csv,HT 118,word_4,350,AB53 AB26 AB80,,AB53 AB26 AB80,AB53 AB26 AB80,AB53 AB26 AB80,http://sigla.phis.me/document/HT%20118/index-word.html,sigla_word_seq_pattern | source=SigLA | ingested=2026-02-24T02:56:37Z
OBS_000554,external:sigla,external_csv,HT 118,word_5,351,AB81 AB02,,AB81 AB02,AB81 AB02,AB81 AB02,http://sigla.phis.me/document/HT%20118/index-word.html,sigla_word_seq_pattern | source=SigLA | ingested=2026-02-24T02:56:37Z
OBS_000555,external:youngerarchive,external_csv,HT 119,.1_log,352,VIR,,VIR,VIR,VIR,https://web.archive.org/web/20190416193018/http://www.people.ku.edu/~jyounger/LinearA/HTtexts.html,younger_table_logogram | source=YoungerArchive | ingested=2026-02-24T02:56:37Z
OBS_000556,external:youngerarchive,external_csv,HT 119,.2_stmt,353,KO JA,,KO JA,KO JA,KO JA,https://web.archive.org/web/20190416193018/http://www.people.ku.edu/~jyounger/LinearA/HTtexts.html,younger_table_statement | source=YoungerArchive | ingested=2026-02-24T02:56:37Z
OBS_000557,external:youngerarchive,external_csv,HT 119,.2_stmt,354,RI MI SI,,RI MI SI,RI MI SI,RI MI SI,https://web.archive.org/web/20190416193018/http://www.people.ku.edu/~jyounger/LinearA/HTtexts.html,younger_table_statement | source=YoungerArchive | ingested=2026-02-24T02:56:37Z
OBS_000558,external:youngerarchive,external_csv,HT 119,.3_stmt,355,KU PA3 NA TU,,KU PA3 NA TU,KU PA3 NA TU,KU PA3 NA TU,https://web.archive.org/web/20190416193018/http://www.people.ku.edu/~jyounger/LinearA/HTtexts.html,younger_table_statement | source=YoungerArchive | ingested=2026-02-24T02:56:37Z
OBS_000559,external:youngerarchive,external_csv,HT 119,.5_stmt,356,KU RO,,KU RO,KU RO,KU RO,https://web.archive.org/web/20190416193018/http://www.people.ku.edu/~jyounger/LinearA/HTtexts.html,younger_table_statement | source=YoungerArchive | ingested=2026-02-24T02:56:37Z
OBS_000560,external:sigla,external_csv,HT 119,word_1,357,AB53 AB73 AB41,,AB53 AB73 AB41,AB53 AB73 AB41,AB53 AB73 AB41,http://sigla.phis.me/document/HT%20119/index-word.html,sigla_word_seq_pattern | source=SigLA | ingested=2026-02-24T02:56:37Z
OBS_000561,external:sigla,external_csv,HT 119,word_2,358,AB70 AB57,,AB70 AB57,AB70 AB57,AB70 AB57,http://sigla.phis.me/document/HT%20119/index-word.html,sigla_word_seq_pattern | source=SigLA | ingested=2026-02-24T02:56:37Z
OBS_000562,external:sigla,external_csv,HT 119,word_3,359,AB81 AB56 AB06 AB69,,AB81 AB56 AB06 AB69,AB81 AB56 AB06 AB69,AB81 AB56 AB06 AB69,http://sigla.phis.me/document/HT%20119/index-word.html,sigla_word_seq_pattern | source=SigLA | ingested=2026-02-24T02:56:37Z
OBS_000563,external:sigla,external_csv,HT 119,word_4,360,AB57 A345,,AB57 A345,AB57 A345,AB57 A345,http://sigla.phis.me/document/HT%20119/index-word.html,sigla_word_seq_pattern | source=SigLA | ingested=2026-02-24T02:56:37Z
OBS_000564,external:sigla,external_csv,HT 119,word_5,361,A306 AB69,,A306 AB69,A306 AB69,A306 AB69,http://sigla.phis.me/document/HT%20119/index-word.html,sigla_word_seq_pattern | source=SigLA | ingested=2026-02-24T02:56:37Z
OBS_000565,external:sigla,external_csv,HT 119,word_6,362,A327 AB65,,A327 AB65,A327 AB65,A327 AB65,http://sigla.phis.me/document/HT%20119/index-word.html,sigla_word_seq_pattern | source=SigLA | ingested=2026-02-24T02:56:37Z
OBS_000566,external:sigla,external_csv,HT 119,word_7,363,AB81 AB02,,AB81 AB02,AB81 AB02,AB81 AB02,http://sigla.phis.me/document/HT%20119/index-word.html,sigla_word_seq_pattern | source=SigLA | ingested=2026-02-24T02:56:37Z
OBS_000567,external:sigla,external_csv,HT 11A,word_1,364,AB08 AB26 AB60 [?],,AB08 AB26 AB60 [?],AB08 AB26 AB60 [?],AB08 AB26 AB60 [?],http://sigla.phis.me/document/HT%2011a/index-word.html,sigla_word_seq_pattern | source=SigLA | ingested=2026-02-24T02:56:37Z
OBS_000568,external:sigla,external_csv,HT 11A,word_2,365,AB77 AB02 AB06,,AB77 AB02 AB06,AB77 AB02 AB06,AB77 AB02 AB06,http://sigla.phis.me/document/HT%2011a/index-word.html,sigla_word_seq_pattern | source=SigLA | ingested=2026-02-24T02:56:37Z
OBS_000569,external:sigla,external_csv,HT 11A,word_3,366,A322 AB53,,A322 AB53,A322 AB53,A322 AB53,http://sigla.phis.me/document/HT%2011a/index-word.html,sigla_word_seq_pattern | source=SigLA | ingested=2026-02-24T02:56:37Z
OBS_000570,external:sigla,external_csv,HT 11A,word_4,367,AB81 AB02,,AB81 AB02,AB81 AB02,AB81 AB02,http://sigla.phis.me/document/HT%2011a/index-word.html,sigla_word_seq_pattern | source=SigLA | ingested=2026-02-24T02:56:37Z
OBS_000571,external:sigla,external_csv,HT 11A,word_5,368,AB08 AB58 AB57,,AB08 AB58 AB57,AB08 AB58 AB57,AB08 AB58 AB57,http://sigla.phis.me/document/HT%2011a/index-word.html,sigla_word_seq_pattern | source=SigLA | ingested=2026-02-24T02:56:37Z
OBS_000572,external:sigla,external_csv,HT 11A,word_6,369,AB100 AB28,,AB100 AB28,AB100 AB28,AB100 AB28,http://sigla.phis.me/document/HT%2011a/index-word.html,sigla_word_seq_pattern | source=SigLA | ingested=2026-02-24T02:56:37Z
OBS_000573,external:sigla,external_csv,HT 11B,word_1,370,AB45 AB55,,AB45 AB55,AB45 AB55,AB45 AB55,http://sigla.phis.me/document/HT%2011b/index-word.html,sigla_word_seq_pattern | source=SigLA | ingested=2026-02-24T02:56:37Z
OBS_000574,external:sigla,external_csv,HT 11B,word_2,371,AB26 AB76,,AB26 AB76,AB26 AB76,AB26 AB76,http://sigla.phis.me/document/HT%2011b/index-word.html,sigla_word_seq_pattern | source=SigLA | ingested=2026-02-24T02:56:37Z
OBS_000575,external:sigla,external_csv,HT 11B,word_3,372,AB86,,AB86,AB86,AB86,http://sigla.phis.me/document/HT%2011b/index-word.html,sigla_word_seq_pattern | source=SigLA | ingested=2026-02-24T02:56:37Z
OBS_000576,external:sigla,external_csv,HT 11B,word_4,373,AB26 AB79 AB06,,AB26 AB79 AB06,AB26 AB79 AB06,AB26 AB79 AB06,http://sigla.phis.me/document/HT%2011b/index-word.html,sigla_word_seq_pattern | source=SigLA | ingested=2026-02-24T02:56:37Z
OBS_000577,external:sigla,external_csv,HT 11B,word_5,374,AB31 AB78 AB53,,AB31 AB78 AB53,AB31 AB78 AB53,AB31 AB78 AB53,http://sigla.phis.me/document/HT%2011b/index-word.html,sigla_word_seq_pattern | source=SigLA | ingested=2026-02-24T02:56:37Z
OBS_000578,external:sigla,external_csv,HT 11B,word_6,375,AB81 AB02,,AB81 AB02,AB81 AB02,AB81 AB02,http://sigla.phis.me/document/HT%2011b/index-word.html,sigla_word_seq_pattern | source=SigLA | ingested=2026-02-24T02:56:37Z
OBS_000579,external:youngerarchive,external_csv,HT 12,.1-2_log,376,OLE DI,,OLE DI,OLE DI,OLE DI,https://web.archive.org/web/20190416193018/http://www.people.ku.edu/~jyounger/LinearA/HTtexts.html,younger_table_logogram | source=YoungerArchive | ingested=2026-02-24T02:56:37Z
OBS_000580,external:youngerarchive,external_csv,HT 12,.1-2_stmt,377,QA TI DA TE,,QA TI DA TE,QA TI DA TE,QA TI DA TE,https://web.archive.org/web/20190416193018/http://www.people.ku.edu/~jyounger/LinearA/HTtexts.html,younger_table_statement | source=YoungerArchive | ingested=2026-02-24T02:56:37Z
OBS_000581,external:youngerarchive,external_csv,HT 12,.3_log,378,QA [?] PU,,QA [?] PU,QA [?] PU,QA [?] PU,https://web.archive.org/web/20190416193018/http://www.people.ku.edu/~jyounger/LinearA/HTtexts.html,younger_table_logogram | source=YoungerArchive | ingested=2026-02-24T02:56:37Z
OBS_000582,external:youngerarchive,external_csv,HT 12,.3_stmt,379,QE TU NE,,QE TU NE,QE TU NE,QE TU NE,https://web.archive.org/web/20190416193018/http://www.people.ku.edu/~jyounger/LinearA/HTtexts.html,younger_table_statement | source=YoungerArchive | ingested=2026-02-24T02:56:37Z
OBS_000583,external:youngerarchive,external_csv,HT 12,.4-5_log,380,MA RU,,MA RU,MA RU,MA RU,https://web.archive.org/web/20190416193018/http://www.people.ku.edu/~jyounger/LinearA/HTtexts.html,younger_table_logogram | source=YoungerArchive | ingested=2026-02-24T02:56:37Z
OBS_000584,external:youngerarchive,external_csv,HT 12,.5_log,381,FIC,,FIC,FIC,FIC,https://web.archive.org/web/20190416193018/http://www.people.ku.edu/~jyounger/LinearA/HTtexts.html,younger_table_logogram | source=YoungerArchive | ingested=2026-02-24T02:56:37Z
OBS_000585,external:youngerarchive,external_csv,HT 12,.6_log,382,QA [?] PU RE,,QA [?] PU RE,QA [?] PU RE,QA [?] PU RE,https://web.archive.org/web/20190416193018/http://www.people.ku.edu/~jyounger/LinearA/HTtexts.html,younger_table_logogram | source=YoungerArchive | ingested=2026-02-24T02:56:37Z
OBS_000586,external:youngerarchive,external_csv,HT 12,.6_stmt,383,DA I,,DA I,DA I,DA I,https://web.archive.org/web/20190416193018/http://www.people.ku.edu/~jyounger/LinearA/HTtexts.html,younger_table_statement | source=YoungerArchive | ingested=2026-02-24T02:56:37Z
OBS_000587,external:sigla,external_csv,HT 12,word_1,384,AB16 AB37 AB01 AB04,,AB16 AB37 AB01 AB04,AB16 AB37 AB01 AB04,AB16 AB37 AB01 AB04,http://sigla.phis.me/document/HT%2012/index-word.html,sigla_word_seq_pattern | source=SigLA | ingested=2026-02-24T02:56:37Z
OBS_000588,external:sigla,external_csv,HT 12,word_2,385,AB78 AB69 AB24,,AB78 AB69 AB24,AB78 AB69 AB24,AB78 AB69 AB24,http://sigla.phis.me/document/HT%2012/index-word.html,sigla_word_seq_pattern | source=SigLA | ingested=2026-02-24T02:56:37Z
OBS_000589,external:sigla,external_csv,HT 12,word_3,386,AB01 AB28,,AB01 AB28,AB01 AB28,AB01 AB28,http://sigla.phis.me/document/HT%2012/index-word.html,sigla_word_seq_pattern | source=SigLA | ingested=2026-02-24T02:56:37Z
OBS_000590,external:youngerarchive,external_csv,HT 120,.1-2_log,387,GRA K L2,,GRA K L2,GRA K L2,GRA K L2,https://web.archive.org/web/20190416193018/http://www.people.ku.edu/~jyounger/LinearA/HTtexts.html,younger_table_logogram | source=YoungerArchive | ingested=2026-02-24T02:56:37Z
OBS_000591,external:youngerarchive,external_csv,HT 120,.1-2_stmt,388,DA ME,,DA ME,DA ME,DA ME,https://web.archive.org/web/20190416193018/http://www.people.ku.edu/~jyounger/LinearA/HTtexts.html,younger_table_statement | source=YoungerArchive | ingested=2026-02-24T02:56:37Z
OBS_000592,external:youngerarchive,external_csv,HT 120,.1_stmt,389,DA QE RA,,DA QE RA,DA QE RA,DA QE RA,https://web.archive.org/web/20190416193018/http://www.people.ku.edu/~jyounger/LinearA/HTtexts.html,younger_table_statement | source=YoungerArchive | ingested=2026-02-24T02:56:37Z
OBS_000593,external:youngerarchive,external_csv,HT 120,.2-3_log,390,GRA PA,,GRA PA,GRA PA,GRA PA,https://web.archive.org/web/20190416193018/http://www.people.ku.edu/~jyounger/LinearA/HTtexts.html,younger_table_logogram | source=YoungerArchive | ingested=2026-02-24T02:56:37Z
OBS_000594,external:youngerarchive,external_csv,HT 120,.3-4_log,391,I GRA PA,,I GRA PA,I GRA PA,I GRA PA,https://web.archive.org/web/20190416193018/http://www.people.ku.edu/~jyounger/LinearA/HTtexts.html,younger_table_logogram | source=YoungerArchive | ingested=2026-02-24T02:56:37Z
OBS_000595,external:youngerarchive,external_csv,HT 120,.3-4_stmt,392,DA U,,DA U,DA U,DA U,https://web.archive.org/web/20190416193018/http://www.people.ku.edu/~jyounger/LinearA/HTtexts.html,younger_table_statement | source=YoungerArchive | ingested=2026-02-24T02:56:37Z
OBS_000596,external:youngerarchive,external_csv,HT 120,.4-5_log,393,GRA B,,GRA B,GRA B,GRA B,https://web.archive.org/web/20190416193018/http://www.people.ku.edu/~jyounger/LinearA/HTtexts.html,younger_table_logogram | source=YoungerArchive | ingested=2026-02-24T02:56:37Z
OBS_000597,external:youngerarchive,external_csv,HT 120,.4-5_stmt,394,KI RE TA NA,,KI RE TA NA,KI RE TA NA,KI RE TA NA,https://web.archive.org/web/20190416193018/http://www.people.ku.edu/~jyounger/LinearA/HTtexts.html,younger_table_statement | source=YoungerArchive | ingested=2026-02-24T02:56:37Z
OBS_000598,external:youngerarchive,external_csv,HT 120,.6_log,395,GRA PA,,GRA PA,GRA PA,GRA PA,https://web.archive.org/web/20190416193018/http://www.people.ku.edu/~jyounger/LinearA/HTtexts.html,younger_table_logogram | source=YoungerArchive | ingested=2026-02-24T02:56:37Z
OBS_000599,external:youngerarchive,external_csv,HT 120,.6_stmt,396,PA I TO,,PA I TO,PA I TO,PA I TO,https://web.archive.org/web/20190416193018/http://www.people.ku.edu/~jyounger/LinearA/HTtexts.html,younger_table_statement | source=YoungerArchive | ingested=2026-02-24T02:56:37Z
OBS_000600,external:sigla,external_csv,HT 120,word_1,397,AB01 AB78 AB60,,AB01 AB78 AB60,AB01 AB78 AB60,AB01 AB78 AB60,http://sigla.phis.me/document/HT%20120/index-word.html,sigla_word_seq_pattern | source=SigLA | ingested=2026-02-24T02:56:37Z
OBS_000601,external:sigla,external_csv,HT 120,word_2,398,AB01 AB13,,AB01 AB13,AB01 AB13,AB01 AB13,http://sigla.phis.me/document/HT%20120/index-word.html,sigla_word_seq_pattern | source=SigLA | ingested=2026-02-24T02:56:37Z
OBS_000602,external:sigla,external_csv,HT 120,word_3,399,AB01 AB10 AB49,,AB01 AB10 AB49,AB01 AB10 AB49,AB01 AB10 AB49,http://sigla.phis.me/document/HT%20120/index-word.html,sigla_word_seq_pattern | source=SigLA | ingested=2026-02-24T02:56:37Z
OBS_000603,external:sigla,external_csv,HT 120,word_4,400,AB67 AB27 AB59 AB06,,AB67 AB27 AB59 AB06,AB67 AB27 AB59 AB06,AB67 AB27 AB59 AB06,http://sigla.phis.me/document/HT%20120/index-word.html,sigla_word_seq_pattern | source=SigLA | ingested=2026-02-24T02:56:37Z
OBS_000604,external:sigla,external_csv,HT 120,word_5,401,AB03 AB28 AB05,,AB03 AB28 AB05,AB03 AB28 AB05,AB03 AB28 AB05,http://sigla.phis.me/document/HT%20120/index-word.html,sigla_word_seq_pattern | source=SigLA | ingested=2026-02-24T02:56:37Z
OBS_000605,external:youngerarchive,external_csv,HT 121,.1_log,402,OLE QE DI,,OLE QE DI,OLE QE DI,OLE QE DI,https://web.archive.org/web/20190416193018/http://www.people.ku.edu/~jyounger/LinearA/HTtexts.html,younger_table_logogram | source=YoungerArchive | ingested=2026-02-24T02:56:37Z
OBS_000606,external:youngerarchive,external_csv,HT 121,.1_stmt,403,KI RI TA2,,KI RI TA2,KI RI TA2,KI RI TA2,https://web.archive.org/web/20190416193018/http://www.people.ku.edu/~jyounger/LinearA/HTtexts.html,younger_table_statement | source=YoungerArchive | ingested=2026-02-24T02:56:37Z
OBS_000607,external:youngerarchive,external_csv,HT 121,.2_log,404,GRA,,GRA,GRA,GRA,https://web.archive.org/web/20190416193018/http://www.people.ku.edu/~jyounger/LinearA/HTtexts.html,younger_table_logogram | source=YoungerArchive | ingested=2026-02-24T02:56:37Z
OBS_000608,external:youngerarchive,external_csv,HT 121,.2_log,405,OLE,,OLE,OLE,OLE,https://web.archive.org/web/20190416193018/http://www.people.ku.edu/~jyounger/LinearA/HTtexts.html,younger_table_logogram | source=YoungerArchive | ingested=2026-02-24T02:56:37Z
OBS_000609,external:youngerarchive,external_csv,HT 121,.2_stmt,406,SA RA2,,SA RA2,SA RA2,SA RA2,https://web.archive.org/web/20190416193018/http://www.people.ku.edu/~jyounger/LinearA/HTtexts.html,younger_table_statement | source=YoungerArchive | ingested=2026-02-24T02:56:37Z
OBS_000610,external:youngerarchive,external_csv,HT 121,.3-4_log,407,BOSM,,BOSM,BOSM,BOSM,https://web.archive.org/web/20190416193018/http://www.people.ku.edu/~jyounger/LinearA/HTtexts.html,younger_table_logogram | source=YoungerArchive | ingested=2026-02-24T02:56:37Z
OBS_000611,external:youngerarchive,external_csv,HT 121,.3_log,408,FIC,,FIC,FIC,FIC,https://web.archive.org/web/20190416193018/http://www.people.ku.edu/~jyounger/LinearA/HTtexts.html,younger_table_logogram | source=YoungerArchive | ingested=2026-02-24T02:56:37Z
OBS_000612,external:youngerarchive,external_csv,HT 121,.3_log,409,VINA,,VINA,VINA,VINA,https://web.archive.org/web/20190416193018/http://www.people.ku.edu/~jyounger/LinearA/HTtexts.html,younger_table_logogram | source=YoungerArchive | ingested=2026-02-24T02:56:37Z
OBS_000613,external:sigla,external_csv,HT 121,word_1,410,AB67 AB53 AB66,,AB67 AB53 AB66,AB67 AB53 AB66,AB67 AB53 AB66,http://sigla.phis.me/document/HT%20121/index-word.html,sigla_word_seq_pattern | source=SigLA | ingested=2026-02-24T02:56:37Z
OBS_000614,external:sigla,external_csv,HT 121,word_2,411,AB31 AB76,,AB31 AB76,AB31 AB76,AB31 AB76,http://sigla.phis.me/document/HT%20121/index-word.html,sigla_word_seq_pattern | source=SigLA | ingested=2026-02-24T02:56:37Z
OBS_000615,external:youngerarchive,external_csv,HT 122,a.1_stmt,412,]RA RI U DE ZA,,]RA RI U DE ZA,]RA RI U DE ZA,]RA RI U DE ZA,https://web.archive.org/web/20190416193018/http://www.people.ku.edu/~jyounger/LinearA/HTtexts.html,younger_table_statement | source=YoungerArchive | ingested=2026-02-24T02:56:37Z
OBS_000616,external:youngerarchive,external_csv,HT 122,a.2_stmt,413,DA SI,,DA SI,DA SI,DA SI,https://web.archive.org/web/20190416193018/http://www.people.ku.edu/~jyounger/LinearA/HTtexts.html,younger_table_statement | source=YoungerArchive | ingested=2026-02-24T02:56:37Z
OBS_000617,external:youngerarchive,external_csv,HT 122,a.3_stmt,414,TE KI,,TE KI,TE KI,TE KI,https://web.archive.org/web/20190416193018/http://www.people.ku.edu/~jyounger/LinearA/HTtexts.html,younger_table_statement | source=YoungerArchive | ingested=2026-02-24T02:56:37Z
OBS_000618,external:youngerarchive,external_csv,HT 122,a.4_stmt,415,JA MI DA RE,,JA MI DA RE,JA MI DA RE,JA MI DA RE,https://web.archive.org/web/20190416193018/http://www.people.ku.edu/~jyounger/LinearA/HTtexts.html,younger_table_statement | source=YoungerArchive | ingested=2026-02-24T02:56:37Z
OBS_000619,external:youngerarchive,external_csv,HT 122,a.4_stmt,416,QA I,,QA I,QA I,QA I,https://web.archive.org/web/20190416193018/http://www.people.ku.edu/~jyounger/LinearA/HTtexts.html,younger_table_statement | source=YoungerArchive | ingested=2026-02-24T02:56:37Z
OBS_000620,external:youngerarchive,external_csv,HT 122,a.5_stmt,417,DI RA,,DI RA,DI RA,DI RA,https://web.archive.org/web/20190416193018/http://www.people.ku.edu/~jyounger/LinearA/HTtexts.html,younger_table_statement | source=YoungerArchive | ingested=2026-02-24T02:56:37Z
OBS_000621,external:youngerarchive,external_csv,HT 122,a.5_stmt,418,PA DE,,PA DE,PA DE,PA DE,https://web.archive.org/web/20190416193018/http://www.people.ku.edu/~jyounger/LinearA/HTtexts.html,younger_table_statement | source=YoungerArchive | ingested=2026-02-24T02:56:37Z
OBS_000622,external:youngerarchive,external_csv,HT 122,a.5_stmt,419,SI DA RE,,SI DA RE,SI DA RE,SI DA RE,https://web.archive.org/web/20190416193018/http://www.people.ku.edu/~jyounger/LinearA/HTtexts.html,younger_table_statement | source=YoungerArchive | ingested=2026-02-24T02:56:37Z
OBS_000623,external:youngerarchive,external_csv,HT 122,a.6_stmt,420,KU PA3 NU,,KU PA3 NU,KU PA3 NU,KU PA3 NU,https://web.archive.org/web/20190416193018/http://www.people.ku.edu/~jyounger/LinearA/HTtexts.html,younger_table_statement | source=YoungerArchive | ingested=2026-02-24T02:56:37Z
OBS_000624,external:youngerarchive,external_csv,HT 122,a.6_stmt,421,PA TA NE,,PA TA NE,PA TA NE,PA TA NE,https://web.archive.org/web/20190416193018/http://www.people.ku.edu/~jyounger/LinearA/HTtexts.html,younger_table_statement | source=YoungerArchive | ingested=2026-02-24T02:56:37Z
OBS_000625,external:youngerarchive,external_csv,HT 122,a.7_stmt,422,DA RI DA,,DA RI DA,DA RI DA,DA RI DA,https://web.archive.org/web/20190416193018/http://www.people.ku.edu/~jyounger/LinearA/HTtexts.html,younger_table_statement | source=YoungerArchive | ingested=2026-02-24T02:56:37Z
OBS_000626,external:youngerarchive,external_csv,HT 122,a.7_stmt,423,KU PA3 NU,,KU PA3 NU,KU PA3 NU,KU PA3 NU,https://web.archive.org/web/20190416193018/http://www.people.ku.edu/~jyounger/LinearA/HTtexts.html,younger_table_statement | source=YoungerArchive | ingested=2026-02-24T02:56:37Z
OBS_000627,external:youngerarchive,external_csv,HT 122,a.8_stmt,424,KU DA,,KU DA,KU DA,KU DA,https://web.archive.org/web/20190416193018/http://www.people.ku.edu/~jyounger/LinearA/HTtexts.html,younger_table_statement | source=YoungerArchive | ingested=2026-02-24T02:56:37Z
OBS_000628,external:youngerarchive,external_csv,HT 122,a.8_stmt,425,KU RO,,KU RO,KU RO,KU RO,https://web.archive.org/web/20190416193018/http://www.people.ku.edu/~jyounger/LinearA/HTtexts.html,younger_table_statement | source=YoungerArchive | ingested=2026-02-24T02:56:37Z
OBS_000629,external:youngerarchive,external_csv,HT 122,b.1_stmt,426,JE DI,,JE DI,JE DI,JE DI,https://web.archive.org/web/20190416193018/http://www.people.ku.edu/~jyounger/LinearA/HTtexts.html,younger_table_statement | source=YoungerArchive | ingested=2026-02-24T02:56:37Z
OBS_000630,external:youngerarchive,external_csv,HT 122,b.2_stmt,427,KI TA2,,KI TA2,KI TA2,KI TA2,https://web.archive.org/web/20190416193018/http://www.people.ku.edu/~jyounger/LinearA/HTtexts.html,younger_table_statement | source=YoungerArchive | ingested=2026-02-24T02:56:37Z
OBS_000631,external:youngerarchive,external_csv,HT 122,b.3-4_stmt,428,QA QA RU,,QA QA RU,QA QA RU,QA QA RU,https://web.archive.org/web/20190416193018/http://www.people.ku.edu/~jyounger/LinearA/HTtexts.html,younger_table_statement | source=YoungerArchive | ingested=2026-02-24T02:56:37Z
OBS_000632,external:youngerarchive,external_csv,HT 122,b.3_stmt,429,]A RA JU U DE ZA,,]A RA JU U DE ZA,]A RA JU U DE ZA,]A RA JU U DE ZA,https://web.archive.org/web/20190416193018/http://www.people.ku.edu/~jyounger/LinearA/HTtexts.html,younger_table_statement | source=YoungerArchive | ingested=2026-02-24T02:56:37Z
OBS_000633,external:youngerarchive,external_csv,HT 122,b.4_stmt,430,DA RE,,DA RE,DA RE,DA RE,https://web.archive.org/web/20190416193018/http://www.people.ku.edu/~jyounger/LinearA/HTtexts.html,younger_table_statement | source=YoungerArchive | ingested=2026-02-24T02:56:37Z
OBS_000634,external:youngerarchive,external_csv,HT 122,b.5_stmt,431,KU RO,,KU RO,KU RO,KU RO,https://web.archive.org/web/20190416193018/http://www.people.ku.edu/~jyounger/LinearA/HTtexts.html,younger_table_statement | source=YoungerArchive | ingested=2026-02-24T02:56:37Z
OBS_000635,external:youngerarchive,external_csv,HT 122,b.6_stmt,432,PO TO KU RO,,PO TO KU RO,PO TO KU RO,PO TO KU RO,https://web.archive.org/web/20190416193018/http://www.people.ku.edu/~jyounger/LinearA/HTtexts.html,younger_table_statement | source=YoungerArchive | ingested=2026-02-24T02:56:37Z
OBS_000636,external:sigla,external_csv,HT 122A,word_1,433,AB60 AB53,,AB60 AB53,AB60 AB53,AB60 AB53,http://sigla.phis.me/document/HT%20122a/index-word.html,sigla_word_seq_pattern | source=SigLA | ingested=2026-02-24T02:56:37Z
OBS_000637,external:sigla,external_csv,HT 122A,word_10,434,A324 AB07 AB60,,A324 AB07 AB60,A324 AB07 AB60,A324 AB07 AB60,http://sigla.phis.me/document/HT%20122a/index-word.html,sigla_word_seq_pattern | source=SigLA | ingested=2026-02-24T02:56:37Z
OBS_000638,external:sigla,external_csv,HT 122A,word_11,435,AB03 AB45,,AB03 AB45,AB03 AB45,AB03 AB45,http://sigla.phis.me/document/HT%20122a/index-word.html,sigla_word_seq_pattern | source=SigLA | ingested=2026-02-24T02:56:37Z
OBS_000639,external:sigla,external_csv,HT 122A,word_12,436,AB81 AB56 AB55,,AB81 AB56 AB55,AB81 AB56 AB55,AB81 AB56 AB55,http://sigla.phis.me/document/HT%20122a/index-word.html,sigla_word_seq_pattern | source=SigLA | ingested=2026-02-24T02:56:37Z
OBS_000640,external:sigla,external_csv,HT 122A,word_13,437,AB03 AB53 AB24,,AB03 AB53 AB24,AB03 AB53 AB24,AB03 AB53 AB24,http://sigla.phis.me/document/HT%20122a/index-word.html,sigla_word_seq_pattern | source=SigLA | ingested=2026-02-24T02:56:37Z
OBS_000641,external:sigla,external_csv,HT 122A,word_14,438,A306 AB69,,A306 AB69,A306 AB69,A306 AB69,http://sigla.phis.me/document/HT%20122a/index-word.html,sigla_word_seq_pattern | source=SigLA | ingested=2026-02-24T02:56:37Z
OBS_000642,external:sigla,external_csv,HT 122A,word_15,439,AB51,,AB51,AB51,AB51,http://sigla.phis.me/document/HT%20122a/index-word.html,sigla_word_seq_pattern | source=SigLA | ingested=2026-02-24T02:56:37Z
OBS_000643,external:sigla,external_csv,HT 122A,word_16,440,AB81 AB56 AB55,,AB81 AB56 AB55,AB81 AB56 AB55,AB81 AB56 AB55,http://sigla.phis.me/document/HT%20122a/index-word.html,sigla_word_seq_pattern | source=SigLA | ingested=2026-02-24T02:56:37Z
OBS_000644,external:sigla,external_csv,HT 122A,word_17,441,AB01 AB53 AB01,,AB01 AB53 AB01,AB01 AB53 AB01,AB01 AB53 AB01,http://sigla.phis.me/document/HT%20122a/index-word.html,sigla_word_seq_pattern | source=SigLA | ingested=2026-02-24T02:56:37Z
OBS_000645,external:sigla,external_csv,HT 122A,word_18,442,AB81 AB02,,AB81 AB02,AB81 AB02,AB81 AB02,http://sigla.phis.me/document/HT%20122a/index-word.html,sigla_word_seq_pattern | source=SigLA | ingested=2026-02-24T02:56:37Z
OBS_000646,external:sigla,external_csv,HT 122A,word_19,443,AB81 AB01,,AB81 AB01,AB81 AB01,AB81 AB01,http://sigla.phis.me/document/HT%20122a/index-word.html,sigla_word_seq_pattern | source=SigLA | ingested=2026-02-24T02:56:37Z
OBS_000647,external:sigla,external_csv,HT 122A,word_2,444,AB10 AB45 AB17,,AB10 AB45 AB17,AB10 AB45 AB17,AB10 AB45 AB17,http://sigla.phis.me/document/HT%20122a/index-word.html,sigla_word_seq_pattern | source=SigLA | ingested=2026-02-24T02:56:37Z
OBS_000648,external:sigla,external_csv,HT 122A,word_3,445,AB01 AB41 AB118,,AB01 AB41 AB118,AB01 AB41 AB118,AB01 AB41 AB118,http://sigla.phis.me/document/HT%20122a/index-word.html,sigla_word_seq_pattern | source=SigLA | ingested=2026-02-24T02:56:37Z
OBS_000649,external:sigla,external_csv,HT 122A,word_4,446,AB03,,AB03,AB03,AB03,http://sigla.phis.me/document/HT%20122a/index-word.html,sigla_word_seq_pattern | source=SigLA | ingested=2026-02-24T02:56:37Z
OBS_000650,external:sigla,external_csv,HT 122A,word_5,447,AB07,,AB07,AB07,AB07,http://sigla.phis.me/document/HT%20122a/index-word.html,sigla_word_seq_pattern | source=SigLA | ingested=2026-02-24T02:56:37Z
OBS_000651,external:sigla,external_csv,HT 122A,word_6,448,AB04 AB67,,AB04 AB67,AB04 AB67,AB04 AB67,http://sigla.phis.me/document/HT%20122a/index-word.html,sigla_word_seq_pattern | source=SigLA | ingested=2026-02-24T02:56:37Z
OBS_000652,external:sigla,external_csv,HT 122A,word_7,449,AB16 A310 AB28,,AB16 A310 AB28,AB16 A310 AB28,AB16 A310 AB28,http://sigla.phis.me/document/HT%20122a/index-word.html,sigla_word_seq_pattern | source=SigLA | ingested=2026-02-24T02:56:37Z
OBS_000653,external:sigla,external_csv,HT 122A,word_8,450,AB57 AB73 AB01 AB27,,AB57 AB73 AB01 AB27,AB57 AB73 AB01 AB27,AB57 AB73 AB01 AB27,http://sigla.phis.me/document/HT%20122a/index-word.html,sigla_word_seq_pattern | source=SigLA | ingested=2026-02-24T02:56:37Z
OBS_000654,external:sigla,external_csv,HT 122A,word_9,451,AB41 AB01 AB27,,AB41 AB01 AB27,AB41 AB01 AB27,AB41 AB01 AB27,http://sigla.phis.me/document/HT%20122a/index-word.html,sigla_word_seq_pattern | source=SigLA | ingested=2026-02-24T02:56:37Z
OBS_000655,external:sigla,external_csv,HT 122B,word_1,452,AB46 AB07,,AB46 AB07,AB46 AB07,AB46 AB07,http://sigla.phis.me/document/HT%20122b/index-word.html,sigla_word_seq_pattern | source=SigLA | ingested=2026-02-24T02:56:37Z
OBS_000656,external:sigla,external_csv,HT 122B,word_2,453,A306 AB67 AB66,,A306 AB67 AB66,A306 AB67 AB66,A306 AB67 AB66,http://sigla.phis.me/document/HT%20122b/index-word.html,sigla_word_seq_pattern | source=SigLA | ingested=2026-02-24T02:56:37Z
OBS_000657,external:sigla,external_csv,HT 122B,word_4,454,AB08 AB60 AB65 AB10 AB45 AB17,,AB08 AB60 AB65 AB10 AB45 AB17,AB08 AB60 AB65 AB10 AB45 AB17,AB08 AB60 AB65 AB10 AB45 AB17,http://sigla.phis.me/document/HT%20122b/index-word.html,sigla_word_seq_pattern | source=SigLA | ingested=2026-02-24T02:56:37Z
OBS_000658,external:sigla,external_csv,HT 122B,word_5,455,AB16 AB16 AB26,,AB16 AB16 AB26,AB16 AB16 AB26,AB16 AB16 AB26,http://sigla.phis.me/document/HT%20122b/index-word.html,sigla_word_seq_pattern | source=SigLA | ingested=2026-02-24T02:56:37Z
OBS_000659,external:sigla,external_csv,HT 122B,word_6,456,AB01 AB27,,AB01 AB27,AB01 AB27,AB01 AB27,http://sigla.phis.me/document/HT%20122b/index-word.html,sigla_word_seq_pattern | source=SigLA | ingested=2026-02-24T02:56:37Z
OBS_000660,external:sigla,external_csv,HT 122B,word_7,457,AB81 AB02,,AB81 AB02,AB81 AB02,AB81 AB02,http://sigla.phis.me/document/HT%20122b/index-word.html,sigla_word_seq_pattern | source=SigLA | ingested=2026-02-24T02:56:37Z
OBS_000661,external:sigla,external_csv,HT 122B,word_8,458,AB11 AB05 AB81 AB02,,AB11 AB05 AB81 AB02,AB11 AB05 AB81 AB02,AB11 AB05 AB81 AB02,http://sigla.phis.me/document/HT%20122b/index-word.html,sigla_word_seq_pattern | source=SigLA | ingested=2026-02-24T02:56:37Z
OBS_000662,external:youngerarchive,external_csv,HT 123 124,a.1-2_log,459,OLIV,,OLIV,OLIV,OLIV,https://web.archive.org/web/20190416193018/http://www.people.ku.edu/~jyounger/LinearA/HTtexts.html,younger_table_logogram | source=YoungerArchive | ingested=2026-02-24T02:56:37Z
OBS_000663,external:youngerarchive,external_csv,HT 123 124,a.1-2_stmt,460,KI TA I,,KI TA I,KI TA I,KI TA I,https://web.archive.org/web/20190416193018/http://www.people.ku.edu/~jyounger/LinearA/HTtexts.html,younger_table_statement | source=YoungerArchive | ingested=2026-02-24T02:56:37Z
OBS_000664,external:youngerarchive,external_csv,HT 123 124,a.3-4_log,461,OLIV,,OLIV,OLIV,OLIV,https://web.archive.org/web/20190416193018/http://www.people.ku.edu/~jyounger/LinearA/HTtexts.html,younger_table_logogram | source=YoungerArchive | ingested=2026-02-24T02:56:37Z
OBS_000665,external:youngerarchive,external_csv,HT 123 124,a.3-4_stmt,462,PU VINA,,PU VINA,PU VINA,PU VINA,https://web.archive.org/web/20190416193018/http://www.people.ku.edu/~jyounger/LinearA/HTtexts.html,younger_table_statement | source=YoungerArchive | ingested=2026-02-24T02:56:37Z
OBS_000666,external:youngerarchive,external_csv,HT 123 124,a.4-5_log,463,OLIV,,OLIV,OLIV,OLIV,https://web.archive.org/web/20190416193018/http://www.people.ku.edu/~jyounger/LinearA/HTtexts.html,younger_table_logogram | source=YoungerArchive | ingested=2026-02-24T02:56:37Z
OBS_000667,external:youngerarchive,external_csv,HT 123 124,a.4-5_stmt,464,SA RU,,SA RU,SA RU,SA RU,https://web.archive.org/web/20190416193018/http://www.people.ku.edu/~jyounger/LinearA/HTtexts.html,younger_table_statement | source=YoungerArchive | ingested=2026-02-24T02:56:37Z
OBS_000668,external:youngerarchive,external_csv,HT 123 124,a.6-7_log,465,OLIV,,OLIV,OLIV,OLIV,https://web.archive.org/web/20190416193018/http://www.people.ku.edu/~jyounger/LinearA/HTtexts.html,younger_table_logogram | source=YoungerArchive | ingested=2026-02-24T02:56:37Z
OBS_000669,external:youngerarchive,external_csv,HT 123 124,a.6-7_stmt,466,DA TU,,DA TU,DA TU,DA TU,https://web.archive.org/web/20190416193018/http://www.people.ku.edu/~jyounger/LinearA/HTtexts.html,younger_table_statement | source=YoungerArchive | ingested=2026-02-24T02:56:37Z
OBS_000670,external:youngerarchive,external_csv,HT 123 124,a.7-9_log,467,OLIV,,OLIV,OLIV,OLIV,https://web.archive.org/web/20190416193018/http://www.people.ku.edu/~jyounger/LinearA/HTtexts.html,younger_table_logogram | source=YoungerArchive | ingested=2026-02-24T02:56:37Z
OBS_000671,external:youngerarchive,external_csv,HT 123 124,a.7-9_stmt,468,KU RO,,KU RO,KU RO,KU RO,https://web.archive.org/web/20190416193018/http://www.people.ku.edu/~jyounger/LinearA/HTtexts.html,younger_table_statement | source=YoungerArchive | ingested=2026-02-24T02:56:37Z
OBS_000672,external:youngerarchive,external_csv,HT 123 124,a.8-9_stmt,469,KU RO,,KU RO,KU RO,KU RO,https://web.archive.org/web/20190416193018/http://www.people.ku.edu/~jyounger/LinearA/HTtexts.html,younger_table_statement | source=YoungerArchive | ingested=2026-02-24T02:56:37Z
OBS_000673,external:youngerarchive,external_csv,HT 123 124,b.2_stmt,470,PI SA,,PI SA,PI SA,PI SA,https://web.archive.org/web/20190416193018/http://www.people.ku.edu/~jyounger/LinearA/HTtexts.html,younger_table_statement | source=YoungerArchive | ingested=2026-02-24T02:56:37Z
OBS_000674,external:youngerarchive,external_csv,HT 123 124,b.2_stmt,471,TI DA TA,,TI DA TA,TI DA TA,TI DA TA,https://web.archive.org/web/20190416193018/http://www.people.ku.edu/~jyounger/LinearA/HTtexts.html,younger_table_statement | source=YoungerArchive | ingested=2026-02-24T02:56:37Z
OBS_000675,external:youngerarchive,external_csv,HT 123 124,b.3-4_stmt,472,TU PA DI DA,,TU PA DI DA,TU PA DI DA,TU PA DI DA,https://web.archive.org/web/20190416193018/http://www.people.ku.edu/~jyounger/LinearA/HTtexts.html,younger_table_statement | source=YoungerArchive | ingested=2026-02-24T02:56:37Z
OBS_000676,external:youngerarchive,external_csv,HT 123 124,b.4-5_stmt,473,]SI DU,,]SI DU,]SI DU,]SI DU,https://web.archive.org/web/20190416193018/http://www.people.ku.edu/~jyounger/LinearA/HTtexts.html,younger_table_statement | source=YoungerArchive | ingested=2026-02-24T02:56:37Z
OBS_000677,external:youngerarchive,external_csv,HT 123 124,b.4_stmt,474,KA NA,,KA NA,KA NA,KA NA,https://web.archive.org/web/20190416193018/http://www.people.ku.edu/~jyounger/LinearA/HTtexts.html,younger_table_statement | source=YoungerArchive | ingested=2026-02-24T02:56:37Z
OBS_000678,external:youngerarchive,external_csv,HT 123 124,b.5_stmt,475,DU MA I NA,,DU MA I NA,DU MA I NA,DU MA I NA,https://web.archive.org/web/20190416193018/http://www.people.ku.edu/~jyounger/LinearA/HTtexts.html,younger_table_statement | source=YoungerArchive | ingested=2026-02-24T02:56:37Z
OBS_000679,external:youngerarchive,external_csv,HT 123 124,b.6_stmt,476,KI RO,,KI RO,KI RO,KI RO,https://web.archive.org/web/20190416193018/http://www.people.ku.edu/~jyounger/LinearA/HTtexts.html,younger_table_statement | source=YoungerArchive | ingested=2026-02-24T02:56:37Z
OBS_000680,external:youngerarchive,external_csv,HT 123 124,b.6_stmt,477,KU RO,,KU RO,KU RO,KU RO,https://web.archive.org/web/20190416193018/http://www.people.ku.edu/~jyounger/LinearA/HTtexts.html,younger_table_statement | source=YoungerArchive | ingested=2026-02-24T02:56:37Z
OBS_000681,external:sigla,external_csv,HT 123A,word_1,478,AB67 AB59 AB28,,AB67 AB59 AB28,AB67 AB59 AB28,AB67 AB59 AB28,http://sigla.phis.me/document/HT%20123a/index-word.html,sigla_word_seq_pattern | source=SigLA | ingested=2026-02-24T02:56:37Z
OBS_000682,external:sigla,external_csv,HT 123A,word_10,479,AB81 AB02,,AB81 AB02,AB81 AB02,AB81 AB02,http://sigla.phis.me/document/HT%20123a/index-word.html,sigla_word_seq_pattern | source=SigLA | ingested=2026-02-24T02:56:37Z
OBS_000683,external:sigla,external_csv,HT 123A,word_11,480,AB81 AB02,,AB81 AB02,AB81 AB02,AB81 AB02,http://sigla.phis.me/document/HT%20123a/index-word.html,sigla_word_seq_pattern | source=SigLA | ingested=2026-02-24T02:56:37Z
OBS_000684,external:sigla,external_csv,HT 123A,word_12,481,AB67 AB02,,AB67 AB02,AB67 AB02,AB67 AB02,http://sigla.phis.me/document/HT%20123a/index-word.html,sigla_word_seq_pattern | source=SigLA | ingested=2026-02-24T02:56:37Z
OBS_000685,external:sigla,external_csv,HT 123A,word_2,482,A308,,A308,A308,A308,http://sigla.phis.me/document/HT%20123a/index-word.html,sigla_word_seq_pattern | source=SigLA | ingested=2026-02-24T02:56:37Z
OBS_000686,external:sigla,external_csv,HT 123A,word_3,483,AB67 AB02,,AB67 AB02,AB67 AB02,AB67 AB02,http://sigla.phis.me/document/HT%20123a/index-word.html,sigla_word_seq_pattern | source=SigLA | ingested=2026-02-24T02:56:37Z
OBS_000687,external:sigla,external_csv,HT 123A,word_4,484,AB50 AB131A,,AB50 AB131A,AB50 AB131A,AB50 AB131A,http://sigla.phis.me/document/HT%20123a/index-word.html,sigla_word_seq_pattern | source=SigLA | ingested=2026-02-24T02:56:37Z
OBS_000688,external:sigla,external_csv,HT 123A,word_5,485,AB67 AB02,,AB67 AB02,AB67 AB02,AB67 AB02,http://sigla.phis.me/document/HT%20123a/index-word.html,sigla_word_seq_pattern | source=SigLA | ingested=2026-02-24T02:56:37Z
OBS_000689,external:sigla,external_csv,HT 123A,word_6,486,AB31 AB26,,AB31 AB26,AB31 AB26,AB31 AB26,http://sigla.phis.me/document/HT%20123a/index-word.html,sigla_word_seq_pattern | source=SigLA | ingested=2026-02-24T02:56:37Z
OBS_000690,external:sigla,external_csv,HT 123A,word_7,487,AB67 AB02,,AB67 AB02,AB67 AB02,AB67 AB02,http://sigla.phis.me/document/HT%20123a/index-word.html,sigla_word_seq_pattern | source=SigLA | ingested=2026-02-24T02:56:37Z
OBS_000691,external:sigla,external_csv,HT 123A,word_8,488,AB01 AB67,,AB01 AB67,AB01 AB67,AB01 AB67,http://sigla.phis.me/document/HT%20123a/index-word.html,sigla_word_seq_pattern | source=SigLA | ingested=2026-02-24T02:56:37Z
OBS_000692,external:sigla,external_csv,HT 123A,word_9,489,AB67 AB02,,AB67 AB02,AB67 AB02,AB67 AB02,http://sigla.phis.me/document/HT%20123a/index-word.html,sigla_word_seq_pattern | source=SigLA | ingested=2026-02-24T02:56:37Z
OBS_000693,external:sigla,external_csv,HT 123B,word_1,490,AB37 AB01 AB59,,AB37 AB01 AB59,AB37 AB01 AB59,AB37 AB01 AB59,http://sigla.phis.me/document/HT%20123b/index-word.html,sigla_word_seq_pattern | source=SigLA | ingested=2026-02-24T02:56:37Z
OBS_000694,external:sigla,external_csv,HT 123B,word_10,491,AB67 AB02,,AB67 AB02,AB67 AB02,AB67 AB02,http://sigla.phis.me/document/HT%20123b/index-word.html,sigla_word_seq_pattern | source=SigLA | ingested=2026-02-24T02:56:37Z
OBS_000695,external:sigla,external_csv,HT 123B,word_2,492,AB39 AB31,,AB39 AB31,AB39 AB31,AB39 AB31,http://sigla.phis.me/document/HT%20123b/index-word.html,sigla_word_seq_pattern | source=SigLA | ingested=2026-02-24T02:56:37Z
OBS_000696,external:sigla,external_csv,HT 123B,word_3,493,AB188,,AB188,AB188,AB188,http://sigla.phis.me/document/HT%20123b/index-word.html,sigla_word_seq_pattern | source=SigLA | ingested=2026-02-24T02:56:37Z
OBS_000697,external:sigla,external_csv,HT 123B,word_4,494,AB51,,AB51,AB51,AB51,http://sigla.phis.me/document/HT%20123b/index-word.html,sigla_word_seq_pattern | source=SigLA | ingested=2026-02-24T02:56:37Z
OBS_000698,external:sigla,external_csv,HT 123B,word_5,495,AB69 AB02 AB07 AB01,,AB69 AB02 AB07 AB01,AB69 AB02 AB07 AB01,AB69 AB02 AB07 AB01,http://sigla.phis.me/document/HT%20123b/index-word.html,sigla_word_seq_pattern | source=SigLA | ingested=2026-02-24T02:56:37Z
OBS_000699,external:sigla,external_csv,HT 123B,word_6,496,AB77 AB06,,AB77 AB06,AB77 AB06,AB77 AB06,http://sigla.phis.me/document/HT%20123b/index-word.html,sigla_word_seq_pattern | source=SigLA | ingested=2026-02-24T02:56:37Z
OBS_000700,external:sigla,external_csv,HT 123B,word_7,497,AB41 AB51,,AB41 AB51,AB41 AB51,AB41 AB51,http://sigla.phis.me/document/HT%20123b/index-word.html,sigla_word_seq_pattern | source=SigLA | ingested=2026-02-24T02:56:37Z
OBS_000701,external:sigla,external_csv,HT 123B,word_8,498,AB51 AB80 AB28 AB06,,AB51 AB80 AB28 AB06,AB51 AB80 AB28 AB06,AB51 AB80 AB28 AB06,http://sigla.phis.me/document/HT%20123b/index-word.html,sigla_word_seq_pattern | source=SigLA | ingested=2026-02-24T02:56:37Z
OBS_000702,external:sigla,external_csv,HT 123B,word_9,499,AB81 AB02,,AB81 AB02,AB81 AB02,AB81 AB02,http://sigla.phis.me/document/HT%20123b/index-word.html,sigla_word_seq_pattern | source=SigLA | ingested=2026-02-24T02:56:37Z
OBS_000703,external:youngerarchive,external_csv,HT 125,a.2_log,500,OLE U,,OLE U,OLE U,OLE U,https://web.archive.org/web/20190416193018/http://www.people.ku.edu/~jyounger/LinearA/HTtexts.html,younger_table_logogram | source=YoungerArchive | ingested=2026-02-24T02:56:37Z
OBS_000704,external:youngerarchive,external_csv,HT 125,a.2_log,501,]OLE KI,,]OLE KI,]OLE KI,]OLE KI,https://web.archive.org/web/20190416193018/http://www.people.ku.edu/~jyounger/LinearA/HTtexts.html,younger_table_logogram | source=YoungerArchive | ingested=2026-02-24T02:56:37Z
OBS_000705,external:youngerarchive,external_csv,HT 125,a.3_log,502,]OLE MI,,]OLE MI,]OLE MI,]OLE MI,https://web.archive.org/web/20190416193018/http://www.people.ku.edu/~jyounger/LinearA/HTtexts.html,younger_table_logogram | source=YoungerArchive | ingested=2026-02-24T02:56:37Z
OBS_000706,external:youngerarchive,external_csv,HT 125,a.4_log,503,GRA,,GRA,GRA,GRA,https://web.archive.org/web/20190416193018/http://www.people.ku.edu/~jyounger/LinearA/HTtexts.html,younger_table_logogram | source=YoungerArchive | ingested=2026-02-24T02:56:37Z
OBS_000707,external:youngerarchive,external_csv,HT 125,a.4_stmt,504,]SA RA2,,]SA RA2,]SA RA2,]SA RA2,https://web.archive.org/web/20190416193018/http://www.people.ku.edu/~jyounger/LinearA/HTtexts.html,younger_table_statement | source=YoungerArchive | ingested=2026-02-24T02:56:37Z
OBS_000708,external:youngerarchive,external_csv,HT 125,b.3_log,505,GRA PA,,GRA PA,GRA PA,GRA PA,https://web.archive.org/web/20190416193018/http://www.people.ku.edu/~jyounger/LinearA/HTtexts.html,younger_table_logogram | source=YoungerArchive | ingested=2026-02-24T02:56:37Z
OBS_000709,external:youngerarchive,external_csv,HT 125,b.3_stmt,506,RE TA2,,RE TA2,RE TA2,RE TA2,https://web.archive.org/web/20190416193018/http://www.people.ku.edu/~jyounger/LinearA/HTtexts.html,younger_table_statement | source=YoungerArchive | ingested=2026-02-24T02:56:37Z
OBS_000710,external:youngerarchive,external_csv,HT 125,b.4_log,507,FIC,,FIC,FIC,FIC,https://web.archive.org/web/20190416193018/http://www.people.ku.edu/~jyounger/LinearA/HTtexts.html,younger_table_logogram | source=YoungerArchive | ingested=2026-02-24T02:56:37Z
OBS_000711,external:youngerarchive,external_csv,HT 125,b.4_log,508,GRA F,,GRA F,GRA F,GRA F,https://web.archive.org/web/20190416193018/http://www.people.ku.edu/~jyounger/LinearA/HTtexts.html,younger_table_logogram | source=YoungerArchive | ingested=2026-02-24T02:56:37Z
OBS_000712,external:youngerarchive,external_csv,HT 126,a.1_stmt,509,DA NA SI,,DA NA SI,DA NA SI,DA NA SI,https://web.archive.org/web/20190416193018/http://www.people.ku.edu/~jyounger/LinearA/HTtexts.html,younger_table_statement | source=YoungerArchive | ingested=2026-02-24T02:56:37Z
OBS_000713,external:youngerarchive,external_csv,HT 126,a.3_stmt,510,SI DI JA,,SI DI JA,SI DI JA,SI DI JA,https://web.archive.org/web/20190416193018/http://www.people.ku.edu/~jyounger/LinearA/HTtexts.html,younger_table_statement | source=YoungerArchive | ingested=2026-02-24T02:56:37Z
OBS_000714,external:youngerarchive,external_csv,HT 126,b.2_log,511,OVISF[,,OVISF[,OVISF[,OVISF[,https://web.archive.org/web/20190416193018/http://www.people.ku.edu/~jyounger/LinearA/HTtexts.html,younger_table_logogram | source=YoungerArchive | ingested=2026-02-24T02:56:37Z
OBS_000715,external:youngerarchive,external_csv,HT 126,b.2_log,512,TWE,,TWE,TWE,TWE,https://web.archive.org/web/20190416193018/http://www.people.ku.edu/~jyounger/LinearA/HTtexts.html,younger_table_logogram | source=YoungerArchive | ingested=2026-02-24T02:56:37Z
OBS_000716,external:sigla,external_csv,HT 126A,word_1,513,AB01 AB06 AB41,,AB01 AB06 AB41,AB01 AB06 AB41,AB01 AB06 AB41,http://sigla.phis.me/document/HT%20126a/index-word.html,sigla_word_seq_pattern | source=SigLA | ingested=2026-02-24T02:56:37Z
OBS_000717,external:sigla,external_csv,HT 126A,word_2,514,AB08 AB06 [?],,AB08 AB06 [?],AB08 AB06 [?],AB08 AB06 [?],http://sigla.phis.me/document/HT%20126a/index-word.html,sigla_word_seq_pattern | source=SigLA | ingested=2026-02-24T02:56:37Z
OBS_000718,external:sigla,external_csv,HT 126A,word_3,515,AB10,,AB10,AB10,AB10,http://sigla.phis.me/document/HT%20126a/index-word.html,sigla_word_seq_pattern | source=SigLA | ingested=2026-02-24T02:56:37Z
OBS_000719,external:sigla,external_csv,HT 126A,word_4,516,AB41 AB07 AB57,,AB41 AB07 AB57,AB41 AB07 AB57,AB41 AB07 AB57,http://sigla.phis.me/document/HT%20126a/index-word.html,sigla_word_seq_pattern | source=SigLA | ingested=2026-02-24T02:56:37Z
OBS_000720,external:sigla,external_csv,HT 126A,word_5,517,AB10 AB49,,AB10 AB49,AB10 AB49,AB10 AB49,http://sigla.phis.me/document/HT%20126a/index-word.html,sigla_word_seq_pattern | source=SigLA | ingested=2026-02-24T02:56:37Z
OBS_000721,external:sigla,external_csv,HT 126A,word_6,518,AB39,,AB39,AB39,AB39,http://sigla.phis.me/document/HT%20126a/index-word.html,sigla_word_seq_pattern | source=SigLA | ingested=2026-02-24T02:56:37Z
OBS_000722,external:youngerarchive,external_csv,HT 127,a.2_stmt,519,]DU NE MI,,]DU NE MI,]DU NE MI,]DU NE MI,https://web.archive.org/web/20190416193018/http://www.people.ku.edu/~jyounger/LinearA/HTtexts.html,younger_table_statement | source=YoungerArchive | ingested=2026-02-24T02:56:37Z
OBS_000723,external:youngerarchive,external_csv,HT 127,a.3_stmt,520,PA DA KU[,,PA DA KU[,PA DA KU[,PA DA KU[,https://web.archive.org/web/20190416193018/http://www.people.ku.edu/~jyounger/LinearA/HTtexts.html,younger_table_statement | source=YoungerArchive | ingested=2026-02-24T02:56:37Z
OBS_000724,external:youngerarchive,external_csv,HT 127,b.4_stmt,521,KU RO,,KU RO,KU RO,KU RO,https://web.archive.org/web/20190416193018/http://www.people.ku.edu/~jyounger/LinearA/HTtexts.html,younger_table_statement | source=YoungerArchive | ingested=2026-02-24T02:56:37Z
OBS_000725,external:youngerarchive,external_csv,HT 127,b.5_log,522,KI ME,,KI ME,KI ME,KI ME,https://web.archive.org/web/20190416193018/http://www.people.ku.edu/~jyounger/LinearA/HTtexts.html,younger_table_logogram | source=YoungerArchive | ingested=2026-02-24T02:56:37Z
OBS_000726,external:youngerarchive,external_csv,HT 127,b.5_log,523,VIR *313C,,VIR *313C,VIR *313C,VIR *313C,https://web.archive.org/web/20190416193018/http://www.people.ku.edu/~jyounger/LinearA/HTtexts.html,younger_table_logogram | source=YoungerArchive | ingested=2026-02-24T02:56:37Z
OBS_000727,external:youngerarchive,external_csv,HT 127,b.6_log,524,KI ME,,KI ME,KI ME,KI ME,https://web.archive.org/web/20190416193018/http://www.people.ku.edu/~jyounger/LinearA/HTtexts.html,younger_table_logogram | source=YoungerArchive | ingested=2026-02-24T02:56:37Z
OBS_000728,external:youngerarchive,external_csv,HT 127,b.7_stmt,525,KU RO,,KU RO,KU RO,KU RO,https://web.archive.org/web/20190416193018/http://www.people.ku.edu/~jyounger/LinearA/HTtexts.html,younger_table_statement | source=YoungerArchive | ingested=2026-02-24T02:56:37Z
OBS_000729,external:sigla,external_csv,HT 127A,word_1,526,AB51 AB24 AB73,,AB51 AB24 AB73,AB51 AB24 AB73,AB51 AB24 AB73,http://sigla.phis.me/document/HT%20127a/index-word.html,sigla_word_seq_pattern | source=SigLA | ingested=2026-02-24T02:56:37Z
OBS_000730,external:sigla,external_csv,HT 127A,word_2,527,A629 AB01 AB47 AB81,,A629 AB01 AB47 AB81,A629 AB01 AB47 AB81,A629 AB01 AB47 AB81,http://sigla.phis.me/document/HT%20127a/index-word.html,sigla_word_seq_pattern | source=SigLA | ingested=2026-02-24T02:56:37Z
OBS_000731,external:sigla,external_csv,HT 127B,word_1,528,AB24,,AB24,AB24,AB24,http://sigla.phis.me/document/HT%20127b/index-word.html,sigla_word_seq_pattern | source=SigLA | ingested=2026-02-24T02:56:37Z
OBS_000732,external:sigla,external_csv,HT 127B,word_2,529,AB81 AB02,,AB81 AB02,AB81 AB02,AB81 AB02,http://sigla.phis.me/document/HT%20127b/index-word.html,sigla_word_seq_pattern | source=SigLA | ingested=2026-02-24T02:56:37Z
OBS_000733,external:sigla,external_csv,HT 127B,word_3,530,AB81 AB02,,AB81 AB02,AB81 AB02,AB81 AB02,http://sigla.phis.me/document/HT%20127b/index-word.html,sigla_word_seq_pattern | source=SigLA | ingested=2026-02-24T02:56:37Z
OBS_000734,external:youngerarchive,external_csv,HT 128,a.1-2_stmt,531,TU RU NU SE ME,,TU RU NU SE ME,TU RU NU SE ME,TU RU NU SE ME,https://web.archive.org/web/20190416193018/http://www.people.ku.edu/~jyounger/LinearA/HTtexts.html,younger_table_statement | source=YoungerArchive | ingested=2026-02-24T02:56:37Z
OBS_000735,external:youngerarchive,external_csv,HT 128,a.1_stmt,532,PA RA,,PA RA,PA RA,PA RA,https://web.archive.org/web/20190416193018/http://www.people.ku.edu/~jyounger/LinearA/HTtexts.html,younger_table_statement | source=YoungerArchive | ingested=2026-02-24T02:56:37Z
OBS_000736,external:youngerarchive,external_csv,HT 128,a.2_log,533,GRA KU,,GRA KU,GRA KU,GRA KU,https://web.archive.org/web/20190416193018/http://www.people.ku.edu/~jyounger/LinearA/HTtexts.html,younger_table_logogram | source=YoungerArchive | ingested=2026-02-24T02:56:37Z
OBS_000737,external:youngerarchive,external_csv,HT 128,a.2_stmt,534,WA TU MA RE,,WA TU MA RE,WA TU MA RE,WA TU MA RE,https://web.archive.org/web/20190416193018/http://www.people.ku.edu/~jyounger/LinearA/HTtexts.html,younger_table_statement | source=YoungerArchive | ingested=2026-02-24T02:56:37Z
OBS_000738,external:youngerarchive,external_csv,HT 128,a.3_log,535,GRA KU,,GRA KU,GRA KU,GRA KU,https://web.archive.org/web/20190416193018/http://www.people.ku.edu/~jyounger/LinearA/HTtexts.html,younger_table_logogram | source=YoungerArchive | ingested=2026-02-24T02:56:37Z
OBS_000739,external:youngerarchive,external_csv,HT 128,a.3_log,536,GRA PA,,GRA PA,GRA PA,GRA PA,https://web.archive.org/web/20190416193018/http://www.people.ku.edu/~jyounger/LinearA/HTtexts.html,younger_table_logogram | source=YoungerArchive | ingested=2026-02-24T02:56:37Z
OBS_000740,external:youngerarchive,external_csv,HT 128,a.3_stmt,537,]MI TA,,]MI TA,]MI TA,]MI TA,https://web.archive.org/web/20190416193018/http://www.people.ku.edu/~jyounger/LinearA/HTtexts.html,younger_table_statement | source=YoungerArchive | ingested=2026-02-24T02:56:37Z
OBS_000741,external:youngerarchive,external_csv,HT 128,a.4_log,538,GRA KU,,GRA KU,GRA KU,GRA KU,https://web.archive.org/web/20190416193018/http://www.people.ku.edu/~jyounger/LinearA/HTtexts.html,younger_table_logogram | source=YoungerArchive | ingested=2026-02-24T02:56:37Z
OBS_000742,external:youngerarchive,external_csv,HT 128,a.4_stmt,539,MA RI,,MA RI,MA RI,MA RI,https://web.archive.org/web/20190416193018/http://www.people.ku.edu/~jyounger/LinearA/HTtexts.html,younger_table_statement | source=YoungerArchive | ingested=2026-02-24T02:56:37Z
OBS_000743,external:youngerarchive,external_csv,HT 128,b.1_log,540,GRA KU,,GRA KU,GRA KU,GRA KU,https://web.archive.org/web/20190416193018/http://www.people.ku.edu/~jyounger/LinearA/HTtexts.html,younger_table_logogram | source=YoungerArchive | ingested=2026-02-24T02:56:37Z
OBS_000744,external:youngerarchive,external_csv,HT 128,b.2_log,541,GRA KU,,GRA KU,GRA KU,GRA KU,https://web.archive.org/web/20190416193018/http://www.people.ku.edu/~jyounger/LinearA/HTtexts.html,younger_table_logogram | source=YoungerArchive | ingested=2026-02-24T02:56:37Z
OBS_000745,external:sigla,external_csv,HT 128A,word_1,542,AB03 AB60,,AB03 AB60,AB03 AB60,AB03 AB60,http://sigla.phis.me/document/HT%20128a/index-word.html,sigla_word_seq_pattern | source=SigLA | ingested=2026-02-24T02:56:37Z
OBS_000746,external:sigla,external_csv,HT 128A,word_2,543,AB69 AB26 AB56 AB09 AB13,,AB69 AB26 AB56 AB09 AB13,AB69 AB26 AB56 AB09 AB13,AB69 AB26 AB56 AB09 AB13,http://sigla.phis.me/document/HT%20128a/index-word.html,sigla_word_seq_pattern | source=SigLA | ingested=2026-02-24T02:56:37Z
OBS_000747,external:sigla,external_csv,HT 128A,word_3,544,AB54 AB69 AB80 AB27,,AB54 AB69 AB80 AB27,AB54 AB69 AB80 AB27,AB54 AB69 AB80 AB27,http://sigla.phis.me/document/HT%20128a/index-word.html,sigla_word_seq_pattern | source=SigLA | ingested=2026-02-24T02:56:37Z
OBS_000748,external:sigla,external_csv,HT 128A,word_4,545,AB73 AB59,,AB73 AB59,AB73 AB59,AB73 AB59,http://sigla.phis.me/document/HT%20128a/index-word.html,sigla_word_seq_pattern | source=SigLA | ingested=2026-02-24T02:56:37Z
OBS_000749,external:sigla,external_csv,HT 128A,word_5,546,AB07,,AB07,AB07,AB07,http://sigla.phis.me/document/HT%20128a/index-word.html,sigla_word_seq_pattern | source=SigLA | ingested=2026-02-24T02:56:37Z
OBS_000750,external:sigla,external_csv,HT 128A,word_6,547,A579,,A579,A579,A579,http://sigla.phis.me/document/HT%20128a/index-word.html,sigla_word_seq_pattern | source=SigLA | ingested=2026-02-24T02:56:37Z
OBS_000751,external:sigla,external_csv,HT 128A,word_7,548,AB80 AB53,,AB80 AB53,AB80 AB53,AB80 AB53,http://sigla.phis.me/document/HT%20128a/index-word.html,sigla_word_seq_pattern | source=SigLA | ingested=2026-02-24T02:56:37Z
OBS_000752,external:sigla,external_csv,HT 128B,word_1,549,AB100 A329,,AB100 A329,AB100 A329,AB100 A329,http://sigla.phis.me/document/HT%20128b/index-word.html,sigla_word_seq_pattern | source=SigLA | ingested=2026-02-24T02:56:37Z
OBS_000753,external:sigla,external_csv,HT 128B,word_2,550,AB26 [?],,AB26 [?],AB26 [?],AB26 [?],http://sigla.phis.me/document/HT%20128b/index-word.html,sigla_word_seq_pattern | source=SigLA | ingested=2026-02-24T02:56:37Z
OBS_000754,external:youngerarchive,external_csv,HT 129,.1_log,551,GRA,,GRA,GRA,GRA,https://web.archive.org/web/20190416193018/http://www.people.ku.edu/~jyounger/LinearA/HTtexts.html,younger_table_logogram | source=YoungerArchive | ingested=2026-02-24T02:56:37Z
OBS_000755,external:youngerarchive,external_csv,HT 129,.1_stmt,552,KI RE TA2,,KI RE TA2,KI RE TA2,KI RE TA2,https://web.archive.org/web/20190416193018/http://www.people.ku.edu/~jyounger/LinearA/HTtexts.html,younger_table_statement | source=YoungerArchive | ingested=2026-02-24T02:56:37Z
OBS_000756,external:youngerarchive,external_csv,HT 129,.2-3_log,553,GRA,,GRA,GRA,GRA,https://web.archive.org/web/20190416193018/http://www.people.ku.edu/~jyounger/LinearA/HTtexts.html,younger_table_logogram | source=YoungerArchive | ingested=2026-02-24T02:56:37Z
OBS_000757,external:youngerarchive,external_csv,HT 129,.2-3_stmt,554,TU QIF RI NA,,TU QIF RI NA,TU QIF RI NA,TU QIF RI NA,https://web.archive.org/web/20190416193018/http://www.people.ku.edu/~jyounger/LinearA/HTtexts.html,younger_table_statement | source=YoungerArchive | ingested=2026-02-24T02:56:37Z
OBS_000758,external:youngerarchive,external_csv,HT 129,.2_log,555,FIC,,FIC,FIC,FIC,https://web.archive.org/web/20190416193018/http://www.people.ku.edu/~jyounger/LinearA/HTtexts.html,younger_table_logogram | source=YoungerArchive | ingested=2026-02-24T02:56:37Z
OBS_000759,external:youngerarchive,external_csv,HT 129,.3_log,556,OLE DI,,OLE DI,OLE DI,OLE DI,https://web.archive.org/web/20190416193018/http://www.people.ku.edu/~jyounger/LinearA/HTtexts.html,younger_table_logogram | source=YoungerArchive | ingested=2026-02-24T02:56:37Z
OBS_000760,external:youngerarchive,external_csv,HT 129,.4_log,557,]OLE KI,,]OLE KI,]OLE KI,]OLE KI,https://web.archive.org/web/20190416193018/http://www.people.ku.edu/~jyounger/LinearA/HTtexts.html,younger_table_logogram | source=YoungerArchive | ingested=2026-02-24T02:56:37Z
OBS_000761,external:sigla,external_csv,HT 129,word_1,558,AB69 AB26 AB66,,AB69 AB26 AB66,AB69 AB26 AB66,AB69 AB26 AB66,http://sigla.phis.me/document/HT%20129/index-word.html,sigla_word_seq_pattern | source=SigLA | ingested=2026-02-24T02:56:37Z
OBS_000762,external:sigla,external_csv,HT 129,word_2,559,AB69 AB21F AB53 AB06,,AB69 AB21F AB53 AB06,AB69 AB21F AB53 AB06,AB69 AB21F AB53 AB06,http://sigla.phis.me/document/HT%20129/index-word.html,sigla_word_seq_pattern | source=SigLA | ingested=2026-02-24T02:56:37Z
OBS_000763,external:youngerarchive,external_csv,HT 13,.1-2_log,560,VINA TE,,VINA TE,VINA TE,VINA TE,https://web.archive.org/web/20190416193018/http://www.people.ku.edu/~jyounger/LinearA/HTtexts.html,younger_table_logogram | source=YoungerArchive | ingested=2026-02-24T02:56:37Z
OBS_000764,external:youngerarchive,external_csv,HT 13,.1-2_stmt,561,KA U DE TA,,KA U DE TA,KA U DE TA,KA U DE TA,https://web.archive.org/web/20190416193018/http://www.people.ku.edu/~jyounger/LinearA/HTtexts.html,younger_table_statement | source=YoungerArchive | ingested=2026-02-24T02:56:37Z
OBS_000765,external:youngerarchive,external_csv,HT 13,.2_stmt,562,RE ZA,,RE ZA,RE ZA,RE ZA,https://web.archive.org/web/20190416193018/http://www.people.ku.edu/~jyounger/LinearA/HTtexts.html,younger_table_statement | source=YoungerArchive | ingested=2026-02-24T02:56:37Z
OBS_000766,external:youngerarchive,external_csv,HT 13,.3-4_stmt,563,TE KI,,TE KI,TE KI,TE KI,https://web.archive.org/web/20190416193018/http://www.people.ku.edu/~jyounger/LinearA/HTtexts.html,younger_table_statement | source=YoungerArchive | ingested=2026-02-24T02:56:37Z
OBS_000767,external:youngerarchive,external_csv,HT 13,.3_stmt,564,TE TU,,TE TU,TE TU,TE TU,https://web.archive.org/web/20190416193018/http://www.people.ku.edu/~jyounger/LinearA/HTtexts.html,younger_table_statement | source=YoungerArchive | ingested=2026-02-24T02:56:37Z
OBS_000768,external:youngerarchive,external_csv,HT 13,.4_stmt,565,KU ZU NI,,KU ZU NI,KU ZU NI,KU ZU NI,https://web.archive.org/web/20190416193018/http://www.people.ku.edu/~jyounger/LinearA/HTtexts.html,younger_table_statement | source=YoungerArchive | ingested=2026-02-24T02:56:37Z
OBS_000769,external:youngerarchive,external_csv,HT 13,.5-6_stmt,566,I DU NE SI,,I DU NE SI,I DU NE SI,I DU NE SI,https://web.archive.org/web/20190416193018/http://www.people.ku.edu/~jyounger/LinearA/HTtexts.html,younger_table_statement | source=YoungerArchive | ingested=2026-02-24T02:56:37Z
OBS_000770,external:youngerarchive,external_csv,HT 13,.5_stmt,567,DA SI,,DA SI,DA SI,DA SI,https://web.archive.org/web/20190416193018/http://www.people.ku.edu/~jyounger/LinearA/HTtexts.html,younger_table_statement | source=YoungerArchive | ingested=2026-02-24T02:56:37Z
OBS_000771,external:youngerarchive,external_csv,HT 13,.7_stmt,568,KU RO,,KU RO,KU RO,KU RO,https://web.archive.org/web/20190416193018/http://www.people.ku.edu/~jyounger/LinearA/HTtexts.html,younger_table_statement | source=YoungerArchive | ingested=2026-02-24T02:56:37Z
OBS_000772,external:sigla,external_csv,HT 13,word_1,569,AB77 AB10 AB45 AB59,,AB77 AB10 AB45 AB59,AB77 AB10 AB45 AB59,AB77 AB10 AB45 AB59,http://sigla.phis.me/document/HT%2013/index-word.html,sigla_word_seq_pattern | source=SigLA | ingested=2026-02-24T02:56:37Z
OBS_000773,external:sigla,external_csv,HT 13,word_2,570,AB27 AB17,,AB27 AB17,AB27 AB17,AB27 AB17,http://sigla.phis.me/document/HT%2013/index-word.html,sigla_word_seq_pattern | source=SigLA | ingested=2026-02-24T02:56:37Z
OBS_000774,external:sigla,external_csv,HT 13,word_3,571,AB04 AB69,,AB04 AB69,AB04 AB69,AB04 AB69,http://sigla.phis.me/document/HT%2013/index-word.html,sigla_word_seq_pattern | source=SigLA | ingested=2026-02-24T02:56:37Z
OBS_000775,external:sigla,external_csv,HT 13,word_4,572,AB04 AB67,,AB04 AB67,AB04 AB67,AB04 AB67,http://sigla.phis.me/document/HT%2013/index-word.html,sigla_word_seq_pattern | source=SigLA | ingested=2026-02-24T02:56:37Z
OBS_000776,external:sigla,external_csv,HT 13,word_5,573,AB81 AB79 AB30,,AB81 AB79 AB30,AB81 AB79 AB30,AB81 AB79 AB30,http://sigla.phis.me/document/HT%2013/index-word.html,sigla_word_seq_pattern | source=SigLA | ingested=2026-02-24T02:56:37Z
OBS_000777,external:sigla,external_csv,HT 13,word_6,574,AB01 AB41 AB118,,AB01 AB41 AB118,AB01 AB41 AB118,AB01 AB41 AB118,http://sigla.phis.me/document/HT%2013/index-word.html,sigla_word_seq_pattern | source=SigLA | ingested=2026-02-24T02:56:37Z
OBS_000778,external:sigla,external_csv,HT 13,word_7,575,AB28 AB51 AB24 AB41,,AB28 AB51 AB24 AB41,AB28 AB51 AB24 AB41,AB28 AB51 AB24 AB41,http://sigla.phis.me/document/HT%2013/index-word.html,sigla_word_seq_pattern | source=SigLA | ingested=2026-02-24T02:56:37Z
OBS_000779,external:sigla,external_csv,HT 13,word_8,576,AB81 AB02,,AB81 AB02,AB81 AB02,AB81 AB02,http://sigla.phis.me/document/HT%2013/index-word.html,sigla_word_seq_pattern | source=SigLA | ingested=2026-02-24T02:56:37Z
OBS_000780,external:youngerarchive,external_csv,HT 130,.2_stmt,577,SA RA2,,SA RA2,SA RA2,SA RA2,https://web.archive.org/web/20190416193018/http://www.people.ku.edu/~jyounger/LinearA/HTtexts.html,younger_table_statement | source=YoungerArchive | ingested=2026-02-24T02:56:37Z
OBS_000781,external:youngerarchive,external_csv,HT 130,.5-6_log,578,FIC,,FIC,FIC,FIC,https://web.archive.org/web/20190416193018/http://www.people.ku.edu/~jyounger/LinearA/HTtexts.html,younger_table_logogram | source=YoungerArchive | ingested=2026-02-24T02:56:37Z
OBS_000782,external:youngerarchive,external_csv,HT 130,.6_log,579,VINA,,VINA,VINA,VINA,https://web.archive.org/web/20190416193018/http://www.people.ku.edu/~jyounger/LinearA/HTtexts.html,younger_table_logogram | source=YoungerArchive | ingested=2026-02-24T02:56:37Z
OBS_000783,external:sigla,external_csv,HT 130,word_1,580,AB31 AB76,,AB31 AB76,AB31 AB76,AB31 AB76,http://sigla.phis.me/document/HT%20130/index-word.html,sigla_word_seq_pattern | source=SigLA | ingested=2026-02-24T02:56:37Z
OBS_000784,external:sigla,external_csv,HT 130,word_2,581,AB76,,AB76,AB76,AB76,http://sigla.phis.me/document/HT%20130/index-word.html,sigla_word_seq_pattern | source=SigLA | ingested=2026-02-24T02:56:37Z
OBS_000785,external:sigla,external_csv,HT 130,word_3,582,AB02,,AB02,AB02,AB02,http://sigla.phis.me/document/HT%20130/index-word.html,sigla_word_seq_pattern | source=SigLA | ingested=2026-02-24T02:56:37Z
OBS_000786,external:youngerarchive,external_csv,HT 131,a.1_log,583,]FIC,,]FIC,]FIC,]FIC,https://web.archive.org/web/20190416193018/http://www.people.ku.edu/~jyounger/LinearA/HTtexts.html,younger_table_logogram | source=YoungerArchive | ingested=2026-02-24T02:56:37Z
OBS_000787,external:youngerarchive,external_csv,HT 131,a.2-3_log,584,GRA,,GRA,GRA,GRA,https://web.archive.org/web/20190416193018/http://www.people.ku.edu/~jyounger/LinearA/HTtexts.html,younger_table_logogram | source=YoungerArchive | ingested=2026-02-24T02:56:37Z
OBS_000788,external:youngerarchive,external_csv,HT 131,a.2-3_stmt,585,I QA,,I QA,I QA,I QA,https://web.archive.org/web/20190416193018/http://www.people.ku.edu/~jyounger/LinearA/HTtexts.html,younger_table_statement | source=YoungerArchive | ingested=2026-02-24T02:56:37Z
OBS_000789,external:youngerarchive,external_csv,HT 131,b.2_log,586,VINA SA,,VINA SA,VINA SA,VINA SA,https://web.archive.org/web/20190416193018/http://www.people.ku.edu/~jyounger/LinearA/HTtexts.html,younger_table_logogram | source=YoungerArchive | ingested=2026-02-24T02:56:37Z
OBS_000790,external:youngerarchive,external_csv,HT 131,b.2_log,587,]FIC,,]FIC,]FIC,]FIC,https://web.archive.org/web/20190416193018/http://www.people.ku.edu/~jyounger/LinearA/HTtexts.html,younger_table_logogram | source=YoungerArchive | ingested=2026-02-24T02:56:37Z
OBS_000791,external:youngerarchive,external_csv,HT 131,b.2_log,588,]OLIV,,]OLIV,]OLIV,]OLIV,https://web.archive.org/web/20190416193018/http://www.people.ku.edu/~jyounger/LinearA/HTtexts.html,younger_table_logogram | source=YoungerArchive | ingested=2026-02-24T02:56:37Z
OBS_000792,external:youngerarchive,external_csv,HT 131,b.4_stmt,589,PO TO KU RO,,PO TO KU RO,PO TO KU RO,PO TO KU RO,https://web.archive.org/web/20190416193018/http://www.people.ku.edu/~jyounger/LinearA/HTtexts.html,younger_table_statement | source=YoungerArchive | ingested=2026-02-24T02:56:37Z
OBS_000793,external:sigla,external_csv,HT 131A,word_2,590,AB28 AB16 AB118,,AB28 AB16 AB118,AB28 AB16 AB118,AB28 AB16 AB118,http://sigla.phis.me/document/HT%20131a/index-word.html,sigla_word_seq_pattern | source=SigLA | ingested=2026-02-24T02:56:37Z
OBS_000794,external:sigla,external_csv,HT 131B,word_2,591,AB11 AB05 AB81 AB02,,AB11 AB05 AB81 AB02,AB11 AB05 AB81 AB02,AB11 AB05 AB81 AB02,http://sigla.phis.me/document/HT%20131b/index-word.html,sigla_word_seq_pattern | source=SigLA | ingested=2026-02-24T02:56:37Z
OBS_000795,external:youngerarchive,external_csv,HT 132,.1-2_log,592,OVISF,,OVISF,OVISF,OVISF,https://web.archive.org/web/20190416193018/http://www.people.ku.edu/~jyounger/LinearA/HTtexts.html,younger_table_logogram | source=YoungerArchive | ingested=2026-02-24T02:56:37Z
OBS_000796,external:youngerarchive,external_csv,HT 132,.1-2_stmt,593,QA RE TO,,QA RE TO,QA RE TO,QA RE TO,https://web.archive.org/web/20190416193018/http://www.people.ku.edu/~jyounger/LinearA/HTtexts.html,younger_table_statement | source=YoungerArchive | ingested=2026-02-24T02:56:37Z
OBS_000797,external:youngerarchive,external_csv,HT 132,.1_stmt,594,A SE,,A SE,A SE,A SE,https://web.archive.org/web/20190416193018/http://www.people.ku.edu/~jyounger/LinearA/HTtexts.html,younger_table_statement | source=YoungerArchive | ingested=2026-02-24T02:56:37Z
OBS_000798,external:sigla,external_csv,HT 132,word_1,595,AB08 AB09,,AB08 AB09,AB08 AB09,AB08 AB09,http://sigla.phis.me/document/HT%20132/index-word.html,sigla_word_seq_pattern | source=SigLA | ingested=2026-02-24T02:56:37Z
OBS_000799,external:sigla,external_csv,HT 132,word_2,596,AB16 AB27 AB05,,AB16 AB27 AB05,AB16 AB27 AB05,AB16 AB27 AB05,http://sigla.phis.me/document/HT%20132/index-word.html,sigla_word_seq_pattern | source=SigLA | ingested=2026-02-24T02:56:37Z
OBS_000800,external:youngerarchive,external_csv,HT 133,.1-2_log,597,TE GRA DA,,TE GRA DA,TE GRA DA,TE GRA DA,https://web.archive.org/web/20190416193018/http://www.people.ku.edu/~jyounger/LinearA/HTtexts.html,younger_table_logogram | source=YoungerArchive | ingested=2026-02-24T02:56:37Z
OBS_000801,external:youngerarchive,external_csv,HT 133,.1-2_stmt,598,A DU,,A DU,A DU,A DU,https://web.archive.org/web/20190416193018/http://www.people.ku.edu/~jyounger/LinearA/HTtexts.html,younger_table_statement | source=YoungerArchive | ingested=2026-02-24T02:56:37Z
OBS_000802,external:sigla,external_csv,HT 133,word_1,599,AB08 AB51,,AB08 AB51,AB08 AB51,AB08 AB51,http://sigla.phis.me/document/HT%20133/index-word.html,sigla_word_seq_pattern | source=SigLA | ingested=2026-02-24T02:56:37Z
OBS_000803,external:youngerarchive,external_csv,HT 135,a.1_stmt,600,NE MI NA,,NE MI NA,NE MI NA,NE MI NA,https://web.archive.org/web/20190416193018/http://www.people.ku.edu/~jyounger/LinearA/HTtexts.html,younger_table_statement | source=YoungerArchive | ingested=2026-02-24T02:56:37Z
OBS_000804,external:youngerarchive,external_csv,HT 135,a.2_stmt,601,MI KA[,,MI KA[,MI KA[,MI KA[,https://web.archive.org/web/20190416193018/http://www.people.ku.edu/~jyounger/LinearA/HTtexts.html,younger_table_statement | source=YoungerArchive | ingested=2026-02-24T02:56:37Z
OBS_000805,external:youngerarchive,external_csv,HT 135,a.2_stmt,602,MI TU,,MI TU,MI TU,MI TU,https://web.archive.org/web/20190416193018/http://www.people.ku.edu/~jyounger/LinearA/HTtexts.html,younger_table_statement | source=YoungerArchive | ingested=2026-02-24T02:56:37Z
OBS_000806,external:youngerarchive,external_csv,HT 135,a.3_stmt,603,NA QIF NE[,,NA QIF NE[,NA QIF NE[,NA QIF NE[,https://web.archive.org/web/20190416193018/http://www.people.ku.edu/~jyounger/LinearA/HTtexts.html,younger_table_statement | source=YoungerArchive | ingested=2026-02-24T02:56:37Z
OBS_000807,external:sigla,external_csv,HT 135A,word_1,604,AB24 AB73 AB06,,AB24 AB73 AB06,AB24 AB73 AB06,AB24 AB73 AB06,http://sigla.phis.me/document/HT%20135a/index-word.html,sigla_word_seq_pattern | source=SigLA | ingested=2026-02-24T02:56:37Z
OBS_000808,external:sigla,external_csv,HT 135A,word_2,605,AB73 AB69,,AB73 AB69,AB73 AB69,AB73 AB69,http://sigla.phis.me/document/HT%20135a/index-word.html,sigla_word_seq_pattern | source=SigLA | ingested=2026-02-24T02:56:37Z
OBS_000809,external:sigla,external_csv,HT 135A,word_3,606,AB73 AB77,,AB73 AB77,AB73 AB77,AB73 AB77,http://sigla.phis.me/document/HT%20135a/index-word.html,sigla_word_seq_pattern | source=SigLA | ingested=2026-02-24T02:56:37Z
OBS_000810,external:sigla,external_csv,HT 135A,word_4,607,AB06 AB21F AB24,,AB06 AB21F AB24,AB06 AB21F AB24,AB06 AB21F AB24,http://sigla.phis.me/document/HT%20135a/index-word.html,sigla_word_seq_pattern | source=SigLA | ingested=2026-02-24T02:56:37Z
OBS_000811,external:sigla,external_csv,HT 135A,word_5,608,AB73,,AB73,AB73,AB73,http://sigla.phis.me/document/HT%20135a/index-word.html,sigla_word_seq_pattern | source=SigLA | ingested=2026-02-24T02:56:37Z
OBS_000812,external:sigla,external_csv,HT 135B,word_1,609,[?] AB34? AB59 AB24,,[?] AB34? AB59 AB24,[?] AB34? AB59 AB24,[?] AB34? AB59 AB24,http://sigla.phis.me/document/HT%20135b/index-word.html,sigla_word_seq_pattern | source=SigLA | ingested=2026-02-24T02:56:37Z
OBS_000813,external:youngerarchive,external_csv,HT 136,a.2_log,610,]OVISF,,]OVISF,]OVISF,]OVISF,https://web.archive.org/web/20190416193018/http://www.people.ku.edu/~jyounger/LinearA/HTtexts.html,younger_table_logogram | source=YoungerArchive | ingested=2026-02-24T02:56:37Z
OBS_000814,external:sigla,external_csv,HT 136A,word_1,611,[?] [?],,[?] [?],[?] [?],[?] [?],http://sigla.phis.me/document/HT%20136a/index-word.html,sigla_word_seq_pattern | source=SigLA | ingested=2026-02-24T02:56:37Z
OBS_000815,external:youngerarchive,external_csv,HT 137,.2_log,612,OLE MI,,OLE MI,OLE MI,OLE MI,https://web.archive.org/web/20190416193018/http://www.people.ku.edu/~jyounger/LinearA/HTtexts.html,younger_table_logogram | source=YoungerArchive | ingested=2026-02-24T02:56:37Z
OBS_000816,external:sigla,external_csv,HT 137,word_3,613,AB66,,AB66,AB66,AB66,http://sigla.phis.me/document/HT%20137/index-word.html,sigla_word_seq_pattern | source=SigLA | ingested=2026-02-24T02:56:37Z
OBS_000817,external:youngerarchive,external_csv,HT 139,.1_stmt,614,PU MA KU[,,PU MA KU[,PU MA KU[,PU MA KU[,https://web.archive.org/web/20190416193018/http://www.people.ku.edu/~jyounger/LinearA/HTtexts.html,younger_table_statement | source=YoungerArchive | ingested=2026-02-24T02:56:37Z
OBS_000818,external:youngerarchive,external_csv,HT 139,.2_log,615,OLE,,OLE,OLE,OLE,https://web.archive.org/web/20190416193018/http://www.people.ku.edu/~jyounger/LinearA/HTtexts.html,younger_table_logogram | source=YoungerArchive | ingested=2026-02-24T02:56:37Z
OBS_000819,external:youngerarchive,external_csv,HT 139,.3_stmt,616,]KA RA2[,,]KA RA2[,]KA RA2[,]KA RA2[,https://web.archive.org/web/20190416193018/http://www.people.ku.edu/~jyounger/LinearA/HTtexts.html,younger_table_statement | source=YoungerArchive | ingested=2026-02-24T02:56:37Z
OBS_000820,external:sigla,external_csv,HT 139,word_1,617,[?] AB50 AB80 AB81,,[?] AB50 AB80 AB81,[?] AB50 AB80 AB81,[?] AB50 AB80 AB81,http://sigla.phis.me/document/HT%20139/index-word.html,sigla_word_seq_pattern | source=SigLA | ingested=2026-02-24T02:56:37Z
OBS_000821,external:sigla,external_csv,HT 139,word_2,618,AB77 AB76,,AB77 AB76,AB77 AB76,AB77 AB76,http://sigla.phis.me/document/HT%20139/index-word.html,sigla_word_seq_pattern | source=SigLA | ingested=2026-02-24T02:56:37Z
OBS_000822,external:youngerarchive,external_csv,HT 14,.1-2_log,619,TE GRA,,TE GRA,TE GRA,TE GRA,https://web.archive.org/web/20190416193018/http://www.people.ku.edu/~jyounger/LinearA/HTtexts.html,younger_table_logogram | source=YoungerArchive | ingested=2026-02-24T02:56:37Z
OBS_000823,external:youngerarchive,external_csv,HT 14,.1-2_stmt,620,PU VINA,,PU VINA,PU VINA,PU VINA,https://web.archive.org/web/20190416193018/http://www.people.ku.edu/~jyounger/LinearA/HTtexts.html,younger_table_statement | source=YoungerArchive | ingested=2026-02-24T02:56:37Z
OBS_000824,external:youngerarchive,external_csv,HT 14,.3-5_log,621,GRA,,GRA,GRA,GRA,https://web.archive.org/web/20190416193018/http://www.people.ku.edu/~jyounger/LinearA/HTtexts.html,younger_table_logogram | source=YoungerArchive | ingested=2026-02-24T02:56:37Z
OBS_000825,external:youngerarchive,external_csv,HT 14,.3-5_stmt,622,A PU2 NA DU,,A PU2 NA DU,A PU2 NA DU,A PU2 NA DU,https://web.archive.org/web/20190416193018/http://www.people.ku.edu/~jyounger/LinearA/HTtexts.html,younger_table_statement | source=YoungerArchive | ingested=2026-02-24T02:56:37Z
OBS_000826,external:sigla,external_csv,HT 14,word_1,623,AB50 AB131A,,AB50 AB131A,AB50 AB131A,AB50 AB131A,http://sigla.phis.me/document/HT%2014/index-word.html,sigla_word_seq_pattern | source=SigLA | ingested=2026-02-24T02:56:37Z
OBS_000827,external:sigla,external_csv,HT 14,word_2,624,AB08 AB29 AB06 AB51,,AB08 AB29 AB06 AB51,AB08 AB29 AB06 AB51,AB08 AB29 AB06 AB51,http://sigla.phis.me/document/HT%2014/index-word.html,sigla_word_seq_pattern | source=SigLA | ingested=2026-02-24T02:56:37Z
OBS_000828,external:youngerarchive,external_csv,HT 140,.1-2_log,625,OLE KI,,OLE KI,OLE KI,OLE KI,https://web.archive.org/web/20190416193018/http://www.people.ku.edu/~jyounger/LinearA/HTtexts.html,younger_table_logogram | source=YoungerArchive | ingested=2026-02-24T02:56:37Z
OBS_000829,external:youngerarchive,external_csv,HT 140,.1-2_stmt,626,JE DI,,JE DI,JE DI,JE DI,https://web.archive.org/web/20190416193018/http://www.people.ku.edu/~jyounger/LinearA/HTtexts.html,younger_table_statement | source=YoungerArchive | ingested=2026-02-24T02:56:37Z
OBS_000830,external:youngerarchive,external_csv,HT 140,.1_stmt,627,SI NI,,SI NI,SI NI,SI NI,https://web.archive.org/web/20190416193018/http://www.people.ku.edu/~jyounger/LinearA/HTtexts.html,younger_table_statement | source=YoungerArchive | ingested=2026-02-24T02:56:37Z
OBS_000831,external:youngerarchive,external_csv,HT 140,.1_stmt,628,U SI,,U SI,U SI,U SI,https://web.archive.org/web/20190416193018/http://www.people.ku.edu/~jyounger/LinearA/HTtexts.html,younger_table_statement | source=YoungerArchive | ingested=2026-02-24T02:56:37Z
OBS_000832,external:youngerarchive,external_csv,HT 140,.1_stmt,629,U SI SI NI,,U SI SI NI,U SI SI NI,U SI SI NI,https://web.archive.org/web/20190416193018/http://www.people.ku.edu/~jyounger/LinearA/HTtexts.html,younger_table_statement | source=YoungerArchive | ingested=2026-02-24T02:56:37Z
OBS_000833,external:youngerarchive,external_csv,HT 140,.4-.5_log,630,OLE U,,OLE U,OLE U,OLE U,https://web.archive.org/web/20190416193018/http://www.people.ku.edu/~jyounger/LinearA/HTtexts.html,younger_table_logogram | source=YoungerArchive | ingested=2026-02-24T02:56:37Z
OBS_000834,external:youngerarchive,external_csv,HT 140,.4_log,631,OLE U,,OLE U,OLE U,OLE U,https://web.archive.org/web/20190416193018/http://www.people.ku.edu/~jyounger/LinearA/HTtexts.html,younger_table_logogram | source=YoungerArchive | ingested=2026-02-24T02:56:37Z
OBS_000835,external:youngerarchive,external_csv,HT 140,.5_log,632,OLE U,,OLE U,OLE U,OLE U,https://web.archive.org/web/20190416193018/http://www.people.ku.edu/~jyounger/LinearA/HTtexts.html,younger_table_logogram | source=YoungerArchive | ingested=2026-02-24T02:56:37Z
OBS_000836,external:youngerarchive,external_csv,HT 140,.5_stmt,633,KA PA,,KA PA,KA PA,KA PA,https://web.archive.org/web/20190416193018/http://www.people.ku.edu/~jyounger/LinearA/HTtexts.html,younger_table_statement | source=YoungerArchive | ingested=2026-02-24T02:56:37Z
OBS_000837,external:youngerarchive,external_csv,HT 140,.6_log,634,]OLE U,,]OLE U,]OLE U,]OLE U,https://web.archive.org/web/20190416193018/http://www.people.ku.edu/~jyounger/LinearA/HTtexts.html,younger_table_logogram | source=YoungerArchive | ingested=2026-02-24T02:56:37Z
OBS_000838,external:sigla,external_csv,HT 140,word_1,635,AB10 AB34 AB41,,AB10 AB34 AB41,AB10 AB34 AB41,AB10 AB34 AB41,http://sigla.phis.me/document/HT%20140/index-word.html,sigla_word_seq_pattern | source=SigLA | ingested=2026-02-24T02:56:37Z
OBS_000839,external:sigla,external_csv,HT 140,word_2,636,AB86 AB41 AB30,,AB86 AB41 AB30,AB86 AB41 AB30,AB86 AB41 AB30,http://sigla.phis.me/document/HT%20140/index-word.html,sigla_word_seq_pattern | source=SigLA | ingested=2026-02-24T02:56:37Z
OBS_000840,external:sigla,external_csv,HT 140,word_3,637,AB46 AB07,,AB46 AB07,AB46 AB07,AB46 AB07,http://sigla.phis.me/document/HT%20140/index-word.html,sigla_word_seq_pattern | source=SigLA | ingested=2026-02-24T02:56:37Z
OBS_000841,external:sigla,external_csv,HT 140,word_4,638,AB10 AB34 AB41,,AB10 AB34 AB41,AB10 AB34 AB41,AB10 AB34 AB41,http://sigla.phis.me/document/HT%20140/index-word.html,sigla_word_seq_pattern | source=SigLA | ingested=2026-02-24T02:56:37Z
OBS_000842,external:sigla,external_csv,HT 140,word_5,639,[?] AB118 AB77,,[?] AB118 AB77,[?] AB118 AB77,[?] AB118 AB77,http://sigla.phis.me/document/HT%20140/index-word.html,sigla_word_seq_pattern | source=SigLA | ingested=2026-02-24T02:56:37Z
OBS_000843,external:sigla,external_csv,HT 140,word_6,640,AB77 AB80,,AB77 AB80,AB77 AB80,AB77 AB80,http://sigla.phis.me/document/HT%20140/index-word.html,sigla_word_seq_pattern | source=SigLA | ingested=2026-02-24T02:56:37Z
OBS_000844,external:sigla,external_csv,HT 140,word_7,641,AB77 AB03,,AB77 AB03,AB77 AB03,AB77 AB03,http://sigla.phis.me/document/HT%20140/index-word.html,sigla_word_seq_pattern | source=SigLA | ingested=2026-02-24T02:56:37Z
OBS_000845,external:youngerarchive,external_csv,HT 141,.1_stmt,642,A RI,,A RI,A RI,A RI,https://web.archive.org/web/20190416193018/http://www.people.ku.edu/~jyounger/LinearA/HTtexts.html,younger_table_statement | source=YoungerArchive | ingested=2026-02-24T02:56:37Z
OBS_000846,external:youngerarchive,external_csv,HT 141,.2_stmt,643,]RU DI,,]RU DI,]RU DI,]RU DI,https://web.archive.org/web/20190416193018/http://www.people.ku.edu/~jyounger/LinearA/HTtexts.html,younger_table_statement | source=YoungerArchive | ingested=2026-02-24T02:56:37Z
OBS_000847,external:sigla,external_csv,HT 141,word_1,644,[?] AB08 AB53,,[?] AB08 AB53,[?] AB08 AB53,[?] AB08 AB53,http://sigla.phis.me/document/HT%20141/index-word.html,sigla_word_seq_pattern | source=SigLA | ingested=2026-02-24T02:56:37Z
OBS_000848,external:sigla,external_csv,HT 141,word_2,645,AB26 AB07,,AB26 AB07,AB26 AB07,AB26 AB07,http://sigla.phis.me/document/HT%20141/index-word.html,sigla_word_seq_pattern | source=SigLA | ingested=2026-02-24T02:56:37Z
OBS_000849,external:sigla,external_csv,HT 144,word_2,646,AB61,,AB61,AB61,AB61,http://sigla.phis.me/document/HT%20144/index-word.html,sigla_word_seq_pattern | source=SigLA | ingested=2026-02-24T02:56:37Z
OBS_000850,external:youngerarchive,external_csv,HT 146,.4_stmt,647,RI KA TA,,RI KA TA,RI KA TA,RI KA TA,https://web.archive.org/web/20190416193018/http://www.people.ku.edu/~jyounger/LinearA/HTtexts.html,younger_table_statement | source=YoungerArchive | ingested=2026-02-24T02:56:37Z
OBS_000851,external:sigla,external_csv,HT 146,word_1,648,AB78,,AB78,AB78,AB78,http://sigla.phis.me/document/HT%20146/index-word.html,sigla_word_seq_pattern | source=SigLA | ingested=2026-02-24T02:56:37Z
OBS_000852,external:sigla,external_csv,HT 146,word_2,649,AB53 A305,,AB53 A305,AB53 A305,AB53 A305,http://sigla.phis.me/document/HT%20146/index-word.html,sigla_word_seq_pattern | source=SigLA | ingested=2026-02-24T02:56:37Z
OBS_000853,external:sigla,external_csv,HT 146,word_3,650,AB53 AB77 AB59,,AB53 AB77 AB59,AB53 AB77 AB59,AB53 AB77 AB59,http://sigla.phis.me/document/HT%20146/index-word.html,sigla_word_seq_pattern | source=SigLA | ingested=2026-02-24T02:56:37Z
OBS_000854,external:sigla,external_csv,HT 147,word_1,651,AB60,,AB60,AB60,AB60,http://sigla.phis.me/document/HT%20147/index-word.html,sigla_word_seq_pattern | source=SigLA | ingested=2026-02-24T02:56:37Z
OBS_000855,external:youngerarchive,external_csv,HT 15,.1-2_stmt,652,DU A,,DU A,DU A,DU A,https://web.archive.org/web/20190416193018/http://www.people.ku.edu/~jyounger/LinearA/HTtexts.html,younger_table_statement | source=YoungerArchive | ingested=2026-02-24T02:56:37Z
OBS_000856,external:youngerarchive,external_csv,HT 15,.1_log,653,GRA,,GRA,GRA,GRA,https://web.archive.org/web/20190416193018/http://www.people.ku.edu/~jyounger/LinearA/HTtexts.html,younger_table_logogram | source=YoungerArchive | ingested=2026-02-24T02:56:37Z
OBS_000857,external:youngerarchive,external_csv,HT 15,.1_stmt,654,U SI,,U SI,U SI,U SI,https://web.archive.org/web/20190416193018/http://www.people.ku.edu/~jyounger/LinearA/HTtexts.html,younger_table_statement | source=YoungerArchive | ingested=2026-02-24T02:56:37Z
OBS_000858,external:youngerarchive,external_csv,HT 15,.2-3_log,655,GRA L3L3,,GRA L3L3,GRA L3L3,GRA L3L3,https://web.archive.org/web/20190416193018/http://www.people.ku.edu/~jyounger/LinearA/HTtexts.html,younger_table_logogram | source=YoungerArchive | ingested=2026-02-24T02:56:37Z
OBS_000859,external:youngerarchive,external_csv,HT 15,.4_stmt,656,KI RO,,KI RO,KI RO,KI RO,https://web.archive.org/web/20190416193018/http://www.people.ku.edu/~jyounger/LinearA/HTtexts.html,younger_table_statement | source=YoungerArchive | ingested=2026-02-24T02:56:37Z
OBS_000860,external:sigla,external_csv,HT 15,word_1,657,AB10 AB34 AB41,,AB10 AB34 AB41,AB10 AB34 AB41,AB10 AB34 AB41,http://sigla.phis.me/document/HT%2015/index-word.html,sigla_word_seq_pattern | source=SigLA | ingested=2026-02-24T02:56:37Z
OBS_000861,external:sigla,external_csv,HT 15,word_2,658,AB51 AB123 AB08,,AB51 AB123 AB08,AB51 AB123 AB08,AB51 AB123 AB08,http://sigla.phis.me/document/HT%2015/index-word.html,sigla_word_seq_pattern | source=SigLA | ingested=2026-02-24T02:56:37Z
OBS_000862,external:sigla,external_csv,HT 15,word_3,659,AB67 AB02,,AB67 AB02,AB67 AB02,AB67 AB02,http://sigla.phis.me/document/HT%2015/index-word.html,sigla_word_seq_pattern | source=SigLA | ingested=2026-02-24T02:56:37Z
OBS_000863,external:youngerarchive,external_csv,HT 154,.1_log,660,I [?],,I [?],I [?],I [?],https://web.archive.org/web/20190416193018/http://www.people.ku.edu/~jyounger/LinearA/HTtexts.html,younger_table_logogram | source=YoungerArchive | ingested=2026-02-24T02:56:37Z
OBS_000864,external:youngerarchive,external_csv,HT 154,.4-5_stmt,661,DESUNT,,DESUNT,DESUNT,DESUNT,https://web.archive.org/web/20190416193018/http://www.people.ku.edu/~jyounger/LinearA/HTtexts.html,younger_table_statement | source=YoungerArchive | ingested=2026-02-24T02:56:37Z
OBS_000865,external:sigla,external_csv,HT 154,word_1,662,AB37,,AB37,AB37,AB37,http://sigla.phis.me/document/HT%20154/index-word.html,sigla_word_seq_pattern | source=SigLA | ingested=2026-02-24T02:56:37Z
OBS_000866,external:sigla,external_csv,HT 154,word_2,663,AB67,,AB67,AB67,AB67,http://sigla.phis.me/document/HT%20154/index-word.html,sigla_word_seq_pattern | source=SigLA | ingested=2026-02-24T02:56:37Z
OBS_000867,external:youngerarchive,external_csv,HT 154A,.1_stmt,664,TU ME PA JA,,TU ME PA JA,TU ME PA JA,TU ME PA JA,https://web.archive.org/web/20190416193018/http://www.people.ku.edu/~jyounger/LinearA/HTtexts.html,younger_table_statement | source=YoungerArchive | ingested=2026-02-24T02:56:37Z
OBS_000868,external:youngerarchive,external_csv,HT 154A,.2_log,665,]GRA[,,]GRA[,]GRA[,]GRA[,https://web.archive.org/web/20190416193018/http://www.people.ku.edu/~jyounger/LinearA/HTtexts.html,younger_table_logogram | source=YoungerArchive | ingested=2026-02-24T02:56:37Z
OBS_000869,external:sigla,external_csv,HT 154A,word_1,666,AB69 AB13 AB03 AB57,,AB69 AB13 AB03 AB57,AB69 AB13 AB03 AB57,AB69 AB13 AB03 AB57,http://sigla.phis.me/document/HT%20154A/index-word.html,sigla_word_seq_pattern | source=SigLA | ingested=2026-02-24T02:56:37Z
OBS_000870,external:sigla,external_csv,HT 154C,word_1,667,AB06 AB73,,AB06 AB73,AB06 AB73,AB06 AB73,http://sigla.phis.me/document/HT%20154C/index-word.html,sigla_word_seq_pattern | source=SigLA | ingested=2026-02-24T02:56:37Z
OBS_000871,external:youngerarchive,external_csv,HT 154E,a._log,668,]FIC,,]FIC,]FIC,]FIC,https://web.archive.org/web/20190416193018/http://www.people.ku.edu/~jyounger/LinearA/HTtexts.html,younger_table_logogram | source=YoungerArchive | ingested=2026-02-24T02:56:37Z
OBS_000872,external:sigla,external_csv,HT 154E,word_1,669,[?] [?],,[?] [?],[?] [?],[?] [?],http://sigla.phis.me/document/HT%20154E/index-word.html,sigla_word_seq_pattern | source=SigLA | ingested=2026-02-24T02:56:37Z
OBS_000873,external:sigla,external_csv,HT 154JA,word_1,670,AB55 AB27,,AB55 AB27,AB55 AB27,AB55 AB27,http://sigla.phis.me/document/HT%20154Ja/index-word.html,sigla_word_seq_pattern | source=SigLA | ingested=2026-02-24T02:56:37Z
OBS_000874,external:sigla,external_csv,HT 154N,word_1,671,AB41,,AB41,AB41,AB41,http://sigla.phis.me/document/HT%20154N/index-word.html,sigla_word_seq_pattern | source=SigLA | ingested=2026-02-24T02:56:37Z
OBS_000875,external:sigla,external_csv,HT 154N,word_2,672,AB41,,AB41,AB41,AB41,http://sigla.phis.me/document/HT%20154N/index-word.html,sigla_word_seq_pattern | source=SigLA | ingested=2026-02-24T02:56:37Z
OBS_000876,external:youngerarchive,external_csv,HT 16,.1-2_stmt,673,KA KU PA DI NA U,,KA KU PA DI NA U,KA KU PA DI NA U,KA KU PA DI NA U,https://web.archive.org/web/20190416193018/http://www.people.ku.edu/~jyounger/LinearA/HTtexts.html,younger_table_statement | source=YoungerArchive | ingested=2026-02-24T02:56:37Z
OBS_000877,external:youngerarchive,external_csv,HT 16,.4_stmt,674,SA PO,,SA PO,SA PO,SA PO,https://web.archive.org/web/20190416193018/http://www.people.ku.edu/~jyounger/LinearA/HTtexts.html,younger_table_statement | source=YoungerArchive | ingested=2026-02-24T02:56:37Z
OBS_000878,external:sigla,external_csv,HT 16,word_1,675,AB77 AB81 AB03,,AB77 AB81 AB03,AB77 AB81 AB03,AB77 AB81 AB03,http://sigla.phis.me/document/HT%2016/index-word.html,sigla_word_seq_pattern | source=SigLA | ingested=2026-02-24T02:56:37Z
OBS_000879,external:sigla,external_csv,HT 16,word_2,676,AB07 AB06 AB10,,AB07 AB06 AB10,AB07 AB06 AB10,AB07 AB06 AB10,http://sigla.phis.me/document/HT%2016/index-word.html,sigla_word_seq_pattern | source=SigLA | ingested=2026-02-24T02:56:37Z
OBS_000880,external:sigla,external_csv,HT 16,word_3,677,AB31 AB11,,AB31 AB11,AB31 AB11,AB31 AB11,http://sigla.phis.me/document/HT%2016/index-word.html,sigla_word_seq_pattern | source=SigLA | ingested=2026-02-24T02:56:37Z
OBS_000881,external:youngerarchive,external_csv,HT 17,.1_log,678,TE VIN,,TE VIN,TE VIN,TE VIN,https://web.archive.org/web/20190416193018/http://www.people.ku.edu/~jyounger/LinearA/HTtexts.html,younger_table_logogram | source=YoungerArchive | ingested=2026-02-24T02:56:37Z
OBS_000882,external:youngerarchive,external_csv,HT 17,.1_stmt,679,RA *164A TI,,RA *164A TI,RA *164A TI,RA *164A TI,https://web.archive.org/web/20190416193018/http://www.people.ku.edu/~jyounger/LinearA/HTtexts.html,younger_table_statement | source=YoungerArchive | ingested=2026-02-24T02:56:37Z
OBS_000883,external:youngerarchive,external_csv,HT 17,.2_stmt,680,SA RO,,SA RO,SA RO,SA RO,https://web.archive.org/web/20190416193018/http://www.people.ku.edu/~jyounger/LinearA/HTtexts.html,younger_table_statement | source=YoungerArchive | ingested=2026-02-24T02:56:37Z
OBS_000884,external:youngerarchive,external_csv,HT 17,.3_stmt,681,SI DA RE,,SI DA RE,SI DA RE,SI DA RE,https://web.archive.org/web/20190416193018/http://www.people.ku.edu/~jyounger/LinearA/HTtexts.html,younger_table_statement | source=YoungerArchive | ingested=2026-02-24T02:56:37Z
OBS_000885,external:sigla,external_csv,HT 17,word_1,682,AB60 AB164A AB37,,AB60 AB164A AB37,AB60 AB164A AB37,AB60 AB164A AB37,http://sigla.phis.me/document/HT%2017/index-word.html,sigla_word_seq_pattern | source=SigLA | ingested=2026-02-24T02:56:37Z
OBS_000886,external:sigla,external_csv,HT 17,word_2,683,AB31 AB02,,AB31 AB02,AB31 AB02,AB31 AB02,http://sigla.phis.me/document/HT%2017/index-word.html,sigla_word_seq_pattern | source=SigLA | ingested=2026-02-24T02:56:37Z
OBS_000887,external:sigla,external_csv,HT 17,word_3,684,AB41 AB01 AB27,,AB41 AB01 AB27,AB41 AB01 AB27,AB41 AB01 AB27,http://sigla.phis.me/document/HT%2017/index-word.html,sigla_word_seq_pattern | source=SigLA | ingested=2026-02-24T02:56:37Z
OBS_000888,external:youngerarchive,external_csv,HT 18,.1_log,685,GRA QE,,GRA QE,GRA QE,GRA QE,https://web.archive.org/web/20190416193018/http://www.people.ku.edu/~jyounger/LinearA/HTtexts.html,younger_table_logogram | source=YoungerArchive | ingested=2026-02-24T02:56:37Z
OBS_000889,external:youngerarchive,external_csv,HT 18,.1_log,686,OLE KI,,OLE KI,OLE KI,OLE KI,https://web.archive.org/web/20190416193018/http://www.people.ku.edu/~jyounger/LinearA/HTtexts.html,younger_table_logogram | source=YoungerArchive | ingested=2026-02-24T02:56:37Z
OBS_000890,external:youngerarchive,external_csv,HT 18,.1_stmt,687,PA SE,,PA SE,PA SE,PA SE,https://web.archive.org/web/20190416193018/http://www.people.ku.edu/~jyounger/LinearA/HTtexts.html,younger_table_statement | source=YoungerArchive | ingested=2026-02-24T02:56:37Z
OBS_000891,external:youngerarchive,external_csv,HT 18,.2-3_log,688,FIC,,FIC,FIC,FIC,https://web.archive.org/web/20190416193018/http://www.people.ku.edu/~jyounger/LinearA/HTtexts.html,younger_table_logogram | source=YoungerArchive | ingested=2026-02-24T02:56:37Z
OBS_000892,external:youngerarchive,external_csv,HT 18,.2_log,689,GRA,,GRA,GRA,GRA,https://web.archive.org/web/20190416193018/http://www.people.ku.edu/~jyounger/LinearA/HTtexts.html,younger_table_logogram | source=YoungerArchive | ingested=2026-02-24T02:56:37Z
OBS_000893,external:youngerarchive,external_csv,HT 18,.2_stmt,690,SA RA2,,SA RA2,SA RA2,SA RA2,https://web.archive.org/web/20190416193018/http://www.people.ku.edu/~jyounger/LinearA/HTtexts.html,younger_table_statement | source=YoungerArchive | ingested=2026-02-24T02:56:37Z
OBS_000894,external:sigla,external_csv,HT 18,word_1,691,AB03 AB09,,AB03 AB09,AB03 AB09,AB03 AB09,http://sigla.phis.me/document/HT%2018/index-word.html,sigla_word_seq_pattern | source=SigLA | ingested=2026-02-24T02:56:37Z
OBS_000895,external:sigla,external_csv,HT 18,word_2,692,AB31 AB76,,AB31 AB76,AB31 AB76,AB31 AB76,http://sigla.phis.me/document/HT%2018/index-word.html,sigla_word_seq_pattern | source=SigLA | ingested=2026-02-24T02:56:37Z
OBS_000896,external:youngerarchive,external_csv,HT 19,.1-2_log,693,TE VINA,,TE VINA,TE VINA,TE VINA,https://web.archive.org/web/20190416193018/http://www.people.ku.edu/~jyounger/LinearA/HTtexts.html,younger_table_logogram | source=YoungerArchive | ingested=2026-02-24T02:56:37Z
OBS_000897,external:youngerarchive,external_csv,HT 19,.1-2_stmt,694,RA *164A TI,,RA *164A TI,RA *164A TI,RA *164A TI,https://web.archive.org/web/20190416193018/http://www.people.ku.edu/~jyounger/LinearA/HTtexts.html,younger_table_statement | source=YoungerArchive | ingested=2026-02-24T02:56:37Z
OBS_000898,external:youngerarchive,external_csv,HT 19,.2-3_stmt,695,SA RO,,SA RO,SA RO,SA RO,https://web.archive.org/web/20190416193018/http://www.people.ku.edu/~jyounger/LinearA/HTtexts.html,younger_table_statement | source=YoungerArchive | ingested=2026-02-24T02:56:37Z
OBS_000899,external:youngerarchive,external_csv,HT 19,.3-4_stmt,696,DU ME DI,,DU ME DI,DU ME DI,DU ME DI,https://web.archive.org/web/20190416193018/http://www.people.ku.edu/~jyounger/LinearA/HTtexts.html,younger_table_statement | source=YoungerArchive | ingested=2026-02-24T02:56:37Z
OBS_000900,external:sigla,external_csv,HT 19,word_1,697,AB60 AB164A AB37,,AB60 AB164A AB37,AB60 AB164A AB37,AB60 AB164A AB37,http://sigla.phis.me/document/HT%2019/index-word.html,sigla_word_seq_pattern | source=SigLA | ingested=2026-02-24T02:56:37Z
OBS_000901,external:sigla,external_csv,HT 19,word_2,698,AB31 AB02,,AB31 AB02,AB31 AB02,AB31 AB02,http://sigla.phis.me/document/HT%2019/index-word.html,sigla_word_seq_pattern | source=SigLA | ingested=2026-02-24T02:56:37Z
OBS_000902,external:sigla,external_csv,HT 19,word_3,699,AB51 AB13 AB07,,AB51 AB13 AB07,AB51 AB13 AB07,AB51 AB13 AB07,http://sigla.phis.me/document/HT%2019/index-word.html,sigla_word_seq_pattern | source=SigLA | ingested=2026-02-24T02:56:37Z
OBS_000903,external:youngerarchive,external_csv,HT 2,.1_log,700,OLE U,,OLE U,OLE U,OLE U,https://web.archive.org/web/20190416193018/http://www.people.ku.edu/~jyounger/LinearA/HTtexts.html,younger_table_logogram | source=YoungerArchive | ingested=2026-02-24T02:56:37Z
OBS_000904,external:youngerarchive,external_csv,HT 2,.1_stmt,701,A KA RU,,A KA RU,A KA RU,A KA RU,https://web.archive.org/web/20190416193018/http://www.people.ku.edu/~jyounger/LinearA/HTtexts.html,younger_table_statement | source=YoungerArchive | ingested=2026-02-24T02:56:37Z
OBS_000905,external:youngerarchive,external_csv,HT 2,.2_log,702,OLE E,,OLE E,OLE E,OLE E,https://web.archive.org/web/20190416193018/http://www.people.ku.edu/~jyounger/LinearA/HTtexts.html,younger_table_logogram | source=YoungerArchive | ingested=2026-02-24T02:56:37Z
OBS_000906,external:youngerarchive,external_csv,HT 2,.2_log,703,]OLE A,,]OLE A,]OLE A,]OLE A,https://web.archive.org/web/20190416193018/http://www.people.ku.edu/~jyounger/LinearA/HTtexts.html,younger_table_logogram | source=YoungerArchive | ingested=2026-02-24T02:56:37Z
OBS_000907,external:youngerarchive,external_csv,HT 2,.3_log,704,OLE U,,OLE U,OLE U,OLE U,https://web.archive.org/web/20190416193018/http://www.people.ku.edu/~jyounger/LinearA/HTtexts.html,younger_table_logogram | source=YoungerArchive | ingested=2026-02-24T02:56:37Z
OBS_000908,external:youngerarchive,external_csv,HT 2,.3_stmt,705,]KI RE TA NA,,]KI RE TA NA,]KI RE TA NA,]KI RE TA NA,https://web.archive.org/web/20190416193018/http://www.people.ku.edu/~jyounger/LinearA/HTtexts.html,younger_table_statement | source=YoungerArchive | ingested=2026-02-24T02:56:37Z
OBS_000909,external:youngerarchive,external_csv,HT 2,.4_log,706,]OLE A,,]OLE A,]OLE A,]OLE A,https://web.archive.org/web/20190416193018/http://www.people.ku.edu/~jyounger/LinearA/HTtexts.html,younger_table_logogram | source=YoungerArchive | ingested=2026-02-24T02:56:37Z
OBS_000910,external:sigla,external_csv,HT 2,word_1,707,AB08 AB77 AB26,,AB08 AB77 AB26,AB08 AB77 AB26,AB08 AB77 AB26,http://sigla.phis.me/document/HT%202/index-word.html,sigla_word_seq_pattern | source=SigLA | ingested=2026-02-24T02:56:37Z
OBS_000911,external:sigla,external_csv,HT 2,word_2,708,AB67 AB27 AB59 AB06,,AB67 AB27 AB59 AB06,AB67 AB27 AB59 AB06,AB67 AB27 AB59 AB06,http://sigla.phis.me/document/HT%202/index-word.html,sigla_word_seq_pattern | source=SigLA | ingested=2026-02-24T02:56:37Z
OBS_000912,external:youngerarchive,external_csv,HT 20,.1-2_stmt,709,KU MA JU,,KU MA JU,KU MA JU,KU MA JU,https://web.archive.org/web/20190416193018/http://www.people.ku.edu/~jyounger/LinearA/HTtexts.html,younger_table_statement | source=YoungerArchive | ingested=2026-02-24T02:56:37Z
OBS_000913,external:youngerarchive,external_csv,HT 20,.1_stmt,710,PA RO SU,,PA RO SU,PA RO SU,PA RO SU,https://web.archive.org/web/20190416193018/http://www.people.ku.edu/~jyounger/LinearA/HTtexts.html,younger_table_statement | source=YoungerArchive | ingested=2026-02-24T02:56:37Z
OBS_000914,external:youngerarchive,external_csv,HT 20,.2-3_stmt,711,QE KU RE,,QE KU RE,QE KU RE,QE KU RE,https://web.archive.org/web/20190416193018/http://www.people.ku.edu/~jyounger/LinearA/HTtexts.html,younger_table_statement | source=YoungerArchive | ingested=2026-02-24T02:56:37Z
OBS_000915,external:youngerarchive,external_csv,HT 20,.4-5_stmt,712,SA RE JU,,SA RE JU,SA RE JU,SA RE JU,https://web.archive.org/web/20190416193018/http://www.people.ku.edu/~jyounger/LinearA/HTtexts.html,younger_table_statement | source=YoungerArchive | ingested=2026-02-24T02:56:37Z
OBS_000916,external:youngerarchive,external_csv,HT 20,.4_log,713,CAPM,,CAPM,CAPM,CAPM,https://web.archive.org/web/20190416193018/http://www.people.ku.edu/~jyounger/LinearA/HTtexts.html,younger_table_logogram | source=YoungerArchive | ingested=2026-02-24T02:56:37Z
OBS_000917,external:sigla,external_csv,HT 20,word_1,714,AB03 AB02 AB58,,AB03 AB02 AB58,AB03 AB02 AB58,AB03 AB02 AB58,http://sigla.phis.me/document/HT%2020/index-word.html,sigla_word_seq_pattern | source=SigLA | ingested=2026-02-24T02:56:37Z
OBS_000918,external:sigla,external_csv,HT 20,word_2,715,AB81 AB80 AB65,,AB81 AB80 AB65,AB81 AB80 AB65,AB81 AB80 AB65,http://sigla.phis.me/document/HT%2020/index-word.html,sigla_word_seq_pattern | source=SigLA | ingested=2026-02-24T02:56:37Z
OBS_000919,external:sigla,external_csv,HT 20,word_3,716,AB78 AB81 AB27,,AB78 AB81 AB27,AB78 AB81 AB27,AB78 AB81 AB27,http://sigla.phis.me/document/HT%2020/index-word.html,sigla_word_seq_pattern | source=SigLA | ingested=2026-02-24T02:56:37Z
OBS_000920,external:sigla,external_csv,HT 20,word_4,717,AB31 AB27 AB65,,AB31 AB27 AB65,AB31 AB27 AB65,AB31 AB27 AB65,http://sigla.phis.me/document/HT%2020/index-word.html,sigla_word_seq_pattern | source=SigLA | ingested=2026-02-24T02:56:37Z
OBS_000921,external:youngerarchive,external_csv,HT 21,.1-2_log,718,TE GRA,,TE GRA,TE GRA,TE GRA,https://web.archive.org/web/20190416193018/http://www.people.ku.edu/~jyounger/LinearA/HTtexts.html,younger_table_logogram | source=YoungerArchive | ingested=2026-02-24T02:56:37Z
OBS_000922,external:youngerarchive,external_csv,HT 21,.1-2_stmt,719,PI TA KA SE,,PI TA KA SE,PI TA KA SE,PI TA KA SE,https://web.archive.org/web/20190416193018/http://www.people.ku.edu/~jyounger/LinearA/HTtexts.html,younger_table_statement | source=YoungerArchive | ingested=2026-02-24T02:56:37Z
OBS_000923,external:youngerarchive,external_csv,HT 21,.2-3_log,720,OLE U,,OLE U,OLE U,OLE U,https://web.archive.org/web/20190416193018/http://www.people.ku.edu/~jyounger/LinearA/HTtexts.html,younger_table_logogram | source=YoungerArchive | ingested=2026-02-24T02:56:37Z
OBS_000924,external:youngerarchive,external_csv,HT 21,.3_log,721,OLE E,,OLE E,OLE E,OLE E,https://web.archive.org/web/20190416193018/http://www.people.ku.edu/~jyounger/LinearA/HTtexts.html,younger_table_logogram | source=YoungerArchive | ingested=2026-02-24T02:56:37Z
OBS_000925,external:youngerarchive,external_csv,HT 21,.4_log,722,OLIV,,OLIV,OLIV,OLIV,https://web.archive.org/web/20190416193018/http://www.people.ku.edu/~jyounger/LinearA/HTtexts.html,younger_table_logogram | source=YoungerArchive | ingested=2026-02-24T02:56:37Z
OBS_000926,external:sigla,external_csv,HT 21,word_1,723,AB39 AB59 AB77 AB09,,AB39 AB59 AB77 AB09,AB39 AB59 AB77 AB09,AB39 AB59 AB77 AB09,http://sigla.phis.me/document/HT%2021/index-word.html,sigla_word_seq_pattern | source=SigLA | ingested=2026-02-24T02:56:37Z
OBS_000927,external:youngerarchive,external_csv,HT 22,.1_log,724,GRA L2,,GRA L2,GRA L2,GRA L2,https://web.archive.org/web/20190416193018/http://www.people.ku.edu/~jyounger/LinearA/HTtexts.html,younger_table_logogram | source=YoungerArchive | ingested=2026-02-24T02:56:37Z
OBS_000928,external:youngerarchive,external_csv,HT 23,a.1_log,725,OLE NE,,OLE NE,OLE NE,OLE NE,https://web.archive.org/web/20190416193018/http://www.people.ku.edu/~jyounger/LinearA/HTtexts.html,younger_table_logogram | source=YoungerArchive | ingested=2026-02-24T02:56:37Z
OBS_000929,external:youngerarchive,external_csv,HT 23,a.1_stmt,726,KA NA,,KA NA,KA NA,KA NA,https://web.archive.org/web/20190416193018/http://www.people.ku.edu/~jyounger/LinearA/HTtexts.html,younger_table_statement | source=YoungerArchive | ingested=2026-02-24T02:56:37Z
OBS_000930,external:youngerarchive,external_csv,HT 23,a.2-3_log,727,VINA,,VINA,VINA,VINA,https://web.archive.org/web/20190416193018/http://www.people.ku.edu/~jyounger/LinearA/HTtexts.html,younger_table_logogram | source=YoungerArchive | ingested=2026-02-24T02:56:37Z
OBS_000931,external:youngerarchive,external_csv,HT 23,a.2_log,728,MI JA RU,,MI JA RU,MI JA RU,MI JA RU,https://web.archive.org/web/20190416193018/http://www.people.ku.edu/~jyounger/LinearA/HTtexts.html,younger_table_logogram | source=YoungerArchive | ingested=2026-02-24T02:56:37Z
OBS_000932,external:youngerarchive,external_csv,HT 23,a.2_log,729,OLE RI,,OLE RI,OLE RI,OLE RI,https://web.archive.org/web/20190416193018/http://www.people.ku.edu/~jyounger/LinearA/HTtexts.html,younger_table_logogram | source=YoungerArchive | ingested=2026-02-24T02:56:37Z
OBS_000933,external:youngerarchive,external_csv,HT 23,a.2_log,730,OLE TU,,OLE TU,OLE TU,OLE TU,https://web.archive.org/web/20190416193018/http://www.people.ku.edu/~jyounger/LinearA/HTtexts.html,younger_table_logogram | source=YoungerArchive | ingested=2026-02-24T02:56:37Z
OBS_000934,external:youngerarchive,external_csv,HT 23,a.3_log,731,QA [?] PU,,QA [?] PU,QA [?] PU,QA [?] PU,https://web.archive.org/web/20190416193018/http://www.people.ku.edu/~jyounger/LinearA/HTtexts.html,younger_table_logogram | source=YoungerArchive | ingested=2026-02-24T02:56:37Z
OBS_000935,external:youngerarchive,external_csv,HT 23,a.3_log,732,QA [?] RE,,QA [?] RE,QA [?] RE,QA [?] RE,https://web.archive.org/web/20190416193018/http://www.people.ku.edu/~jyounger/LinearA/HTtexts.html,younger_table_logogram | source=YoungerArchive | ingested=2026-02-24T02:56:37Z
OBS_000936,external:youngerarchive,external_csv,HT 23,a.4-5_stmt,733,SA SA ME,,SA SA ME,SA SA ME,SA SA ME,https://web.archive.org/web/20190416193018/http://www.people.ku.edu/~jyounger/LinearA/HTtexts.html,younger_table_statement | source=YoungerArchive | ingested=2026-02-24T02:56:37Z
OBS_000937,external:youngerarchive,external_csv,HT 23,a.4_stmt,734,QIF RI TU QA,,QIF RI TU QA,QIF RI TU QA,QIF RI TU QA,https://web.archive.org/web/20190416193018/http://www.people.ku.edu/~jyounger/LinearA/HTtexts.html,younger_table_statement | source=YoungerArchive | ingested=2026-02-24T02:56:37Z
OBS_000938,external:youngerarchive,external_csv,HT 23,a.5_log,735,SI ME,,SI ME,SI ME,SI ME,https://web.archive.org/web/20190416193018/http://www.people.ku.edu/~jyounger/LinearA/HTtexts.html,younger_table_logogram | source=YoungerArchive | ingested=2026-02-24T02:56:37Z
OBS_000939,external:youngerarchive,external_csv,HT 23,a.5_stmt,736,KO RU,,KO RU,KO RU,KO RU,https://web.archive.org/web/20190416193018/http://www.people.ku.edu/~jyounger/LinearA/HTtexts.html,younger_table_statement | source=YoungerArchive | ingested=2026-02-24T02:56:37Z
OBS_000940,external:youngerarchive,external_csv,HT 23,b.1_log,737,OLE[,,OLE[,OLE[,OLE[,https://web.archive.org/web/20190416193018/http://www.people.ku.edu/~jyounger/LinearA/HTtexts.html,younger_table_logogram | source=YoungerArchive | ingested=2026-02-24T02:56:37Z
OBS_000941,external:youngerarchive,external_csv,HT 23,b.1_stmt,738,NI RA,,NI RA,NI RA,NI RA,https://web.archive.org/web/20190416193018/http://www.people.ku.edu/~jyounger/LinearA/HTtexts.html,younger_table_statement | source=YoungerArchive | ingested=2026-02-24T02:56:37Z
OBS_000942,external:youngerarchive,external_csv,HT 23,b.2_log,739,MI JA RU,,MI JA RU,MI JA RU,MI JA RU,https://web.archive.org/web/20190416193018/http://www.people.ku.edu/~jyounger/LinearA/HTtexts.html,younger_table_logogram | source=YoungerArchive | ingested=2026-02-24T02:56:37Z
OBS_000943,external:youngerarchive,external_csv,HT 23,b.2_log,740,QA [?] PU,,QA [?] PU,QA [?] PU,QA [?] PU,https://web.archive.org/web/20190416193018/http://www.people.ku.edu/~jyounger/LinearA/HTtexts.html,younger_table_logogram | source=YoungerArchive | ingested=2026-02-24T02:56:37Z
OBS_000944,external:youngerarchive,external_csv,HT 23,b.2_log,741,QA [?] RE,,QA [?] RE,QA [?] RE,QA [?] RE,https://web.archive.org/web/20190416193018/http://www.people.ku.edu/~jyounger/LinearA/HTtexts.html,younger_table_logogram | source=YoungerArchive | ingested=2026-02-24T02:56:37Z
OBS_000945,external:youngerarchive,external_csv,HT 23,b.4-5_stmt,742,DESUNT,,DESUNT,DESUNT,DESUNT,https://web.archive.org/web/20190416193018/http://www.people.ku.edu/~jyounger/LinearA/HTtexts.html,younger_table_statement | source=YoungerArchive | ingested=2026-02-24T02:56:37Z
OBS_000946,external:sigla,external_csv,HT 23A,word_1,743,AB77 AB06,,AB77 AB06,AB77 AB06,AB77 AB06,http://sigla.phis.me/document/HT%2023a/index-word.html,sigla_word_seq_pattern | source=SigLA | ingested=2026-02-24T02:56:37Z
OBS_000947,external:sigla,external_csv,HT 23A,word_2,744,AB21F AB53 AB69 AB16,,AB21F AB53 AB69 AB16,AB21F AB53 AB69 AB16,AB21F AB53 AB69 AB16,http://sigla.phis.me/document/HT%2023a/index-word.html,sigla_word_seq_pattern | source=SigLA | ingested=2026-02-24T02:56:37Z
OBS_000948,external:sigla,external_csv,HT 23A,word_3,745,AB31 AB31 AB13,,AB31 AB31 AB13,AB31 AB31 AB13,AB31 AB31 AB13,http://sigla.phis.me/document/HT%2023a/index-word.html,sigla_word_seq_pattern | source=SigLA | ingested=2026-02-24T02:56:37Z
OBS_000949,external:sigla,external_csv,HT 23A,word_4,746,AB70 AB26,,AB70 AB26,AB70 AB26,AB70 AB26,http://sigla.phis.me/document/HT%2023a/index-word.html,sigla_word_seq_pattern | source=SigLA | ingested=2026-02-24T02:56:37Z
OBS_000950,external:sigla,external_csv,HT 23B,word_1,747,AB30 AB60,,AB30 AB60,AB30 AB60,AB30 AB60,http://sigla.phis.me/document/HT%2023b/index-word.html,sigla_word_seq_pattern | source=SigLA | ingested=2026-02-24T02:56:37Z
OBS_000951,external:sigla,external_csv,HT 23B,word_2,748,AB23,,AB23,AB23,AB23,http://sigla.phis.me/document/HT%2023b/index-word.html,sigla_word_seq_pattern | source=SigLA | ingested=2026-02-24T02:56:37Z
OBS_000952,external:sigla,external_csv,HT 23B,word_3,749,AB50,,AB50,AB50,AB50,http://sigla.phis.me/document/HT%2023b/index-word.html,sigla_word_seq_pattern | source=SigLA | ingested=2026-02-24T02:56:37Z
OBS_000953,external:youngerarchive,external_csv,HT 24,a.1_log,750,KI MA RU[,,KI MA RU[,KI MA RU[,KI MA RU[,https://web.archive.org/web/20190416193018/http://www.people.ku.edu/~jyounger/LinearA/HTtexts.html,younger_table_logogram | source=YoungerArchive | ingested=2026-02-24T02:56:37Z
OBS_000954,external:youngerarchive,external_csv,HT 24,a.1_stmt,751,KU PA3 RI JA,,KU PA3 RI JA,KU PA3 RI JA,KU PA3 RI JA,https://web.archive.org/web/20190416193018/http://www.people.ku.edu/~jyounger/LinearA/HTtexts.html,younger_table_statement | source=YoungerArchive | ingested=2026-02-24T02:56:37Z
OBS_000955,external:youngerarchive,external_csv,HT 24,a.2_log,752,MA RU ME,,MA RU ME,MA RU ME,MA RU ME,https://web.archive.org/web/20190416193018/http://www.people.ku.edu/~jyounger/LinearA/HTtexts.html,younger_table_logogram | source=YoungerArchive | ingested=2026-02-24T02:56:37Z
OBS_000956,external:youngerarchive,external_csv,HT 24,a.3_log,753,MA RU ME,,MA RU ME,MA RU ME,MA RU ME,https://web.archive.org/web/20190416193018/http://www.people.ku.edu/~jyounger/LinearA/HTtexts.html,younger_table_logogram | source=YoungerArchive | ingested=2026-02-24T02:56:37Z
OBS_000957,external:youngerarchive,external_csv,HT 24,a.4_log,754,MA RU ME,,MA RU ME,MA RU ME,MA RU ME,https://web.archive.org/web/20190416193018/http://www.people.ku.edu/~jyounger/LinearA/HTtexts.html,younger_table_logogram | source=YoungerArchive | ingested=2026-02-24T02:56:37Z
OBS_000958,external:youngerarchive,external_csv,HT 24,a.4_stmt,755,PA SA RI JA,,PA SA RI JA,PA SA RI JA,PA SA RI JA,https://web.archive.org/web/20190416193018/http://www.people.ku.edu/~jyounger/LinearA/HTtexts.html,younger_table_statement | source=YoungerArchive | ingested=2026-02-24T02:56:37Z
OBS_000959,external:youngerarchive,external_csv,HT 24,a.5_log,756,MA RU,,MA RU,MA RU,MA RU,https://web.archive.org/web/20190416193018/http://www.people.ku.edu/~jyounger/LinearA/HTtexts.html,younger_table_logogram | source=YoungerArchive | ingested=2026-02-24T02:56:37Z
OBS_000960,external:youngerarchive,external_csv,HT 24,a.5_stmt,757,RU I KO,,RU I KO,RU I KO,RU I KO,https://web.archive.org/web/20190416193018/http://www.people.ku.edu/~jyounger/LinearA/HTtexts.html,younger_table_statement | source=YoungerArchive | ingested=2026-02-24T02:56:37Z
OBS_000961,external:youngerarchive,external_csv,HT 24,b.1-2_log,758,SI ME KI,,SI ME KI,SI ME KI,SI ME KI,https://web.archive.org/web/20190416193018/http://www.people.ku.edu/~jyounger/LinearA/HTtexts.html,younger_table_logogram | source=YoungerArchive | ingested=2026-02-24T02:56:37Z
OBS_000962,external:youngerarchive,external_csv,HT 24,b.2_log,759,JA KA,,JA KA,JA KA,JA KA,https://web.archive.org/web/20190416193018/http://www.people.ku.edu/~jyounger/LinearA/HTtexts.html,younger_table_logogram | source=YoungerArchive | ingested=2026-02-24T02:56:37Z
OBS_000963,external:sigla,external_csv,HT 24A,word_1,760,AB81 AB56 AB53 AB57,,AB81 AB56 AB53 AB57,AB81 AB56 AB53 AB57,AB81 AB56 AB53 AB57,http://sigla.phis.me/document/HT%2024a/index-word.html,sigla_word_seq_pattern | source=SigLA | ingested=2026-02-24T02:56:37Z
OBS_000964,external:sigla,external_csv,HT 24A,word_2,761,AB03 AB31 AB53 AB57,,AB03 AB31 AB53 AB57,AB03 AB31 AB53 AB57,AB03 AB31 AB53 AB57,http://sigla.phis.me/document/HT%2024a/index-word.html,sigla_word_seq_pattern | source=SigLA | ingested=2026-02-24T02:56:37Z
OBS_000965,external:sigla,external_csv,HT 24A,word_3,762,AB26 AB28 AB70,,AB26 AB28 AB70,AB26 AB28 AB70,AB26 AB28 AB70,http://sigla.phis.me/document/HT%2024a/index-word.html,sigla_word_seq_pattern | source=SigLA | ingested=2026-02-24T02:56:37Z
OBS_000966,external:youngerarchive,external_csv,HT 25,a.1_stmt,763,DI NA U,,DI NA U,DI NA U,DI NA U,https://web.archive.org/web/20190416193018/http://www.people.ku.edu/~jyounger/LinearA/HTtexts.html,younger_table_statement | source=YoungerArchive | ingested=2026-02-24T02:56:37Z
OBS_000967,external:youngerarchive,external_csv,HT 25,a.2-3_stmt,764,DI NA U,,DI NA U,DI NA U,DI NA U,https://web.archive.org/web/20190416193018/http://www.people.ku.edu/~jyounger/LinearA/HTtexts.html,younger_table_statement | source=YoungerArchive | ingested=2026-02-24T02:56:37Z
OBS_000968,external:youngerarchive,external_csv,HT 25,a.2_stmt,765,U RE WI,,U RE WI,U RE WI,U RE WI,https://web.archive.org/web/20190416193018/http://www.people.ku.edu/~jyounger/LinearA/HTtexts.html,younger_table_statement | source=YoungerArchive | ingested=2026-02-24T02:56:37Z
OBS_000969,external:youngerarchive,external_csv,HT 25,a.2_stmt,766,]RU NI,,]RU NI,]RU NI,]RU NI,https://web.archive.org/web/20190416193018/http://www.people.ku.edu/~jyounger/LinearA/HTtexts.html,younger_table_statement | source=YoungerArchive | ingested=2026-02-24T02:56:37Z
OBS_000970,external:youngerarchive,external_csv,HT 25,a.3_stmt,767,A RI NI TA,,A RI NI TA,A RI NI TA,A RI NI TA,https://web.archive.org/web/20190416193018/http://www.people.ku.edu/~jyounger/LinearA/HTtexts.html,younger_table_statement | source=YoungerArchive | ingested=2026-02-24T02:56:37Z
OBS_000971,external:youngerarchive,external_csv,HT 25,a.3_stmt,768,TU QE NU[,,TU QE NU[,TU QE NU[,TU QE NU[,https://web.archive.org/web/20190416193018/http://www.people.ku.edu/~jyounger/LinearA/HTtexts.html,younger_table_statement | source=YoungerArchive | ingested=2026-02-24T02:56:37Z
OBS_000972,external:youngerarchive,external_csv,HT 25,a.4_stmt,769,DU RU WI[,,DU RU WI[,DU RU WI[,DU RU WI[,https://web.archive.org/web/20190416193018/http://www.people.ku.edu/~jyounger/LinearA/HTtexts.html,younger_table_statement | source=YoungerArchive | ingested=2026-02-24T02:56:37Z
OBS_000973,external:youngerarchive,external_csv,HT 25,a.4_stmt,770,ZU JU PU2,,ZU JU PU2,ZU JU PU2,ZU JU PU2,https://web.archive.org/web/20190416193018/http://www.people.ku.edu/~jyounger/LinearA/HTtexts.html,younger_table_statement | source=YoungerArchive | ingested=2026-02-24T02:56:37Z
OBS_000974,external:youngerarchive,external_csv,HT 25,a.5_stmt,771,I KI RA,,I KI RA,I KI RA,I KI RA,https://web.archive.org/web/20190416193018/http://www.people.ku.edu/~jyounger/LinearA/HTtexts.html,younger_table_statement | source=YoungerArchive | ingested=2026-02-24T02:56:37Z
OBS_000975,external:youngerarchive,external_csv,HT 25,b.2_log,772,VIR,,VIR,VIR,VIR,https://web.archive.org/web/20190416193018/http://www.people.ku.edu/~jyounger/LinearA/HTtexts.html,younger_table_logogram | source=YoungerArchive | ingested=2026-02-24T02:56:37Z
OBS_000976,external:youngerarchive,external_csv,HT 25,b.2_stmt,773,KU RO,,KU RO,KU RO,KU RO,https://web.archive.org/web/20190416193018/http://www.people.ku.edu/~jyounger/LinearA/HTtexts.html,younger_table_statement | source=YoungerArchive | ingested=2026-02-24T02:56:37Z
OBS_000977,external:youngerarchive,external_csv,HT 25,b.2_stmt,774,WI TE RO I TI,,WI TE RO I TI,WI TE RO I TI,WI TE RO I TI,https://web.archive.org/web/20190416193018/http://www.people.ku.edu/~jyounger/LinearA/HTtexts.html,younger_table_statement | source=YoungerArchive | ingested=2026-02-24T02:56:37Z
OBS_000978,external:youngerarchive,external_csv,HT 25,b.3_log,775,VIR,,VIR,VIR,VIR,https://web.archive.org/web/20190416193018/http://www.people.ku.edu/~jyounger/LinearA/HTtexts.html,younger_table_logogram | source=YoungerArchive | ingested=2026-02-24T02:56:37Z
OBS_000979,external:youngerarchive,external_csv,HT 25,b.4_stmt,776,KU RO,,KU RO,KU RO,KU RO,https://web.archive.org/web/20190416193018/http://www.people.ku.edu/~jyounger/LinearA/HTtexts.html,younger_table_statement | source=YoungerArchive | ingested=2026-02-24T02:56:37Z
OBS_000980,external:sigla,external_csv,HT 25A,word_1,777,AB07 AB06 AB10,,AB07 AB06 AB10,AB07 AB06 AB10,AB07 AB06 AB10,http://sigla.phis.me/document/HT%2025a/index-word.html,sigla_word_seq_pattern | source=SigLA | ingested=2026-02-24T02:56:37Z
OBS_000981,external:sigla,external_csv,HT 25A,word_2,778,AB26 AB30,,AB26 AB30,AB26 AB30,AB26 AB30,http://sigla.phis.me/document/HT%2025a/index-word.html,sigla_word_seq_pattern | source=SigLA | ingested=2026-02-24T02:56:37Z
OBS_000982,external:sigla,external_csv,HT 25A,word_3,779,AB10 AB27 AB40,,AB10 AB27 AB40,AB10 AB27 AB40,AB10 AB27 AB40,http://sigla.phis.me/document/HT%2025a/index-word.html,sigla_word_seq_pattern | source=SigLA | ingested=2026-02-24T02:56:37Z
OBS_000983,external:sigla,external_csv,HT 25A,word_4,780,AB07 AB06 AB10,,AB07 AB06 AB10,AB07 AB06 AB10,AB07 AB06 AB10,http://sigla.phis.me/document/HT%2025a/index-word.html,sigla_word_seq_pattern | source=SigLA | ingested=2026-02-24T02:56:37Z
OBS_000984,external:sigla,external_csv,HT 25A,word_5,781,AB08 AB53 AB30 AB59,,AB08 AB53 AB30 AB59,AB08 AB53 AB30 AB59,AB08 AB53 AB30 AB59,http://sigla.phis.me/document/HT%2025a/index-word.html,sigla_word_seq_pattern | source=SigLA | ingested=2026-02-24T02:56:37Z
OBS_000985,external:sigla,external_csv,HT 25A,word_6,782,AB69 AB78 AB55,,AB69 AB78 AB55,AB69 AB78 AB55,AB69 AB78 AB55,http://sigla.phis.me/document/HT%2025a/index-word.html,sigla_word_seq_pattern | source=SigLA | ingested=2026-02-24T02:56:37Z
OBS_000986,external:sigla,external_csv,HT 25A,word_7,783,AB79 AB65 AB29,,AB79 AB65 AB29,AB79 AB65 AB29,AB79 AB65 AB29,http://sigla.phis.me/document/HT%2025a/index-word.html,sigla_word_seq_pattern | source=SigLA | ingested=2026-02-24T02:56:37Z
OBS_000987,external:sigla,external_csv,HT 25A,word_8,784,AB51 AB26 AB40,,AB51 AB26 AB40,AB51 AB26 AB40,AB51 AB26 AB40,http://sigla.phis.me/document/HT%2025a/index-word.html,sigla_word_seq_pattern | source=SigLA | ingested=2026-02-24T02:56:37Z
OBS_000988,external:sigla,external_csv,HT 25A,word_9,785,AB28 AB67 AB60,,AB28 AB67 AB60,AB28 AB67 AB60,AB28 AB67 AB60,http://sigla.phis.me/document/HT%2025a/index-word.html,sigla_word_seq_pattern | source=SigLA | ingested=2026-02-24T02:56:37Z
OBS_000989,external:sigla,external_csv,HT 25B,word_2,786,AB81 AB02,,AB81 AB02,AB81 AB02,AB81 AB02,http://sigla.phis.me/document/HT%2025b/index-word.html,sigla_word_seq_pattern | source=SigLA | ingested=2026-02-24T02:56:37Z
OBS_000990,external:sigla,external_csv,HT 25B,word_3,787,AB40 AB04 AB02,,AB40 AB04 AB02,AB40 AB04 AB02,AB40 AB04 AB02,http://sigla.phis.me/document/HT%2025b/index-word.html,sigla_word_seq_pattern | source=SigLA | ingested=2026-02-24T02:56:37Z
OBS_000991,external:sigla,external_csv,HT 25B,word_4,788,AB28 AB37,,AB28 AB37,AB28 AB37,AB28 AB37,http://sigla.phis.me/document/HT%2025b/index-word.html,sigla_word_seq_pattern | source=SigLA | ingested=2026-02-24T02:56:37Z
OBS_000992,external:sigla,external_csv,HT 25B,word_5,789,AB81 AB02,,AB81 AB02,AB81 AB02,AB81 AB02,http://sigla.phis.me/document/HT%2025b/index-word.html,sigla_word_seq_pattern | source=SigLA | ingested=2026-02-24T02:56:37Z
OBS_000993,external:youngerarchive,external_csv,HT 26,a.1_log,790,406VAS KE,,406VAS KE,406VAS KE,406VAS KE,https://web.archive.org/web/20190416193018/http://www.people.ku.edu/~jyounger/LinearA/HTtexts.html,younger_table_logogram | source=YoungerArchive | ingested=2026-02-24T02:56:37Z
OBS_000994,external:youngerarchive,external_csv,HT 26,a.1_stmt,791,TE TE,,TE TE,TE TE,TE TE,https://web.archive.org/web/20190416193018/http://www.people.ku.edu/~jyounger/LinearA/HTtexts.html,younger_table_statement | source=YoungerArchive | ingested=2026-02-24T02:56:37Z
OBS_000995,external:youngerarchive,external_csv,HT 26,a.2-3_stmt,792,MI KI SE NA,,MI KI SE NA,MI KI SE NA,MI KI SE NA,https://web.archive.org/web/20190416193018/http://www.people.ku.edu/~jyounger/LinearA/HTtexts.html,younger_table_statement | source=YoungerArchive | ingested=2026-02-24T02:56:37Z
OBS_000996,external:youngerarchive,external_csv,HT 26,a.2_stmt,793,TA TI,,TA TI,TA TI,TA TI,https://web.archive.org/web/20190416193018/http://www.people.ku.edu/~jyounger/LinearA/HTtexts.html,younger_table_statement | source=YoungerArchive | ingested=2026-02-24T02:56:37Z
OBS_000997,external:youngerarchive,external_csv,HT 26,a.3-4_stmt,794,U NU QIF,,U NU QIF,U NU QIF,U NU QIF,https://web.archive.org/web/20190416193018/http://www.people.ku.edu/~jyounger/LinearA/HTtexts.html,younger_table_statement | source=YoungerArchive | ingested=2026-02-24T02:56:37Z
OBS_000998,external:youngerarchive,external_csv,HT 26,b.1_log,795,*406VAS KE VIR,,*406VAS KE VIR,*406VAS KE VIR,*406VAS KE VIR,https://web.archive.org/web/20190416193018/http://www.people.ku.edu/~jyounger/LinearA/HTtexts.html,younger_table_logogram | source=YoungerArchive | ingested=2026-02-24T02:56:37Z
OBS_000999,external:youngerarchive,external_csv,HT 26,b.2-3_stmt,796,KA U ZU NI,,KA U ZU NI,KA U ZU NI,KA U ZU NI,https://web.archive.org/web/20190416193018/http://www.people.ku.edu/~jyounger/LinearA/HTtexts.html,younger_table_statement | source=YoungerArchive | ingested=2026-02-24T02:56:37Z
OBS_001000,external:youngerarchive,external_csv,HT 26,b.2_stmt,797,RO NI,,RO NI,RO NI,RO NI,https://web.archive.org/web/20190416193018/http://www.people.ku.edu/~jyounger/LinearA/HTtexts.html,younger_table_statement | source=YoungerArchive | ingested=2026-02-24T02:56:37Z
OBS_001001,external:youngerarchive,external_csv,HT 26,b.3_log,798,KI ME,,KI ME,KI ME,KI ME,https://web.archive.org/web/20190416193018/http://www.people.ku.edu/~jyounger/LinearA/HTtexts.html,younger_table_logogram | source=YoungerArchive | ingested=2026-02-24T02:56:37Z
OBS_001002,external:sigla,external_csv,HT 26A,word_1,799,A312 AB04 AB04,,A312 AB04 AB04,A312 AB04 AB04,A312 AB04 AB04,http://sigla.phis.me/document/HT%2026a/index-word.html,sigla_word_seq_pattern | source=SigLA | ingested=2026-02-24T02:56:37Z
OBS_001003,external:sigla,external_csv,HT 26A,word_2,800,AB59 AB37,,AB59 AB37,AB59 AB37,AB59 AB37,http://sigla.phis.me/document/HT%2026a/index-word.html,sigla_word_seq_pattern | source=SigLA | ingested=2026-02-24T02:56:37Z
OBS_001004,external:sigla,external_csv,HT 26A,word_3,801,AB73 AB67 AB09 AB06,,AB73 AB67 AB09 AB06,AB73 AB67 AB09 AB06,AB73 AB67 AB09 AB06,http://sigla.phis.me/document/HT%2026a/index-word.html,sigla_word_seq_pattern | source=SigLA | ingested=2026-02-24T02:56:37Z
OBS_001005,external:sigla,external_csv,HT 26A,word_4,802,AB10 AB55 AB21F,,AB10 AB55 AB21F,AB10 AB55 AB21F,AB10 AB55 AB21F,http://sigla.phis.me/document/HT%2026a/index-word.html,sigla_word_seq_pattern | source=SigLA | ingested=2026-02-24T02:56:37Z
OBS_001006,external:sigla,external_csv,HT 26B,word_2,803,AB03 AB02 AB30,,AB03 AB02 AB30,AB03 AB02 AB30,AB03 AB02 AB30,http://sigla.phis.me/document/HT%2026b/index-word.html,sigla_word_seq_pattern | source=SigLA | ingested=2026-02-24T02:56:37Z
OBS_001007,external:sigla,external_csv,HT 26B,word_3,804,AB77 AB10 AB79 AB30,,AB77 AB10 AB79 AB30,AB77 AB10 AB79 AB30,AB77 AB10 AB79 AB30,http://sigla.phis.me/document/HT%2026b/index-word.html,sigla_word_seq_pattern | source=SigLA | ingested=2026-02-24T02:56:37Z
OBS_001008,external:sigla,external_csv,HT 26B,word_4,805,AB28 A308,,AB28 A308,AB28 A308,AB28 A308,http://sigla.phis.me/document/HT%2026b/index-word.html,sigla_word_seq_pattern | source=SigLA | ingested=2026-02-24T02:56:37Z
OBS_001009,external:sigla,external_csv,HT 26B,word_5,806,AB188 AB86,,AB188 AB86,AB188 AB86,AB188 AB86,http://sigla.phis.me/document/HT%2026b/index-word.html,sigla_word_seq_pattern | source=SigLA | ingested=2026-02-24T02:56:37Z
OBS_001010,external:youngerarchive,external_csv,HT 27,a.1_log,807,VIR,,VIR,VIR,VIR,https://web.archive.org/web/20190416193018/http://www.people.ku.edu/~jyounger/LinearA/HTtexts.html,younger_table_logogram | source=YoungerArchive | ingested=2026-02-24T02:56:37Z
OBS_001011,external:youngerarchive,external_csv,HT 27,a.1_stmt,808,TI NI TA,,TI NI TA,TI NI TA,TI NI TA,https://web.archive.org/web/20190416193018/http://www.people.ku.edu/~jyounger/LinearA/HTtexts.html,younger_table_statement | source=YoungerArchive | ingested=2026-02-24T02:56:37Z
OBS_001012,external:youngerarchive,external_csv,HT 27,a.3_stmt,809,]I MI SA RA,,]I MI SA RA,]I MI SA RA,]I MI SA RA,https://web.archive.org/web/20190416193018/http://www.people.ku.edu/~jyounger/LinearA/HTtexts.html,younger_table_statement | source=YoungerArchive | ingested=2026-02-24T02:56:37Z
OBS_001013,external:youngerarchive,external_csv,HT 27,a.4_stmt,810,KI DA,,KI DA,KI DA,KI DA,https://web.archive.org/web/20190416193018/http://www.people.ku.edu/~jyounger/LinearA/HTtexts.html,younger_table_statement | source=YoungerArchive | ingested=2026-02-24T02:56:37Z
OBS_001014,external:youngerarchive,external_csv,HT 27,a.5_stmt,811,]SA RA DI,,]SA RA DI,]SA RA DI,]SA RA DI,https://web.archive.org/web/20190416193018/http://www.people.ku.edu/~jyounger/LinearA/HTtexts.html,younger_table_statement | source=YoungerArchive | ingested=2026-02-24T02:56:37Z
OBS_001015,external:youngerarchive,external_csv,HT 27,a.6_log,812,VIR,,VIR,VIR,VIR,https://web.archive.org/web/20190416193018/http://www.people.ku.edu/~jyounger/LinearA/HTtexts.html,younger_table_logogram | source=YoungerArchive | ingested=2026-02-24T02:56:37Z
OBS_001016,external:youngerarchive,external_csv,HT 27,a.7_stmt,813,KU RO,,KU RO,KU RO,KU RO,https://web.archive.org/web/20190416193018/http://www.people.ku.edu/~jyounger/LinearA/HTtexts.html,younger_table_statement | source=YoungerArchive | ingested=2026-02-24T02:56:37Z
OBS_001017,external:youngerarchive,external_csv,HT 27,a.8_log,814,FIC,,FIC,FIC,FIC,https://web.archive.org/web/20190416193018/http://www.people.ku.edu/~jyounger/LinearA/HTtexts.html,younger_table_logogram | source=YoungerArchive | ingested=2026-02-24T02:56:37Z
OBS_001018,external:youngerarchive,external_csv,HT 27,a.8_log,815,VINA,,VINA,VINA,VINA,https://web.archive.org/web/20190416193018/http://www.people.ku.edu/~jyounger/LinearA/HTtexts.html,younger_table_logogram | source=YoungerArchive | ingested=2026-02-24T02:56:37Z
OBS_001019,external:youngerarchive,external_csv,HT 27,b.1_log,816,VINA WA SA,,VINA WA SA,VINA WA SA,VINA WA SA,https://web.archive.org/web/20190416193018/http://www.people.ku.edu/~jyounger/LinearA/HTtexts.html,younger_table_logogram | source=YoungerArchive | ingested=2026-02-24T02:56:37Z
OBS_001020,external:youngerarchive,external_csv,HT 27,b.1_stmt,817,]MI DA,,]MI DA,]MI DA,]MI DA,https://web.archive.org/web/20190416193018/http://www.people.ku.edu/~jyounger/LinearA/HTtexts.html,younger_table_statement | source=YoungerArchive | ingested=2026-02-24T02:56:37Z
OBS_001021,external:youngerarchive,external_csv,HT 27,b.6_log,818,VINA GRA SA,,VINA GRA SA,VINA GRA SA,VINA GRA SA,https://web.archive.org/web/20190416193018/http://www.people.ku.edu/~jyounger/LinearA/HTtexts.html,younger_table_logogram | source=YoungerArchive | ingested=2026-02-24T02:56:37Z
OBS_001022,external:sigla,external_csv,HT 27A,word_1,819,AB37 AB30 AB59,,AB37 AB30 AB59,AB37 AB30 AB59,AB37 AB30 AB59,http://sigla.phis.me/document/HT%2027a/index-word.html,sigla_word_seq_pattern | source=SigLA | ingested=2026-02-24T02:56:37Z
OBS_001023,external:sigla,external_csv,HT 27A,word_2,820,AB28 AB73 AB31 AB60,,AB28 AB73 AB31 AB60,AB28 AB73 AB31 AB60,AB28 AB73 AB31 AB60,http://sigla.phis.me/document/HT%2027a/index-word.html,sigla_word_seq_pattern | source=SigLA | ingested=2026-02-24T02:56:37Z
OBS_001024,external:sigla,external_csv,HT 27A,word_3,821,AB78,,AB78,AB78,AB78,http://sigla.phis.me/document/HT%2027a/index-word.html,sigla_word_seq_pattern | source=SigLA | ingested=2026-02-24T02:56:37Z
OBS_001025,external:sigla,external_csv,HT 27A,word_4,822,AB67 AB01,,AB67 AB01,AB67 AB01,AB67 AB01,http://sigla.phis.me/document/HT%2027a/index-word.html,sigla_word_seq_pattern | source=SigLA | ingested=2026-02-24T02:56:37Z
OBS_001026,external:sigla,external_csv,HT 27A,word_5,823,AB67 A310,,AB67 A310,AB67 A310,AB67 A310,http://sigla.phis.me/document/HT%2027a/index-word.html,sigla_word_seq_pattern | source=SigLA | ingested=2026-02-24T02:56:37Z
OBS_001027,external:sigla,external_csv,HT 27A,word_6,824,AB81 A305,,AB81 A305,AB81 A305,AB81 A305,http://sigla.phis.me/document/HT%2027a/index-word.html,sigla_word_seq_pattern | source=SigLA | ingested=2026-02-24T02:56:37Z
OBS_001028,external:sigla,external_csv,HT 27A,word_7,825,AB31 AB60 AB07,,AB31 AB60 AB07,AB31 AB60 AB07,AB31 AB60 AB07,http://sigla.phis.me/document/HT%2027a/index-word.html,sigla_word_seq_pattern | source=SigLA | ingested=2026-02-24T02:56:37Z
OBS_001029,external:sigla,external_csv,HT 27A,word_8,826,AB81 AB02,,AB81 AB02,AB81 AB02,AB81 AB02,http://sigla.phis.me/document/HT%2027a/index-word.html,sigla_word_seq_pattern | source=SigLA | ingested=2026-02-24T02:56:37Z
OBS_001030,external:sigla,external_csv,HT 27B,word_1,827,AB73 AB01,,AB73 AB01,AB73 AB01,AB73 AB01,http://sigla.phis.me/document/HT%2027b/index-word.html,sigla_word_seq_pattern | source=SigLA | ingested=2026-02-24T02:56:37Z
OBS_001031,external:sigla,external_csv,HT 27B,word_2,828,[?] [?],,[?] [?],[?] [?],[?] [?],http://sigla.phis.me/document/HT%2027b/index-word.html,sigla_word_seq_pattern | source=SigLA | ingested=2026-02-24T02:56:37Z
OBS_001032,external:sigla,external_csv,HT 27B,word_3,829,AB03 AB09,,AB03 AB09,AB03 AB09,AB03 AB09,http://sigla.phis.me/document/HT%2027b/index-word.html,sigla_word_seq_pattern | source=SigLA | ingested=2026-02-24T02:56:37Z
OBS_001033,external:youngerarchive,external_csv,HT 28,a.1-2_log,830,GRA QE,,GRA QE,GRA QE,GRA QE,https://web.archive.org/web/20190416193018/http://www.people.ku.edu/~jyounger/LinearA/HTtexts.html,younger_table_logogram | source=YoungerArchive | ingested=2026-02-24T02:56:37Z
OBS_001034,external:youngerarchive,external_csv,HT 28,a.1-2_stmt,831,JA QIF,,JA QIF,JA QIF,JA QIF,https://web.archive.org/web/20190416193018/http://www.people.ku.edu/~jyounger/LinearA/HTtexts.html,younger_table_statement | source=YoungerArchive | ingested=2026-02-24T02:56:37Z
OBS_001035,external:youngerarchive,external_csv,HT 28,a.1_stmt,832,A SI JA KA,,A SI JA KA,A SI JA KA,A SI JA KA,https://web.archive.org/web/20190416193018/http://www.people.ku.edu/~jyounger/LinearA/HTtexts.html,younger_table_statement | source=YoungerArchive | ingested=2026-02-24T02:56:37Z
OBS_001036,external:youngerarchive,external_csv,HT 28,a.2-3_log,833,OLE TU,,OLE TU,OLE TU,OLE TU,https://web.archive.org/web/20190416193018/http://www.people.ku.edu/~jyounger/LinearA/HTtexts.html,younger_table_logogram | source=YoungerArchive | ingested=2026-02-24T02:56:37Z
OBS_001037,external:youngerarchive,external_csv,HT 28,a.2_log,834,OLE KI,,OLE KI,OLE KI,OLE KI,https://web.archive.org/web/20190416193018/http://www.people.ku.edu/~jyounger/LinearA/HTtexts.html,younger_table_logogram | source=YoungerArchive | ingested=2026-02-24T02:56:37Z
OBS_001038,external:youngerarchive,external_csv,HT 28,a.2_log,835,OLE MI,,OLE MI,OLE MI,OLE MI,https://web.archive.org/web/20190416193018/http://www.people.ku.edu/~jyounger/LinearA/HTtexts.html,younger_table_logogram | source=YoungerArchive | ingested=2026-02-24T02:56:37Z
OBS_001039,external:youngerarchive,external_csv,HT 28,a.2_log,836,OLE U,,OLE U,OLE U,OLE U,https://web.archive.org/web/20190416193018/http://www.people.ku.edu/~jyounger/LinearA/HTtexts.html,younger_table_logogram | source=YoungerArchive | ingested=2026-02-24T02:56:37Z
OBS_001040,external:youngerarchive,external_csv,HT 28,a.3_log,837,FIC,,FIC,FIC,FIC,https://web.archive.org/web/20190416193018/http://www.people.ku.edu/~jyounger/LinearA/HTtexts.html,younger_table_logogram | source=YoungerArchive | ingested=2026-02-24T02:56:37Z
OBS_001041,external:youngerarchive,external_csv,HT 28,a.3_log,838,OLE DI,,OLE DI,OLE DI,OLE DI,https://web.archive.org/web/20190416193018/http://www.people.ku.edu/~jyounger/LinearA/HTtexts.html,younger_table_logogram | source=YoungerArchive | ingested=2026-02-24T02:56:37Z
OBS_001042,external:youngerarchive,external_csv,HT 28,a.3_stmt,839,SA RA2,,SA RA2,SA RA2,SA RA2,https://web.archive.org/web/20190416193018/http://www.people.ku.edu/~jyounger/LinearA/HTtexts.html,younger_table_statement | source=YoungerArchive | ingested=2026-02-24T02:56:37Z
OBS_001043,external:youngerarchive,external_csv,HT 28,a.4_log,840,VINA,,VINA,VINA,VINA,https://web.archive.org/web/20190416193018/http://www.people.ku.edu/~jyounger/LinearA/HTtexts.html,younger_table_logogram | source=YoungerArchive | ingested=2026-02-24T02:56:37Z
OBS_001044,external:youngerarchive,external_csv,HT 28,a.4_log,841,VIR KA VINA,,VIR KA VINA,VIR KA VINA,VIR KA VINA,https://web.archive.org/web/20190416193018/http://www.people.ku.edu/~jyounger/LinearA/HTtexts.html,younger_table_logogram | source=YoungerArchive | ingested=2026-02-24T02:56:37Z
OBS_001045,external:youngerarchive,external_csv,HT 28,a.5_log,842,GRA,,GRA,GRA,GRA,https://web.archive.org/web/20190416193018/http://www.people.ku.edu/~jyounger/LinearA/HTtexts.html,younger_table_logogram | source=YoungerArchive | ingested=2026-02-24T02:56:37Z
OBS_001046,external:youngerarchive,external_csv,HT 28,a.5_stmt,843,A RU DA RA,,A RU DA RA,A RU DA RA,A RU DA RA,https://web.archive.org/web/20190416193018/http://www.people.ku.edu/~jyounger/LinearA/HTtexts.html,younger_table_statement | source=YoungerArchive | ingested=2026-02-24T02:56:37Z
OBS_001047,external:youngerarchive,external_csv,HT 28,a.6_log,844,OLE DI,,OLE DI,OLE DI,OLE DI,https://web.archive.org/web/20190416193018/http://www.people.ku.edu/~jyounger/LinearA/HTtexts.html,younger_table_logogram | source=YoungerArchive | ingested=2026-02-24T02:56:37Z
OBS_001048,external:youngerarchive,external_csv,HT 28,a.6_stmt,845,I TA JA,,I TA JA,I TA JA,I TA JA,https://web.archive.org/web/20190416193018/http://www.people.ku.edu/~jyounger/LinearA/HTtexts.html,younger_table_statement | source=YoungerArchive | ingested=2026-02-24T02:56:37Z
OBS_001049,external:youngerarchive,external_csv,HT 28,b.1-2_stmt,846,A SI JA KA U MI NA SI,,A SI JA KA U MI NA SI,A SI JA KA U MI NA SI,A SI JA KA U MI NA SI,https://web.archive.org/web/20190416193018/http://www.people.ku.edu/~jyounger/LinearA/HTtexts.html,younger_table_statement | source=YoungerArchive | ingested=2026-02-24T02:56:37Z
OBS_001050,external:youngerarchive,external_csv,HT 28,b.2-3_log,847,OLE DI,,OLE DI,OLE DI,OLE DI,https://web.archive.org/web/20190416193018/http://www.people.ku.edu/~jyounger/LinearA/HTtexts.html,younger_table_logogram | source=YoungerArchive | ingested=2026-02-24T02:56:37Z
OBS_001051,external:youngerarchive,external_csv,HT 28,b.2_log,848,GRA,,GRA,GRA,GRA,https://web.archive.org/web/20190416193018/http://www.people.ku.edu/~jyounger/LinearA/HTtexts.html,younger_table_logogram | source=YoungerArchive | ingested=2026-02-24T02:56:37Z
OBS_001052,external:youngerarchive,external_csv,HT 28,b.2_stmt,849,SA RA2,,SA RA2,SA RA2,SA RA2,https://web.archive.org/web/20190416193018/http://www.people.ku.edu/~jyounger/LinearA/HTtexts.html,younger_table_statement | source=YoungerArchive | ingested=2026-02-24T02:56:37Z
OBS_001053,external:youngerarchive,external_csv,HT 28,b.3-4_log,850,FIC,,FIC,FIC,FIC,https://web.archive.org/web/20190416193018/http://www.people.ku.edu/~jyounger/LinearA/HTtexts.html,younger_table_logogram | source=YoungerArchive | ingested=2026-02-24T02:56:37Z
OBS_001054,external:youngerarchive,external_csv,HT 28,b.3-4_stmt,851,PU RA2,,PU RA2,PU RA2,PU RA2,https://web.archive.org/web/20190416193018/http://www.people.ku.edu/~jyounger/LinearA/HTtexts.html,younger_table_statement | source=YoungerArchive | ingested=2026-02-24T02:56:37Z
OBS_001055,external:youngerarchive,external_csv,HT 28,b.3_log,852,FIC,,FIC,FIC,FIC,https://web.archive.org/web/20190416193018/http://www.people.ku.edu/~jyounger/LinearA/HTtexts.html,younger_table_logogram | source=YoungerArchive | ingested=2026-02-24T02:56:37Z
OBS_001056,external:youngerarchive,external_csv,HT 28,b.3_log,853,VINA,,VINA,VINA,VINA,https://web.archive.org/web/20190416193018/http://www.people.ku.edu/~jyounger/LinearA/HTtexts.html,younger_table_logogram | source=YoungerArchive | ingested=2026-02-24T02:56:37Z
OBS_001057,external:youngerarchive,external_csv,HT 28,b.4_log,854,VINA,,VINA,VINA,VINA,https://web.archive.org/web/20190416193018/http://www.people.ku.edu/~jyounger/LinearA/HTtexts.html,younger_table_logogram | source=YoungerArchive | ingested=2026-02-24T02:56:37Z
OBS_001058,external:youngerarchive,external_csv,HT 28,b.4_stmt,855,JA QIF,,JA QIF,JA QIF,JA QIF,https://web.archive.org/web/20190416193018/http://www.people.ku.edu/~jyounger/LinearA/HTtexts.html,younger_table_statement | source=YoungerArchive | ingested=2026-02-24T02:56:37Z
OBS_001059,external:youngerarchive,external_csv,HT 28,b.5_log,856,OLE DI,,OLE DI,OLE DI,OLE DI,https://web.archive.org/web/20190416193018/http://www.people.ku.edu/~jyounger/LinearA/HTtexts.html,younger_table_logogram | source=YoungerArchive | ingested=2026-02-24T02:56:37Z
OBS_001060,external:youngerarchive,external_csv,HT 28,b.5_log,857,VINA,,VINA,VINA,VINA,https://web.archive.org/web/20190416193018/http://www.people.ku.edu/~jyounger/LinearA/HTtexts.html,younger_table_logogram | source=YoungerArchive | ingested=2026-02-24T02:56:37Z
OBS_001061,external:youngerarchive,external_csv,HT 28,b.5_stmt,858,WI DI NA,,WI DI NA,WI DI NA,WI DI NA,https://web.archive.org/web/20190416193018/http://www.people.ku.edu/~jyounger/LinearA/HTtexts.html,younger_table_statement | source=YoungerArchive | ingested=2026-02-24T02:56:37Z
OBS_001062,external:sigla,external_csv,HT 28A,word_1,859,AB08 AB41 AB57 AB77,,AB08 AB41 AB57 AB77,AB08 AB41 AB57 AB77,AB08 AB41 AB57 AB77,http://sigla.phis.me/document/HT%2028a/index-word.html,sigla_word_seq_pattern | source=SigLA | ingested=2026-02-24T02:56:37Z
OBS_001063,external:sigla,external_csv,HT 28A,word_2,860,AB57 AB21F,,AB57 AB21F,AB57 AB21F,AB57 AB21F,http://sigla.phis.me/document/HT%2028a/index-word.html,sigla_word_seq_pattern | source=SigLA | ingested=2026-02-24T02:56:37Z
OBS_001064,external:sigla,external_csv,HT 28A,word_3,861,AB31 AB72,,AB31 AB72,AB31 AB72,AB31 AB72,http://sigla.phis.me/document/HT%2028a/index-word.html,sigla_word_seq_pattern | source=SigLA | ingested=2026-02-24T02:56:37Z
OBS_001065,external:sigla,external_csv,HT 28A,word_4,862,AB08 AB26 AB01 AB60,,AB08 AB26 AB01 AB60,AB08 AB26 AB01 AB60,AB08 AB26 AB01 AB60,http://sigla.phis.me/document/HT%2028a/index-word.html,sigla_word_seq_pattern | source=SigLA | ingested=2026-02-24T02:56:37Z
OBS_001066,external:sigla,external_csv,HT 28A,word_5,863,AB28 AB59 AB57,,AB28 AB59 AB57,AB28 AB59 AB57,AB28 AB59 AB57,http://sigla.phis.me/document/HT%2028a/index-word.html,sigla_word_seq_pattern | source=SigLA | ingested=2026-02-24T02:56:37Z
OBS_001067,external:sigla,external_csv,HT 28B,word_1,864,AB08 AB41 AB57 AB77,,AB08 AB41 AB57 AB77,AB08 AB41 AB57 AB77,AB08 AB41 AB57 AB77,http://sigla.phis.me/document/HT%2028b/index-word.html,sigla_word_seq_pattern | source=SigLA | ingested=2026-02-24T02:56:37Z
OBS_001068,external:sigla,external_csv,HT 28B,word_2,865,AB10 AB73 AB06 AB41,,AB10 AB73 AB06 AB41,AB10 AB73 AB06 AB41,AB10 AB73 AB06 AB41,http://sigla.phis.me/document/HT%2028b/index-word.html,sigla_word_seq_pattern | source=SigLA | ingested=2026-02-24T02:56:37Z
OBS_001069,external:sigla,external_csv,HT 28B,word_3,866,AB31 AB76,,AB31 AB76,AB31 AB76,AB31 AB76,http://sigla.phis.me/document/HT%2028b/index-word.html,sigla_word_seq_pattern | source=SigLA | ingested=2026-02-24T02:56:37Z
OBS_001070,external:sigla,external_csv,HT 28B,word_4,867,AB50 AB76,,AB50 AB76,AB50 AB76,AB50 AB76,http://sigla.phis.me/document/HT%2028b/index-word.html,sigla_word_seq_pattern | source=SigLA | ingested=2026-02-24T02:56:37Z
OBS_001071,external:sigla,external_csv,HT 28B,word_5,868,AB57 AB21F,,AB57 AB21F,AB57 AB21F,AB57 AB21F,http://sigla.phis.me/document/HT%2028b/index-word.html,sigla_word_seq_pattern | source=SigLA | ingested=2026-02-24T02:56:37Z
OBS_001072,external:sigla,external_csv,HT 28B,word_6,869,AB40 AB07 AB06,,AB40 AB07 AB06,AB40 AB07 AB06,AB40 AB07 AB06,http://sigla.phis.me/document/HT%2028b/index-word.html,sigla_word_seq_pattern | source=SigLA | ingested=2026-02-24T02:56:37Z
OBS_001073,external:youngerarchive,external_csv,HT 29,.1_stmt,870,RU MA TA,,RU MA TA,RU MA TA,RU MA TA,https://web.archive.org/web/20190416193018/http://www.people.ku.edu/~jyounger/LinearA/HTtexts.html,younger_table_statement | source=YoungerArchive | ingested=2026-02-24T02:56:37Z
OBS_001074,external:youngerarchive,external_csv,HT 29,.2_stmt,871,PA JA RE,,PA JA RE,PA JA RE,PA JA RE,https://web.archive.org/web/20190416193018/http://www.people.ku.edu/~jyounger/LinearA/HTtexts.html,younger_table_statement | source=YoungerArchive | ingested=2026-02-24T02:56:37Z
OBS_001075,external:youngerarchive,external_csv,HT 29,.3_stmt,872,]DI JA I,,]DI JA I,]DI JA I,]DI JA I,https://web.archive.org/web/20190416193018/http://www.people.ku.edu/~jyounger/LinearA/HTtexts.html,younger_table_statement | source=YoungerArchive | ingested=2026-02-24T02:56:37Z
OBS_001076,external:youngerarchive,external_csv,HT 29,.4_stmt,873,SA MI,,SA MI,SA MI,SA MI,https://web.archive.org/web/20190416193018/http://www.people.ku.edu/~jyounger/LinearA/HTtexts.html,younger_table_statement | source=YoungerArchive | ingested=2026-02-24T02:56:37Z
OBS_001077,external:youngerarchive,external_csv,HT 29,.5_stmt,874,A RE DA I,,A RE DA I,A RE DA I,A RE DA I,https://web.archive.org/web/20190416193018/http://www.people.ku.edu/~jyounger/LinearA/HTtexts.html,younger_table_statement | source=YoungerArchive | ingested=2026-02-24T02:56:37Z
OBS_001078,external:youngerarchive,external_csv,HT 29,.6_stmt,875,KA DU MA NE,,KA DU MA NE,KA DU MA NE,KA DU MA NE,https://web.archive.org/web/20190416193018/http://www.people.ku.edu/~jyounger/LinearA/HTtexts.html,younger_table_statement | source=YoungerArchive | ingested=2026-02-24T02:56:37Z
OBS_001079,external:sigla,external_csv,HT 29,word_1,876,AB26 AB80 AB59,,AB26 AB80 AB59,AB26 AB80 AB59,AB26 AB80 AB59,http://sigla.phis.me/document/HT%2029/index-word.html,sigla_word_seq_pattern | source=SigLA | ingested=2026-02-24T02:56:37Z
OBS_001080,external:sigla,external_csv,HT 29,word_2,877,AB03 AB57 AB27,,AB03 AB57 AB27,AB03 AB57 AB27,AB03 AB57 AB27,http://sigla.phis.me/document/HT%2029/index-word.html,sigla_word_seq_pattern | source=SigLA | ingested=2026-02-24T02:56:37Z
OBS_001081,external:sigla,external_csv,HT 29,word_3,878,AB07 AB57 AB28,,AB07 AB57 AB28,AB07 AB57 AB28,AB07 AB57 AB28,http://sigla.phis.me/document/HT%2029/index-word.html,sigla_word_seq_pattern | source=SigLA | ingested=2026-02-24T02:56:37Z
OBS_001082,external:sigla,external_csv,HT 29,word_4,879,AB31 A323 AB73,,AB31 A323 AB73,AB31 A323 AB73,AB31 A323 AB73,http://sigla.phis.me/document/HT%2029/index-word.html,sigla_word_seq_pattern | source=SigLA | ingested=2026-02-24T02:56:37Z
OBS_001083,external:sigla,external_csv,HT 29,word_5,880,A340 AB67 AB59,,A340 AB67 AB59,A340 AB67 AB59,A340 AB67 AB59,http://sigla.phis.me/document/HT%2029/index-word.html,sigla_word_seq_pattern | source=SigLA | ingested=2026-02-24T02:56:37Z
OBS_001084,external:sigla,external_csv,HT 29,word_6,881,AB08 AB27 AB01 AB28,,AB08 AB27 AB01 AB28,AB08 AB27 AB01 AB28,AB08 AB27 AB01 AB28,http://sigla.phis.me/document/HT%2029/index-word.html,sigla_word_seq_pattern | source=SigLA | ingested=2026-02-24T02:56:37Z
OBS_001085,external:sigla,external_csv,HT 29,word_7,882,AB77 AB51 AB80 AB24,,AB77 AB51 AB80 AB24,AB77 AB51 AB80 AB24,AB77 AB51 AB80 AB24,http://sigla.phis.me/document/HT%2029/index-word.html,sigla_word_seq_pattern | source=SigLA | ingested=2026-02-24T02:56:37Z
OBS_001086,external:youngerarchive,external_csv,HT 3,.1_stmt,883,MA DI,,MA DI,MA DI,MA DI,https://web.archive.org/web/20190416193018/http://www.people.ku.edu/~jyounger/LinearA/HTtexts.html,younger_table_statement | source=YoungerArchive | ingested=2026-02-24T02:56:37Z
OBS_001087,external:youngerarchive,external_csv,HT 3,.2_stmt,884,QE RA2 JA[,,QE RA2 JA[,QE RA2 JA[,QE RA2 JA[,https://web.archive.org/web/20190416193018/http://www.people.ku.edu/~jyounger/LinearA/HTtexts.html,younger_table_statement | source=YoungerArchive | ingested=2026-02-24T02:56:37Z
OBS_001088,external:youngerarchive,external_csv,HT 3,.4_stmt,885,MU RU,,MU RU,MU RU,MU RU,https://web.archive.org/web/20190416193018/http://www.people.ku.edu/~jyounger/LinearA/HTtexts.html,younger_table_statement | source=YoungerArchive | ingested=2026-02-24T02:56:37Z
OBS_001089,external:youngerarchive,external_csv,HT 3,.5_stmt,886,]SI TU RA2 RE,,]SI TU RA2 RE,]SI TU RA2 RE,]SI TU RA2 RE,https://web.archive.org/web/20190416193018/http://www.people.ku.edu/~jyounger/LinearA/HTtexts.html,younger_table_statement | source=YoungerArchive | ingested=2026-02-24T02:56:37Z
OBS_001090,external:youngerarchive,external_csv,HT 3,.6_stmt,887,]KU PA3 NU,,]KU PA3 NU,]KU PA3 NU,]KU PA3 NU,https://web.archive.org/web/20190416193018/http://www.people.ku.edu/~jyounger/LinearA/HTtexts.html,younger_table_statement | source=YoungerArchive | ingested=2026-02-24T02:56:37Z
OBS_001091,external:youngerarchive,external_csv,HT 3,.7_stmt,888,MA DI,,MA DI,MA DI,MA DI,https://web.archive.org/web/20190416193018/http://www.people.ku.edu/~jyounger/LinearA/HTtexts.html,younger_table_statement | source=YoungerArchive | ingested=2026-02-24T02:56:37Z
OBS_001092,external:sigla,external_csv,HT 3,word_1,889,AB80 AB07?,,AB80 AB07?,AB80 AB07?,AB80 AB07?,http://sigla.phis.me/document/HT%203/index-word.html,sigla_word_seq_pattern | source=SigLA | ingested=2026-02-24T02:56:37Z
OBS_001093,external:sigla,external_csv,HT 3,word_10,890,AB80 AB07,,AB80 AB07,AB80 AB07,AB80 AB07,http://sigla.phis.me/document/HT%203/index-word.html,sigla_word_seq_pattern | source=SigLA | ingested=2026-02-24T02:56:37Z
OBS_001094,external:sigla,external_csv,HT 3,word_11,891,AB01,,AB01,AB01,AB01,http://sigla.phis.me/document/HT%203/index-word.html,sigla_word_seq_pattern | source=SigLA | ingested=2026-02-24T02:56:37Z
OBS_001095,external:sigla,external_csv,HT 3,word_2,892,AB07 AB06,,AB07 AB06,AB07 AB06,AB07 AB06,http://sigla.phis.me/document/HT%203/index-word.html,sigla_word_seq_pattern | source=SigLA | ingested=2026-02-24T02:56:37Z
OBS_001096,external:sigla,external_csv,HT 3,word_3,893,AB78 AB76 AB57,,AB78 AB76 AB57,AB78 AB76 AB57,AB78 AB76 AB57,http://sigla.phis.me/document/HT%203/index-word.html,sigla_word_seq_pattern | source=SigLA | ingested=2026-02-24T02:56:37Z
OBS_001097,external:sigla,external_csv,HT 3,word_5,894,AB23 AB26,,AB23 AB26,AB23 AB26,AB23 AB26,http://sigla.phis.me/document/HT%203/index-word.html,sigla_word_seq_pattern | source=SigLA | ingested=2026-02-24T02:56:37Z
OBS_001098,external:sigla,external_csv,HT 3,word_6,895,AB26,,AB26,AB26,AB26,http://sigla.phis.me/document/HT%203/index-word.html,sigla_word_seq_pattern | source=SigLA | ingested=2026-02-24T02:56:37Z
OBS_001099,external:sigla,external_csv,HT 3,word_7,896,AB41 AB69 AB76 AB27,,AB41 AB69 AB76 AB27,AB41 AB69 AB76 AB27,AB41 AB69 AB76 AB27,http://sigla.phis.me/document/HT%203/index-word.html,sigla_word_seq_pattern | source=SigLA | ingested=2026-02-24T02:56:37Z
OBS_001100,external:sigla,external_csv,HT 3,word_9,897,AB81 AB56 AB55,,AB81 AB56 AB55,AB81 AB56 AB55,AB81 AB56 AB55,http://sigla.phis.me/document/HT%203/index-word.html,sigla_word_seq_pattern | source=SigLA | ingested=2026-02-24T02:56:37Z
OBS_001101,external:youngerarchive,external_csv,HT 30,.1_stmt,898,SA RA2,,SA RA2,SA RA2,SA RA2,https://web.archive.org/web/20190416193018/http://www.people.ku.edu/~jyounger/LinearA/HTtexts.html,younger_table_statement | source=YoungerArchive | ingested=2026-02-24T02:56:37Z
OBS_001102,external:youngerarchive,external_csv,HT 30,.2_log,899,FIC,,FIC,FIC,FIC,https://web.archive.org/web/20190416193018/http://www.people.ku.edu/~jyounger/LinearA/HTtexts.html,younger_table_logogram | source=YoungerArchive | ingested=2026-02-24T02:56:37Z
OBS_001103,external:youngerarchive,external_csv,HT 30,.2_log,900,VINA,,VINA,VINA,VINA,https://web.archive.org/web/20190416193018/http://www.people.ku.edu/~jyounger/LinearA/HTtexts.html,younger_table_logogram | source=YoungerArchive | ingested=2026-02-24T02:56:37Z
OBS_001104,external:youngerarchive,external_csv,HT 30,.3-4_log,901,BOSM,,BOSM,BOSM,BOSM,https://web.archive.org/web/20190416193018/http://www.people.ku.edu/~jyounger/LinearA/HTtexts.html,younger_table_logogram | source=YoungerArchive | ingested=2026-02-24T02:56:37Z
OBS_001105,external:youngerarchive,external_csv,HT 30,.3_log,902,OLE TA,,OLE TA,OLE TA,OLE TA,https://web.archive.org/web/20190416193018/http://www.people.ku.edu/~jyounger/LinearA/HTtexts.html,younger_table_logogram | source=YoungerArchive | ingested=2026-02-24T02:56:37Z
OBS_001106,external:youngerarchive,external_csv,HT 30,.3_log,903,QA [?] PU,,QA [?] PU,QA [?] PU,QA [?] PU,https://web.archive.org/web/20190416193018/http://www.people.ku.edu/~jyounger/LinearA/HTtexts.html,younger_table_logogram | source=YoungerArchive | ingested=2026-02-24T02:56:37Z
OBS_001107,external:youngerarchive,external_csv,HT 30,.3_stmt,904,SA RA RA,,SA RA RA,SA RA RA,SA RA RA,https://web.archive.org/web/20190416193018/http://www.people.ku.edu/~jyounger/LinearA/HTtexts.html,younger_table_statement | source=YoungerArchive | ingested=2026-02-24T02:56:37Z
OBS_001108,external:youngerarchive,external_csv,HT 30,.4_log,905,FIC,,FIC,FIC,FIC,https://web.archive.org/web/20190416193018/http://www.people.ku.edu/~jyounger/LinearA/HTtexts.html,younger_table_logogram | source=YoungerArchive | ingested=2026-02-24T02:56:37Z
OBS_001109,external:youngerarchive,external_csv,HT 30,.4_stmt,906,KI RO,,KI RO,KI RO,KI RO,https://web.archive.org/web/20190416193018/http://www.people.ku.edu/~jyounger/LinearA/HTtexts.html,younger_table_statement | source=YoungerArchive | ingested=2026-02-24T02:56:37Z
OBS_001110,external:youngerarchive,external_csv,HT 30,.5_log,907,BOSM,,BOSM,BOSM,BOSM,https://web.archive.org/web/20190416193018/http://www.people.ku.edu/~jyounger/LinearA/HTtexts.html,younger_table_logogram | source=YoungerArchive | ingested=2026-02-24T02:56:37Z
OBS_001111,external:youngerarchive,external_csv,HT 30,.5_log,908,OLE TA,,OLE TA,OLE TA,OLE TA,https://web.archive.org/web/20190416193018/http://www.people.ku.edu/~jyounger/LinearA/HTtexts.html,younger_table_logogram | source=YoungerArchive | ingested=2026-02-24T02:56:37Z
OBS_001112,external:youngerarchive,external_csv,HT 30,.5_log,909,VINA,,VINA,VINA,VINA,https://web.archive.org/web/20190416193018/http://www.people.ku.edu/~jyounger/LinearA/HTtexts.html,younger_table_logogram | source=YoungerArchive | ingested=2026-02-24T02:56:37Z
OBS_001113,external:sigla,external_csv,HT 30,word_1,910,AB31 AB76,,AB31 AB76,AB31 AB76,AB31 AB76,http://sigla.phis.me/document/HT%2030/index-word.html,sigla_word_seq_pattern | source=SigLA | ingested=2026-02-24T02:56:37Z
OBS_001114,external:sigla,external_csv,HT 30,word_2,911,AB31 AB60 AB60,,AB31 AB60 AB60,AB31 AB60 AB60,AB31 AB60 AB60,http://sigla.phis.me/document/HT%2030/index-word.html,sigla_word_seq_pattern | source=SigLA | ingested=2026-02-24T02:56:37Z
OBS_001115,external:sigla,external_csv,HT 30,word_3,912,AB67 AB02,,AB67 AB02,AB67 AB02,AB67 AB02,http://sigla.phis.me/document/HT%2030/index-word.html,sigla_word_seq_pattern | source=SigLA | ingested=2026-02-24T02:56:37Z
OBS_001116,external:youngerarchive,external_csv,HT 31,.1_log,913,*410VAS,,*410VAS,*410VAS,*410VAS,https://web.archive.org/web/20190416193018/http://www.people.ku.edu/~jyounger/LinearA/HTtexts.html,younger_table_logogram | source=YoungerArchive | ingested=2026-02-24T02:56:37Z
OBS_001117,external:youngerarchive,external_csv,HT 31,.1_stmt,914,TI SA PU KO,,TI SA PU KO,TI SA PU KO,TI SA PU KO,https://web.archive.org/web/20190416193018/http://www.people.ku.edu/~jyounger/LinearA/HTtexts.html,younger_table_statement | source=YoungerArchive | ingested=2026-02-24T02:56:37Z
OBS_001118,external:youngerarchive,external_csv,HT 31,.2_log,915,*402VAS QA PA3,,*402VAS QA PA3,*402VAS QA PA3,*402VAS QA PA3,https://web.archive.org/web/20190416193018/http://www.people.ku.edu/~jyounger/LinearA/HTtexts.html,younger_table_logogram | source=YoungerArchive | ingested=2026-02-24T02:56:37Z
OBS_001119,external:youngerarchive,external_csv,HT 31,.2_log,916,*415VAS SU PU,,*415VAS SU PU,*415VAS SU PU,*415VAS SU PU,https://web.archive.org/web/20190416193018/http://www.people.ku.edu/~jyounger/LinearA/HTtexts.html,younger_table_logogram | source=YoungerArchive | ingested=2026-02-24T02:56:37Z
OBS_001120,external:youngerarchive,external_csv,HT 31,.3_log,917,*416VAS KA RO PA3,,*416VAS KA RO PA3,*416VAS KA RO PA3,*416VAS KA RO PA3,https://web.archive.org/web/20190416193018/http://www.people.ku.edu/~jyounger/LinearA/HTtexts.html,younger_table_logogram | source=YoungerArchive | ingested=2026-02-24T02:56:37Z
OBS_001121,external:youngerarchive,external_csv,HT 31,.3_stmt,918,SA JA MA,,SA JA MA,SA JA MA,SA JA MA,https://web.archive.org/web/20190416193018/http://www.people.ku.edu/~jyounger/LinearA/HTtexts.html,younger_table_statement | source=YoungerArchive | ingested=2026-02-24T02:56:37Z
OBS_001122,external:youngerarchive,external_csv,HT 31,.4-5_stmt,919,KI DE MA NA,,KI DE MA NA,KI DE MA NA,KI DE MA NA,https://web.archive.org/web/20190416193018/http://www.people.ku.edu/~jyounger/LinearA/HTtexts.html,younger_table_statement | source=YoungerArchive | ingested=2026-02-24T02:56:37Z
OBS_001123,external:youngerarchive,external_csv,HT 31,.5_log,920,*402VAS SU PA3 RA,,*402VAS SU PA3 RA,*402VAS SU PA3 RA,*402VAS SU PA3 RA,https://web.archive.org/web/20190416193018/http://www.people.ku.edu/~jyounger/LinearA/HTtexts.html,younger_table_logogram | source=YoungerArchive | ingested=2026-02-24T02:56:37Z
OBS_001124,external:youngerarchive,external_csv,HT 31,.6_log,921,*402VAS PA TA QE,,*402VAS PA TA QE,*402VAS PA TA QE,*402VAS PA TA QE,https://web.archive.org/web/20190416193018/http://www.people.ku.edu/~jyounger/LinearA/HTtexts.html,younger_table_logogram | source=YoungerArchive | ingested=2026-02-24T02:56:37Z
OBS_001125,external:sigla,external_csv,HT 31,word_1,922,[?] AB37 AB31,,[?] AB37 AB31,[?] AB37 AB31,[?] AB37 AB31,http://sigla.phis.me/document/HT%2031/index-word.html,sigla_word_seq_pattern | source=SigLA | ingested=2026-02-24T02:56:37Z
OBS_001126,external:sigla,external_csv,HT 31,word_2,923,AB50 AB70,,AB50 AB70,AB50 AB70,AB50 AB70,http://sigla.phis.me/document/HT%2031/index-word.html,sigla_word_seq_pattern | source=SigLA | ingested=2026-02-24T02:56:37Z
OBS_001127,external:sigla,external_csv,HT 31,word_3,924,AB16 AB56,,AB16 AB56,AB16 AB56,AB16 AB56,http://sigla.phis.me/document/HT%2031/index-word.html,sigla_word_seq_pattern | source=SigLA | ingested=2026-02-24T02:56:37Z
OBS_001128,external:sigla,external_csv,HT 31,word_4,925,AB58 AB50,,AB58 AB50,AB58 AB50,AB58 AB50,http://sigla.phis.me/document/HT%2031/index-word.html,sigla_word_seq_pattern | source=SigLA | ingested=2026-02-24T02:56:37Z
OBS_001129,external:sigla,external_csv,HT 31,word_5,926,AB77 AB02 AB56,,AB77 AB02 AB56,AB77 AB02 AB56,AB77 AB02 AB56,http://sigla.phis.me/document/HT%2031/index-word.html,sigla_word_seq_pattern | source=SigLA | ingested=2026-02-24T02:56:37Z
OBS_001130,external:sigla,external_csv,HT 31,word_6,927,AB31 AB57 AB80,,AB31 AB57 AB80,AB31 AB57 AB80,AB31 AB57 AB80,http://sigla.phis.me/document/HT%2031/index-word.html,sigla_word_seq_pattern | source=SigLA | ingested=2026-02-24T02:56:37Z
OBS_001131,external:sigla,external_csv,HT 31,word_7,928,AB67 AB45 AB80 A323 AB06,,AB67 AB45 AB80 A323 AB06,AB67 AB45 AB80 A323 AB06,AB67 AB45 AB80 A323 AB06,http://sigla.phis.me/document/HT%2031/index-word.html,sigla_word_seq_pattern | source=SigLA | ingested=2026-02-24T02:56:37Z
OBS_001132,external:sigla,external_csv,HT 31,word_8,929,AB58 AB56 AB60,,AB58 AB56 AB60,AB58 AB56 AB60,AB58 AB56 AB60,http://sigla.phis.me/document/HT%2031/index-word.html,sigla_word_seq_pattern | source=SigLA | ingested=2026-02-24T02:56:37Z
OBS_001133,external:sigla,external_csv,HT 31,word_9,930,AB03 AB59 AB78,,AB03 AB59 AB78,AB03 AB59 AB78,AB03 AB59 AB78,http://sigla.phis.me/document/HT%2031/index-word.html,sigla_word_seq_pattern | source=SigLA | ingested=2026-02-24T02:56:37Z
OBS_001134,external:youngerarchive,external_csv,HT 32,.1_log,931,OLE NE,,OLE NE,OLE NE,OLE NE,https://web.archive.org/web/20190416193018/http://www.people.ku.edu/~jyounger/LinearA/HTtexts.html,younger_table_logogram | source=YoungerArchive | ingested=2026-02-24T02:56:37Z
OBS_001135,external:youngerarchive,external_csv,HT 32,.1_log,932,QA [?] PU,,QA [?] PU,QA [?] PU,QA [?] PU,https://web.archive.org/web/20190416193018/http://www.people.ku.edu/~jyounger/LinearA/HTtexts.html,younger_table_logogram | source=YoungerArchive | ingested=2026-02-24T02:56:37Z
OBS_001136,external:youngerarchive,external_csv,HT 32,.1_stmt,933,SA RA2,,SA RA2,SA RA2,SA RA2,https://web.archive.org/web/20190416193018/http://www.people.ku.edu/~jyounger/LinearA/HTtexts.html,younger_table_statement | source=YoungerArchive | ingested=2026-02-24T02:56:37Z
OBS_001137,external:youngerarchive,external_csv,HT 32,.2_log,934,MI JA RU,,MI JA RU,MI JA RU,MI JA RU,https://web.archive.org/web/20190416193018/http://www.people.ku.edu/~jyounger/LinearA/HTtexts.html,younger_table_logogram | source=YoungerArchive | ingested=2026-02-24T02:56:37Z
OBS_001138,external:youngerarchive,external_csv,HT 32,.2_log,935,QA [?] RE,,QA [?] RE,QA [?] RE,QA [?] RE,https://web.archive.org/web/20190416193018/http://www.people.ku.edu/~jyounger/LinearA/HTtexts.html,younger_table_logogram | source=YoungerArchive | ingested=2026-02-24T02:56:37Z
OBS_001139,external:youngerarchive,external_csv,HT 32,.3_stmt,936,SU RE,,SU RE,SU RE,SU RE,https://web.archive.org/web/20190416193018/http://www.people.ku.edu/~jyounger/LinearA/HTtexts.html,younger_table_statement | source=YoungerArchive | ingested=2026-02-24T02:56:37Z
OBS_001140,external:youngerarchive,external_csv,HT 32,.4_log,937,OLE NE[,,OLE NE[,OLE NE[,OLE NE[,https://web.archive.org/web/20190416193018/http://www.people.ku.edu/~jyounger/LinearA/HTtexts.html,younger_table_logogram | source=YoungerArchive | ingested=2026-02-24T02:56:37Z
OBS_001141,external:sigla,external_csv,HT 32,word_1,938,AB31 AB76,,AB31 AB76,AB31 AB76,AB31 AB76,http://sigla.phis.me/document/HT%2032/index-word.html,sigla_word_seq_pattern | source=SigLA | ingested=2026-02-24T02:56:37Z
OBS_001142,external:sigla,external_csv,HT 32,word_2,939,AB58 AB27,,AB58 AB27,AB58 AB27,AB58 AB27,http://sigla.phis.me/document/HT%2032/index-word.html,sigla_word_seq_pattern | source=SigLA | ingested=2026-02-24T02:56:37Z
OBS_001143,external:youngerarchive,external_csv,HT 33,.1_stmt,940,SA RA2,,SA RA2,SA RA2,SA RA2,https://web.archive.org/web/20190416193018/http://www.people.ku.edu/~jyounger/LinearA/HTtexts.html,younger_table_statement | source=YoungerArchive | ingested=2026-02-24T02:56:37Z
OBS_001144,external:youngerarchive,external_csv,HT 33,.1_stmt,941,]VEST,,]VEST,]VEST,]VEST,https://web.archive.org/web/20190416193018/http://www.people.ku.edu/~jyounger/LinearA/HTtexts.html,younger_table_statement | source=YoungerArchive | ingested=2026-02-24T02:56:37Z
OBS_001145,external:youngerarchive,external_csv,HT 33,.2_log,942,QA [?] RE,,QA [?] RE,QA [?] RE,QA [?] RE,https://web.archive.org/web/20190416193018/http://www.people.ku.edu/~jyounger/LinearA/HTtexts.html,younger_table_logogram | source=YoungerArchive | ingested=2026-02-24T02:56:37Z
OBS_001146,external:youngerarchive,external_csv,HT 33,.2_log,943,QA [?] RE PU,,QA [?] RE PU,QA [?] RE PU,QA [?] RE PU,https://web.archive.org/web/20190416193018/http://www.people.ku.edu/~jyounger/LinearA/HTtexts.html,younger_table_logogram | source=YoungerArchive | ingested=2026-02-24T02:56:37Z
OBS_001147,external:youngerarchive,external_csv,HT 33,.3_log,944,E KA,,E KA,E KA,E KA,https://web.archive.org/web/20190416193018/http://www.people.ku.edu/~jyounger/LinearA/HTtexts.html,younger_table_logogram | source=YoungerArchive | ingested=2026-02-24T02:56:37Z
OBS_001148,external:youngerarchive,external_csv,HT 33,.3_log,945,MI JA KA,,MI JA KA,MI JA KA,MI JA KA,https://web.archive.org/web/20190416193018/http://www.people.ku.edu/~jyounger/LinearA/HTtexts.html,younger_table_logogram | source=YoungerArchive | ingested=2026-02-24T02:56:37Z
OBS_001149,external:youngerarchive,external_csv,HT 33,.4_log,946,PA3 QE,,PA3 QE,PA3 QE,PA3 QE,https://web.archive.org/web/20190416193018/http://www.people.ku.edu/~jyounger/LinearA/HTtexts.html,younger_table_logogram | source=YoungerArchive | ingested=2026-02-24T02:56:37Z
OBS_001150,external:sigla,external_csv,HT 33,word_2,947,AB31 AB76,,AB31 AB76,AB31 AB76,AB31 AB76,http://sigla.phis.me/document/HT%2033/index-word.html,sigla_word_seq_pattern | source=SigLA | ingested=2026-02-24T02:56:37Z
OBS_001151,external:youngerarchive,external_csv,HT 34,.1-2_log,948,MI JA KA,,MI JA KA,MI JA KA,MI JA KA,https://web.archive.org/web/20190416193018/http://www.people.ku.edu/~jyounger/LinearA/HTtexts.html,younger_table_logogram | source=YoungerArchive | ingested=2026-02-24T02:56:37Z
OBS_001152,external:youngerarchive,external_csv,HT 34,.1-2_stmt,949,SA RA2,,SA RA2,SA RA2,SA RA2,https://web.archive.org/web/20190416193018/http://www.people.ku.edu/~jyounger/LinearA/HTtexts.html,younger_table_statement | source=YoungerArchive | ingested=2026-02-24T02:56:37Z
OBS_001153,external:youngerarchive,external_csv,HT 34,.1_log,950,SI[ ]I [?],,SI[ ]I [?],SI[ ]I [?],SI[ ]I [?],https://web.archive.org/web/20190416193018/http://www.people.ku.edu/~jyounger/LinearA/HTtexts.html,younger_table_logogram | source=YoungerArchive | ingested=2026-02-24T02:56:37Z
OBS_001154,external:youngerarchive,external_csv,HT 34,.1_stmt,951,DA JU TE,,DA JU TE,DA JU TE,DA JU TE,https://web.archive.org/web/20190416193018/http://www.people.ku.edu/~jyounger/LinearA/HTtexts.html,younger_table_statement | source=YoungerArchive | ingested=2026-02-24T02:56:37Z
OBS_001155,external:youngerarchive,external_csv,HT 34,.3_log,952,E GRA,,E GRA,E GRA,E GRA,https://web.archive.org/web/20190416193018/http://www.people.ku.edu/~jyounger/LinearA/HTtexts.html,younger_table_logogram | source=YoungerArchive | ingested=2026-02-24T02:56:37Z
OBS_001156,external:youngerarchive,external_csv,HT 34,.4_log,953,QA [?] PU,,QA [?] PU,QA [?] PU,QA [?] PU,https://web.archive.org/web/20190416193018/http://www.people.ku.edu/~jyounger/LinearA/HTtexts.html,younger_table_logogram | source=YoungerArchive | ingested=2026-02-24T02:56:37Z
OBS_001157,external:youngerarchive,external_csv,HT 34,.4_log,954,QA [?] RE,,QA [?] RE,QA [?] RE,QA [?] RE,https://web.archive.org/web/20190416193018/http://www.people.ku.edu/~jyounger/LinearA/HTtexts.html,younger_table_logogram | source=YoungerArchive | ingested=2026-02-24T02:56:37Z
OBS_001158,external:youngerarchive,external_csv,HT 34,.5_log,955,MI JA RU,,MI JA RU,MI JA RU,MI JA RU,https://web.archive.org/web/20190416193018/http://www.people.ku.edu/~jyounger/LinearA/HTtexts.html,younger_table_logogram | source=YoungerArchive | ingested=2026-02-24T02:56:37Z
OBS_001159,external:youngerarchive,external_csv,HT 34,.6_log,956,PA3,,PA3,PA3,PA3,https://web.archive.org/web/20190416193018/http://www.people.ku.edu/~jyounger/LinearA/HTtexts.html,younger_table_logogram | source=YoungerArchive | ingested=2026-02-24T02:56:37Z
OBS_001160,external:youngerarchive,external_csv,HT 34,.6_log,957,SA MU KU,,SA MU KU,SA MU KU,SA MU KU,https://web.archive.org/web/20190416193018/http://www.people.ku.edu/~jyounger/LinearA/HTtexts.html,younger_table_logogram | source=YoungerArchive | ingested=2026-02-24T02:56:37Z
OBS_001161,external:youngerarchive,external_csv,HT 34,.6_stmt,958,KI RO,,KI RO,KI RO,KI RO,https://web.archive.org/web/20190416193018/http://www.people.ku.edu/~jyounger/LinearA/HTtexts.html,younger_table_statement | source=YoungerArchive | ingested=2026-02-24T02:56:37Z
OBS_001162,external:youngerarchive,external_csv,HT 34,.7_log,959,E KA,,E KA,E KA,E KA,https://web.archive.org/web/20190416193018/http://www.people.ku.edu/~jyounger/LinearA/HTtexts.html,younger_table_logogram | source=YoungerArchive | ingested=2026-02-24T02:56:37Z
OBS_001163,external:sigla,external_csv,HT 34,word_1,960,AB01 AB65 AB04,,AB01 AB65 AB04,AB01 AB65 AB04,AB01 AB65 AB04,http://sigla.phis.me/document/HT%2034/index-word.html,sigla_word_seq_pattern | source=SigLA | ingested=2026-02-24T02:56:37Z
OBS_001164,external:sigla,external_csv,HT 34,word_2,961,AB41 A516,,AB41 A516,AB41 A516,AB41 A516,http://sigla.phis.me/document/HT%2034/index-word.html,sigla_word_seq_pattern | source=SigLA | ingested=2026-02-24T02:56:37Z
OBS_001165,external:sigla,external_csv,HT 34,word_3,962,AB31 AB76,,AB31 AB76,AB31 AB76,AB31 AB76,http://sigla.phis.me/document/HT%2034/index-word.html,sigla_word_seq_pattern | source=SigLA | ingested=2026-02-24T02:56:37Z
OBS_001166,external:sigla,external_csv,HT 34,word_4,963,AB67 AB02,,AB67 AB02,AB67 AB02,AB67 AB02,http://sigla.phis.me/document/HT%2034/index-word.html,sigla_word_seq_pattern | source=SigLA | ingested=2026-02-24T02:56:37Z
OBS_001167,external:youngerarchive,external_csv,HT 35,.1-2_stmt,964,I KU TA,,I KU TA,I KU TA,I KU TA,https://web.archive.org/web/20190416193018/http://www.people.ku.edu/~jyounger/LinearA/HTtexts.html,younger_table_statement | source=YoungerArchive | ingested=2026-02-24T02:56:37Z
OBS_001168,external:youngerarchive,external_csv,HT 35,.1_stmt,965,TI TI KU,,TI TI KU,TI TI KU,TI TI KU,https://web.archive.org/web/20190416193018/http://www.people.ku.edu/~jyounger/LinearA/HTtexts.html,younger_table_statement | source=YoungerArchive | ingested=2026-02-24T02:56:37Z
OBS_001169,external:youngerarchive,external_csv,HT 35,.2_log,966,MI JA RU,,MI JA RU,MI JA RU,MI JA RU,https://web.archive.org/web/20190416193018/http://www.people.ku.edu/~jyounger/LinearA/HTtexts.html,younger_table_logogram | source=YoungerArchive | ingested=2026-02-24T02:56:37Z
OBS_001170,external:youngerarchive,external_csv,HT 35,.2_log,967,OLE RI,,OLE RI,OLE RI,OLE RI,https://web.archive.org/web/20190416193018/http://www.people.ku.edu/~jyounger/LinearA/HTtexts.html,younger_table_logogram | source=YoungerArchive | ingested=2026-02-24T02:56:37Z
OBS_001171,external:youngerarchive,external_csv,HT 35,.3_log,968,OLE TA,,OLE TA,OLE TA,OLE TA,https://web.archive.org/web/20190416193018/http://www.people.ku.edu/~jyounger/LinearA/HTtexts.html,younger_table_logogram | source=YoungerArchive | ingested=2026-02-24T02:56:37Z
OBS_001172,external:youngerarchive,external_csv,HT 35,.3_log,969,QA [?] PU,,QA [?] PU,QA [?] PU,QA [?] PU,https://web.archive.org/web/20190416193018/http://www.people.ku.edu/~jyounger/LinearA/HTtexts.html,younger_table_logogram | source=YoungerArchive | ingested=2026-02-24T02:56:37Z
OBS_001173,external:youngerarchive,external_csv,HT 35,.4_log,970,VINA,,VINA,VINA,VINA,https://web.archive.org/web/20190416193018/http://www.people.ku.edu/~jyounger/LinearA/HTtexts.html,younger_table_logogram | source=YoungerArchive | ingested=2026-02-24T02:56:37Z
OBS_001174,external:sigla,external_csv,HT 35,word_1,971,AB37 AB37 AB81,,AB37 AB37 AB81,AB37 AB37 AB81,AB37 AB37 AB81,http://sigla.phis.me/document/HT%2035/index-word.html,sigla_word_seq_pattern | source=SigLA | ingested=2026-02-24T02:56:37Z
OBS_001175,external:sigla,external_csv,HT 35,word_2,972,AB28 AB81 AB59,,AB28 AB81 AB59,AB28 AB81 AB59,AB28 AB81 AB59,http://sigla.phis.me/document/HT%2035/index-word.html,sigla_word_seq_pattern | source=SigLA | ingested=2026-02-24T02:56:37Z
OBS_001176,external:youngerarchive,external_csv,HT 36,.1-2_stmt,973,JE DI,,JE DI,JE DI,JE DI,https://web.archive.org/web/20190416193018/http://www.people.ku.edu/~jyounger/LinearA/HTtexts.html,younger_table_statement | source=YoungerArchive | ingested=2026-02-24T02:56:37Z
OBS_001177,external:youngerarchive,external_csv,HT 36,.2-3_stmt,974,DU ZU WA,,DU ZU WA,DU ZU WA,DU ZU WA,https://web.archive.org/web/20190416193018/http://www.people.ku.edu/~jyounger/LinearA/HTtexts.html,younger_table_statement | source=YoungerArchive | ingested=2026-02-24T02:56:37Z
OBS_001178,external:sigla,external_csv,HT 36,word_1,975,AB46 AB07,,AB46 AB07,AB46 AB07,AB46 AB07,http://sigla.phis.me/document/HT%2036/index-word.html,sigla_word_seq_pattern | source=SigLA | ingested=2026-02-24T02:56:37Z
OBS_001179,external:sigla,external_csv,HT 36,word_2,976,AB51 AB79 AB54,,AB51 AB79 AB54,AB51 AB79 AB54,AB51 AB79 AB54,http://sigla.phis.me/document/HT%2036/index-word.html,sigla_word_seq_pattern | source=SigLA | ingested=2026-02-24T02:56:37Z
OBS_001180,external:youngerarchive,external_csv,HT 37,.1_log,977,MI JA I,,MI JA I,MI JA I,MI JA I,https://web.archive.org/web/20190416193018/http://www.people.ku.edu/~jyounger/LinearA/HTtexts.html,younger_table_logogram | source=YoungerArchive | ingested=2026-02-24T02:56:37Z
OBS_001181,external:youngerarchive,external_csv,HT 37,.1_stmt,978,KA KI,,KA KI,KA KI,KA KI,https://web.archive.org/web/20190416193018/http://www.people.ku.edu/~jyounger/LinearA/HTtexts.html,younger_table_statement | source=YoungerArchive | ingested=2026-02-24T02:56:37Z
OBS_001182,external:youngerarchive,external_csv,HT 37,.2_stmt,979,]RE SU[,,]RE SU[,]RE SU[,]RE SU[,https://web.archive.org/web/20190416193018/http://www.people.ku.edu/~jyounger/LinearA/HTtexts.html,younger_table_statement | source=YoungerArchive | ingested=2026-02-24T02:56:37Z
OBS_001183,external:youngerarchive,external_csv,HT 37,.4_stmt,980,KI RE,,KI RE,KI RE,KI RE,https://web.archive.org/web/20190416193018/http://www.people.ku.edu/~jyounger/LinearA/HTtexts.html,younger_table_statement | source=YoungerArchive | ingested=2026-02-24T02:56:37Z
OBS_001184,external:youngerarchive,external_csv,HT 37,.5_stmt,981,KA KI,,KA KI,KA KI,KA KI,https://web.archive.org/web/20190416193018/http://www.people.ku.edu/~jyounger/LinearA/HTtexts.html,younger_table_statement | source=YoungerArchive | ingested=2026-02-24T02:56:37Z
OBS_001185,external:youngerarchive,external_csv,HT 37,.5_stmt,982,KI RO,,KI RO,KI RO,KI RO,https://web.archive.org/web/20190416193018/http://www.people.ku.edu/~jyounger/LinearA/HTtexts.html,younger_table_statement | source=YoungerArchive | ingested=2026-02-24T02:56:37Z
OBS_001186,external:sigla,external_csv,HT 37,word_1,983,AB77 AB67,,AB77 AB67,AB77 AB67,AB77 AB67,http://sigla.phis.me/document/HT%2037/index-word.html,sigla_word_seq_pattern | source=SigLA | ingested=2026-02-24T02:56:37Z
OBS_001187,external:sigla,external_csv,HT 37,word_2,984,AB27 AB58 [?],,AB27 AB58 [?],AB27 AB58 [?],AB27 AB58 [?],http://sigla.phis.me/document/HT%2037/index-word.html,sigla_word_seq_pattern | source=SigLA | ingested=2026-02-24T02:56:37Z
OBS_001188,external:sigla,external_csv,HT 37,word_4,985,AB67 A310 AB27,,AB67 A310 AB27,AB67 A310 AB27,AB67 A310 AB27,http://sigla.phis.me/document/HT%2037/index-word.html,sigla_word_seq_pattern | source=SigLA | ingested=2026-02-24T02:56:37Z
OBS_001189,external:sigla,external_csv,HT 37,word_5,986,AB67 AB02,,AB67 AB02,AB67 AB02,AB67 AB02,http://sigla.phis.me/document/HT%2037/index-word.html,sigla_word_seq_pattern | source=SigLA | ingested=2026-02-24T02:56:37Z
OBS_001190,external:sigla,external_csv,HT 37,word_6,987,AB77 AB67,,AB77 AB67,AB77 AB67,AB77 AB67,http://sigla.phis.me/document/HT%2037/index-word.html,sigla_word_seq_pattern | source=SigLA | ingested=2026-02-24T02:56:37Z
OBS_001191,external:sigla,external_csv,HT 37,word_7,988,AB08 AB06?,,AB08 AB06?,AB08 AB06?,AB08 AB06?,http://sigla.phis.me/document/HT%2037/index-word.html,sigla_word_seq_pattern | source=SigLA | ingested=2026-02-24T02:56:37Z
OBS_001192,external:sigla,external_csv,HT 37,word_8,989,[?] AB78,,[?] AB78,[?] AB78,[?] AB78,http://sigla.phis.me/document/HT%2037/index-word.html,sigla_word_seq_pattern | source=SigLA | ingested=2026-02-24T02:56:37Z
OBS_001193,external:youngerarchive,external_csv,HT 38,.2-3_log,990,KA A,,KA A,KA A,KA A,https://web.archive.org/web/20190416193018/http://www.people.ku.edu/~jyounger/LinearA/HTtexts.html,younger_table_logogram | source=YoungerArchive | ingested=2026-02-24T02:56:37Z
OBS_001194,external:youngerarchive,external_csv,HT 38,.2_log,991,*403VAS,,*403VAS,*403VAS,*403VAS,https://web.archive.org/web/20190416193018/http://www.people.ku.edu/~jyounger/LinearA/HTtexts.html,younger_table_logogram | source=YoungerArchive | ingested=2026-02-24T02:56:37Z
OBS_001195,external:youngerarchive,external_csv,HT 38,.2_log,992,OVIS,,OVIS,OVIS,OVIS,https://web.archive.org/web/20190416193018/http://www.people.ku.edu/~jyounger/LinearA/HTtexts.html,younger_table_logogram | source=YoungerArchive | ingested=2026-02-24T02:56:37Z
OBS_001196,external:youngerarchive,external_csv,HT 38,.2_log,993,SUS,,SUS,SUS,SUS,https://web.archive.org/web/20190416193018/http://www.people.ku.edu/~jyounger/LinearA/HTtexts.html,younger_table_logogram | source=YoungerArchive | ingested=2026-02-24T02:56:37Z
OBS_001197,external:youngerarchive,external_csv,HT 38,.2_stmt,994,DA RO PA,,DA RO PA,DA RO PA,DA RO PA,https://web.archive.org/web/20190416193018/http://www.people.ku.edu/~jyounger/LinearA/HTtexts.html,younger_table_statement | source=YoungerArchive | ingested=2026-02-24T02:56:37Z
OBS_001198,external:youngerarchive,external_csv,HT 38,.3_log,995,TELA KU,,TELA KU,TELA KU,TELA KU,https://web.archive.org/web/20190416193018/http://www.people.ku.edu/~jyounger/LinearA/HTtexts.html,younger_table_logogram | source=YoungerArchive | ingested=2026-02-24T02:56:37Z
OBS_001199,external:sigla,external_csv,HT 38,word_1,996,AB01 AB02 AB03,,AB01 AB02 AB03,AB01 AB02 AB03,AB01 AB02 AB03,http://sigla.phis.me/document/HT%2038/index-word.html,sigla_word_seq_pattern | source=SigLA | ingested=2026-02-24T02:56:37Z
OBS_001200,external:youngerarchive,external_csv,HT 39,.1_stmt,997,TA I,,TA I,TA I,TA I,https://web.archive.org/web/20190416193018/http://www.people.ku.edu/~jyounger/LinearA/HTtexts.html,younger_table_statement | source=YoungerArchive | ingested=2026-02-24T02:56:37Z
OBS_001201,external:youngerarchive,external_csv,HT 39,.2_stmt,998,]KU RE JU,,]KU RE JU,]KU RE JU,]KU RE JU,https://web.archive.org/web/20190416193018/http://www.people.ku.edu/~jyounger/LinearA/HTtexts.html,younger_table_statement | source=YoungerArchive | ingested=2026-02-24T02:56:37Z
OBS_001202,external:youngerarchive,external_csv,HT 39,.3_stmt,999,KU RE,,KU RE,KU RE,KU RE,https://web.archive.org/web/20190416193018/http://www.people.ku.edu/~jyounger/LinearA/HTtexts.html,younger_table_statement | source=YoungerArchive | ingested=2026-02-24T02:56:37Z
OBS_001203,external:youngerarchive,external_csv,HT 39,.3_stmt,1000,]SA MA TI,,]SA MA TI,]SA MA TI,]SA MA TI,https://web.archive.org/web/20190416193018/http://www.people.ku.edu/~jyounger/LinearA/HTtexts.html,younger_table_statement | source=YoungerArchive | ingested=2026-02-24T02:56:37Z
OBS_001204,external:youngerarchive,external_csv,HT 39,.5_log,1001,*407VAS A,,*407VAS A,*407VAS A,*407VAS A,https://web.archive.org/web/20190416193018/http://www.people.ku.edu/~jyounger/LinearA/HTtexts.html,younger_table_logogram | source=YoungerArchive | ingested=2026-02-24T02:56:37Z
OBS_001205,external:youngerarchive,external_csv,HT 39,.5_stmt,1002,]KU RO,,]KU RO,]KU RO,]KU RO,https://web.archive.org/web/20190416193018/http://www.people.ku.edu/~jyounger/LinearA/HTtexts.html,younger_table_statement | source=YoungerArchive | ingested=2026-02-24T02:56:37Z
OBS_001206,external:sigla,external_csv,HT 39,word_1,1003,AB59 AB28 AB123,,AB59 AB28 AB123,AB59 AB28 AB123,AB59 AB28 AB123,http://sigla.phis.me/document/HT%2039/index-word.html,sigla_word_seq_pattern | source=SigLA | ingested=2026-02-24T02:56:37Z
OBS_001207,external:sigla,external_csv,HT 39,word_2,1004,AB81 AB27 AB65,,AB81 AB27 AB65,AB81 AB27 AB65,AB81 AB27 AB65,http://sigla.phis.me/document/HT%2039/index-word.html,sigla_word_seq_pattern | source=SigLA | ingested=2026-02-24T02:56:37Z
OBS_001208,external:sigla,external_csv,HT 39,word_3,1005,AB81,,AB81,AB81,AB81,http://sigla.phis.me/document/HT%2039/index-word.html,sigla_word_seq_pattern | source=SigLA | ingested=2026-02-24T02:56:37Z
OBS_001209,external:sigla,external_csv,HT 39,word_4,1006,AB31 AB80 AB37,,AB31 AB80 AB37,AB31 AB80 AB37,AB31 AB80 AB37,http://sigla.phis.me/document/HT%2039/index-word.html,sigla_word_seq_pattern | source=SigLA | ingested=2026-02-24T02:56:37Z
OBS_001210,external:sigla,external_csv,HT 39,word_5,1007,AB81 AB27?,,AB81 AB27?,AB81 AB27?,AB81 AB27?,http://sigla.phis.me/document/HT%2039/index-word.html,sigla_word_seq_pattern | source=SigLA | ingested=2026-02-24T02:56:37Z
OBS_001211,external:sigla,external_csv,HT 39,word_6,1008,AB81 AB02,,AB81 AB02,AB81 AB02,AB81 AB02,http://sigla.phis.me/document/HT%2039/index-word.html,sigla_word_seq_pattern | source=SigLA | ingested=2026-02-24T02:56:37Z
OBS_001212,external:youngerarchive,external_csv,HT 4,.2_stmt,1009,DU RI TE,,DU RI TE,DU RI TE,DU RI TE,https://web.archive.org/web/20190416193018/http://www.people.ku.edu/~jyounger/LinearA/HTtexts.html,younger_table_statement | source=YoungerArchive | ingested=2026-02-24T02:56:37Z
OBS_001213,external:youngerarchive,external_csv,HT 4,.3_stmt,1010,PA RE[,,PA RE[,PA RE[,PA RE[,https://web.archive.org/web/20190416193018/http://www.people.ku.edu/~jyounger/LinearA/HTtexts.html,younger_table_statement | source=YoungerArchive | ingested=2026-02-24T02:56:37Z
OBS_001214,external:youngerarchive,external_csv,HT 4,.4_stmt,1011,]TA PI SI DI,,]TA PI SI DI,]TA PI SI DI,]TA PI SI DI,https://web.archive.org/web/20190416193018/http://www.people.ku.edu/~jyounger/LinearA/HTtexts.html,younger_table_statement | source=YoungerArchive | ingested=2026-02-24T02:56:37Z
OBS_001215,external:sigla,external_csv,HT 4,word_1,1012,[?] A306 AB37 AB77 AB08 AB27?,,[?] A306 AB37 AB77 AB08 AB27?,[?] A306 AB37 AB77 AB08 AB27?,[?] A306 AB37 AB77 AB08 AB27?,http://sigla.phis.me/document/HT%204/index-word.html,sigla_word_seq_pattern | source=SigLA | ingested=2026-02-24T02:56:37Z
OBS_001216,external:sigla,external_csv,HT 4,word_2,1013,[?] AB51 AB53 AB04,,[?] AB51 AB53 AB04,[?] AB51 AB53 AB04,[?] AB51 AB53 AB04,http://sigla.phis.me/document/HT%204/index-word.html,sigla_word_seq_pattern | source=SigLA | ingested=2026-02-24T02:56:37Z
OBS_001217,external:sigla,external_csv,HT 4,word_3,1014,AB03 AB27,,AB03 AB27,AB03 AB27,AB03 AB27,http://sigla.phis.me/document/HT%204/index-word.html,sigla_word_seq_pattern | source=SigLA | ingested=2026-02-24T02:56:37Z
OBS_001218,external:sigla,external_csv,HT 4,word_4,1015,AB59 AB39 AB41 AB07,,AB59 AB39 AB41 AB07,AB59 AB39 AB41 AB07,AB59 AB39 AB41 AB07,http://sigla.phis.me/document/HT%204/index-word.html,sigla_word_seq_pattern | source=SigLA | ingested=2026-02-24T02:56:37Z
OBS_001219,external:youngerarchive,external_csv,HT 40,.1_log,1016,TE GRA,,TE GRA,TE GRA,TE GRA,https://web.archive.org/web/20190416193018/http://www.people.ku.edu/~jyounger/LinearA/HTtexts.html,younger_table_logogram | source=YoungerArchive | ingested=2026-02-24T02:56:37Z
OBS_001220,external:youngerarchive,external_csv,HT 40,.1_stmt,1017,NU DU,,NU DU,NU DU,NU DU,https://web.archive.org/web/20190416193018/http://www.people.ku.edu/~jyounger/LinearA/HTtexts.html,younger_table_statement | source=YoungerArchive | ingested=2026-02-24T02:56:37Z
OBS_001221,external:youngerarchive,external_csv,HT 40,.2_log,1018,GRA[],,GRA[],GRA[],GRA[],https://web.archive.org/web/20190416193018/http://www.people.ku.edu/~jyounger/LinearA/HTtexts.html,younger_table_logogram | source=YoungerArchive | ingested=2026-02-24T02:56:37Z
OBS_001222,external:youngerarchive,external_csv,HT 40,.2_stmt,1019,KI DA TA,,KI DA TA,KI DA TA,KI DA TA,https://web.archive.org/web/20190416193018/http://www.people.ku.edu/~jyounger/LinearA/HTtexts.html,younger_table_statement | source=YoungerArchive | ingested=2026-02-24T02:56:37Z
OBS_001223,external:youngerarchive,external_csv,HT 40,.3_stmt,1020,KU RO,,KU RO,KU RO,KU RO,https://web.archive.org/web/20190416193018/http://www.people.ku.edu/~jyounger/LinearA/HTtexts.html,younger_table_statement | source=YoungerArchive | ingested=2026-02-24T02:56:37Z
OBS_001224,external:sigla,external_csv,HT 40,word_1,1021,AB55 AB51 A331,,AB55 AB51 A331,AB55 AB51 A331,AB55 AB51 A331,http://sigla.phis.me/document/HT%2040/index-word.html,sigla_word_seq_pattern | source=SigLA | ingested=2026-02-24T02:56:37Z
OBS_001225,external:sigla,external_csv,HT 40,word_2,1022,AB67 AB01 AB59,,AB67 AB01 AB59,AB67 AB01 AB59,AB67 AB01 AB59,http://sigla.phis.me/document/HT%2040/index-word.html,sigla_word_seq_pattern | source=SigLA | ingested=2026-02-24T02:56:37Z
OBS_001226,external:sigla,external_csv,HT 40,word_3,1023,AB81 AB02,,AB81 AB02,AB81 AB02,AB81 AB02,http://sigla.phis.me/document/HT%2040/index-word.html,sigla_word_seq_pattern | source=SigLA | ingested=2026-02-24T02:56:37Z
OBS_001227,external:sigla,external_csv,HT 40,word_4,1024,AB81,,AB81,AB81,AB81,http://sigla.phis.me/document/HT%2040/index-word.html,sigla_word_seq_pattern | source=SigLA | ingested=2026-02-24T02:56:37Z
OBS_001228,external:youngerarchive,external_csv,HT 41,a.2_stmt,1025,]QE TU,,]QE TU,]QE TU,]QE TU,https://web.archive.org/web/20190416193018/http://www.people.ku.edu/~jyounger/LinearA/HTtexts.html,younger_table_statement | source=YoungerArchive | ingested=2026-02-24T02:56:37Z
OBS_001229,external:youngerarchive,external_csv,HT 41,a.4_stmt,1026,MI DA NI PA JA,,MI DA NI PA JA,MI DA NI PA JA,MI DA NI PA JA,https://web.archive.org/web/20190416193018/http://www.people.ku.edu/~jyounger/LinearA/HTtexts.html,younger_table_statement | source=YoungerArchive | ingested=2026-02-24T02:56:37Z
OBS_001230,external:sigla,external_csv,HT 41A,word_1,1027,AB78 AB69,,AB78 AB69,AB78 AB69,AB78 AB69,http://sigla.phis.me/document/HT%2041a/index-word.html,sigla_word_seq_pattern | source=SigLA | ingested=2026-02-24T02:56:37Z
OBS_001231,external:sigla,external_csv,HT 41A,word_2,1028,AB73 AB01 AB30,,AB73 AB01 AB30,AB73 AB01 AB30,AB73 AB01 AB30,http://sigla.phis.me/document/HT%2041a/index-word.html,sigla_word_seq_pattern | source=SigLA | ingested=2026-02-24T02:56:37Z
OBS_001232,external:sigla,external_csv,HT 41A,word_3,1029,AB03 AB57,,AB03 AB57,AB03 AB57,AB03 AB57,http://sigla.phis.me/document/HT%2041a/index-word.html,sigla_word_seq_pattern | source=SigLA | ingested=2026-02-24T02:56:37Z
OBS_001233,external:youngerarchive,external_csv,HT 42 59,.1-2_log,1030,SI SE TE,,SI SE TE,SI SE TE,SI SE TE,https://web.archive.org/web/20190416193018/http://www.people.ku.edu/~jyounger/LinearA/HTtexts.html,younger_table_logogram | source=YoungerArchive | ingested=2026-02-24T02:56:37Z
OBS_001234,external:youngerarchive,external_csv,HT 42 59,.2-3_stmt,1031,SA RO,,SA RO,SA RO,SA RO,https://web.archive.org/web/20190416193018/http://www.people.ku.edu/~jyounger/LinearA/HTtexts.html,younger_table_statement | source=YoungerArchive | ingested=2026-02-24T02:56:37Z
OBS_001235,external:youngerarchive,external_csv,HT 42 59,.5_stmt,1032,SU DU[,,SU DU[,SU DU[,SU DU[,https://web.archive.org/web/20190416193018/http://www.people.ku.edu/~jyounger/LinearA/HTtexts.html,younger_table_statement | source=YoungerArchive | ingested=2026-02-24T02:56:37Z
OBS_001236,external:youngerarchive,external_csv,HT 42 59,.6-7_stmt,1033,RE TU,,RE TU,RE TU,RE TU,https://web.archive.org/web/20190416193018/http://www.people.ku.edu/~jyounger/LinearA/HTtexts.html,younger_table_statement | source=YoungerArchive | ingested=2026-02-24T02:56:37Z
OBS_001237,external:sigla,external_csv,HT 42 59,word_1,1034,AB59,,AB59,AB59,AB59,http://sigla.phis.me/document/HT%2042%2B59/index-word.html,sigla_word_seq_pattern | source=SigLA | ingested=2026-02-24T02:56:37Z
OBS_001238,external:sigla,external_csv,HT 42 59,word_2,1035,AB31 AB02,,AB31 AB02,AB31 AB02,AB31 AB02,http://sigla.phis.me/document/HT%2042%2B59/index-word.html,sigla_word_seq_pattern | source=SigLA | ingested=2026-02-24T02:56:37Z
OBS_001239,external:sigla,external_csv,HT 42 59,word_3,1036,AB81,,AB81,AB81,AB81,http://sigla.phis.me/document/HT%2042%2B59/index-word.html,sigla_word_seq_pattern | source=SigLA | ingested=2026-02-24T02:56:37Z
OBS_001240,external:sigla,external_csv,HT 42 59,word_4,1037,AB58 AB51,,AB58 AB51,AB58 AB51,AB58 AB51,http://sigla.phis.me/document/HT%2042%2B59/index-word.html,sigla_word_seq_pattern | source=SigLA | ingested=2026-02-24T02:56:37Z
OBS_001241,external:sigla,external_csv,HT 42 59,word_5,1038,AB27 AB69,,AB27 AB69,AB27 AB69,AB27 AB69,http://sigla.phis.me/document/HT%2042%2B59/index-word.html,sigla_word_seq_pattern | source=SigLA | ingested=2026-02-24T02:56:37Z
OBS_001242,external:youngerarchive,external_csv,HT 43,.1-2_log,1039,I GRA PA,,I GRA PA,I GRA PA,I GRA PA,https://web.archive.org/web/20190416193018/http://www.people.ku.edu/~jyounger/LinearA/HTtexts.html,younger_table_logogram | source=YoungerArchive | ingested=2026-02-24T02:56:37Z
OBS_001243,external:youngerarchive,external_csv,HT 43,.1-2_stmt,1040,MA SI DU PA I,,MA SI DU PA I,MA SI DU PA I,MA SI DU PA I,https://web.archive.org/web/20190416193018/http://www.people.ku.edu/~jyounger/LinearA/HTtexts.html,younger_table_statement | source=YoungerArchive | ingested=2026-02-24T02:56:37Z
OBS_001244,external:sigla,external_csv,HT 43,word_1,1041,AB80 AB41 AB51,,AB80 AB41 AB51,AB80 AB41 AB51,AB80 AB41 AB51,http://sigla.phis.me/document/HT%2043/index-word.html,sigla_word_seq_pattern | source=SigLA | ingested=2026-02-24T02:56:37Z
OBS_001245,external:sigla,external_csv,HT 43,word_2,1042,AB03 A342 AB28,,AB03 A342 AB28,AB03 A342 AB28,AB03 A342 AB28,http://sigla.phis.me/document/HT%2043/index-word.html,sigla_word_seq_pattern | source=SigLA | ingested=2026-02-24T02:56:37Z
OBS_001246,external:youngerarchive,external_csv,HT 44,a.1_stmt,1043,I QA,,I QA,I QA,I QA,https://web.archive.org/web/20190416193018/http://www.people.ku.edu/~jyounger/LinearA/HTtexts.html,younger_table_statement | source=YoungerArchive | ingested=2026-02-24T02:56:37Z
OBS_001247,external:youngerarchive,external_csv,HT 44,a.2_log,1044,OLE U,,OLE U,OLE U,OLE U,https://web.archive.org/web/20190416193018/http://www.people.ku.edu/~jyounger/LinearA/HTtexts.html,younger_table_logogram | source=YoungerArchive | ingested=2026-02-24T02:56:37Z
OBS_001248,external:youngerarchive,external_csv,HT 44,a.2_log,1045,]OLE KI,,]OLE KI,]OLE KI,]OLE KI,https://web.archive.org/web/20190416193018/http://www.people.ku.edu/~jyounger/LinearA/HTtexts.html,younger_table_logogram | source=YoungerArchive | ingested=2026-02-24T02:56:37Z
OBS_001249,external:youngerarchive,external_csv,HT 44,a.3_log,1046,OLE RA,,OLE RA,OLE RA,OLE RA,https://web.archive.org/web/20190416193018/http://www.people.ku.edu/~jyounger/LinearA/HTtexts.html,younger_table_logogram | source=YoungerArchive | ingested=2026-02-24T02:56:37Z
OBS_001250,external:youngerarchive,external_csv,HT 44,a.3_log,1047,OLIV,,OLIV,OLIV,OLIV,https://web.archive.org/web/20190416193018/http://www.people.ku.edu/~jyounger/LinearA/HTtexts.html,younger_table_logogram | source=YoungerArchive | ingested=2026-02-24T02:56:37Z
OBS_001251,external:youngerarchive,external_csv,HT 44,a.4_log,1048,VINA[,,VINA[,VINA[,VINA[,https://web.archive.org/web/20190416193018/http://www.people.ku.edu/~jyounger/LinearA/HTtexts.html,younger_table_logogram | source=YoungerArchive | ingested=2026-02-24T02:56:37Z
OBS_001252,external:youngerarchive,external_csv,HT 44,a.4_log,1049,]FIC,,]FIC,]FIC,]FIC,https://web.archive.org/web/20190416193018/http://www.people.ku.edu/~jyounger/LinearA/HTtexts.html,younger_table_logogram | source=YoungerArchive | ingested=2026-02-24T02:56:37Z
OBS_001253,external:youngerarchive,external_csv,HT 44,b.1_log,1050,TE GRA F,,TE GRA F,TE GRA F,TE GRA F,https://web.archive.org/web/20190416193018/http://www.people.ku.edu/~jyounger/LinearA/HTtexts.html,younger_table_logogram | source=YoungerArchive | ingested=2026-02-24T02:56:37Z
OBS_001254,external:youngerarchive,external_csv,HT 44,b.2_log,1051,FIC[,,FIC[,FIC[,FIC[,https://web.archive.org/web/20190416193018/http://www.people.ku.edu/~jyounger/LinearA/HTtexts.html,younger_table_logogram | source=YoungerArchive | ingested=2026-02-24T02:56:37Z
OBS_001255,external:sigla,external_csv,HT 44A,word_1,1052,AB28 AB16 AB118,,AB28 AB16 AB118,AB28 AB16 AB118,AB28 AB16 AB118,http://sigla.phis.me/document/HT%2044a/index-word.html,sigla_word_seq_pattern | source=SigLA | ingested=2026-02-24T02:56:37Z
OBS_001256,external:sigla,external_csv,HT 44B,word_1,1053,AB57?,,AB57?,AB57?,AB57?,http://sigla.phis.me/document/HT%2044b/index-word.html,sigla_word_seq_pattern | source=SigLA | ingested=2026-02-24T02:56:37Z
OBS_001257,external:youngerarchive,external_csv,HT 45,b.1_log,1054,QA [?] RE PU,,QA [?] RE PU,QA [?] RE PU,QA [?] RE PU,https://web.archive.org/web/20190416193018/http://www.people.ku.edu/~jyounger/LinearA/HTtexts.html,younger_table_logogram | source=YoungerArchive | ingested=2026-02-24T02:56:37Z
OBS_001258,external:youngerarchive,external_csv,HT 45,b.3_log,1055,QA [?] RE PU,,QA [?] RE PU,QA [?] RE PU,QA [?] RE PU,https://web.archive.org/web/20190416193018/http://www.people.ku.edu/~jyounger/LinearA/HTtexts.html,younger_table_logogram | source=YoungerArchive | ingested=2026-02-24T02:56:37Z
OBS_001259,external:sigla,external_csv,HT 45A,word_1,1056,AB03,,AB03,AB03,AB03,http://sigla.phis.me/document/HT%2045a/index-word.html,sigla_word_seq_pattern | source=SigLA | ingested=2026-02-24T02:56:37Z
OBS_001260,external:sigla,external_csv,HT 45B,word_1,1057,AB81,,AB81,AB81,AB81,http://sigla.phis.me/document/HT%2045b/index-word.html,sigla_word_seq_pattern | source=SigLA | ingested=2026-02-24T02:56:37Z
OBS_001261,external:sigla,external_csv,HT 45B,word_2,1058,AB02 [?] AB08,,AB02 [?] AB08,AB02 [?] AB08,AB02 [?] AB08,http://sigla.phis.me/document/HT%2045b/index-word.html,sigla_word_seq_pattern | source=SigLA | ingested=2026-02-24T02:56:37Z
OBS_001262,external:youngerarchive,external_csv,HT 46,a.1_stmt,1059,]MU RU,,]MU RU,]MU RU,]MU RU,https://web.archive.org/web/20190416193018/http://www.people.ku.edu/~jyounger/LinearA/HTtexts.html,younger_table_statement | source=YoungerArchive | ingested=2026-02-24T02:56:37Z
OBS_001263,external:youngerarchive,external_csv,HT 46,a.2_stmt,1060,]KU RO,,]KU RO,]KU RO,]KU RO,https://web.archive.org/web/20190416193018/http://www.people.ku.edu/~jyounger/LinearA/HTtexts.html,younger_table_statement | source=YoungerArchive | ingested=2026-02-24T02:56:37Z
OBS_001264,external:sigla,external_csv,HT 46A,word_1,1061,AB23 AB26,,AB23 AB26,AB23 AB26,AB23 AB26,http://sigla.phis.me/document/HT%2046a/index-word.html,sigla_word_seq_pattern | source=SigLA | ingested=2026-02-24T02:56:37Z
OBS_001265,external:sigla,external_csv,HT 46A,word_3,1062,AB81 AB02,,AB81 AB02,AB81 AB02,AB81 AB02,http://sigla.phis.me/document/HT%2046a/index-word.html,sigla_word_seq_pattern | source=SigLA | ingested=2026-02-24T02:56:37Z
OBS_001266,external:youngerarchive,external_csv,HT 47,a.1-2_stmt,1063,KU PA3 NA TU,,KU PA3 NA TU,KU PA3 NA TU,KU PA3 NA TU,https://web.archive.org/web/20190416193018/http://www.people.ku.edu/~jyounger/LinearA/HTtexts.html,younger_table_statement | source=YoungerArchive | ingested=2026-02-24T02:56:37Z
OBS_001267,external:youngerarchive,external_csv,HT 47,a.1_log,1064,]TU RO,,]TU RO,]TU RO,]TU RO,https://web.archive.org/web/20190416193018/http://www.people.ku.edu/~jyounger/LinearA/HTtexts.html,younger_table_logogram | source=YoungerArchive | ingested=2026-02-24T02:56:37Z
OBS_001268,external:youngerarchive,external_csv,HT 47,a.4_stmt,1065,KI DA RO,,KI DA RO,KI DA RO,KI DA RO,https://web.archive.org/web/20190416193018/http://www.people.ku.edu/~jyounger/LinearA/HTtexts.html,younger_table_statement | source=YoungerArchive | ingested=2026-02-24T02:56:37Z
OBS_001269,external:youngerarchive,external_csv,HT 47,a.6_stmt,1066,MI NU MI,,MI NU MI,MI NU MI,MI NU MI,https://web.archive.org/web/20190416193018/http://www.people.ku.edu/~jyounger/LinearA/HTtexts.html,younger_table_statement | source=YoungerArchive | ingested=2026-02-24T02:56:37Z
OBS_001270,external:youngerarchive,external_csv,HT 47,b.1_stmt,1067,]RA NA RE[,,]RA NA RE[,]RA NA RE[,]RA NA RE[,https://web.archive.org/web/20190416193018/http://www.people.ku.edu/~jyounger/LinearA/HTtexts.html,younger_table_statement | source=YoungerArchive | ingested=2026-02-24T02:56:37Z
OBS_001271,external:youngerarchive,external_csv,HT 47,b.2-6_stmt,1068,DESUNT,,DESUNT,DESUNT,DESUNT,https://web.archive.org/web/20190416193018/http://www.people.ku.edu/~jyounger/LinearA/HTtexts.html,younger_table_statement | source=YoungerArchive | ingested=2026-02-24T02:56:37Z
OBS_001272,external:sigla,external_csv,HT 47A,word_1,1069,AB77,,AB77,AB77,AB77,http://sigla.phis.me/document/HT%2047a/index-word.html,sigla_word_seq_pattern | source=SigLA | ingested=2026-02-24T02:56:37Z
OBS_001273,external:sigla,external_csv,HT 47A,word_2,1070,AB81 AB56 AB06 AB69,,AB81 AB56 AB06 AB69,AB81 AB56 AB06 AB69,AB81 AB56 AB06 AB69,http://sigla.phis.me/document/HT%2047a/index-word.html,sigla_word_seq_pattern | source=SigLA | ingested=2026-02-24T02:56:37Z
OBS_001274,external:sigla,external_csv,HT 47A,word_3,1071,AB51,,AB51,AB51,AB51,http://sigla.phis.me/document/HT%2047a/index-word.html,sigla_word_seq_pattern | source=SigLA | ingested=2026-02-24T02:56:37Z
OBS_001275,external:sigla,external_csv,HT 47A,word_4,1072,AB10,,AB10,AB10,AB10,http://sigla.phis.me/document/HT%2047a/index-word.html,sigla_word_seq_pattern | source=SigLA | ingested=2026-02-24T02:56:37Z
OBS_001276,external:sigla,external_csv,HT 47A,word_5,1073,AB39,,AB39,AB39,AB39,http://sigla.phis.me/document/HT%2047a/index-word.html,sigla_word_seq_pattern | source=SigLA | ingested=2026-02-24T02:56:37Z
OBS_001277,external:sigla,external_csv,HT 47A,word_6,1074,AB67 AB01 AB02,,AB67 AB01 AB02,AB67 AB01 AB02,AB67 AB01 AB02,http://sigla.phis.me/document/HT%2047a/index-word.html,sigla_word_seq_pattern | source=SigLA | ingested=2026-02-24T02:56:37Z
OBS_001278,external:sigla,external_csv,HT 47A,word_8,1075,AB73 AB55 AB73,,AB73 AB55 AB73,AB73 AB55 AB73,AB73 AB55 AB73,http://sigla.phis.me/document/HT%2047a/index-word.html,sigla_word_seq_pattern | source=SigLA | ingested=2026-02-24T02:56:37Z
OBS_001279,external:sigla,external_csv,HT 47B,word_1,1076,AB60 AB06 AB27,,AB60 AB06 AB27,AB60 AB06 AB27,AB60 AB06 AB27,http://sigla.phis.me/document/HT%2047b/index-word.html,sigla_word_seq_pattern | source=SigLA | ingested=2026-02-24T02:56:37Z
OBS_001280,external:youngerarchive,external_csv,HT 49,a.2_stmt,1077,TA NA TI,,TA NA TI,TA NA TI,TA NA TI,https://web.archive.org/web/20190416193018/http://www.people.ku.edu/~jyounger/LinearA/HTtexts.html,younger_table_statement | source=YoungerArchive | ingested=2026-02-24T02:56:37Z
OBS_001281,external:youngerarchive,external_csv,HT 49,a.4_stmt,1078,TI DU NI,,TI DU NI,TI DU NI,TI DU NI,https://web.archive.org/web/20190416193018/http://www.people.ku.edu/~jyounger/LinearA/HTtexts.html,younger_table_statement | source=YoungerArchive | ingested=2026-02-24T02:56:37Z
OBS_001282,external:youngerarchive,external_csv,HT 49,a.5_stmt,1079,SI RA,,SI RA,SI RA,SI RA,https://web.archive.org/web/20190416193018/http://www.people.ku.edu/~jyounger/LinearA/HTtexts.html,younger_table_statement | source=YoungerArchive | ingested=2026-02-24T02:56:37Z
OBS_001283,external:youngerarchive,external_csv,HT 49,a.6-7_stmt,1080,KU PA3 NU,,KU PA3 NU,KU PA3 NU,KU PA3 NU,https://web.archive.org/web/20190416193018/http://www.people.ku.edu/~jyounger/LinearA/HTtexts.html,younger_table_statement | source=YoungerArchive | ingested=2026-02-24T02:56:37Z
OBS_001284,external:youngerarchive,external_csv,HT 49,a.6_stmt,1081,A RU,,A RU,A RU,A RU,https://web.archive.org/web/20190416193018/http://www.people.ku.edu/~jyounger/LinearA/HTtexts.html,younger_table_statement | source=YoungerArchive | ingested=2026-02-24T02:56:37Z
OBS_001285,external:youngerarchive,external_csv,HT 49,a.7_stmt,1082,TU SU PU2,,TU SU PU2,TU SU PU2,TU SU PU2,https://web.archive.org/web/20190416193018/http://www.people.ku.edu/~jyounger/LinearA/HTtexts.html,younger_table_statement | source=YoungerArchive | ingested=2026-02-24T02:56:37Z
OBS_001286,external:sigla,external_csv,HT 49A,word_1,1083,[?] AB76 AB51,,[?] AB76 AB51,[?] AB76 AB51,[?] AB76 AB51,http://sigla.phis.me/document/HT%2049a/index-word.html,sigla_word_seq_pattern | source=SigLA | ingested=2026-02-24T02:56:37Z
OBS_001287,external:sigla,external_csv,HT 49A,word_10,1084,AB08 AB26,,AB08 AB26,AB08 AB26,AB08 AB26,http://sigla.phis.me/document/HT%2049a/index-word.html,sigla_word_seq_pattern | source=SigLA | ingested=2026-02-24T02:56:37Z
OBS_001288,external:sigla,external_csv,HT 49A,word_11,1085,AB81 AB56 AB55,,AB81 AB56 AB55,AB81 AB56 AB55,AB81 AB56 AB55,http://sigla.phis.me/document/HT%2049a/index-word.html,sigla_word_seq_pattern | source=SigLA | ingested=2026-02-24T02:56:37Z
OBS_001289,external:sigla,external_csv,HT 49A,word_12,1086,AB69 AB58 AB29,,AB69 AB58 AB29,AB69 AB58 AB29,AB69 AB58 AB29,http://sigla.phis.me/document/HT%2049a/index-word.html,sigla_word_seq_pattern | source=SigLA | ingested=2026-02-24T02:56:37Z
OBS_001290,external:sigla,external_csv,HT 49A,word_2,1087,AB59 AB06 AB37,,AB59 AB06 AB37,AB59 AB06 AB37,AB59 AB06 AB37,http://sigla.phis.me/document/HT%2049a/index-word.html,sigla_word_seq_pattern | source=SigLA | ingested=2026-02-24T02:56:37Z
OBS_001291,external:sigla,external_csv,HT 49A,word_4,1088,AB53,,AB53,AB53,AB53,http://sigla.phis.me/document/HT%2049a/index-word.html,sigla_word_seq_pattern | source=SigLA | ingested=2026-02-24T02:56:37Z
OBS_001292,external:sigla,external_csv,HT 49A,word_5,1089,AB58 AB67?,,AB58 AB67?,AB58 AB67?,AB58 AB67?,http://sigla.phis.me/document/HT%2049a/index-word.html,sigla_word_seq_pattern | source=SigLA | ingested=2026-02-24T02:56:37Z
OBS_001293,external:sigla,external_csv,HT 49A,word_7,1090,AB37 AB51 AB30,,AB37 AB51 AB30,AB37 AB51 AB30,AB37 AB51 AB30,http://sigla.phis.me/document/HT%2049a/index-word.html,sigla_word_seq_pattern | source=SigLA | ingested=2026-02-24T02:56:37Z
OBS_001294,external:sigla,external_csv,HT 49A,word_8,1091,[?] [?],,[?] [?],[?] [?],[?] [?],http://sigla.phis.me/document/HT%2049a/index-word.html,sigla_word_seq_pattern | source=SigLA | ingested=2026-02-24T02:56:37Z
OBS_001295,external:sigla,external_csv,HT 49A,word_9,1092,AB41 AB60,,AB41 AB60,AB41 AB60,AB41 AB60,http://sigla.phis.me/document/HT%2049a/index-word.html,sigla_word_seq_pattern | source=SigLA | ingested=2026-02-24T02:56:37Z
OBS_001296,external:sigla,external_csv,HT 49B,word_1,1093,AB81,,AB81,AB81,AB81,http://sigla.phis.me/document/HT%2049b/index-word.html,sigla_word_seq_pattern | source=SigLA | ingested=2026-02-24T02:56:37Z
OBS_001297,external:sigla,external_csv,HT 49B,word_2,1094,AB28,,AB28,AB28,AB28,http://sigla.phis.me/document/HT%2049b/index-word.html,sigla_word_seq_pattern | source=SigLA | ingested=2026-02-24T02:56:37Z
OBS_001298,external:sigla,external_csv,HT 49B,word_3,1095,AB59,,AB59,AB59,AB59,http://sigla.phis.me/document/HT%2049b/index-word.html,sigla_word_seq_pattern | source=SigLA | ingested=2026-02-24T02:56:37Z
OBS_001299,external:sigla,external_csv,HT 49B,word_5,1096,AB77,,AB77,AB77,AB77,http://sigla.phis.me/document/HT%2049b/index-word.html,sigla_word_seq_pattern | source=SigLA | ingested=2026-02-24T02:56:37Z
OBS_001300,external:youngerarchive,external_csv,HT 5,.2_stmt,1097,MA SI,,MA SI,MA SI,MA SI,https://web.archive.org/web/20190416193018/http://www.people.ku.edu/~jyounger/LinearA/HTtexts.html,younger_table_statement | source=YoungerArchive | ingested=2026-02-24T02:56:37Z
OBS_001301,external:youngerarchive,external_csv,HT 5,.3_stmt,1098,WI DU,,WI DU,WI DU,WI DU,https://web.archive.org/web/20190416193018/http://www.people.ku.edu/~jyounger/LinearA/HTtexts.html,younger_table_statement | source=YoungerArchive | ingested=2026-02-24T02:56:37Z
OBS_001302,external:sigla,external_csv,HT 5,word_1,1099,A307,,A307,A307,A307,http://sigla.phis.me/document/HT%205/index-word.html,sigla_word_seq_pattern | source=SigLA | ingested=2026-02-24T02:56:37Z
OBS_001303,external:sigla,external_csv,HT 5,word_2,1100,AB80 AB41,,AB80 AB41,AB80 AB41,AB80 AB41,http://sigla.phis.me/document/HT%205/index-word.html,sigla_word_seq_pattern | source=SigLA | ingested=2026-02-24T02:56:37Z
OBS_001304,external:sigla,external_csv,HT 5,word_3,1101,[?] AB40 AB51,,[?] AB40 AB51,[?] AB40 AB51,[?] AB40 AB51,http://sigla.phis.me/document/HT%205/index-word.html,sigla_word_seq_pattern | source=SigLA | ingested=2026-02-24T02:56:37Z
OBS_001305,external:youngerarchive,external_csv,HT 50,a.1_log,1102,]GRA[,,]GRA[,]GRA[,]GRA[,https://web.archive.org/web/20190416193018/http://www.people.ku.edu/~jyounger/LinearA/HTtexts.html,younger_table_logogram | source=YoungerArchive | ingested=2026-02-24T02:56:37Z
OBS_001306,external:youngerarchive,external_csv,HT 50,a.2_log,1103,OLE KI,,OLE KI,OLE KI,OLE KI,https://web.archive.org/web/20190416193018/http://www.people.ku.edu/~jyounger/LinearA/HTtexts.html,younger_table_logogram | source=YoungerArchive | ingested=2026-02-24T02:56:37Z
OBS_001307,external:youngerarchive,external_csv,HT 50,a.2_log,1104,OLE MI,,OLE MI,OLE MI,OLE MI,https://web.archive.org/web/20190416193018/http://www.people.ku.edu/~jyounger/LinearA/HTtexts.html,younger_table_logogram | source=YoungerArchive | ingested=2026-02-24T02:56:37Z
OBS_001308,external:youngerarchive,external_csv,HT 50,a.3_log,1105,OLE E,,OLE E,OLE E,OLE E,https://web.archive.org/web/20190416193018/http://www.people.ku.edu/~jyounger/LinearA/HTtexts.html,younger_table_logogram | source=YoungerArchive | ingested=2026-02-24T02:56:37Z
OBS_001309,external:youngerarchive,external_csv,HT 50,a.4_log,1106,OLIV TU,,OLIV TU,OLIV TU,OLIV TU,https://web.archive.org/web/20190416193018/http://www.people.ku.edu/~jyounger/LinearA/HTtexts.html,younger_table_logogram | source=YoungerArchive | ingested=2026-02-24T02:56:37Z
OBS_001310,external:youngerarchive,external_csv,HT 50,a.4_log,1107,]OLIV,,]OLIV,]OLIV,]OLIV,https://web.archive.org/web/20190416193018/http://www.people.ku.edu/~jyounger/LinearA/HTtexts.html,younger_table_logogram | source=YoungerArchive | ingested=2026-02-24T02:56:37Z
OBS_001311,external:youngerarchive,external_csv,HT 50,b.1_log,1108,]OLE KI[,,]OLE KI[,]OLE KI[,]OLE KI[,https://web.archive.org/web/20190416193018/http://www.people.ku.edu/~jyounger/LinearA/HTtexts.html,younger_table_logogram | source=YoungerArchive | ingested=2026-02-24T02:56:37Z
OBS_001312,external:youngerarchive,external_csv,HT 50,b.3_log,1109,]OLE DI[,,]OLE DI[,]OLE DI[,]OLE DI[,https://web.archive.org/web/20190416193018/http://www.people.ku.edu/~jyounger/LinearA/HTtexts.html,younger_table_logogram | source=YoungerArchive | ingested=2026-02-24T02:56:37Z
OBS_001313,external:youngerarchive,external_csv,HT 51,a.1_log,1110,FIC TE,,FIC TE,FIC TE,FIC TE,https://web.archive.org/web/20190416193018/http://www.people.ku.edu/~jyounger/LinearA/HTtexts.html,younger_table_logogram | source=YoungerArchive | ingested=2026-02-24T02:56:37Z
OBS_001314,external:youngerarchive,external_csv,HT 51,a.2_stmt,1111,TI NI[,,TI NI[,TI NI[,TI NI[,https://web.archive.org/web/20190416193018/http://www.people.ku.edu/~jyounger/LinearA/HTtexts.html,younger_table_statement | source=YoungerArchive | ingested=2026-02-24T02:56:37Z
OBS_001315,external:youngerarchive,external_csv,HT 51,b.1_stmt,1112,]KU ME TA,,]KU ME TA,]KU ME TA,]KU ME TA,https://web.archive.org/web/20190416193018/http://www.people.ku.edu/~jyounger/LinearA/HTtexts.html,younger_table_statement | source=YoungerArchive | ingested=2026-02-24T02:56:37Z
OBS_001316,external:youngerarchive,external_csv,HT 51,b.2_stmt,1113,ZU DU,,ZU DU,ZU DU,ZU DU,https://web.archive.org/web/20190416193018/http://www.people.ku.edu/~jyounger/LinearA/HTtexts.html,younger_table_statement | source=YoungerArchive | ingested=2026-02-24T02:56:37Z
OBS_001317,external:sigla,external_csv,HT 51A,word_1,1114,AB37 AB30,,AB37 AB30,AB37 AB30,AB37 AB30,http://sigla.phis.me/document/HT%2051a/index-word.html,sigla_word_seq_pattern | source=SigLA | ingested=2026-02-24T02:56:37Z
OBS_001318,external:sigla,external_csv,HT 51A,word_2,1115,[?] AB27,,[?] AB27,[?] AB27,[?] AB27,http://sigla.phis.me/document/HT%2051a/index-word.html,sigla_word_seq_pattern | source=SigLA | ingested=2026-02-24T02:56:37Z
OBS_001319,external:sigla,external_csv,HT 51B,word_1,1116,AB81 AB13 AB59,,AB81 AB13 AB59,AB81 AB13 AB59,AB81 AB13 AB59,http://sigla.phis.me/document/HT%2051b/index-word.html,sigla_word_seq_pattern | source=SigLA | ingested=2026-02-24T02:56:37Z
OBS_001320,external:sigla,external_csv,HT 51B,word_2,1117,AB79 AB51,,AB79 AB51,AB79 AB51,AB79 AB51,http://sigla.phis.me/document/HT%2051b/index-word.html,sigla_word_seq_pattern | source=SigLA | ingested=2026-02-24T02:56:37Z
OBS_001321,external:sigla,external_csv,HT 51B,word_3,1118,AB41,,AB41,AB41,AB41,http://sigla.phis.me/document/HT%2051b/index-word.html,sigla_word_seq_pattern | source=SigLA | ingested=2026-02-24T02:56:37Z
OBS_001322,external:youngerarchive,external_csv,HT 52,a.1_stmt,1119,SA MA,,SA MA,SA MA,SA MA,https://web.archive.org/web/20190416193018/http://www.people.ku.edu/~jyounger/LinearA/HTtexts.html,younger_table_statement | source=YoungerArchive | ingested=2026-02-24T02:56:37Z
OBS_001323,external:youngerarchive,external_csv,HT 52,a.2_stmt,1120,DI KA KI,,DI KA KI,DI KA KI,DI KA KI,https://web.archive.org/web/20190416193018/http://www.people.ku.edu/~jyounger/LinearA/HTtexts.html,younger_table_statement | source=YoungerArchive | ingested=2026-02-24T02:56:37Z
OBS_001324,external:youngerarchive,external_csv,HT 52,b.1_log,1121,GRA,,GRA,GRA,GRA,https://web.archive.org/web/20190416193018/http://www.people.ku.edu/~jyounger/LinearA/HTtexts.html,younger_table_logogram | source=YoungerArchive | ingested=2026-02-24T02:56:37Z
OBS_001325,external:youngerarchive,external_csv,HT 52,b.2-3_stmt,1122,DESUNT,,DESUNT,DESUNT,DESUNT,https://web.archive.org/web/20190416193018/http://www.people.ku.edu/~jyounger/LinearA/HTtexts.html,younger_table_statement | source=YoungerArchive | ingested=2026-02-24T02:56:37Z
OBS_001326,external:sigla,external_csv,HT 52A,word_1,1123,AB31 AB80,,AB31 AB80,AB31 AB80,AB31 AB80,http://sigla.phis.me/document/HT%2052a/index-word.html,sigla_word_seq_pattern | source=SigLA | ingested=2026-02-24T02:56:37Z
OBS_001327,external:sigla,external_csv,HT 52A,word_2,1124,AB07 AB77 AB69,,AB07 AB77 AB69,AB07 AB77 AB69,AB07 AB77 AB69,http://sigla.phis.me/document/HT%2052a/index-word.html,sigla_word_seq_pattern | source=SigLA | ingested=2026-02-24T02:56:37Z
OBS_001328,external:sigla,external_csv,HT 52B,word_1,1125,AB24,,AB24,AB24,AB24,http://sigla.phis.me/document/HT%2052b/index-word.html,sigla_word_seq_pattern | source=SigLA | ingested=2026-02-24T02:56:37Z
OBS_001329,external:sigla,external_csv,HT 53A,word_2,1126,AB31 AB24,,AB31 AB24,AB31 AB24,AB31 AB24,http://sigla.phis.me/document/HT%2053a/index-word.html,sigla_word_seq_pattern | source=SigLA | ingested=2026-02-24T02:56:37Z
OBS_001330,external:sigla,external_csv,HT 53A,word_5,1127,AB60,,AB60,AB60,AB60,http://sigla.phis.me/document/HT%2053a/index-word.html,sigla_word_seq_pattern | source=SigLA | ingested=2026-02-24T02:56:37Z
OBS_001331,external:sigla,external_csv,HT 53B,word_2,1128,AB81 AB27,,AB81 AB27,AB81 AB27,AB81 AB27,http://sigla.phis.me/document/HT%2053b/index-word.html,sigla_word_seq_pattern | source=SigLA | ingested=2026-02-24T02:56:37Z
OBS_001332,external:youngerarchive,external_csv,HT 54,a.2_stmt,1129,]KU MI NA QE[,,]KU MI NA QE[,]KU MI NA QE[,]KU MI NA QE[,https://web.archive.org/web/20190416193018/http://www.people.ku.edu/~jyounger/LinearA/HTtexts.html,younger_table_statement | source=YoungerArchive | ingested=2026-02-24T02:56:37Z
OBS_001333,external:youngerarchive,external_csv,HT 54,a.3_stmt,1130,KI MI RA2,,KI MI RA2,KI MI RA2,KI MI RA2,https://web.archive.org/web/20190416193018/http://www.people.ku.edu/~jyounger/LinearA/HTtexts.html,younger_table_statement | source=YoungerArchive | ingested=2026-02-24T02:56:37Z
OBS_001334,external:sigla,external_csv,HT 54A,word_1,1131,[?] [?],,[?] [?],[?] [?],[?] [?],http://sigla.phis.me/document/HT%2054a/index-word.html,sigla_word_seq_pattern | source=SigLA | ingested=2026-02-24T02:56:37Z
OBS_001335,external:sigla,external_csv,HT 54A,word_2,1132,AB81 AB73 AB06 AB78,,AB81 AB73 AB06 AB78,AB81 AB73 AB06 AB78,AB81 AB73 AB06 AB78,http://sigla.phis.me/document/HT%2054a/index-word.html,sigla_word_seq_pattern | source=SigLA | ingested=2026-02-24T02:56:37Z
OBS_001336,external:sigla,external_csv,HT 54A,word_3,1133,AB67,,AB67,AB67,AB67,http://sigla.phis.me/document/HT%2054a/index-word.html,sigla_word_seq_pattern | source=SigLA | ingested=2026-02-24T02:56:37Z
OBS_001337,external:sigla,external_csv,HT 54A,word_4,1134,AB73 AB76,,AB73 AB76,AB73 AB76,AB73 AB76,http://sigla.phis.me/document/HT%2054a/index-word.html,sigla_word_seq_pattern | source=SigLA | ingested=2026-02-24T02:56:37Z
OBS_001338,external:sigla,external_csv,HT 54B,word_1,1135,AB67,,AB67,AB67,AB67,http://sigla.phis.me/document/HT%2054b/index-word.html,sigla_word_seq_pattern | source=SigLA | ingested=2026-02-24T02:56:37Z
OBS_001339,external:youngerarchive,external_csv,HT 55,a.1_stmt,1136,KI RO,,KI RO,KI RO,KI RO,https://web.archive.org/web/20190416193018/http://www.people.ku.edu/~jyounger/LinearA/HTtexts.html,younger_table_statement | source=YoungerArchive | ingested=2026-02-24T02:56:37Z
OBS_001340,external:youngerarchive,external_csv,HT 55,a.1_stmt,1137,MA RE,,MA RE,MA RE,MA RE,https://web.archive.org/web/20190416193018/http://www.people.ku.edu/~jyounger/LinearA/HTtexts.html,younger_table_statement | source=YoungerArchive | ingested=2026-02-24T02:56:37Z
OBS_001341,external:youngerarchive,external_csv,HT 55,a.2_stmt,1138,SI RU,,SI RU,SI RU,SI RU,https://web.archive.org/web/20190416193018/http://www.people.ku.edu/~jyounger/LinearA/HTtexts.html,younger_table_statement | source=YoungerArchive | ingested=2026-02-24T02:56:37Z
OBS_001342,external:youngerarchive,external_csv,HT 55,b.2_stmt,1139,]RI JA,,]RI JA,]RI JA,]RI JA,https://web.archive.org/web/20190416193018/http://www.people.ku.edu/~jyounger/LinearA/HTtexts.html,younger_table_statement | source=YoungerArchive | ingested=2026-02-24T02:56:37Z
OBS_001343,external:sigla,external_csv,HT 55A,word_1,1140,AB67 AB02,,AB67 AB02,AB67 AB02,AB67 AB02,http://sigla.phis.me/document/HT%2055a/index-word.html,sigla_word_seq_pattern | source=SigLA | ingested=2026-02-24T02:56:37Z
OBS_001344,external:sigla,external_csv,HT 55A,word_2,1141,AB80 AB27,,AB80 AB27,AB80 AB27,AB80 AB27,http://sigla.phis.me/document/HT%2055a/index-word.html,sigla_word_seq_pattern | source=SigLA | ingested=2026-02-24T02:56:37Z
OBS_001345,external:sigla,external_csv,HT 55A,word_3,1142,AB41 AB26,,AB41 AB26,AB41 AB26,AB41 AB26,http://sigla.phis.me/document/HT%2055a/index-word.html,sigla_word_seq_pattern | source=SigLA | ingested=2026-02-24T02:56:37Z
OBS_001346,external:sigla,external_csv,HT 55A,word_4,1143,AB24,,AB24,AB24,AB24,http://sigla.phis.me/document/HT%2055a/index-word.html,sigla_word_seq_pattern | source=SigLA | ingested=2026-02-24T02:56:37Z
OBS_001347,external:sigla,external_csv,HT 55A,word_5,1144,AB69,,AB69,AB69,AB69,http://sigla.phis.me/document/HT%2055a/index-word.html,sigla_word_seq_pattern | source=SigLA | ingested=2026-02-24T02:56:37Z
OBS_001348,external:sigla,external_csv,HT 55B,word_1,1145,AB04,,AB04,AB04,AB04,http://sigla.phis.me/document/HT%2055b/index-word.html,sigla_word_seq_pattern | source=SigLA | ingested=2026-02-24T02:56:37Z
OBS_001349,external:sigla,external_csv,HT 55B,word_2,1146,AB78,,AB78,AB78,AB78,http://sigla.phis.me/document/HT%2055b/index-word.html,sigla_word_seq_pattern | source=SigLA | ingested=2026-02-24T02:56:37Z
OBS_001350,external:sigla,external_csv,HT 55B,word_3,1147,AB53 AB57,,AB53 AB57,AB53 AB57,AB53 AB57,http://sigla.phis.me/document/HT%2055b/index-word.html,sigla_word_seq_pattern | source=SigLA | ingested=2026-02-24T02:56:37Z
OBS_001351,external:sigla,external_csv,HT 55B,word_4,1148,AB28,,AB28,AB28,AB28,http://sigla.phis.me/document/HT%2055b/index-word.html,sigla_word_seq_pattern | source=SigLA | ingested=2026-02-24T02:56:37Z
OBS_001352,external:youngerarchive,external_csv,HT 56,b.1_log,1149,]OLE KI,,]OLE KI,]OLE KI,]OLE KI,https://web.archive.org/web/20190416193018/http://www.people.ku.edu/~jyounger/LinearA/HTtexts.html,younger_table_logogram | source=YoungerArchive | ingested=2026-02-24T02:56:37Z
OBS_001353,external:sigla,external_csv,HT 56A,word_1,1150,AB31,,AB31,AB31,AB31,http://sigla.phis.me/document/HT%2056a/index-word.html,sigla_word_seq_pattern | source=SigLA | ingested=2026-02-24T02:56:37Z
OBS_001354,external:sigla,external_csv,HT 56A,word_2,1151,AB10,,AB10,AB10,AB10,http://sigla.phis.me/document/HT%2056a/index-word.html,sigla_word_seq_pattern | source=SigLA | ingested=2026-02-24T02:56:37Z
OBS_001355,external:youngerarchive,external_csv,HT 57,a.1_stmt,1152,DA QE RA[,,DA QE RA[,DA QE RA[,DA QE RA[,https://web.archive.org/web/20190416193018/http://www.people.ku.edu/~jyounger/LinearA/HTtexts.html,younger_table_statement | source=YoungerArchive | ingested=2026-02-24T02:56:37Z
OBS_001356,external:sigla,external_csv,HT 57A,word_1,1153,AB01 AB78 AB60,,AB01 AB78 AB60,AB01 AB78 AB60,AB01 AB78 AB60,http://sigla.phis.me/document/HT%2057a/index-word.html,sigla_word_seq_pattern | source=SigLA | ingested=2026-02-24T02:56:37Z
OBS_001357,external:sigla,external_csv,HT 57A,word_2,1154,AB08,,AB08,AB08,AB08,http://sigla.phis.me/document/HT%2057a/index-word.html,sigla_word_seq_pattern | source=SigLA | ingested=2026-02-24T02:56:37Z
OBS_001358,external:youngerarchive,external_csv,HT 58,.1_stmt,1155,QE TI RA DU,,QE TI RA DU,QE TI RA DU,QE TI RA DU,https://web.archive.org/web/20190416193018/http://www.people.ku.edu/~jyounger/LinearA/HTtexts.html,younger_table_statement | source=YoungerArchive | ingested=2026-02-24T02:56:37Z
OBS_001359,external:youngerarchive,external_csv,HT 58,.2_log,1156,OLE MI[,,OLE MI[,OLE MI[,OLE MI[,https://web.archive.org/web/20190416193018/http://www.people.ku.edu/~jyounger/LinearA/HTtexts.html,younger_table_logogram | source=YoungerArchive | ingested=2026-02-24T02:56:37Z
OBS_001360,external:youngerarchive,external_csv,HT 58,.2_log,1157,OLE U,,OLE U,OLE U,OLE U,https://web.archive.org/web/20190416193018/http://www.people.ku.edu/~jyounger/LinearA/HTtexts.html,younger_table_logogram | source=YoungerArchive | ingested=2026-02-24T02:56:37Z
OBS_001361,external:youngerarchive,external_csv,HT 58,.3_log,1158,OLIV,,OLIV,OLIV,OLIV,https://web.archive.org/web/20190416193018/http://www.people.ku.edu/~jyounger/LinearA/HTtexts.html,younger_table_logogram | source=YoungerArchive | ingested=2026-02-24T02:56:37Z
OBS_001362,external:youngerarchive,external_csv,HT 58,.3_log,1159,]OLE E,,]OLE E,]OLE E,]OLE E,https://web.archive.org/web/20190416193018/http://www.people.ku.edu/~jyounger/LinearA/HTtexts.html,younger_table_logogram | source=YoungerArchive | ingested=2026-02-24T02:56:37Z
OBS_001363,external:youngerarchive,external_csv,HT 58,.4_stmt,1160,]U KI,,]U KI,]U KI,]U KI,https://web.archive.org/web/20190416193018/http://www.people.ku.edu/~jyounger/LinearA/HTtexts.html,younger_table_statement | source=YoungerArchive | ingested=2026-02-24T02:56:37Z
OBS_001364,external:sigla,external_csv,HT 58,word_1,1161,AB78 AB37 AB60 AB51,,AB78 AB37 AB60 AB51,AB78 AB37 AB60 AB51,AB78 AB37 AB60 AB51,http://sigla.phis.me/document/HT%2058/index-word.html,sigla_word_seq_pattern | source=SigLA | ingested=2026-02-24T02:56:37Z
OBS_001365,external:sigla,external_csv,HT 58,word_2,1162,AB10,,AB10,AB10,AB10,http://sigla.phis.me/document/HT%2058/index-word.html,sigla_word_seq_pattern | source=SigLA | ingested=2026-02-24T02:56:37Z
OBS_001366,external:youngerarchive,external_csv,HT 6,a.1-2_log,1163,TE FIC,,TE FIC,TE FIC,TE FIC,https://web.archive.org/web/20190416193018/http://www.people.ku.edu/~jyounger/LinearA/HTtexts.html,younger_table_logogram | source=YoungerArchive | ingested=2026-02-24T02:56:37Z
OBS_001367,external:youngerarchive,external_csv,HT 6,a.1-2_stmt,1164,DA TA RA,,DA TA RA,DA TA RA,DA TA RA,https://web.archive.org/web/20190416193018/http://www.people.ku.edu/~jyounger/LinearA/HTtexts.html,younger_table_statement | source=YoungerArchive | ingested=2026-02-24T02:56:37Z
OBS_001368,external:youngerarchive,external_csv,HT 6,a.1_stmt,1165,KA PA,,KA PA,KA PA,KA PA,https://web.archive.org/web/20190416193018/http://www.people.ku.edu/~jyounger/LinearA/HTtexts.html,younger_table_statement | source=YoungerArchive | ingested=2026-02-24T02:56:37Z
OBS_001369,external:youngerarchive,external_csv,HT 6,a.2-3_stmt,1166,PI TA JA,,PI TA JA,PI TA JA,PI TA JA,https://web.archive.org/web/20190416193018/http://www.people.ku.edu/~jyounger/LinearA/HTtexts.html,younger_table_statement | source=YoungerArchive | ingested=2026-02-24T02:56:37Z
OBS_001370,external:youngerarchive,external_csv,HT 6,a.3_log,1167,JA RU,,JA RU,JA RU,JA RU,https://web.archive.org/web/20190416193018/http://www.people.ku.edu/~jyounger/LinearA/HTtexts.html,younger_table_logogram | source=YoungerArchive | ingested=2026-02-24T02:56:37Z
OBS_001371,external:youngerarchive,external_csv,HT 6,a.4-5_stmt,1168,KA PA QE,,KA PA QE,KA PA QE,KA PA QE,https://web.archive.org/web/20190416193018/http://www.people.ku.edu/~jyounger/LinearA/HTtexts.html,younger_table_statement | source=YoungerArchive | ingested=2026-02-24T02:56:37Z
OBS_001372,external:youngerarchive,external_csv,HT 6,a.4_stmt,1169,O RA2 DI NE,,O RA2 DI NE,O RA2 DI NE,O RA2 DI NE,https://web.archive.org/web/20190416193018/http://www.people.ku.edu/~jyounger/LinearA/HTtexts.html,younger_table_statement | source=YoungerArchive | ingested=2026-02-24T02:56:37Z
OBS_001373,external:youngerarchive,external_csv,HT 6,a.6-7_stmt,1170,QE PI TA,,QE PI TA,QE PI TA,QE PI TA,https://web.archive.org/web/20190416193018/http://www.people.ku.edu/~jyounger/LinearA/HTtexts.html,younger_table_statement | source=YoungerArchive | ingested=2026-02-24T02:56:37Z
OBS_001374,external:youngerarchive,external_csv,HT 6,a.6_stmt,1171,DA QE RA,,DA QE RA,DA QE RA,DA QE RA,https://web.archive.org/web/20190416193018/http://www.people.ku.edu/~jyounger/LinearA/HTtexts.html,younger_table_statement | source=YoungerArchive | ingested=2026-02-24T02:56:37Z
OBS_001375,external:youngerarchive,external_csv,HT 6,a.7_log,1172,FIC,,FIC,FIC,FIC,https://web.archive.org/web/20190416193018/http://www.people.ku.edu/~jyounger/LinearA/HTtexts.html,younger_table_logogram | source=YoungerArchive | ingested=2026-02-24T02:56:37Z
OBS_001376,external:youngerarchive,external_csv,HT 6,b.1-2_stmt,1173,WA DU NI MI,,WA DU NI MI,WA DU NI MI,WA DU NI MI,https://web.archive.org/web/20190416193018/http://www.people.ku.edu/~jyounger/LinearA/HTtexts.html,younger_table_statement | source=YoungerArchive | ingested=2026-02-24T02:56:37Z
OBS_001377,external:youngerarchive,external_csv,HT 6,b.2-3_stmt,1174,MA RI I,,MA RI I,MA RI I,MA RI I,https://web.archive.org/web/20190416193018/http://www.people.ku.edu/~jyounger/LinearA/HTtexts.html,younger_table_statement | source=YoungerArchive | ingested=2026-02-24T02:56:37Z
OBS_001378,external:youngerarchive,external_csv,HT 6,b.2_stmt,1175,RA TI SE,,RA TI SE,RA TI SE,RA TI SE,https://web.archive.org/web/20190416193018/http://www.people.ku.edu/~jyounger/LinearA/HTtexts.html,younger_table_statement | source=YoungerArchive | ingested=2026-02-24T02:56:37Z
OBS_001379,external:youngerarchive,external_csv,HT 6,b.4_stmt,1176,DU DA MA,,DU DA MA,DU DA MA,DU DA MA,https://web.archive.org/web/20190416193018/http://www.people.ku.edu/~jyounger/LinearA/HTtexts.html,younger_table_statement | source=YoungerArchive | ingested=2026-02-24T02:56:37Z
OBS_001380,external:youngerarchive,external_csv,HT 6,b.5-6_stmt,1177,SA MA,,SA MA,SA MA,SA MA,https://web.archive.org/web/20190416193018/http://www.people.ku.edu/~jyounger/LinearA/HTtexts.html,younger_table_statement | source=YoungerArchive | ingested=2026-02-24T02:56:37Z
OBS_001381,external:youngerarchive,external_csv,HT 6,b.5_stmt,1178,DA KI,,DA KI,DA KI,DA KI,https://web.archive.org/web/20190416193018/http://www.people.ku.edu/~jyounger/LinearA/HTtexts.html,younger_table_statement | source=YoungerArchive | ingested=2026-02-24T02:56:37Z
OBS_001382,external:youngerarchive,external_csv,HT 6,b.6_stmt,1179,PA3 NI NA,,PA3 NI NA,PA3 NI NA,PA3 NI NA,https://web.archive.org/web/20190416193018/http://www.people.ku.edu/~jyounger/LinearA/HTtexts.html,younger_table_statement | source=YoungerArchive | ingested=2026-02-24T02:56:37Z
OBS_001383,external:youngerarchive,external_csv,HT 60,.1_log,1180,]OLE RI,,]OLE RI,]OLE RI,]OLE RI,https://web.archive.org/web/20190416193018/http://www.people.ku.edu/~jyounger/LinearA/HTtexts.html,younger_table_logogram | source=YoungerArchive | ingested=2026-02-24T02:56:37Z
OBS_001384,external:youngerarchive,external_csv,HT 60,.2_log,1181,OLE,,OLE,OLE,OLE,https://web.archive.org/web/20190416193018/http://www.people.ku.edu/~jyounger/LinearA/HTtexts.html,younger_table_logogram | source=YoungerArchive | ingested=2026-02-24T02:56:37Z
OBS_001385,external:youngerarchive,external_csv,HT 60,.2_log,1182,QA [?] RE,,QA [?] RE,QA [?] RE,QA [?] RE,https://web.archive.org/web/20190416193018/http://www.people.ku.edu/~jyounger/LinearA/HTtexts.html,younger_table_logogram | source=YoungerArchive | ingested=2026-02-24T02:56:37Z
OBS_001386,external:youngerarchive,external_csv,HT 60,.2_log,1183,VINA,,VINA,VINA,VINA,https://web.archive.org/web/20190416193018/http://www.people.ku.edu/~jyounger/LinearA/HTtexts.html,younger_table_logogram | source=YoungerArchive | ingested=2026-02-24T02:56:37Z
OBS_001387,external:youngerarchive,external_csv,HT 60,.3_log,1184,QA [?] PU,,QA [?] PU,QA [?] PU,QA [?] PU,https://web.archive.org/web/20190416193018/http://www.people.ku.edu/~jyounger/LinearA/HTtexts.html,younger_table_logogram | source=YoungerArchive | ingested=2026-02-24T02:56:37Z
OBS_001388,external:youngerarchive,external_csv,HT 61,.1_log,1185,GRA KU,,GRA KU,GRA KU,GRA KU,https://web.archive.org/web/20190416193018/http://www.people.ku.edu/~jyounger/LinearA/HTtexts.html,younger_table_logogram | source=YoungerArchive | ingested=2026-02-24T02:56:37Z
OBS_001389,external:youngerarchive,external_csv,HT 61,.1_stmt,1186,MI TI,,MI TI,MI TI,MI TI,https://web.archive.org/web/20190416193018/http://www.people.ku.edu/~jyounger/LinearA/HTtexts.html,younger_table_statement | source=YoungerArchive | ingested=2026-02-24T02:56:37Z
OBS_001390,external:sigla,external_csv,HT 61,word_1,1187,AB73 AB37,,AB73 AB37,AB73 AB37,AB73 AB37,http://sigla.phis.me/document/HT%2061/index-word.html,sigla_word_seq_pattern | source=SigLA | ingested=2026-02-24T02:56:37Z
OBS_001391,external:youngerarchive,external_csv,HT 62 73,.1_log,1188,TE VINA,,TE VINA,TE VINA,TE VINA,https://web.archive.org/web/20190416193018/http://www.people.ku.edu/~jyounger/LinearA/HTtexts.html,younger_table_logogram | source=YoungerArchive | ingested=2026-02-24T02:56:37Z
OBS_001392,external:youngerarchive,external_csv,HT 62 73,.1_stmt,1189,]SA RA,,]SA RA,]SA RA,]SA RA,https://web.archive.org/web/20190416193018/http://www.people.ku.edu/~jyounger/LinearA/HTtexts.html,younger_table_statement | source=YoungerArchive | ingested=2026-02-24T02:56:37Z
OBS_001393,external:youngerarchive,external_csv,HT 62 73,.2_log,1190,GRA,,GRA,GRA,GRA,https://web.archive.org/web/20190416193018/http://www.people.ku.edu/~jyounger/LinearA/HTtexts.html,younger_table_logogram | source=YoungerArchive | ingested=2026-02-24T02:56:37Z
OBS_001394,external:youngerarchive,external_csv,HT 62 73,.2_stmt,1191,KA KU,,KA KU,KA KU,KA KU,https://web.archive.org/web/20190416193018/http://www.people.ku.edu/~jyounger/LinearA/HTtexts.html,younger_table_statement | source=YoungerArchive | ingested=2026-02-24T02:56:37Z
OBS_001395,external:youngerarchive,external_csv,HT 62 73,.2_stmt,1192,PA I KI[,,PA I KI[,PA I KI[,PA I KI[,https://web.archive.org/web/20190416193018/http://www.people.ku.edu/~jyounger/LinearA/HTtexts.html,younger_table_statement | source=YoungerArchive | ingested=2026-02-24T02:56:37Z
OBS_001396,external:youngerarchive,external_csv,HT 62 73,.3_stmt,1193,SA RO QE[,,SA RO QE[,SA RO QE[,SA RO QE[,https://web.archive.org/web/20190416193018/http://www.people.ku.edu/~jyounger/LinearA/HTtexts.html,younger_table_statement | source=YoungerArchive | ingested=2026-02-24T02:56:37Z
OBS_001397,external:youngerarchive,external_csv,HT 62 73,.5_log,1194,]VIR[,,]VIR[,]VIR[,]VIR[,https://web.archive.org/web/20190416193018/http://www.people.ku.edu/~jyounger/LinearA/HTtexts.html,younger_table_logogram | source=YoungerArchive | ingested=2026-02-24T02:56:37Z
OBS_001398,external:sigla,external_csv,HT 62 73,word_1,1195,[?] AB31 AB60,,[?] AB31 AB60,[?] AB31 AB60,[?] AB31 AB60,http://sigla.phis.me/document/HT%2062%2B73/index-word.html,sigla_word_seq_pattern | source=SigLA | ingested=2026-02-24T02:56:37Z
OBS_001399,external:sigla,external_csv,HT 62 73,word_10,1196,AB31 AB02 AB78,,AB31 AB02 AB78,AB31 AB02 AB78,AB31 AB02 AB78,http://sigla.phis.me/document/HT%2062%2B73/index-word.html,sigla_word_seq_pattern | source=SigLA | ingested=2026-02-24T02:56:37Z
OBS_001400,external:sigla,external_csv,HT 62 73,word_2,1197,[?] AB06,,[?] AB06,[?] AB06,[?] AB06,http://sigla.phis.me/document/HT%2062%2B73/index-word.html,sigla_word_seq_pattern | source=SigLA | ingested=2026-02-24T02:56:37Z
OBS_001401,external:sigla,external_csv,HT 62 73,word_3,1198,AB77 AB81,,AB77 AB81,AB77 AB81,AB77 AB81,http://sigla.phis.me/document/HT%2062%2B73/index-word.html,sigla_word_seq_pattern | source=SigLA | ingested=2026-02-24T02:56:37Z
OBS_001402,external:sigla,external_csv,HT 62 73,word_4,1199,AB28B AB37 [?],,AB28B AB37 [?],AB28B AB37 [?],AB28B AB37 [?],http://sigla.phis.me/document/HT%2062%2B73/index-word.html,sigla_word_seq_pattern | source=SigLA | ingested=2026-02-24T02:56:37Z
OBS_001403,external:sigla,external_csv,HT 62 73,word_5,1200,AB100 [?],,AB100 [?],AB100 [?],AB100 [?],http://sigla.phis.me/document/HT%2062%2B73/index-word.html,sigla_word_seq_pattern | source=SigLA | ingested=2026-02-24T02:56:37Z
OBS_001404,external:sigla,external_csv,HT 62 73,word_6,1201,AB70,,AB70,AB70,AB70,http://sigla.phis.me/document/HT%2062%2B73/index-word.html,sigla_word_seq_pattern | source=SigLA | ingested=2026-02-24T02:56:37Z
OBS_001405,external:sigla,external_csv,HT 62 73,word_7,1202,AB55,,AB55,AB55,AB55,http://sigla.phis.me/document/HT%2062%2B73/index-word.html,sigla_word_seq_pattern | source=SigLA | ingested=2026-02-24T02:56:37Z
OBS_001406,external:sigla,external_csv,HT 62 73,word_8,1203,AB81,,AB81,AB81,AB81,http://sigla.phis.me/document/HT%2062%2B73/index-word.html,sigla_word_seq_pattern | source=SigLA | ingested=2026-02-24T02:56:37Z
OBS_001407,external:sigla,external_csv,HT 62 73,word_9,1204,AB03 AB28 AB67,,AB03 AB28 AB67,AB03 AB28 AB67,AB03 AB28 AB67,http://sigla.phis.me/document/HT%2062%2B73/index-word.html,sigla_word_seq_pattern | source=SigLA | ingested=2026-02-24T02:56:37Z
OBS_001408,external:youngerarchive,external_csv,HT 63,.1_stmt,1205,KA TI,,KA TI,KA TI,KA TI,https://web.archive.org/web/20190416193018/http://www.people.ku.edu/~jyounger/LinearA/HTtexts.html,younger_table_statement | source=YoungerArchive | ingested=2026-02-24T02:56:37Z
OBS_001409,external:youngerarchive,external_csv,HT 63,.1_stmt,1206,SU PU2[,,SU PU2[,SU PU2[,SU PU2[,https://web.archive.org/web/20190416193018/http://www.people.ku.edu/~jyounger/LinearA/HTtexts.html,younger_table_statement | source=YoungerArchive | ingested=2026-02-24T02:56:37Z
OBS_001410,external:sigla,external_csv,HT 63,word_1,1207,AB77 AB37,,AB77 AB37,AB77 AB37,AB77 AB37,http://sigla.phis.me/document/HT%2063/index-word.html,sigla_word_seq_pattern | source=SigLA | ingested=2026-02-24T02:56:37Z
OBS_001411,external:sigla,external_csv,HT 63,word_2,1208,AB58 AB29,,AB58 AB29,AB58 AB29,AB58 AB29,http://sigla.phis.me/document/HT%2063/index-word.html,sigla_word_seq_pattern | source=SigLA | ingested=2026-02-24T02:56:37Z
OBS_001412,external:sigla,external_csv,HT 63,word_3,1209,AB79,,AB79,AB79,AB79,http://sigla.phis.me/document/HT%2063/index-word.html,sigla_word_seq_pattern | source=SigLA | ingested=2026-02-24T02:56:37Z
OBS_001413,external:youngerarchive,external_csv,HT 64,.1_stmt,1210,]KU ZU NA[,,]KU ZU NA[,]KU ZU NA[,]KU ZU NA[,https://web.archive.org/web/20190416193018/http://www.people.ku.edu/~jyounger/LinearA/HTtexts.html,younger_table_statement | source=YoungerArchive | ingested=2026-02-24T02:56:37Z
OBS_001414,external:youngerarchive,external_csv,HT 64,.2_stmt,1211,RU MA[,,RU MA[,RU MA[,RU MA[,https://web.archive.org/web/20190416193018/http://www.people.ku.edu/~jyounger/LinearA/HTtexts.html,younger_table_statement | source=YoungerArchive | ingested=2026-02-24T02:56:37Z
OBS_001415,external:youngerarchive,external_csv,HT 64,.4_log,1212,CAPM,,CAPM,CAPM,CAPM,https://web.archive.org/web/20190416193018/http://www.people.ku.edu/~jyounger/LinearA/HTtexts.html,younger_table_logogram | source=YoungerArchive | ingested=2026-02-24T02:56:37Z
OBS_001416,external:sigla,external_csv,HT 64,word_1,1213,AB81 AB79 AB06,,AB81 AB79 AB06,AB81 AB79 AB06,AB81 AB79 AB06,http://sigla.phis.me/document/HT%2064/index-word.html,sigla_word_seq_pattern | source=SigLA | ingested=2026-02-24T02:56:37Z
OBS_001417,external:sigla,external_csv,HT 64,word_2,1214,AB06,,AB06,AB06,AB06,http://sigla.phis.me/document/HT%2064/index-word.html,sigla_word_seq_pattern | source=SigLA | ingested=2026-02-24T02:56:37Z
OBS_001418,external:sigla,external_csv,HT 64,word_3,1215,AB26 AB80,,AB26 AB80,AB26 AB80,AB26 AB80,http://sigla.phis.me/document/HT%2064/index-word.html,sigla_word_seq_pattern | source=SigLA | ingested=2026-02-24T02:56:37Z
OBS_001419,external:youngerarchive,external_csv,HT 66,.1_log,1216,ZU VIR,,ZU VIR,ZU VIR,ZU VIR,https://web.archive.org/web/20190416193018/http://www.people.ku.edu/~jyounger/LinearA/HTtexts.html,younger_table_logogram | source=YoungerArchive | ingested=2026-02-24T02:56:37Z
OBS_001420,external:youngerarchive,external_csv,HT 66,.3_stmt,1217,]TA MI[,,]TA MI[,]TA MI[,]TA MI[,https://web.archive.org/web/20190416193018/http://www.people.ku.edu/~jyounger/LinearA/HTtexts.html,younger_table_statement | source=YoungerArchive | ingested=2026-02-24T02:56:37Z
OBS_001421,external:sigla,external_csv,HT 66,word_1,1218,AB07,,AB07,AB07,AB07,http://sigla.phis.me/document/HT%2066/index-word.html,sigla_word_seq_pattern | source=SigLA | ingested=2026-02-24T02:56:37Z
OBS_001422,external:sigla,external_csv,HT 66,word_2,1219,AB59,,AB59,AB59,AB59,http://sigla.phis.me/document/HT%2066/index-word.html,sigla_word_seq_pattern | source=SigLA | ingested=2026-02-24T02:56:37Z
OBS_001423,external:sigla,external_csv,HT 66,word_3,1220,AB59 AB73,,AB59 AB73,AB59 AB73,AB59 AB73,http://sigla.phis.me/document/HT%2066/index-word.html,sigla_word_seq_pattern | source=SigLA | ingested=2026-02-24T02:56:37Z
OBS_001424,external:sigla,external_csv,HT 66,word_4,1221,AB27,,AB27,AB27,AB27,http://sigla.phis.me/document/HT%2066/index-word.html,sigla_word_seq_pattern | source=SigLA | ingested=2026-02-24T02:56:37Z
OBS_001425,external:youngerarchive,external_csv,HT 67,.2_stmt,1222,]KU RO,,]KU RO,]KU RO,]KU RO,https://web.archive.org/web/20190416193018/http://www.people.ku.edu/~jyounger/LinearA/HTtexts.html,younger_table_statement | source=YoungerArchive | ingested=2026-02-24T02:56:37Z
OBS_001426,external:youngerarchive,external_csv,HT 67,.3_log,1223,FIC TE,,FIC TE,FIC TE,FIC TE,https://web.archive.org/web/20190416193018/http://www.people.ku.edu/~jyounger/LinearA/HTtexts.html,younger_table_logogram | source=YoungerArchive | ingested=2026-02-24T02:56:37Z
OBS_001427,external:youngerarchive,external_csv,HT 68,.1_log,1224,VIR[,,VIR[,VIR[,VIR[,https://web.archive.org/web/20190416193018/http://www.people.ku.edu/~jyounger/LinearA/HTtexts.html,younger_table_logogram | source=YoungerArchive | ingested=2026-02-24T02:56:37Z
OBS_001428,external:sigla,external_csv,HT 68,word_1,1225,AB65,,AB65,AB65,AB65,http://sigla.phis.me/document/HT%2068/index-word.html,sigla_word_seq_pattern | source=SigLA | ingested=2026-02-24T02:56:37Z
OBS_001429,external:youngerarchive,external_csv,HT 69,.2_stmt,1226,]MA DI,,]MA DI,]MA DI,]MA DI,https://web.archive.org/web/20190416193018/http://www.people.ku.edu/~jyounger/LinearA/HTtexts.html,younger_table_statement | source=YoungerArchive | ingested=2026-02-24T02:56:37Z
OBS_001430,external:sigla,external_csv,HT 69,word_1,1227,AB80 AB07,,AB80 AB07,AB80 AB07,AB80 AB07,http://sigla.phis.me/document/HT%2069/index-word.html,sigla_word_seq_pattern | source=SigLA | ingested=2026-02-24T02:56:37Z
OBS_001431,external:sigla,external_csv,HT 6A,word_1,1228,AB77 AB03,,AB77 AB03,AB77 AB03,AB77 AB03,http://sigla.phis.me/document/HT%206a/index-word.html,sigla_word_seq_pattern | source=SigLA | ingested=2026-02-24T02:56:37Z
OBS_001432,external:sigla,external_csv,HT 6A,word_2,1229,AB01 AB59 AB60,,AB01 AB59 AB60,AB01 AB59 AB60,AB01 AB59 AB60,http://sigla.phis.me/document/HT%206a/index-word.html,sigla_word_seq_pattern | source=SigLA | ingested=2026-02-24T02:56:37Z
OBS_001433,external:sigla,external_csv,HT 6A,word_3,1230,AB39 AB59 AB57,,AB39 AB59 AB57,AB39 AB59 AB57,AB39 AB59 AB57,http://sigla.phis.me/document/HT%206a/index-word.html,sigla_word_seq_pattern | source=SigLA | ingested=2026-02-24T02:56:37Z
OBS_001434,external:sigla,external_csv,HT 6A,word_4,1231,A717,,A717,A717,A717,http://sigla.phis.me/document/HT%206a/index-word.html,sigla_word_seq_pattern | source=SigLA | ingested=2026-02-24T02:56:37Z
OBS_001435,external:sigla,external_csv,HT 6A,word_5,1232,AB80 A321,,AB80 A321,AB80 A321,AB80 A321,http://sigla.phis.me/document/HT%206a/index-word.html,sigla_word_seq_pattern | source=SigLA | ingested=2026-02-24T02:56:37Z
OBS_001436,external:sigla,external_csv,HT 6A,word_6,1233,AB61 AB76 AB07 AB24,,AB61 AB76 AB07 AB24,AB61 AB76 AB07 AB24,AB61 AB76 AB07 AB24,http://sigla.phis.me/document/HT%206a/index-word.html,sigla_word_seq_pattern | source=SigLA | ingested=2026-02-24T02:56:37Z
OBS_001437,external:sigla,external_csv,HT 6A,word_7,1234,AB77 AB03 AB78,,AB77 AB03 AB78,AB77 AB03 AB78,AB77 AB03 AB78,http://sigla.phis.me/document/HT%206a/index-word.html,sigla_word_seq_pattern | source=SigLA | ingested=2026-02-24T02:56:37Z
OBS_001438,external:sigla,external_csv,HT 6A,word_8,1235,AB01 AB78 AB60,,AB01 AB78 AB60,AB01 AB78 AB60,AB01 AB78 AB60,http://sigla.phis.me/document/HT%206a/index-word.html,sigla_word_seq_pattern | source=SigLA | ingested=2026-02-24T02:56:37Z
OBS_001439,external:sigla,external_csv,HT 6A,word_9,1236,AB78 AB39 AB59,,AB78 AB39 AB59,AB78 AB39 AB59,AB78 AB39 AB59,http://sigla.phis.me/document/HT%206a/index-word.html,sigla_word_seq_pattern | source=SigLA | ingested=2026-02-24T02:56:37Z
OBS_001440,external:sigla,external_csv,HT 6B,word_1,1237,AB54 AB51 AB30 AB73,,AB54 AB51 AB30 AB73,AB54 AB51 AB30 AB73,AB54 AB51 AB30 AB73,http://sigla.phis.me/document/HT%206b/index-word.html,sigla_word_seq_pattern | source=SigLA | ingested=2026-02-24T02:56:37Z
OBS_001441,external:sigla,external_csv,HT 6B,word_2,1238,AB60 AB37 AB09,,AB60 AB37 AB09,AB60 AB37 AB09,AB60 AB37 AB09,http://sigla.phis.me/document/HT%206b/index-word.html,sigla_word_seq_pattern | source=SigLA | ingested=2026-02-24T02:56:37Z
OBS_001442,external:sigla,external_csv,HT 6B,word_3,1239,AB51 AB01 AB80,,AB51 AB01 AB80,AB51 AB01 AB80,AB51 AB01 AB80,http://sigla.phis.me/document/HT%206b/index-word.html,sigla_word_seq_pattern | source=SigLA | ingested=2026-02-24T02:56:37Z
OBS_001443,external:sigla,external_csv,HT 6B,word_4,1240,AB51? AB67,,AB51? AB67,AB51? AB67,AB51? AB67,http://sigla.phis.me/document/HT%206b/index-word.html,sigla_word_seq_pattern | source=SigLA | ingested=2026-02-24T02:56:37Z
OBS_001444,external:sigla,external_csv,HT 6B,word_5,1241,AB31 AB80,,AB31 AB80,AB31 AB80,AB31 AB80,http://sigla.phis.me/document/HT%206b/index-word.html,sigla_word_seq_pattern | source=SigLA | ingested=2026-02-24T02:56:37Z
OBS_001445,external:sigla,external_csv,HT 6B,word_6,1242,AB56 AB30 AB06,,AB56 AB30 AB06,AB56 AB30 AB06,AB56 AB30 AB06,http://sigla.phis.me/document/HT%206b/index-word.html,sigla_word_seq_pattern | source=SigLA | ingested=2026-02-24T02:56:37Z
OBS_001446,external:youngerarchive,external_csv,HT 7,a.1_log,1243,VIR,,VIR,VIR,VIR,https://web.archive.org/web/20190416193018/http://www.people.ku.edu/~jyounger/LinearA/HTtexts.html,younger_table_logogram | source=YoungerArchive | ingested=2026-02-24T02:56:37Z
OBS_001447,external:youngerarchive,external_csv,HT 7,a.1_stmt,1244,QE TI,,QE TI,QE TI,QE TI,https://web.archive.org/web/20190416193018/http://www.people.ku.edu/~jyounger/LinearA/HTtexts.html,younger_table_statement | source=YoungerArchive | ingested=2026-02-24T02:56:37Z
OBS_001448,external:youngerarchive,external_csv,HT 7,a.2_stmt,1245,I RU JA,,I RU JA,I RU JA,I RU JA,https://web.archive.org/web/20190416193018/http://www.people.ku.edu/~jyounger/LinearA/HTtexts.html,younger_table_statement | source=YoungerArchive | ingested=2026-02-24T02:56:37Z
OBS_001449,external:youngerarchive,external_csv,HT 7,a.3_stmt,1246,DU JA,,DU JA,DU JA,DU JA,https://web.archive.org/web/20190416193018/http://www.people.ku.edu/~jyounger/LinearA/HTtexts.html,younger_table_statement | source=YoungerArchive | ingested=2026-02-24T02:56:37Z
OBS_001450,external:youngerarchive,external_csv,HT 7,a.4-5_stmt,1247,DA RE,,DA RE,DA RE,DA RE,https://web.archive.org/web/20190416193018/http://www.people.ku.edu/~jyounger/LinearA/HTtexts.html,younger_table_statement | source=YoungerArchive | ingested=2026-02-24T02:56:37Z
OBS_001451,external:youngerarchive,external_csv,HT 7,a.4_stmt,1248,TA NA TI,,TA NA TI,TA NA TI,TA NA TI,https://web.archive.org/web/20190416193018/http://www.people.ku.edu/~jyounger/LinearA/HTtexts.html,younger_table_statement | source=YoungerArchive | ingested=2026-02-24T02:56:37Z
OBS_001452,external:youngerarchive,external_csv,HT 7,a.5_stmt,1249,TE TU,,TE TU,TE TU,TE TU,https://web.archive.org/web/20190416193018/http://www.people.ku.edu/~jyounger/LinearA/HTtexts.html,younger_table_statement | source=YoungerArchive | ingested=2026-02-24T02:56:37Z
OBS_001453,external:youngerarchive,external_csv,HT 7,b.1_stmt,1250,QIF TU NE,,QIF TU NE,QIF TU NE,QIF TU NE,https://web.archive.org/web/20190416193018/http://www.people.ku.edu/~jyounger/LinearA/HTtexts.html,younger_table_statement | source=YoungerArchive | ingested=2026-02-24T02:56:37Z
OBS_001454,external:youngerarchive,external_csv,HT 7,b.2_stmt,1251,DA RU,,DA RU,DA RU,DA RU,https://web.archive.org/web/20190416193018/http://www.people.ku.edu/~jyounger/LinearA/HTtexts.html,younger_table_statement | source=YoungerArchive | ingested=2026-02-24T02:56:37Z
OBS_001455,external:youngerarchive,external_csv,HT 70,.1_log,1252,FIC TE,,FIC TE,FIC TE,FIC TE,https://web.archive.org/web/20190416193018/http://www.people.ku.edu/~jyounger/LinearA/HTtexts.html,younger_table_logogram | source=YoungerArchive | ingested=2026-02-24T02:56:37Z
OBS_001456,external:youngerarchive,external_csv,HT 70,.2_stmt,1253,]QA SA,,]QA SA,]QA SA,]QA SA,https://web.archive.org/web/20190416193018/http://www.people.ku.edu/~jyounger/LinearA/HTtexts.html,younger_table_statement | source=YoungerArchive | ingested=2026-02-24T02:56:37Z
OBS_001457,external:sigla,external_csv,HT 70,word_1,1254,AB16 AB118 AB31,,AB16 AB118 AB31,AB16 AB118 AB31,AB16 AB118 AB31,http://sigla.phis.me/document/HT%2070/index-word.html,sigla_word_seq_pattern | source=SigLA | ingested=2026-02-24T02:56:37Z
OBS_001458,external:sigla,external_csv,HT 72,word_1,1255,[?] [?],,[?] [?],[?] [?],[?] [?],http://sigla.phis.me/document/HT%2072/index-word.html,sigla_word_seq_pattern | source=SigLA | ingested=2026-02-24T02:56:37Z
OBS_001459,external:youngerarchive,external_csv,HT 74,.2_stmt,1256,]KU RO,,]KU RO,]KU RO,]KU RO,https://web.archive.org/web/20190416193018/http://www.people.ku.edu/~jyounger/LinearA/HTtexts.html,younger_table_statement | source=YoungerArchive | ingested=2026-02-24T02:56:37Z
OBS_001460,external:sigla,external_csv,HT 74,word_1,1257,AB81 AB02,,AB81 AB02,AB81 AB02,AB81 AB02,http://sigla.phis.me/document/HT%2074/index-word.html,sigla_word_seq_pattern | source=SigLA | ingested=2026-02-24T02:56:37Z
OBS_001461,external:youngerarchive,external_csv,HT 75,1._stmt,1258,KA RU[,,KA RU[,KA RU[,KA RU[,https://web.archive.org/web/20190416193018/http://www.people.ku.edu/~jyounger/LinearA/HTtexts.html,younger_table_statement | source=YoungerArchive | ingested=2026-02-24T02:56:37Z
OBS_001462,external:sigla,external_csv,HT 75,word_1,1259,AB77 AB26,,AB77 AB26,AB77 AB26,AB77 AB26,http://sigla.phis.me/document/HT%2075/index-word.html,sigla_word_seq_pattern | source=SigLA | ingested=2026-02-24T02:56:37Z
OBS_001463,external:sigla,external_csv,HT 78,word_1,1260,AB23 A312,,AB23 A312,AB23 A312,AB23 A312,http://sigla.phis.me/document/HT%2078/index-word.html,sigla_word_seq_pattern | source=SigLA | ingested=2026-02-24T02:56:37Z
OBS_001464,external:youngerarchive,external_csv,HT 79 83,.1_stmt,1261,DA PA3[,,DA PA3[,DA PA3[,DA PA3[,https://web.archive.org/web/20190416193018/http://www.people.ku.edu/~jyounger/LinearA/HTtexts.html,younger_table_statement | source=YoungerArchive | ingested=2026-02-24T02:56:37Z
OBS_001465,external:youngerarchive,external_csv,HT 79 83,.2_stmt,1262,]TU PA RI,,]TU PA RI,]TU PA RI,]TU PA RI,https://web.archive.org/web/20190416193018/http://www.people.ku.edu/~jyounger/LinearA/HTtexts.html,younger_table_statement | source=YoungerArchive | ingested=2026-02-24T02:56:37Z
OBS_001466,external:youngerarchive,external_csv,HT 79 83,.3_stmt,1263,]KU NI[,,]KU NI[,]KU NI[,]KU NI[,https://web.archive.org/web/20190416193018/http://www.people.ku.edu/~jyounger/LinearA/HTtexts.html,younger_table_statement | source=YoungerArchive | ingested=2026-02-24T02:56:37Z
OBS_001467,external:sigla,external_csv,HT 79 83,word_1,1264,AB28?,,AB28?,AB28?,AB28?,http://sigla.phis.me/document/HT%2079%2B83/index-word.html,sigla_word_seq_pattern | source=SigLA | ingested=2026-02-24T02:56:37Z
OBS_001468,external:sigla,external_csv,HT 79 83,word_2,1265,AB77,,AB77,AB77,AB77,http://sigla.phis.me/document/HT%2079%2B83/index-word.html,sigla_word_seq_pattern | source=SigLA | ingested=2026-02-24T02:56:37Z
OBS_001469,external:sigla,external_csv,HT 79 83,word_3,1266,AB01 AB56,,AB01 AB56,AB01 AB56,AB01 AB56,http://sigla.phis.me/document/HT%2079%2B83/index-word.html,sigla_word_seq_pattern | source=SigLA | ingested=2026-02-24T02:56:37Z
OBS_001470,external:sigla,external_csv,HT 79 83,word_4,1267,AB69 AB03 AB53,,AB69 AB03 AB53,AB69 AB03 AB53,AB69 AB03 AB53,http://sigla.phis.me/document/HT%2079%2B83/index-word.html,sigla_word_seq_pattern | source=SigLA | ingested=2026-02-24T02:56:37Z
OBS_001471,external:sigla,external_csv,HT 79 83,word_5,1268,AB81 AB30,,AB81 AB30,AB81 AB30,AB81 AB30,http://sigla.phis.me/document/HT%2079%2B83/index-word.html,sigla_word_seq_pattern | source=SigLA | ingested=2026-02-24T02:56:37Z
OBS_001472,external:sigla,external_csv,HT 79 83,word_6,1269,AB79,,AB79,AB79,AB79,http://sigla.phis.me/document/HT%2079%2B83/index-word.html,sigla_word_seq_pattern | source=SigLA | ingested=2026-02-24T02:56:37Z
OBS_001473,external:sigla,external_csv,HT 7A,word_1,1270,AB78 AB37,,AB78 AB37,AB78 AB37,AB78 AB37,http://sigla.phis.me/document/HT%207a/index-word.html,sigla_word_seq_pattern | source=SigLA | ingested=2026-02-24T02:56:37Z
OBS_001474,external:sigla,external_csv,HT 7A,word_2,1271,AB28 AB26 AB57,,AB28 AB26 AB57,AB28 AB26 AB57,AB28 AB26 AB57,http://sigla.phis.me/document/HT%207a/index-word.html,sigla_word_seq_pattern | source=SigLA | ingested=2026-02-24T02:56:37Z
OBS_001475,external:sigla,external_csv,HT 7A,word_3,1272,AB51 AB57,,AB51 AB57,AB51 AB57,AB51 AB57,http://sigla.phis.me/document/HT%207a/index-word.html,sigla_word_seq_pattern | source=SigLA | ingested=2026-02-24T02:56:37Z
OBS_001476,external:sigla,external_csv,HT 7A,word_4,1273,AB59 AB06 AB37,,AB59 AB06 AB37,AB59 AB06 AB37,AB59 AB06 AB37,http://sigla.phis.me/document/HT%207a/index-word.html,sigla_word_seq_pattern | source=SigLA | ingested=2026-02-24T02:56:37Z
OBS_001477,external:sigla,external_csv,HT 7A,word_5,1274,AB01 AB27,,AB01 AB27,AB01 AB27,AB01 AB27,http://sigla.phis.me/document/HT%207a/index-word.html,sigla_word_seq_pattern | source=SigLA | ingested=2026-02-24T02:56:37Z
OBS_001478,external:sigla,external_csv,HT 7A,word_6,1275,AB04 AB69,,AB04 AB69,AB04 AB69,AB04 AB69,http://sigla.phis.me/document/HT%207a/index-word.html,sigla_word_seq_pattern | source=SigLA | ingested=2026-02-24T02:56:37Z
OBS_001479,external:sigla,external_csv,HT 7B,word_1,1276,AB21F AB69 AB24,,AB21F AB69 AB24,AB21F AB69 AB24,AB21F AB69 AB24,http://sigla.phis.me/document/HT%207b/index-word.html,sigla_word_seq_pattern | source=SigLA | ingested=2026-02-24T02:56:37Z
OBS_001480,external:sigla,external_csv,HT 7B,word_2,1277,AB01 AB26 A329,,AB01 AB26 A329,AB01 AB26 A329,AB01 AB26 A329,http://sigla.phis.me/document/HT%207b/index-word.html,sigla_word_seq_pattern | source=SigLA | ingested=2026-02-24T02:56:37Z
OBS_001481,external:youngerarchive,external_csv,HT 8,a.1 JE-DI_log,1278,OLE KI,,OLE KI,OLE KI,OLE KI,https://web.archive.org/web/20190416193018/http://www.people.ku.edu/~jyounger/LinearA/HTtexts.html,younger_table_logogram | source=YoungerArchive | ingested=2026-02-24T02:56:37Z
OBS_001482,external:youngerarchive,external_csv,HT 8,a.1-2_stmt,1279,PA3 KA RA TI,,PA3 KA RA TI,PA3 KA RA TI,PA3 KA RA TI,https://web.archive.org/web/20190416193018/http://www.people.ku.edu/~jyounger/LinearA/HTtexts.html,younger_table_statement | source=YoungerArchive | ingested=2026-02-24T02:56:37Z
OBS_001483,external:youngerarchive,external_csv,HT 8,a.1_log,1280,OLE KI,,OLE KI,OLE KI,OLE KI,https://web.archive.org/web/20190416193018/http://www.people.ku.edu/~jyounger/LinearA/HTtexts.html,younger_table_logogram | source=YoungerArchive | ingested=2026-02-24T02:56:37Z
OBS_001484,external:youngerarchive,external_csv,HT 8,a.1_stmt,1281,JE DI,,JE DI,JE DI,JE DI,https://web.archive.org/web/20190416193018/http://www.people.ku.edu/~jyounger/LinearA/HTtexts.html,younger_table_statement | source=YoungerArchive | ingested=2026-02-24T02:56:37Z
OBS_001485,external:youngerarchive,external_csv,HT 8,a.3-4_stmt,1282,QA I,,QA I,QA I,QA I,https://web.archive.org/web/20190416193018/http://www.people.ku.edu/~jyounger/LinearA/HTtexts.html,younger_table_statement | source=YoungerArchive | ingested=2026-02-24T02:56:37Z
OBS_001486,external:youngerarchive,external_csv,HT 8,a.4_stmt,1283,SI KI RA,,SI KI RA,SI KI RA,SI KI RA,https://web.archive.org/web/20190416193018/http://www.people.ku.edu/~jyounger/LinearA/HTtexts.html,younger_table_statement | source=YoungerArchive | ingested=2026-02-24T02:56:37Z
OBS_001487,external:youngerarchive,external_csv,HT 8,a.5_stmt,1284,KI RE TA NA,,KI RE TA NA,KI RE TA NA,KI RE TA NA,https://web.archive.org/web/20190416193018/http://www.people.ku.edu/~jyounger/LinearA/HTtexts.html,younger_table_statement | source=YoungerArchive | ingested=2026-02-24T02:56:37Z
OBS_001488,external:youngerarchive,external_csv,HT 8,b.1_stmt,1285,SU PU2,,SU PU2,SU PU2,SU PU2,https://web.archive.org/web/20190416193018/http://www.people.ku.edu/~jyounger/LinearA/HTtexts.html,younger_table_statement | source=YoungerArchive | ingested=2026-02-24T02:56:37Z
OBS_001489,external:youngerarchive,external_csv,HT 8,b.3-4_stmt,1286,QA I,,QA I,QA I,QA I,https://web.archive.org/web/20190416193018/http://www.people.ku.edu/~jyounger/LinearA/HTtexts.html,younger_table_statement | source=YoungerArchive | ingested=2026-02-24T02:56:37Z
OBS_001490,external:youngerarchive,external_csv,HT 8,b.4_stmt,1287,KA PA,,KA PA,KA PA,KA PA,https://web.archive.org/web/20190416193018/http://www.people.ku.edu/~jyounger/LinearA/HTtexts.html,younger_table_statement | source=YoungerArchive | ingested=2026-02-24T02:56:37Z
OBS_001491,external:youngerarchive,external_csv,HT 8,b.4_stmt,1288,PA JA RE,,PA JA RE,PA JA RE,PA JA RE,https://web.archive.org/web/20190416193018/http://www.people.ku.edu/~jyounger/LinearA/HTtexts.html,younger_table_statement | source=YoungerArchive | ingested=2026-02-24T02:56:37Z
OBS_001492,external:youngerarchive,external_csv,HT 8,table2_row10_log,1289,SU PU2,,SU PU2,SU PU2,SU PU2,https://web.archive.org/web/20190416193018/http://www.people.ku.edu/~jyounger/LinearA/HTtexts.html,younger_table_logogram | source=YoungerArchive | ingested=2026-02-24T02:56:37Z
OBS_001493,external:youngerarchive,external_csv,HT 80,.1_stmt,1290,]JU RA[,,]JU RA[,]JU RA[,]JU RA[,https://web.archive.org/web/20190416193018/http://www.people.ku.edu/~jyounger/LinearA/HTtexts.html,younger_table_statement | source=YoungerArchive | ingested=2026-02-24T02:56:37Z
OBS_001494,external:sigla,external_csv,HT 80,word_1,1291,AB65 AB60,,AB65 AB60,AB65 AB60,AB65 AB60,http://sigla.phis.me/document/HT%2080/index-word.html,sigla_word_seq_pattern | source=SigLA | ingested=2026-02-24T02:56:37Z
OBS_001495,external:youngerarchive,external_csv,HT 81,.1_log,1292,MI JA RU,,MI JA RU,MI JA RU,MI JA RU,https://web.archive.org/web/20190416193018/http://www.people.ku.edu/~jyounger/LinearA/HTtexts.html,younger_table_logogram | source=YoungerArchive | ingested=2026-02-24T02:56:37Z
OBS_001496,external:youngerarchive,external_csv,HT 81,.1_stmt,1293,A SE,,A SE,A SE,A SE,https://web.archive.org/web/20190416193018/http://www.people.ku.edu/~jyounger/LinearA/HTtexts.html,younger_table_statement | source=YoungerArchive | ingested=2026-02-24T02:56:37Z
OBS_001497,external:youngerarchive,external_csv,HT 81,.2_stmt,1294,]RI SU MA,,]RI SU MA,]RI SU MA,]RI SU MA,https://web.archive.org/web/20190416193018/http://www.people.ku.edu/~jyounger/LinearA/HTtexts.html,younger_table_statement | source=YoungerArchive | ingested=2026-02-24T02:56:37Z
OBS_001498,external:sigla,external_csv,HT 81,word_1,1295,AB08 AB09,,AB08 AB09,AB08 AB09,AB08 AB09,http://sigla.phis.me/document/HT%2081/index-word.html,sigla_word_seq_pattern | source=SigLA | ingested=2026-02-24T02:56:37Z
OBS_001499,external:sigla,external_csv,HT 81,word_2,1296,AB53 AB58 AB80,,AB53 AB58 AB80,AB53 AB58 AB80,AB53 AB58 AB80,http://sigla.phis.me/document/HT%2081/index-word.html,sigla_word_seq_pattern | source=SigLA | ingested=2026-02-24T02:56:37Z
OBS_001500,external:sigla,external_csv,HT 81,word_3,1297,AB67,,AB67,AB67,AB67,http://sigla.phis.me/document/HT%2081/index-word.html,sigla_word_seq_pattern | source=SigLA | ingested=2026-02-24T02:56:37Z
OBS_001501,external:youngerarchive,external_csv,HT 82,a._log,1298,GRA OVIS F,,GRA OVIS F,GRA OVIS F,GRA OVIS F,https://web.archive.org/web/20190416193018/http://www.people.ku.edu/~jyounger/LinearA/HTtexts.html,younger_table_logogram | source=YoungerArchive | ingested=2026-02-24T02:56:37Z
OBS_001502,external:youngerarchive,external_csv,HT 84,.1_stmt,1299,QIF JA DU,,QIF JA DU,QIF JA DU,QIF JA DU,https://web.archive.org/web/20190416193018/http://www.people.ku.edu/~jyounger/LinearA/HTtexts.html,younger_table_statement | source=YoungerArchive | ingested=2026-02-24T02:56:37Z
OBS_001503,external:youngerarchive,external_csv,HT 84,.2_log,1300,VIR[,,VIR[,VIR[,VIR[,https://web.archive.org/web/20190416193018/http://www.people.ku.edu/~jyounger/LinearA/HTtexts.html,younger_table_logogram | source=YoungerArchive | ingested=2026-02-24T02:56:37Z
OBS_001504,external:youngerarchive,external_csv,HT 84,.2_stmt,1301,]NU TI,,]NU TI,]NU TI,]NU TI,https://web.archive.org/web/20190416193018/http://www.people.ku.edu/~jyounger/LinearA/HTtexts.html,younger_table_statement | source=YoungerArchive | ingested=2026-02-24T02:56:37Z
OBS_001505,external:sigla,external_csv,HT 84,word_1,1302,AB21F AB57 AB51,,AB21F AB57 AB51,AB21F AB57 AB51,AB21F AB57 AB51,http://sigla.phis.me/document/HT%2084/index-word.html,sigla_word_seq_pattern | source=SigLA | ingested=2026-02-24T02:56:37Z
OBS_001506,external:sigla,external_csv,HT 84,word_3,1303,AB55 AB37,,AB55 AB37,AB55 AB37,AB55 AB37,http://sigla.phis.me/document/HT%2084/index-word.html,sigla_word_seq_pattern | source=SigLA | ingested=2026-02-24T02:56:37Z
OBS_001507,external:youngerarchive,external_csv,HT 85,a.1_stmt,1304,A DU,,A DU,A DU,A DU,https://web.archive.org/web/20190416193018/http://www.people.ku.edu/~jyounger/LinearA/HTtexts.html,younger_table_statement | source=YoungerArchive | ingested=2026-02-24T02:56:37Z
OBS_001508,external:youngerarchive,external_csv,HT 85,a.2_stmt,1305,DA RI DA,,DA RI DA,DA RI DA,DA RI DA,https://web.archive.org/web/20190416193018/http://www.people.ku.edu/~jyounger/LinearA/HTtexts.html,younger_table_statement | source=YoungerArchive | ingested=2026-02-24T02:56:37Z
OBS_001509,external:youngerarchive,external_csv,HT 85,a.2_stmt,1306,PA3 NI,,PA3 NI,PA3 NI,PA3 NI,https://web.archive.org/web/20190416193018/http://www.people.ku.edu/~jyounger/LinearA/HTtexts.html,younger_table_statement | source=YoungerArchive | ingested=2026-02-24T02:56:37Z
OBS_001510,external:youngerarchive,external_csv,HT 85,a.3-4_stmt,1307,DA SI,,DA SI,DA SI,DA SI,https://web.archive.org/web/20190416193018/http://www.people.ku.edu/~jyounger/LinearA/HTtexts.html,younger_table_statement | source=YoungerArchive | ingested=2026-02-24T02:56:37Z
OBS_001511,external:youngerarchive,external_csv,HT 85,a.3_stmt,1308,U ZA,,U ZA,U ZA,U ZA,https://web.archive.org/web/20190416193018/http://www.people.ku.edu/~jyounger/LinearA/HTtexts.html,younger_table_statement | source=YoungerArchive | ingested=2026-02-24T02:56:37Z
OBS_001512,external:youngerarchive,external_csv,HT 85,a.4_stmt,1309,KU ZU NI,,KU ZU NI,KU ZU NI,KU ZU NI,https://web.archive.org/web/20190416193018/http://www.people.ku.edu/~jyounger/LinearA/HTtexts.html,younger_table_statement | source=YoungerArchive | ingested=2026-02-24T02:56:37Z
OBS_001513,external:youngerarchive,external_csv,HT 85,a.5_stmt,1310,DA RE,,DA RE,DA RE,DA RE,https://web.archive.org/web/20190416193018/http://www.people.ku.edu/~jyounger/LinearA/HTtexts.html,younger_table_statement | source=YoungerArchive | ingested=2026-02-24T02:56:37Z
OBS_001514,external:youngerarchive,external_csv,HT 85,a.5_stmt,1311,TE KE,,TE KE,TE KE,TE KE,https://web.archive.org/web/20190416193018/http://www.people.ku.edu/~jyounger/LinearA/HTtexts.html,younger_table_statement | source=YoungerArchive | ingested=2026-02-24T02:56:37Z
OBS_001515,external:youngerarchive,external_csv,HT 85,a.6_stmt,1312,KU RO[,,KU RO[,KU RO[,KU RO[,https://web.archive.org/web/20190416193018/http://www.people.ku.edu/~jyounger/LinearA/HTtexts.html,younger_table_statement | source=YoungerArchive | ingested=2026-02-24T02:56:37Z
OBS_001516,external:youngerarchive,external_csv,HT 85,b.1-2_stmt,1313,KI RE TA2,,KI RE TA2,KI RE TA2,KI RE TA2,https://web.archive.org/web/20190416193018/http://www.people.ku.edu/~jyounger/LinearA/HTtexts.html,younger_table_statement | source=YoungerArchive | ingested=2026-02-24T02:56:37Z
OBS_001517,external:youngerarchive,external_csv,HT 85,b.1_stmt,1314,KI KI RA JA,,KI KI RA JA,KI KI RA JA,KI KI RA JA,https://web.archive.org/web/20190416193018/http://www.people.ku.edu/~jyounger/LinearA/HTtexts.html,younger_table_statement | source=YoungerArchive | ingested=2026-02-24T02:56:37Z
OBS_001518,external:youngerarchive,external_csv,HT 85,b.2-3_stmt,1315,TE TU[,,TE TU[,TE TU[,TE TU[,https://web.archive.org/web/20190416193018/http://www.people.ku.edu/~jyounger/LinearA/HTtexts.html,younger_table_statement | source=YoungerArchive | ingested=2026-02-24T02:56:37Z
OBS_001519,external:youngerarchive,external_csv,HT 85,b.2_stmt,1316,QE KA,,QE KA,QE KA,QE KA,https://web.archive.org/web/20190416193018/http://www.people.ku.edu/~jyounger/LinearA/HTtexts.html,younger_table_statement | source=YoungerArchive | ingested=2026-02-24T02:56:37Z
OBS_001520,external:youngerarchive,external_csv,HT 85,b.3_stmt,1317,ME ZA,,ME ZA,ME ZA,ME ZA,https://web.archive.org/web/20190416193018/http://www.people.ku.edu/~jyounger/LinearA/HTtexts.html,younger_table_statement | source=YoungerArchive | ingested=2026-02-24T02:56:37Z
OBS_001521,external:youngerarchive,external_csv,HT 85,b.4-5_stmt,1318,WA DU NI MI,,WA DU NI MI,WA DU NI MI,WA DU NI MI,https://web.archive.org/web/20190416193018/http://www.people.ku.edu/~jyounger/LinearA/HTtexts.html,younger_table_statement | source=YoungerArchive | ingested=2026-02-24T02:56:37Z
OBS_001522,external:youngerarchive,external_csv,HT 85,b.4_stmt,1319,RE DI SE,,RE DI SE,RE DI SE,RE DI SE,https://web.archive.org/web/20190416193018/http://www.people.ku.edu/~jyounger/LinearA/HTtexts.html,younger_table_statement | source=YoungerArchive | ingested=2026-02-24T02:56:37Z
OBS_001523,external:youngerarchive,external_csv,HT 85,b.5-6_stmt,1320,QA I,,QA I,QA I,QA I,https://web.archive.org/web/20190416193018/http://www.people.ku.edu/~jyounger/LinearA/HTtexts.html,younger_table_statement | source=YoungerArchive | ingested=2026-02-24T02:56:37Z
OBS_001524,external:youngerarchive,external_csv,HT 85,b.5_stmt,1321,MA DI,,MA DI,MA DI,MA DI,https://web.archive.org/web/20190416193018/http://www.people.ku.edu/~jyounger/LinearA/HTtexts.html,younger_table_statement | source=YoungerArchive | ingested=2026-02-24T02:56:37Z
OBS_001525,external:sigla,external_csv,HT 85A,word_1,1322,AB08 AB51,,AB08 AB51,AB08 AB51,AB08 AB51,http://sigla.phis.me/document/HT%2085a/index-word.html,sigla_word_seq_pattern | source=SigLA | ingested=2026-02-24T02:56:37Z
OBS_001526,external:sigla,external_csv,HT 85A,word_2,1323,AB01 AB53 AB01,,AB01 AB53 AB01,AB01 AB53 AB01,AB01 AB53 AB01,http://sigla.phis.me/document/HT%2085a/index-word.html,sigla_word_seq_pattern | source=SigLA | ingested=2026-02-24T02:56:37Z
OBS_001527,external:sigla,external_csv,HT 85A,word_3,1324,AB56 AB30,,AB56 AB30,AB56 AB30,AB56 AB30,http://sigla.phis.me/document/HT%2085a/index-word.html,sigla_word_seq_pattern | source=SigLA | ingested=2026-02-24T02:56:37Z
OBS_001528,external:sigla,external_csv,HT 85A,word_4,1325,AB10 A325 AB17,,AB10 A325 AB17,AB10 A325 AB17,AB10 A325 AB17,http://sigla.phis.me/document/HT%2085a/index-word.html,sigla_word_seq_pattern | source=SigLA | ingested=2026-02-24T02:56:37Z
OBS_001529,external:sigla,external_csv,HT 85A,word_5,1326,AB01 AB41 AB118,,AB01 AB41 AB118,AB01 AB41 AB118,AB01 AB41 AB118,http://sigla.phis.me/document/HT%2085a/index-word.html,sigla_word_seq_pattern | source=SigLA | ingested=2026-02-24T02:56:37Z
OBS_001530,external:sigla,external_csv,HT 85A,word_6,1327,AB81 AB79 AB30,,AB81 AB79 AB30,AB81 AB79 AB30,AB81 AB79 AB30,http://sigla.phis.me/document/HT%2085a/index-word.html,sigla_word_seq_pattern | source=SigLA | ingested=2026-02-24T02:56:37Z
OBS_001531,external:sigla,external_csv,HT 85A,word_7,1328,AB04 AB44,,AB04 AB44,AB04 AB44,AB04 AB44,http://sigla.phis.me/document/HT%2085a/index-word.html,sigla_word_seq_pattern | source=SigLA | ingested=2026-02-24T02:56:37Z
OBS_001532,external:sigla,external_csv,HT 85A,word_8,1329,AB01 AB27,,AB01 AB27,AB01 AB27,AB01 AB27,http://sigla.phis.me/document/HT%2085a/index-word.html,sigla_word_seq_pattern | source=SigLA | ingested=2026-02-24T02:56:37Z
OBS_001533,external:sigla,external_csv,HT 85A,word_9,1330,AB81 AB02,,AB81 AB02,AB81 AB02,AB81 AB02,http://sigla.phis.me/document/HT%2085a/index-word.html,sigla_word_seq_pattern | source=SigLA | ingested=2026-02-24T02:56:37Z
OBS_001534,external:sigla,external_csv,HT 85B,word_1,1331,AB67 AB67 AB60 AB57,,AB67 AB67 AB60 AB57,AB67 AB67 AB60 AB57,AB67 AB67 AB60 AB57,http://sigla.phis.me/document/HT%2085b/index-word.html,sigla_word_seq_pattern | source=SigLA | ingested=2026-02-24T02:56:37Z
OBS_001535,external:sigla,external_csv,HT 85B,word_2,1332,AB67 AB27 AB66,,AB67 AB27 AB66,AB67 AB27 AB66,AB67 AB27 AB66,http://sigla.phis.me/document/HT%2085b/index-word.html,sigla_word_seq_pattern | source=SigLA | ingested=2026-02-24T02:56:37Z
OBS_001536,external:sigla,external_csv,HT 85B,word_3,1333,AB78 AB77,,AB78 AB77,AB78 AB77,AB78 AB77,http://sigla.phis.me/document/HT%2085b/index-word.html,sigla_word_seq_pattern | source=SigLA | ingested=2026-02-24T02:56:37Z
OBS_001537,external:sigla,external_csv,HT 85B,word_4,1334,AB04 AB69 [?],,AB04 AB69 [?],AB04 AB69 [?],AB04 AB69 [?],http://sigla.phis.me/document/HT%2085b/index-word.html,sigla_word_seq_pattern | source=SigLA | ingested=2026-02-24T02:56:37Z
OBS_001538,external:sigla,external_csv,HT 85B,word_5,1335,AB13 AB17,,AB13 AB17,AB13 AB17,AB13 AB17,http://sigla.phis.me/document/HT%2085b/index-word.html,sigla_word_seq_pattern | source=SigLA | ingested=2026-02-24T02:56:37Z
OBS_001539,external:sigla,external_csv,HT 85B,word_6,1336,AB27 AB07 AB09,,AB27 AB07 AB09,AB27 AB07 AB09,AB27 AB07 AB09,http://sigla.phis.me/document/HT%2085b/index-word.html,sigla_word_seq_pattern | source=SigLA | ingested=2026-02-24T02:56:37Z
OBS_001540,external:sigla,external_csv,HT 85B,word_7,1337,AB54 AB51 AB30 AB73,,AB54 AB51 AB30 AB73,AB54 AB51 AB30 AB73,AB54 AB51 AB30 AB73,http://sigla.phis.me/document/HT%2085b/index-word.html,sigla_word_seq_pattern | source=SigLA | ingested=2026-02-24T02:56:37Z
OBS_001541,external:sigla,external_csv,HT 85B,word_8,1338,AB80 AB07,,AB80 AB07,AB80 AB07,AB80 AB07,http://sigla.phis.me/document/HT%2085b/index-word.html,sigla_word_seq_pattern | source=SigLA | ingested=2026-02-24T02:56:37Z
OBS_001542,external:sigla,external_csv,HT 85B,word_9,1339,AB16 A310 AB28,,AB16 A310 AB28,AB16 A310 AB28,AB16 A310 AB28,http://sigla.phis.me/document/HT%2085b/index-word.html,sigla_word_seq_pattern | source=SigLA | ingested=2026-02-24T02:56:37Z
OBS_001543,external:youngerarchive,external_csv,HT 86,a.1-2_log,1340,GRA K L2,,GRA K L2,GRA K L2,GRA K L2,https://web.archive.org/web/20190416193018/http://www.people.ku.edu/~jyounger/LinearA/HTtexts.html,younger_table_logogram | source=YoungerArchive | ingested=2026-02-24T02:56:37Z
OBS_001544,external:youngerarchive,external_csv,HT 86,a.1-2_stmt,1341,KU NI SU,,KU NI SU,KU NI SU,KU NI SU,https://web.archive.org/web/20190416193018/http://www.people.ku.edu/~jyounger/LinearA/HTtexts.html,younger_table_statement | source=YoungerArchive | ingested=2026-02-24T02:56:37Z
OBS_001545,external:youngerarchive,external_csv,HT 86,a.1_stmt,1342,A KA RU,,A KA RU,A KA RU,A KA RU,https://web.archive.org/web/20190416193018/http://www.people.ku.edu/~jyounger/LinearA/HTtexts.html,younger_table_statement | source=YoungerArchive | ingested=2026-02-24T02:56:37Z
OBS_001546,external:youngerarchive,external_csv,HT 86,a.2_stmt,1343,SA RU,,SA RU,SA RU,SA RU,https://web.archive.org/web/20190416193018/http://www.people.ku.edu/~jyounger/LinearA/HTtexts.html,younger_table_statement | source=YoungerArchive | ingested=2026-02-24T02:56:37Z
OBS_001547,external:youngerarchive,external_csv,HT 86,a.3_stmt,1344,DI DE RU,,DI DE RU,DI DE RU,DI DE RU,https://web.archive.org/web/20190416193018/http://www.people.ku.edu/~jyounger/LinearA/HTtexts.html,younger_table_statement | source=YoungerArchive | ingested=2026-02-24T02:56:37Z
OBS_001548,external:youngerarchive,external_csv,HT 86,a.3_stmt,1345,QA RA2 WA,,QA RA2 WA,QA RA2 WA,QA RA2 WA,https://web.archive.org/web/20190416193018/http://www.people.ku.edu/~jyounger/LinearA/HTtexts.html,younger_table_statement | source=YoungerArchive | ingested=2026-02-24T02:56:37Z
OBS_001549,external:youngerarchive,external_csv,HT 86,a.4_log,1346,GRA B,,GRA B,GRA B,GRA B,https://web.archive.org/web/20190416193018/http://www.people.ku.edu/~jyounger/LinearA/HTtexts.html,younger_table_logogram | source=YoungerArchive | ingested=2026-02-24T02:56:37Z
OBS_001550,external:youngerarchive,external_csv,HT 86,a.4_stmt,1347,A DU,,A DU,A DU,A DU,https://web.archive.org/web/20190416193018/http://www.people.ku.edu/~jyounger/LinearA/HTtexts.html,younger_table_statement | source=YoungerArchive | ingested=2026-02-24T02:56:37Z
OBS_001551,external:youngerarchive,external_csv,HT 86,a.4_stmt,1348,DA ME,,DA ME,DA ME,DA ME,https://web.archive.org/web/20190416193018/http://www.people.ku.edu/~jyounger/LinearA/HTtexts.html,younger_table_statement | source=YoungerArchive | ingested=2026-02-24T02:56:37Z
OBS_001552,external:youngerarchive,external_csv,HT 86,a.5_stmt,1349,MI NU TE,,MI NU TE,MI NU TE,MI NU TE,https://web.archive.org/web/20190416193018/http://www.people.ku.edu/~jyounger/LinearA/HTtexts.html,younger_table_statement | source=YoungerArchive | ingested=2026-02-24T02:56:37Z
OBS_001553,external:youngerarchive,external_csv,HT 86,b.1-2_log,1350,GRA K L2,,GRA K L2,GRA K L2,GRA K L2,https://web.archive.org/web/20190416193018/http://www.people.ku.edu/~jyounger/LinearA/HTtexts.html,younger_table_logogram | source=YoungerArchive | ingested=2026-02-24T02:56:37Z
OBS_001554,external:youngerarchive,external_csv,HT 86,b.1-2_stmt,1351,[[KU NI SU,,[[KU NI SU,[[KU NI SU,[[KU NI SU,https://web.archive.org/web/20190416193018/http://www.people.ku.edu/~jyounger/LinearA/HTtexts.html,younger_table_statement | source=YoungerArchive | ingested=2026-02-24T02:56:37Z
OBS_001555,external:youngerarchive,external_csv,HT 86,b.1_stmt,1352,[[A KA RU,,[[A KA RU,[[A KA RU,[[A KA RU,https://web.archive.org/web/20190416193018/http://www.people.ku.edu/~jyounger/LinearA/HTtexts.html,younger_table_statement | source=YoungerArchive | ingested=2026-02-24T02:56:37Z
OBS_001556,external:youngerarchive,external_csv,HT 86,b.2_stmt,1353,[[SA RU,,[[SA RU,[[SA RU,[[SA RU,https://web.archive.org/web/20190416193018/http://www.people.ku.edu/~jyounger/LinearA/HTtexts.html,younger_table_statement | source=YoungerArchive | ingested=2026-02-24T02:56:37Z
OBS_001557,external:youngerarchive,external_csv,HT 86,b.3_stmt,1354,[[DI DE]],,[[DI DE]],[[DI DE]],[[DI DE]],https://web.archive.org/web/20190416193018/http://www.people.ku.edu/~jyounger/LinearA/HTtexts.html,younger_table_statement | source=YoungerArchive | ingested=2026-02-24T02:56:37Z
OBS_001558,external:sigla,external_csv,HT 86A,word_1,1355,AB08 AB77 AB26,,AB08 AB77 AB26,AB08 AB77 AB26,AB08 AB77 AB26,http://sigla.phis.me/document/HT%2086a/index-word.html,sigla_word_seq_pattern | source=SigLA | ingested=2026-02-24T02:56:37Z
OBS_001559,external:sigla,external_csv,HT 86A,word_2,1356,AB81 AB30 AB58,,AB81 AB30 AB58,AB81 AB30 AB58,AB81 AB30 AB58,http://sigla.phis.me/document/HT%2086a/index-word.html,sigla_word_seq_pattern | source=SigLA | ingested=2026-02-24T02:56:37Z
OBS_001560,external:sigla,external_csv,HT 86A,word_3,1357,AB31 AB26,,AB31 AB26,AB31 AB26,AB31 AB26,http://sigla.phis.me/document/HT%2086a/index-word.html,sigla_word_seq_pattern | source=SigLA | ingested=2026-02-24T02:56:37Z
OBS_001561,external:sigla,external_csv,HT 86A,word_4,1358,AB07 AB45 AB26,,AB07 AB45 AB26,AB07 AB45 AB26,AB07 AB45 AB26,http://sigla.phis.me/document/HT%2086a/index-word.html,sigla_word_seq_pattern | source=SigLA | ingested=2026-02-24T02:56:37Z
OBS_001562,external:sigla,external_csv,HT 86A,word_5,1359,AB16 AB76 AB54,,AB16 AB76 AB54,AB16 AB76 AB54,AB16 AB76 AB54,http://sigla.phis.me/document/HT%2086a/index-word.html,sigla_word_seq_pattern | source=SigLA | ingested=2026-02-24T02:56:37Z
OBS_001563,external:sigla,external_csv,HT 86A,word_6,1360,AB08 AB51,,AB08 AB51,AB08 AB51,AB08 AB51,http://sigla.phis.me/document/HT%2086a/index-word.html,sigla_word_seq_pattern | source=SigLA | ingested=2026-02-24T02:56:37Z
OBS_001564,external:sigla,external_csv,HT 86A,word_7,1361,AB01 AB13,,AB01 AB13,AB01 AB13,AB01 AB13,http://sigla.phis.me/document/HT%2086a/index-word.html,sigla_word_seq_pattern | source=SigLA | ingested=2026-02-24T02:56:37Z
OBS_001565,external:sigla,external_csv,HT 86A,word_8,1362,AB73 AB55 AB04,,AB73 AB55 AB04,AB73 AB55 AB04,AB73 AB55 AB04,http://sigla.phis.me/document/HT%2086a/index-word.html,sigla_word_seq_pattern | source=SigLA | ingested=2026-02-24T02:56:37Z
OBS_001566,external:sigla,external_csv,HT 86B,word_1,1363,AB08 AB77 AB26,,AB08 AB77 AB26,AB08 AB77 AB26,AB08 AB77 AB26,http://sigla.phis.me/document/HT%2086b/index-word.html,sigla_word_seq_pattern | source=SigLA | ingested=2026-02-24T02:56:37Z
OBS_001567,external:sigla,external_csv,HT 86B,word_2,1364,AB81 AB30 AB58,,AB81 AB30 AB58,AB81 AB30 AB58,AB81 AB30 AB58,http://sigla.phis.me/document/HT%2086b/index-word.html,sigla_word_seq_pattern | source=SigLA | ingested=2026-02-24T02:56:37Z
OBS_001568,external:sigla,external_csv,HT 86B,word_3,1365,AB31 AB26,,AB31 AB26,AB31 AB26,AB31 AB26,http://sigla.phis.me/document/HT%2086b/index-word.html,sigla_word_seq_pattern | source=SigLA | ingested=2026-02-24T02:56:37Z
OBS_001569,external:sigla,external_csv,HT 86B,word_4,1366,AB07 AB45,,AB07 AB45,AB07 AB45,AB07 AB45,http://sigla.phis.me/document/HT%2086b/index-word.html,sigla_word_seq_pattern | source=SigLA | ingested=2026-02-24T02:56:37Z
OBS_001570,external:youngerarchive,external_csv,HT 87,.1-2_stmt,1367,QIF TU NE MA KA RI TE,,QIF TU NE MA KA RI TE,QIF TU NE MA KA RI TE,QIF TU NE MA KA RI TE,https://web.archive.org/web/20190416193018/http://www.people.ku.edu/~jyounger/LinearA/HTtexts.html,younger_table_statement | source=YoungerArchive | ingested=2026-02-24T02:56:37Z
OBS_001571,external:youngerarchive,external_csv,HT 87,.2_stmt,1368,PI TA KE SI,,PI TA KE SI,PI TA KE SI,PI TA KE SI,https://web.archive.org/web/20190416193018/http://www.people.ku.edu/~jyounger/LinearA/HTtexts.html,younger_table_statement | source=YoungerArchive | ingested=2026-02-24T02:56:37Z
OBS_001572,external:youngerarchive,external_csv,HT 87,.3_stmt,1369,DI KI SE,,DI KI SE,DI KI SE,DI KI SE,https://web.archive.org/web/20190416193018/http://www.people.ku.edu/~jyounger/LinearA/HTtexts.html,younger_table_statement | source=YoungerArchive | ingested=2026-02-24T02:56:37Z
OBS_001573,external:youngerarchive,external_csv,HT 87,.3_stmt,1370,JA RE MI,,JA RE MI,JA RE MI,JA RE MI,https://web.archive.org/web/20190416193018/http://www.people.ku.edu/~jyounger/LinearA/HTtexts.html,younger_table_statement | source=YoungerArchive | ingested=2026-02-24T02:56:37Z
OBS_001574,external:youngerarchive,external_csv,HT 87,.4_stmt,1371,KU RU KU,,KU RU KU,KU RU KU,KU RU KU,https://web.archive.org/web/20190416193018/http://www.people.ku.edu/~jyounger/LinearA/HTtexts.html,younger_table_statement | source=YoungerArchive | ingested=2026-02-24T02:56:37Z
OBS_001575,external:youngerarchive,external_csv,HT 87,.4_stmt,1372,QE SU PU,,QE SU PU,QE SU PU,QE SU PU,https://web.archive.org/web/20190416193018/http://www.people.ku.edu/~jyounger/LinearA/HTtexts.html,younger_table_statement | source=YoungerArchive | ingested=2026-02-24T02:56:37Z
OBS_001576,external:youngerarchive,external_csv,HT 87,.5_stmt,1373,A RA A TU,,A RA A TU,A RA A TU,A RA A TU,https://web.archive.org/web/20190416193018/http://www.people.ku.edu/~jyounger/LinearA/HTtexts.html,younger_table_statement | source=YoungerArchive | ingested=2026-02-24T02:56:37Z
OBS_001577,external:sigla,external_csv,HT 87,word_1,1374,AB21F AB69 AB24,,AB21F AB69 AB24,AB21F AB69 AB24,AB21F AB69 AB24,http://sigla.phis.me/document/HT%2087/index-word.html,sigla_word_seq_pattern | source=SigLA | ingested=2026-02-24T02:56:37Z
OBS_001578,external:sigla,external_csv,HT 87,word_2,1375,AB80 AB77 AB53 AB04,,AB80 AB77 AB53 AB04,AB80 AB77 AB53 AB04,AB80 AB77 AB53 AB04,http://sigla.phis.me/document/HT%2087/index-word.html,sigla_word_seq_pattern | source=SigLA | ingested=2026-02-24T02:56:37Z
OBS_001579,external:sigla,external_csv,HT 87,word_3,1376,AB39 AB59 AB44 AB41,,AB39 AB59 AB44 AB41,AB39 AB59 AB44 AB41,AB39 AB59 AB44 AB41,http://sigla.phis.me/document/HT%2087/index-word.html,sigla_word_seq_pattern | source=SigLA | ingested=2026-02-24T02:56:37Z
OBS_001580,external:sigla,external_csv,HT 87,word_4,1377,AB57 AB27 AB73,,AB57 AB27 AB73,AB57 AB27 AB73,AB57 AB27 AB73,http://sigla.phis.me/document/HT%2087/index-word.html,sigla_word_seq_pattern | source=SigLA | ingested=2026-02-24T02:56:37Z
OBS_001581,external:sigla,external_csv,HT 87,word_5,1378,AB07 AB67 AB09,,AB07 AB67 AB09,AB07 AB67 AB09,AB07 AB67 AB09,http://sigla.phis.me/document/HT%2087/index-word.html,sigla_word_seq_pattern | source=SigLA | ingested=2026-02-24T02:56:37Z
OBS_001582,external:sigla,external_csv,HT 87,word_6,1379,AB78 AB58 AB50,,AB78 AB58 AB50,AB78 AB58 AB50,AB78 AB58 AB50,http://sigla.phis.me/document/HT%2087/index-word.html,sigla_word_seq_pattern | source=SigLA | ingested=2026-02-24T02:56:37Z
OBS_001583,external:sigla,external_csv,HT 87,word_7,1380,AB81 AB26 AB81,,AB81 AB26 AB81,AB81 AB26 AB81,AB81 AB26 AB81,http://sigla.phis.me/document/HT%2087/index-word.html,sigla_word_seq_pattern | source=SigLA | ingested=2026-02-24T02:56:37Z
OBS_001584,external:sigla,external_csv,HT 87,word_8,1381,AB08 AB60 [?] AB08 AB69,,AB08 AB60 [?] AB08 AB69,AB08 AB60 [?] AB08 AB69,AB08 AB60 [?] AB08 AB69,http://sigla.phis.me/document/HT%2087/index-word.html,sigla_word_seq_pattern | source=SigLA | ingested=2026-02-24T02:56:37Z
OBS_001585,external:youngerarchive,external_csv,HT 88,.1-2_stmt,1382,RE ZA,,RE ZA,RE ZA,RE ZA,https://web.archive.org/web/20190416193018/http://www.people.ku.edu/~jyounger/LinearA/HTtexts.html,younger_table_statement | source=YoungerArchive | ingested=2026-02-24T02:56:37Z
OBS_001586,external:youngerarchive,external_csv,HT 88,.1_log,1383,VIR KA,,VIR KA,VIR KA,VIR KA,https://web.archive.org/web/20190416193018/http://www.people.ku.edu/~jyounger/LinearA/HTtexts.html,younger_table_logogram | source=YoungerArchive | ingested=2026-02-24T02:56:37Z
OBS_001587,external:youngerarchive,external_csv,HT 88,.1_stmt,1384,A DU,,A DU,A DU,A DU,https://web.archive.org/web/20190416193018/http://www.people.ku.edu/~jyounger/LinearA/HTtexts.html,younger_table_statement | source=YoungerArchive | ingested=2026-02-24T02:56:37Z
OBS_001588,external:youngerarchive,external_csv,HT 88,.2_log,1385,FIC KI KI NA,,FIC KI KI NA,FIC KI KI NA,FIC KI KI NA,https://web.archive.org/web/20190416193018/http://www.people.ku.edu/~jyounger/LinearA/HTtexts.html,younger_table_logogram | source=YoungerArchive | ingested=2026-02-24T02:56:37Z
OBS_001589,external:youngerarchive,external_csv,HT 88,.4_stmt,1386,KA JU,,KA JU,KA JU,KA JU,https://web.archive.org/web/20190416193018/http://www.people.ku.edu/~jyounger/LinearA/HTtexts.html,younger_table_statement | source=YoungerArchive | ingested=2026-02-24T02:56:37Z
OBS_001590,external:youngerarchive,external_csv,HT 88,.4_stmt,1387,KI RO,,KI RO,KI RO,KI RO,https://web.archive.org/web/20190416193018/http://www.people.ku.edu/~jyounger/LinearA/HTtexts.html,younger_table_statement | source=YoungerArchive | ingested=2026-02-24T02:56:37Z
OBS_001591,external:youngerarchive,external_csv,HT 88,.4_stmt,1388,KU PA3 PA3,,KU PA3 PA3,KU PA3 PA3,KU PA3 PA3,https://web.archive.org/web/20190416193018/http://www.people.ku.edu/~jyounger/LinearA/HTtexts.html,younger_table_statement | source=YoungerArchive | ingested=2026-02-24T02:56:37Z
OBS_001592,external:youngerarchive,external_csv,HT 88,.5-6_stmt,1389,SA MA RO,,SA MA RO,SA MA RO,SA MA RO,https://web.archive.org/web/20190416193018/http://www.people.ku.edu/~jyounger/LinearA/HTtexts.html,younger_table_statement | source=YoungerArchive | ingested=2026-02-24T02:56:37Z
OBS_001593,external:youngerarchive,external_csv,HT 88,.5_stmt,1390,KU PA3 NU,,KU PA3 NU,KU PA3 NU,KU PA3 NU,https://web.archive.org/web/20190416193018/http://www.people.ku.edu/~jyounger/LinearA/HTtexts.html,younger_table_statement | source=YoungerArchive | ingested=2026-02-24T02:56:37Z
OBS_001594,external:youngerarchive,external_csv,HT 88,.5_stmt,1391,PA JA RE,,PA JA RE,PA JA RE,PA JA RE,https://web.archive.org/web/20190416193018/http://www.people.ku.edu/~jyounger/LinearA/HTtexts.html,younger_table_statement | source=YoungerArchive | ingested=2026-02-24T02:56:37Z
OBS_001595,external:youngerarchive,external_csv,HT 88,.6_stmt,1392,DA TA RE,,DA TA RE,DA TA RE,DA TA RE,https://web.archive.org/web/20190416193018/http://www.people.ku.edu/~jyounger/LinearA/HTtexts.html,younger_table_statement | source=YoungerArchive | ingested=2026-02-24T02:56:37Z
OBS_001596,external:youngerarchive,external_csv,HT 88,.6_stmt,1393,KU RO,,KU RO,KU RO,KU RO,https://web.archive.org/web/20190416193018/http://www.people.ku.edu/~jyounger/LinearA/HTtexts.html,younger_table_statement | source=YoungerArchive | ingested=2026-02-24T02:56:37Z
OBS_001597,external:sigla,external_csv,HT 88,word_1,1394,AB08 AB51,,AB08 AB51,AB08 AB51,AB08 AB51,http://sigla.phis.me/document/HT%2088/index-word.html,sigla_word_seq_pattern | source=SigLA | ingested=2026-02-24T02:56:37Z
OBS_001598,external:sigla,external_csv,HT 88,word_10,1395,AB01 AB59 AB27,,AB01 AB59 AB27,AB01 AB59 AB27,AB01 AB59 AB27,http://sigla.phis.me/document/HT%2088/index-word.html,sigla_word_seq_pattern | source=SigLA | ingested=2026-02-24T02:56:37Z
OBS_001599,external:sigla,external_csv,HT 88,word_11,1396,AB81 AB02,,AB81 AB02,AB81 AB02,AB81 AB02,http://sigla.phis.me/document/HT%2088/index-word.html,sigla_word_seq_pattern | source=SigLA | ingested=2026-02-24T02:56:37Z
OBS_001600,external:sigla,external_csv,HT 88,word_2,1397,AB27 AB17,,AB27 AB17,AB27 AB17,AB27 AB17,http://sigla.phis.me/document/HT%2088/index-word.html,sigla_word_seq_pattern | source=SigLA | ingested=2026-02-24T02:56:37Z
OBS_001601,external:sigla,external_csv,HT 88,word_3,1398,AB67 AB67 AB06,,AB67 AB67 AB06,AB67 AB67 AB06,AB67 AB67 AB06,http://sigla.phis.me/document/HT%2088/index-word.html,sigla_word_seq_pattern | source=SigLA | ingested=2026-02-24T02:56:37Z
OBS_001602,external:sigla,external_csv,HT 88,word_4,1399,AB67 AB02,,AB67 AB02,AB67 AB02,AB67 AB02,http://sigla.phis.me/document/HT%2088/index-word.html,sigla_word_seq_pattern | source=SigLA | ingested=2026-02-24T02:56:37Z
OBS_001603,external:sigla,external_csv,HT 88,word_5,1400,AB81 AB56 AB56,,AB81 AB56 AB56,AB81 AB56 AB56,AB81 AB56 AB56,http://sigla.phis.me/document/HT%2088/index-word.html,sigla_word_seq_pattern | source=SigLA | ingested=2026-02-24T02:56:37Z
OBS_001604,external:sigla,external_csv,HT 88,word_6,1401,AB77 AB65,,AB77 AB65,AB77 AB65,AB77 AB65,http://sigla.phis.me/document/HT%2088/index-word.html,sigla_word_seq_pattern | source=SigLA | ingested=2026-02-24T02:56:37Z
OBS_001605,external:sigla,external_csv,HT 88,word_7,1402,AB81 AB56 AB55,,AB81 AB56 AB55,AB81 AB56 AB55,AB81 AB56 AB55,http://sigla.phis.me/document/HT%2088/index-word.html,sigla_word_seq_pattern | source=SigLA | ingested=2026-02-24T02:56:37Z
OBS_001606,external:sigla,external_csv,HT 88,word_8,1403,AB03 AB57 AB27,,AB03 AB57 AB27,AB03 AB57 AB27,AB03 AB57 AB27,http://sigla.phis.me/document/HT%2088/index-word.html,sigla_word_seq_pattern | source=SigLA | ingested=2026-02-24T02:56:37Z
OBS_001607,external:sigla,external_csv,HT 88,word_9,1404,AB31 AB80 AB02,,AB31 AB80 AB02,AB31 AB80 AB02,AB31 AB80 AB02,http://sigla.phis.me/document/HT%2088/index-word.html,sigla_word_seq_pattern | source=SigLA | ingested=2026-02-24T02:56:37Z
OBS_001608,external:youngerarchive,external_csv,HT 89,*307 *305 23_log,1405,CA 10TH UNIT TO EACH,,CA 10TH UNIT TO EACH,CA 10TH UNIT TO EACH,CA 10TH UNIT TO EACH,https://web.archive.org/web/20190416193018/http://www.people.ku.edu/~jyounger/LinearA/HTtexts.html,younger_table_logogram | source=YoungerArchive | ingested=2026-02-24T02:56:37Z
OBS_001609,external:youngerarchive,external_csv,HT 89,*307 *305_stmt,1406,JU QE,,JU QE,JU QE,JU QE,https://web.archive.org/web/20190416193018/http://www.people.ku.edu/~jyounger/LinearA/HTtexts.html,younger_table_statement | source=YoungerArchive | ingested=2026-02-24T02:56:37Z
OBS_001610,external:youngerarchive,external_csv,HT 89,.1_stmt,1407,A SA RA2,,A SA RA2,A SA RA2,A SA RA2,https://web.archive.org/web/20190416193018/http://www.people.ku.edu/~jyounger/LinearA/HTtexts.html,younger_table_statement | source=YoungerArchive | ingested=2026-02-24T02:56:37Z
OBS_001611,external:youngerarchive,external_csv,HT 89,.2_log,1408,JU QE,,JU QE,JU QE,JU QE,https://web.archive.org/web/20190416193018/http://www.people.ku.edu/~jyounger/LinearA/HTtexts.html,younger_table_logogram | source=YoungerArchive | ingested=2026-02-24T02:56:37Z
OBS_001612,external:youngerarchive,external_csv,HT 89,.2_stmt,1409,MA I MI,,MA I MI,MA I MI,MA I MI,https://web.archive.org/web/20190416193018/http://www.people.ku.edu/~jyounger/LinearA/HTtexts.html,younger_table_statement | source=YoungerArchive | ingested=2026-02-24T02:56:37Z
OBS_001613,external:youngerarchive,external_csv,HT 89,.3_log,1410,VIR *313A,,VIR *313A,VIR *313A,VIR *313A,https://web.archive.org/web/20190416193018/http://www.people.ku.edu/~jyounger/LinearA/HTtexts.html,younger_table_logogram | source=YoungerArchive | ingested=2026-02-24T02:56:37Z
OBS_001614,external:youngerarchive,external_csv,HT 89,.3_stmt,1411,TA RA,,TA RA,TA RA,TA RA,https://web.archive.org/web/20190416193018/http://www.people.ku.edu/~jyounger/LinearA/HTtexts.html,younger_table_statement | source=YoungerArchive | ingested=2026-02-24T02:56:37Z
OBS_001615,external:youngerarchive,external_csv,HT 89,.4_stmt,1412,KU RO,,KU RO,KU RO,KU RO,https://web.archive.org/web/20190416193018/http://www.people.ku.edu/~jyounger/LinearA/HTtexts.html,younger_table_statement | source=YoungerArchive | ingested=2026-02-24T02:56:37Z
OBS_001616,external:youngerarchive,external_csv,HT 89,.5_log,1413,FIC,,FIC,FIC,FIC,https://web.archive.org/web/20190416193018/http://www.people.ku.edu/~jyounger/LinearA/HTtexts.html,younger_table_logogram | source=YoungerArchive | ingested=2026-02-24T02:56:37Z
OBS_001617,external:youngerarchive,external_csv,HT 89,.5_log,1414,VINA,,VINA,VINA,VINA,https://web.archive.org/web/20190416193018/http://www.people.ku.edu/~jyounger/LinearA/HTtexts.html,younger_table_logogram | source=YoungerArchive | ingested=2026-02-24T02:56:37Z
OBS_001618,external:youngerarchive,external_csv,HT 89,Asara2 23_stmt,1415,ASARA2,,ASARA2,ASARA2,ASARA2,https://web.archive.org/web/20190416193018/http://www.people.ku.edu/~jyounger/LinearA/HTtexts.html,younger_table_statement | source=YoungerArchive | ingested=2026-02-24T02:56:37Z
OBS_001619,external:youngerarchive,external_csv,HT 89,JU+*317-QE 46_log,1416,CA 20TH UNIT FIGS TO EACH CF HT WHERE THE RATIO FIC VIR KA IS TIMES THIS AMOUNT IF JU QE ARE PEOPLE MIGHT THEY BE CHILDREN?,,CA 20TH UNIT FIGS TO EACH CF HT WHERE THE RATIO FIC VIR KA IS TIMES THIS AMOUNT IF JU QE ARE PEOPLE MIGHT THEY BE CHILDREN?,CA 20TH UNIT FIGS TO EACH CF HT WHERE THE RATIO FIC VIR KA IS TIMES THIS AMOUNT IF JU QE ARE PEOPLE MIGHT THEY BE CHILDREN?,CA 20TH UNIT FIGS TO EACH CF HT WHERE THE RATIO FIC VIR KA IS TIMES THIS AMOUNT IF JU QE ARE PEOPLE MIGHT THEY BE CHILDREN?,https://web.archive.org/web/20190416193018/http://www.people.ku.edu/~jyounger/LinearA/HTtexts.html,younger_table_logogram | source=YoungerArchive | ingested=2026-02-24T02:56:37Z
OBS_001620,external:youngerarchive,external_csv,HT 89,JU+*317-QE 46_stmt,1417,FIC E,,FIC E,FIC E,FIC E,https://web.archive.org/web/20190416193018/http://www.people.ku.edu/~jyounger/LinearA/HTtexts.html,younger_table_statement | source=YoungerArchive | ingested=2026-02-24T02:56:37Z
OBS_001621,external:youngerarchive,external_csv,HT 89,VIR+*313 18_log,1418,3RD UNIT WINE TO EACH,,3RD UNIT WINE TO EACH,3RD UNIT WINE TO EACH,3RD UNIT WINE TO EACH,https://web.archive.org/web/20190416193018/http://www.people.ku.edu/~jyounger/LinearA/HTtexts.html,younger_table_logogram | source=YoungerArchive | ingested=2026-02-24T02:56:37Z
OBS_001622,external:youngerarchive,external_csv,HT 89,table2_row3_log,1419,MAIMI,,MAIMI,MAIMI,MAIMI,https://web.archive.org/web/20190416193018/http://www.people.ku.edu/~jyounger/LinearA/HTtexts.html,younger_table_logogram | source=YoungerArchive | ingested=2026-02-24T02:56:37Z
OBS_001623,external:youngerarchive,external_csv,HT 89,table2_row3_stmt,1420,MAIMI,,MAIMI,MAIMI,MAIMI,https://web.archive.org/web/20190416193018/http://www.people.ku.edu/~jyounger/LinearA/HTtexts.html,younger_table_statement | source=YoungerArchive | ingested=2026-02-24T02:56:37Z
OBS_001624,external:youngerarchive,external_csv,HT 89,table2_row4_log,1421,TARA,,TARA,TARA,TARA,https://web.archive.org/web/20190416193018/http://www.people.ku.edu/~jyounger/LinearA/HTtexts.html,younger_table_logogram | source=YoungerArchive | ingested=2026-02-24T02:56:37Z
OBS_001625,external:sigla,external_csv,HT 89,word_1,1422,AB08 AB31 AB76,,AB08 AB31 AB76,AB08 AB31 AB76,AB08 AB31 AB76,http://sigla.phis.me/document/HT%2089/index-word.html,sigla_word_seq_pattern | source=SigLA | ingested=2026-02-24T02:56:37Z
OBS_001626,external:sigla,external_csv,HT 89,word_2,1423,AB80 AB28 AB73,,AB80 AB28 AB73,AB80 AB28 AB73,AB80 AB28 AB73,http://sigla.phis.me/document/HT%2089/index-word.html,sigla_word_seq_pattern | source=SigLA | ingested=2026-02-24T02:56:37Z
OBS_001627,external:sigla,external_csv,HT 89,word_3,1424,AB59 AB60,,AB59 AB60,AB59 AB60,AB59 AB60,http://sigla.phis.me/document/HT%2089/index-word.html,sigla_word_seq_pattern | source=SigLA | ingested=2026-02-24T02:56:37Z
OBS_001628,external:sigla,external_csv,HT 89,word_4,1425,AB81 AB02,,AB81 AB02,AB81 AB02,AB81 AB02,http://sigla.phis.me/document/HT%2089/index-word.html,sigla_word_seq_pattern | source=SigLA | ingested=2026-02-24T02:56:37Z
OBS_001629,external:sigla,external_csv,HT 89,word_5,1426,AB131A,,AB131A,AB131A,AB131A,http://sigla.phis.me/document/HT%2089/index-word.html,sigla_word_seq_pattern | source=SigLA | ingested=2026-02-24T02:56:37Z
OBS_001630,external:sigla,external_csv,HT 8A,word_1,1427,AB46 AB07,,AB46 AB07,AB46 AB07,AB46 AB07,http://sigla.phis.me/document/HT%208a/index-word.html,sigla_word_seq_pattern | source=SigLA | ingested=2026-02-24T02:56:37Z
OBS_001631,external:sigla,external_csv,HT 8A,word_2,1428,AB56 AB77 AB60 AB37,,AB56 AB77 AB60 AB37,AB56 AB77 AB60 AB37,AB56 AB77 AB60 AB37,http://sigla.phis.me/document/HT%208a/index-word.html,sigla_word_seq_pattern | source=SigLA | ingested=2026-02-24T02:56:37Z
OBS_001632,external:sigla,external_csv,HT 8A,word_3,1429,AB04 A301,,AB04 A301,AB04 A301,AB04 A301,http://sigla.phis.me/document/HT%208a/index-word.html,sigla_word_seq_pattern | source=SigLA | ingested=2026-02-24T02:56:37Z
OBS_001633,external:sigla,external_csv,HT 8A,word_4,1430,AB16 A310 AB28,,AB16 A310 AB28,AB16 A310 AB28,AB16 A310 AB28,http://sigla.phis.me/document/HT%208a/index-word.html,sigla_word_seq_pattern | source=SigLA | ingested=2026-02-24T02:56:37Z
OBS_001634,external:sigla,external_csv,HT 8A,word_5,1431,AB41 AB67 AB60,,AB41 AB67 AB60,AB41 AB67 AB60,AB41 AB67 AB60,http://sigla.phis.me/document/HT%208a/index-word.html,sigla_word_seq_pattern | source=SigLA | ingested=2026-02-24T02:56:37Z
OBS_001635,external:sigla,external_csv,HT 8A,word_6,1432,AB67 AB27 AB59 AB06,,AB67 AB27 AB59 AB06,AB67 AB27 AB59 AB06,AB67 AB27 AB59 AB06,http://sigla.phis.me/document/HT%208a/index-word.html,sigla_word_seq_pattern | source=SigLA | ingested=2026-02-24T02:56:37Z
OBS_001636,external:sigla,external_csv,HT 8B,word_1,1433,AB58 AB29 AB188,,AB58 AB29 AB188,AB58 AB29 AB188,AB58 AB29 AB188,http://sigla.phis.me/document/HT%208b/index-word.html,sigla_word_seq_pattern | source=SigLA | ingested=2026-02-24T02:56:37Z
OBS_001637,external:sigla,external_csv,HT 8B,word_2,1434,AB56 AB188,,AB56 AB188,AB56 AB188,AB56 AB188,http://sigla.phis.me/document/HT%208b/index-word.html,sigla_word_seq_pattern | source=SigLA | ingested=2026-02-24T02:56:37Z
OBS_001638,external:sigla,external_csv,HT 8B,word_3,1435,AB16 A310 AB28,,AB16 A310 AB28,AB16 A310 AB28,AB16 A310 AB28,http://sigla.phis.me/document/HT%208b/index-word.html,sigla_word_seq_pattern | source=SigLA | ingested=2026-02-24T02:56:37Z
OBS_001639,external:sigla,external_csv,HT 8B,word_4,1436,AB77 AB03,,AB77 AB03,AB77 AB03,AB77 AB03,http://sigla.phis.me/document/HT%208b/index-word.html,sigla_word_seq_pattern | source=SigLA | ingested=2026-02-24T02:56:37Z
OBS_001640,external:sigla,external_csv,HT 8B,word_5,1437,AB03 AB57 AB27,,AB03 AB57 AB27,AB03 AB57 AB27,AB03 AB57 AB27,http://sigla.phis.me/document/HT%208b/index-word.html,sigla_word_seq_pattern | source=SigLA | ingested=2026-02-24T02:56:37Z
OBS_001641,external:youngerarchive,external_csv,HT 9,a.1_log,1438,TE VINA,,TE VINA,TE VINA,TE VINA,https://web.archive.org/web/20190416193018/http://www.people.ku.edu/~jyounger/LinearA/HTtexts.html,younger_table_logogram | source=YoungerArchive | ingested=2026-02-24T02:56:37Z
OBS_001642,external:youngerarchive,external_csv,HT 9,a.1_stmt,1439,SA RO,,SA RO,SA RO,SA RO,https://web.archive.org/web/20190416193018/http://www.people.ku.edu/~jyounger/LinearA/HTtexts.html,younger_table_statement | source=YoungerArchive | ingested=2026-02-24T02:56:37Z
OBS_001643,external:youngerarchive,external_csv,HT 9,a.2_stmt,1440,PA DE,,PA DE,PA DE,PA DE,https://web.archive.org/web/20190416193018/http://www.people.ku.edu/~jyounger/LinearA/HTtexts.html,younger_table_statement | source=YoungerArchive | ingested=2026-02-24T02:56:37Z
OBS_001644,external:youngerarchive,external_csv,HT 9,a.3-4_stmt,1441,QE PU,,QE PU,QE PU,QE PU,https://web.archive.org/web/20190416193018/http://www.people.ku.edu/~jyounger/LinearA/HTtexts.html,younger_table_statement | source=YoungerArchive | ingested=2026-02-24T02:56:37Z
OBS_001645,external:youngerarchive,external_csv,HT 9,a.3_stmt,1442,DI NA U,,DI NA U,DI NA U,DI NA U,https://web.archive.org/web/20190416193018/http://www.people.ku.edu/~jyounger/LinearA/HTtexts.html,younger_table_statement | source=YoungerArchive | ingested=2026-02-24T02:56:37Z
OBS_001646,external:youngerarchive,external_csv,HT 9,a.4-5_stmt,1443,TA I,,TA I,TA I,TA I,https://web.archive.org/web/20190416193018/http://www.people.ku.edu/~jyounger/LinearA/HTtexts.html,younger_table_statement | source=YoungerArchive | ingested=2026-02-24T02:56:37Z
OBS_001647,external:youngerarchive,external_csv,HT 9,a.4_stmt,1444,DI RA,,DI RA,DI RA,DI RA,https://web.archive.org/web/20190416193018/http://www.people.ku.edu/~jyounger/LinearA/HTtexts.html,younger_table_statement | source=YoungerArchive | ingested=2026-02-24T02:56:37Z
OBS_001648,external:youngerarchive,external_csv,HT 9,a.5-6_stmt,1445,A RU,,A RU,A RU,A RU,https://web.archive.org/web/20190416193018/http://www.people.ku.edu/~jyounger/LinearA/HTtexts.html,younger_table_statement | source=YoungerArchive | ingested=2026-02-24T02:56:37Z
OBS_001649,external:youngerarchive,external_csv,HT 9,a.6_stmt,1446,KU RO,,KU RO,KU RO,KU RO,https://web.archive.org/web/20190416193018/http://www.people.ku.edu/~jyounger/LinearA/HTtexts.html,younger_table_statement | source=YoungerArchive | ingested=2026-02-24T02:56:37Z
OBS_001650,external:youngerarchive,external_csv,HT 9,b.1_log,1447,PA3,,PA3,PA3,PA3,https://web.archive.org/web/20190416193018/http://www.people.ku.edu/~jyounger/LinearA/HTtexts.html,younger_table_logogram | source=YoungerArchive | ingested=2026-02-24T02:56:37Z
OBS_001651,external:youngerarchive,external_csv,HT 9,b.1_stmt,1448,WA JA PI,,WA JA PI,WA JA PI,WA JA PI,https://web.archive.org/web/20190416193018/http://www.people.ku.edu/~jyounger/LinearA/HTtexts.html,younger_table_statement | source=YoungerArchive | ingested=2026-02-24T02:56:37Z
OBS_001652,external:youngerarchive,external_csv,HT 9,b.2-3_stmt,1449,A SI,,A SI,A SI,A SI,https://web.archive.org/web/20190416193018/http://www.people.ku.edu/~jyounger/LinearA/HTtexts.html,younger_table_statement | source=YoungerArchive | ingested=2026-02-24T02:56:37Z
OBS_001653,external:youngerarchive,external_csv,HT 9,b.2_stmt,1450,PA DE,,PA DE,PA DE,PA DE,https://web.archive.org/web/20190416193018/http://www.people.ku.edu/~jyounger/LinearA/HTtexts.html,younger_table_statement | source=YoungerArchive | ingested=2026-02-24T02:56:37Z
OBS_001654,external:youngerarchive,external_csv,HT 9,b.3_stmt,1451,DI RA,,DI RA,DI RA,DI RA,https://web.archive.org/web/20190416193018/http://www.people.ku.edu/~jyounger/LinearA/HTtexts.html,younger_table_statement | source=YoungerArchive | ingested=2026-02-24T02:56:37Z
OBS_001655,external:youngerarchive,external_csv,HT 9,b.4_stmt,1452,QE PU,,QE PU,QE PU,QE PU,https://web.archive.org/web/20190416193018/http://www.people.ku.edu/~jyounger/LinearA/HTtexts.html,younger_table_statement | source=YoungerArchive | ingested=2026-02-24T02:56:37Z
OBS_001656,external:youngerarchive,external_csv,HT 9,b.4_stmt,1453,TA I,,TA I,TA I,TA I,https://web.archive.org/web/20190416193018/http://www.people.ku.edu/~jyounger/LinearA/HTtexts.html,younger_table_statement | source=YoungerArchive | ingested=2026-02-24T02:56:37Z
OBS_001657,external:youngerarchive,external_csv,HT 9,b.5_stmt,1454,DI NA U,,DI NA U,DI NA U,DI NA U,https://web.archive.org/web/20190416193018/http://www.people.ku.edu/~jyounger/LinearA/HTtexts.html,younger_table_statement | source=YoungerArchive | ingested=2026-02-24T02:56:37Z
OBS_001658,external:youngerarchive,external_csv,HT 9,b.6_stmt,1455,KU RO,,KU RO,KU RO,KU RO,https://web.archive.org/web/20190416193018/http://www.people.ku.edu/~jyounger/LinearA/HTtexts.html,younger_table_statement | source=YoungerArchive | ingested=2026-02-24T02:56:37Z
OBS_001659,external:youngerarchive,external_csv,HT 90,.1-2_log,1456,GRA,,GRA,GRA,GRA,https://web.archive.org/web/20190416193018/http://www.people.ku.edu/~jyounger/LinearA/HTtexts.html,younger_table_logogram | source=YoungerArchive | ingested=2026-02-24T02:56:37Z
OBS_001660,external:youngerarchive,external_csv,HT 90,.1-2_stmt,1457,SA RA2,,SA RA2,SA RA2,SA RA2,https://web.archive.org/web/20190416193018/http://www.people.ku.edu/~jyounger/LinearA/HTtexts.html,younger_table_statement | source=YoungerArchive | ingested=2026-02-24T02:56:37Z
OBS_001661,external:youngerarchive,external_csv,HT 90,.1_stmt,1458,I KU RI NA,,I KU RI NA,I KU RI NA,I KU RI NA,https://web.archive.org/web/20190416193018/http://www.people.ku.edu/~jyounger/LinearA/HTtexts.html,younger_table_statement | source=YoungerArchive | ingested=2026-02-24T02:56:37Z
OBS_001662,external:youngerarchive,external_csv,HT 90,.2-3_log,1459,GRA,,GRA,GRA,GRA,https://web.archive.org/web/20190416193018/http://www.people.ku.edu/~jyounger/LinearA/HTtexts.html,younger_table_logogram | source=YoungerArchive | ingested=2026-02-24T02:56:37Z
OBS_001663,external:youngerarchive,external_csv,HT 90,.2-3_stmt,1460,SI RU MA RI TA2,,SI RU MA RI TA2,SI RU MA RI TA2,SI RU MA RI TA2,https://web.archive.org/web/20190416193018/http://www.people.ku.edu/~jyounger/LinearA/HTtexts.html,younger_table_statement | source=YoungerArchive | ingested=2026-02-24T02:56:37Z
OBS_001664,external:youngerarchive,external_csv,HT 90,.2_log,1461,FIC,,FIC,FIC,FIC,https://web.archive.org/web/20190416193018/http://www.people.ku.edu/~jyounger/LinearA/HTtexts.html,younger_table_logogram | source=YoungerArchive | ingested=2026-02-24T02:56:37Z
OBS_001665,external:youngerarchive,external_csv,HT 90,.2_log,1462,OLE DI,,OLE DI,OLE DI,OLE DI,https://web.archive.org/web/20190416193018/http://www.people.ku.edu/~jyounger/LinearA/HTtexts.html,younger_table_logogram | source=YoungerArchive | ingested=2026-02-24T02:56:37Z
OBS_001666,external:youngerarchive,external_csv,HT 90,.3-4_log,1463,FIC,,FIC,FIC,FIC,https://web.archive.org/web/20190416193018/http://www.people.ku.edu/~jyounger/LinearA/HTtexts.html,younger_table_logogram | source=YoungerArchive | ingested=2026-02-24T02:56:37Z
OBS_001667,external:youngerarchive,external_csv,HT 90,.4_log,1464,OLE MI,,OLE MI,OLE MI,OLE MI,https://web.archive.org/web/20190416193018/http://www.people.ku.edu/~jyounger/LinearA/HTtexts.html,younger_table_logogram | source=YoungerArchive | ingested=2026-02-24T02:56:37Z
OBS_001668,external:sigla,external_csv,HT 90,word_1,1465,AB28 AB81 AB53 AB06,,AB28 AB81 AB53 AB06,AB28 AB81 AB53 AB06,AB28 AB81 AB53 AB06,http://sigla.phis.me/document/HT%2090/index-word.html,sigla_word_seq_pattern | source=SigLA | ingested=2026-02-24T02:56:37Z
OBS_001669,external:sigla,external_csv,HT 90,word_2,1466,AB31 AB76,,AB31 AB76,AB31 AB76,AB31 AB76,http://sigla.phis.me/document/HT%2090/index-word.html,sigla_word_seq_pattern | source=SigLA | ingested=2026-02-24T02:56:37Z
OBS_001670,external:sigla,external_csv,HT 90,word_3,1467,AB41 AB26 AB80 AB53 AB66,,AB41 AB26 AB80 AB53 AB66,AB41 AB26 AB80 AB53 AB66,AB41 AB26 AB80 AB53 AB66,http://sigla.phis.me/document/HT%2090/index-word.html,sigla_word_seq_pattern | source=SigLA | ingested=2026-02-24T02:56:37Z
OBS_001671,external:youngerarchive,external_csv,HT 91,.1_stmt,1468,I KA,,I KA,I KA,I KA,https://web.archive.org/web/20190416193018/http://www.people.ku.edu/~jyounger/LinearA/HTtexts.html,younger_table_statement | source=YoungerArchive | ingested=2026-02-24T02:56:37Z
OBS_001672,external:youngerarchive,external_csv,HT 91,.2-3_log,1469,OLE U,,OLE U,OLE U,OLE U,https://web.archive.org/web/20190416193018/http://www.people.ku.edu/~jyounger/LinearA/HTtexts.html,younger_table_logogram | source=YoungerArchive | ingested=2026-02-24T02:56:37Z
OBS_001673,external:youngerarchive,external_csv,HT 91,.2_log,1470,OLE KI,,OLE KI,OLE KI,OLE KI,https://web.archive.org/web/20190416193018/http://www.people.ku.edu/~jyounger/LinearA/HTtexts.html,younger_table_logogram | source=YoungerArchive | ingested=2026-02-24T02:56:37Z
OBS_001674,external:youngerarchive,external_csv,HT 91,.3_log,1471,FIC,,FIC,FIC,FIC,https://web.archive.org/web/20190416193018/http://www.people.ku.edu/~jyounger/LinearA/HTtexts.html,younger_table_logogram | source=YoungerArchive | ingested=2026-02-24T02:56:37Z
OBS_001675,external:youngerarchive,external_csv,HT 91,.3_log,1472,OLE MI,,OLE MI,OLE MI,OLE MI,https://web.archive.org/web/20190416193018/http://www.people.ku.edu/~jyounger/LinearA/HTtexts.html,younger_table_logogram | source=YoungerArchive | ingested=2026-02-24T02:56:37Z
OBS_001676,external:youngerarchive,external_csv,HT 91,.3_log,1473,OLIV,,OLIV,OLIV,OLIV,https://web.archive.org/web/20190416193018/http://www.people.ku.edu/~jyounger/LinearA/HTtexts.html,younger_table_logogram | source=YoungerArchive | ingested=2026-02-24T02:56:37Z
OBS_001677,external:youngerarchive,external_csv,HT 91,.4_log,1474,VINA,,VINA,VINA,VINA,https://web.archive.org/web/20190416193018/http://www.people.ku.edu/~jyounger/LinearA/HTtexts.html,younger_table_logogram | source=YoungerArchive | ingested=2026-02-24T02:56:37Z
OBS_001678,external:youngerarchive,external_csv,HT 91,.5_log,1475,OLE MI,,OLE MI,OLE MI,OLE MI,https://web.archive.org/web/20190416193018/http://www.people.ku.edu/~jyounger/LinearA/HTtexts.html,younger_table_logogram | source=YoungerArchive | ingested=2026-02-24T02:56:37Z
OBS_001679,external:youngerarchive,external_csv,HT 91,.5_stmt,1476,TE RI,,TE RI,TE RI,TE RI,https://web.archive.org/web/20190416193018/http://www.people.ku.edu/~jyounger/LinearA/HTtexts.html,younger_table_statement | source=YoungerArchive | ingested=2026-02-24T02:56:37Z
OBS_001680,external:sigla,external_csv,HT 91,word_1,1477,AB28 AB77,,AB28 AB77,AB28 AB77,AB28 AB77,http://sigla.phis.me/document/HT%2091/index-word.html,sigla_word_seq_pattern | source=SigLA | ingested=2026-02-24T02:56:37Z
OBS_001681,external:sigla,external_csv,HT 91,word_2,1478,AB04 AB53,,AB04 AB53,AB04 AB53,AB04 AB53,http://sigla.phis.me/document/HT%2091/index-word.html,sigla_word_seq_pattern | source=SigLA | ingested=2026-02-24T02:56:37Z
OBS_001682,external:youngerarchive,external_csv,HT 92,.1-2_log,1479,GRA,,GRA,GRA,GRA,https://web.archive.org/web/20190416193018/http://www.people.ku.edu/~jyounger/LinearA/HTtexts.html,younger_table_logogram | source=YoungerArchive | ingested=2026-02-24T02:56:37Z
OBS_001683,external:youngerarchive,external_csv,HT 92,.1-2_stmt,1480,A DU,,A DU,A DU,A DU,https://web.archive.org/web/20190416193018/http://www.people.ku.edu/~jyounger/LinearA/HTtexts.html,younger_table_statement | source=YoungerArchive | ingested=2026-02-24T02:56:37Z
OBS_001684,external:sigla,external_csv,HT 92,word_1,1481,AB08 AB51,,AB08 AB51,AB08 AB51,AB08 AB51,http://sigla.phis.me/document/HT%2092/index-word.html,sigla_word_seq_pattern | source=SigLA | ingested=2026-02-24T02:56:37Z
OBS_001685,external:youngerarchive,external_csv,HT 93,a.1-2_log,1482,DA RE SE,,DA RE SE,DA RE SE,DA RE SE,https://web.archive.org/web/20190416193018/http://www.people.ku.edu/~jyounger/LinearA/HTtexts.html,younger_table_logogram | source=YoungerArchive | ingested=2026-02-24T02:56:37Z
OBS_001686,external:youngerarchive,external_csv,HT 93,a.1-2_stmt,1483,DI RI NA,,DI RI NA,DI RI NA,DI RI NA,https://web.archive.org/web/20190416193018/http://www.people.ku.edu/~jyounger/LinearA/HTtexts.html,younger_table_statement | source=YoungerArchive | ingested=2026-02-24T02:56:37Z
OBS_001687,external:youngerarchive,external_csv,HT 93,a.1_log,1484,GRA PA3 RE SE,,GRA PA3 RE SE,GRA PA3 RE SE,GRA PA3 RE SE,https://web.archive.org/web/20190416193018/http://www.people.ku.edu/~jyounger/LinearA/HTtexts.html,younger_table_logogram | source=YoungerArchive | ingested=2026-02-24T02:56:37Z
OBS_001688,external:youngerarchive,external_csv,HT 93,a.1_stmt,1485,PA3 NI NA,,PA3 NI NA,PA3 NI NA,PA3 NI NA,https://web.archive.org/web/20190416193018/http://www.people.ku.edu/~jyounger/LinearA/HTtexts.html,younger_table_statement | source=YoungerArchive | ingested=2026-02-24T02:56:37Z
OBS_001689,external:youngerarchive,external_csv,HT 93,a.2-3_stmt,1486,KI DI NI,,KI DI NI,KI DI NI,KI DI NI,https://web.archive.org/web/20190416193018/http://www.people.ku.edu/~jyounger/LinearA/HTtexts.html,younger_table_statement | source=YoungerArchive | ingested=2026-02-24T02:56:37Z
OBS_001690,external:youngerarchive,external_csv,HT 93,a.3-4_log,1487,I GRA PA,,I GRA PA,I GRA PA,I GRA PA,https://web.archive.org/web/20190416193018/http://www.people.ku.edu/~jyounger/LinearA/HTtexts.html,younger_table_logogram | source=YoungerArchive | ingested=2026-02-24T02:56:37Z
OBS_001691,external:youngerarchive,external_csv,HT 93,a.3-4_stmt,1488,A SE,,A SE,A SE,A SE,https://web.archive.org/web/20190416193018/http://www.people.ku.edu/~jyounger/LinearA/HTtexts.html,younger_table_statement | source=YoungerArchive | ingested=2026-02-24T02:56:37Z
OBS_001692,external:youngerarchive,external_csv,HT 93,a.4-5_log,1489,I GRA PA,,I GRA PA,I GRA PA,I GRA PA,https://web.archive.org/web/20190416193018/http://www.people.ku.edu/~jyounger/LinearA/HTtexts.html,younger_table_logogram | source=YoungerArchive | ingested=2026-02-24T02:56:37Z
OBS_001693,external:youngerarchive,external_csv,HT 93,a.4-5_stmt,1490,QA QA RU,,QA QA RU,QA QA RU,QA QA RU,https://web.archive.org/web/20190416193018/http://www.people.ku.edu/~jyounger/LinearA/HTtexts.html,younger_table_statement | source=YoungerArchive | ingested=2026-02-24T02:56:37Z
OBS_001694,external:youngerarchive,external_csv,HT 93,a.4_stmt,1491,SA RA2,,SA RA2,SA RA2,SA RA2,https://web.archive.org/web/20190416193018/http://www.people.ku.edu/~jyounger/LinearA/HTtexts.html,younger_table_statement | source=YoungerArchive | ingested=2026-02-24T02:56:37Z
OBS_001695,external:youngerarchive,external_csv,HT 93,a.5-6_stmt,1492,VIR I,,VIR I,VIR I,VIR I,https://web.archive.org/web/20190416193018/http://www.people.ku.edu/~jyounger/LinearA/HTtexts.html,younger_table_statement | source=YoungerArchive | ingested=2026-02-24T02:56:37Z
OBS_001696,external:youngerarchive,external_csv,HT 93,a.6_stmt,1493,DE JU KU,,DE JU KU,DE JU KU,DE JU KU,https://web.archive.org/web/20190416193018/http://www.people.ku.edu/~jyounger/LinearA/HTtexts.html,younger_table_statement | source=YoungerArchive | ingested=2026-02-24T02:56:37Z
OBS_001697,external:youngerarchive,external_csv,HT 93,a.7_log,1494,*406VAS,,*406VAS,*406VAS,*406VAS,https://web.archive.org/web/20190416193018/http://www.people.ku.edu/~jyounger/LinearA/HTtexts.html,younger_table_logogram | source=YoungerArchive | ingested=2026-02-24T02:56:37Z
OBS_001698,external:youngerarchive,external_csv,HT 93,a.7_stmt,1495,DA RI DA,,DA RI DA,DA RI DA,DA RI DA,https://web.archive.org/web/20190416193018/http://www.people.ku.edu/~jyounger/LinearA/HTtexts.html,younger_table_statement | source=YoungerArchive | ingested=2026-02-24T02:56:37Z
OBS_001699,external:youngerarchive,external_csv,HT 93,a.8_stmt,1496,PA SE JA,,PA SE JA,PA SE JA,PA SE JA,https://web.archive.org/web/20190416193018/http://www.people.ku.edu/~jyounger/LinearA/HTtexts.html,younger_table_statement | source=YoungerArchive | ingested=2026-02-24T02:56:37Z
OBS_001700,external:youngerarchive,external_csv,HT 93,a.8_stmt,1497,PA3 NI NA[,,PA3 NI NA[,PA3 NI NA[,PA3 NI NA[,https://web.archive.org/web/20190416193018/http://www.people.ku.edu/~jyounger/LinearA/HTtexts.html,younger_table_statement | source=YoungerArchive | ingested=2026-02-24T02:56:37Z
OBS_001701,external:youngerarchive,external_csv,HT 93,a.9_log,1498,VIR,,VIR,VIR,VIR,https://web.archive.org/web/20190416193018/http://www.people.ku.edu/~jyounger/LinearA/HTtexts.html,younger_table_logogram | source=YoungerArchive | ingested=2026-02-24T02:56:37Z
OBS_001702,external:youngerarchive,external_csv,HT 93,b.1_stmt,1499,KI RO[,,KI RO[,KI RO[,KI RO[,https://web.archive.org/web/20190416193018/http://www.people.ku.edu/~jyounger/LinearA/HTtexts.html,younger_table_statement | source=YoungerArchive | ingested=2026-02-24T02:56:37Z
OBS_001703,external:sigla,external_csv,HT 93A,word_1,1500,AB56 AB30 AB06,,AB56 AB30 AB06,AB56 AB30 AB06,AB56 AB30 AB06,http://sigla.phis.me/document/HT%2093a/index-word.html,sigla_word_seq_pattern | source=SigLA | ingested=2026-02-24T02:56:37Z
OBS_001704,external:sigla,external_csv,HT 93A,word_10,1501,AB01 AB53 AB01,,AB01 AB53 AB01,AB01 AB53 AB01,AB01 AB53 AB01,http://sigla.phis.me/document/HT%2093a/index-word.html,sigla_word_seq_pattern | source=SigLA | ingested=2026-02-24T02:56:37Z
OBS_001705,external:sigla,external_csv,HT 93A,word_11,1502,AB56 AB30 AB06,,AB56 AB30 AB06,AB56 AB30 AB06,AB56 AB30 AB06,http://sigla.phis.me/document/HT%2093a/index-word.html,sigla_word_seq_pattern | source=SigLA | ingested=2026-02-24T02:56:37Z
OBS_001706,external:sigla,external_csv,HT 93A,word_12,1503,AB03 AB09 AB57,,AB03 AB09 AB57,AB03 AB09 AB57,AB03 AB09 AB57,http://sigla.phis.me/document/HT%2093a/index-word.html,sigla_word_seq_pattern | source=SigLA | ingested=2026-02-24T02:56:37Z
OBS_001707,external:sigla,external_csv,HT 93A,word_13,1504,[?] AB77,,[?] AB77,[?] AB77,[?] AB77,http://sigla.phis.me/document/HT%2093a/index-word.html,sigla_word_seq_pattern | source=SigLA | ingested=2026-02-24T02:56:37Z
OBS_001708,external:sigla,external_csv,HT 93A,word_2,1505,AB07 AB53 AB06,,AB07 AB53 AB06,AB07 AB53 AB06,AB07 AB53 AB06,http://sigla.phis.me/document/HT%2093a/index-word.html,sigla_word_seq_pattern | source=SigLA | ingested=2026-02-24T02:56:37Z
OBS_001709,external:sigla,external_csv,HT 93A,word_3,1506,AB67 AB07 AB30,,AB67 AB07 AB30,AB67 AB07 AB30,AB67 AB07 AB30,http://sigla.phis.me/document/HT%2093a/index-word.html,sigla_word_seq_pattern | source=SigLA | ingested=2026-02-24T02:56:37Z
OBS_001710,external:sigla,external_csv,HT 93A,word_4,1507,AB08 AB09,,AB08 AB09,AB08 AB09,AB08 AB09,http://sigla.phis.me/document/HT%2093a/index-word.html,sigla_word_seq_pattern | source=SigLA | ingested=2026-02-24T02:56:37Z
OBS_001711,external:sigla,external_csv,HT 93A,word_5,1508,AB31 AB76,,AB31 AB76,AB31 AB76,AB31 AB76,http://sigla.phis.me/document/HT%2093a/index-word.html,sigla_word_seq_pattern | source=SigLA | ingested=2026-02-24T02:56:37Z
OBS_001712,external:sigla,external_csv,HT 93A,word_6,1509,AB16 AB16 AB26,,AB16 AB16 AB26,AB16 AB16 AB26,AB16 AB16 AB26,http://sigla.phis.me/document/HT%2093a/index-word.html,sigla_word_seq_pattern | source=SigLA | ingested=2026-02-24T02:56:37Z
OBS_001713,external:sigla,external_csv,HT 93A,word_7,1510,AB100 AB28,,AB100 AB28,AB100 AB28,AB100 AB28,http://sigla.phis.me/document/HT%2093a/index-word.html,sigla_word_seq_pattern | source=SigLA | ingested=2026-02-24T02:56:37Z
OBS_001714,external:sigla,external_csv,HT 93A,word_8,1511,AB45 AB65 AB81,,AB45 AB65 AB81,AB45 AB65 AB81,AB45 AB65 AB81,http://sigla.phis.me/document/HT%2093a/index-word.html,sigla_word_seq_pattern | source=SigLA | ingested=2026-02-24T02:56:37Z
OBS_001715,external:sigla,external_csv,HT 93A,word_9,1512,AB61 AB37 [?],,AB61 AB37 [?],AB61 AB37 [?],AB61 AB37 [?],http://sigla.phis.me/document/HT%2093a/index-word.html,sigla_word_seq_pattern | source=SigLA | ingested=2026-02-24T02:56:37Z
OBS_001716,external:sigla,external_csv,HT 93B,word_1,1513,AB67 AB02,,AB67 AB02,AB67 AB02,AB67 AB02,http://sigla.phis.me/document/HT%2093b/index-word.html,sigla_word_seq_pattern | source=SigLA | ingested=2026-02-24T02:56:37Z
OBS_001717,external:youngerarchive,external_csv,HT 94,a .3_stmt,1514,SA RA2,,SA RA2,SA RA2,SA RA2,https://web.archive.org/web/20190416193018/http://www.people.ku.edu/~jyounger/LinearA/HTtexts.html,younger_table_statement | source=YoungerArchive | ingested=2026-02-24T02:56:37Z
OBS_001718,external:youngerarchive,external_csv,HT 94,a.1_log,1515,VIR,,VIR,VIR,VIR,https://web.archive.org/web/20190416193018/http://www.people.ku.edu/~jyounger/LinearA/HTtexts.html,younger_table_logogram | source=YoungerArchive | ingested=2026-02-24T02:56:37Z
OBS_001719,external:youngerarchive,external_csv,HT 94,a.1_stmt,1516,KA PA,,KA PA,KA PA,KA PA,https://web.archive.org/web/20190416193018/http://www.people.ku.edu/~jyounger/LinearA/HTtexts.html,younger_table_statement | source=YoungerArchive | ingested=2026-02-24T02:56:37Z
OBS_001720,external:youngerarchive,external_csv,HT 94,a.2_log,1517,TI A,,TI A,TI A,TI A,https://web.archive.org/web/20190416193018/http://www.people.ku.edu/~jyounger/LinearA/HTtexts.html,younger_table_logogram | source=YoungerArchive | ingested=2026-02-24T02:56:37Z
OBS_001721,external:youngerarchive,external_csv,HT 94,a.2_log,1518,VIR *313B,,VIR *313B,VIR *313B,VIR *313B,https://web.archive.org/web/20190416193018/http://www.people.ku.edu/~jyounger/LinearA/HTtexts.html,younger_table_logogram | source=YoungerArchive | ingested=2026-02-24T02:56:37Z
OBS_001722,external:youngerarchive,external_csv,HT 94,a.3_log,1519,FIC,,FIC,FIC,FIC,https://web.archive.org/web/20190416193018/http://www.people.ku.edu/~jyounger/LinearA/HTtexts.html,younger_table_logogram | source=YoungerArchive | ingested=2026-02-24T02:56:37Z
OBS_001723,external:youngerarchive,external_csv,HT 94,a.3_stmt,1520,KU RO,,KU RO,KU RO,KU RO,https://web.archive.org/web/20190416193018/http://www.people.ku.edu/~jyounger/LinearA/HTtexts.html,younger_table_statement | source=YoungerArchive | ingested=2026-02-24T02:56:37Z
OBS_001724,external:youngerarchive,external_csv,HT 94,a.3_stmt,1521,SA RA2,,SA RA2,SA RA2,SA RA2,https://web.archive.org/web/20190416193018/http://www.people.ku.edu/~jyounger/LinearA/HTtexts.html,younger_table_statement | source=YoungerArchive | ingested=2026-02-24T02:56:37Z
OBS_001725,external:youngerarchive,external_csv,HT 94,a.4_log,1522,FIC,,FIC,FIC,FIC,https://web.archive.org/web/20190416193018/http://www.people.ku.edu/~jyounger/LinearA/HTtexts.html,younger_table_logogram | source=YoungerArchive | ingested=2026-02-24T02:56:37Z
OBS_001726,external:youngerarchive,external_csv,HT 94,a.4_stmt,1523,[NAME,,[NAME,[NAME,[NAME,https://web.archive.org/web/20190416193018/http://www.people.ku.edu/~jyounger/LinearA/HTtexts.html,younger_table_statement | source=YoungerArchive | ingested=2026-02-24T02:56:37Z
OBS_001727,external:youngerarchive,external_csv,HT 94,a.5_log,1524,FIC,,FIC,FIC,FIC,https://web.archive.org/web/20190416193018/http://www.people.ku.edu/~jyounger/LinearA/HTtexts.html,younger_table_logogram | source=YoungerArchive | ingested=2026-02-24T02:56:37Z
OBS_001728,external:youngerarchive,external_csv,HT 94,a.5_stmt,1525,[NAME,,[NAME,[NAME,[NAME,https://web.archive.org/web/20190416193018/http://www.people.ku.edu/~jyounger/LinearA/HTtexts.html,younger_table_statement | source=YoungerArchive | ingested=2026-02-24T02:56:37Z
OBS_001729,external:youngerarchive,external_csv,HT 94,b.1_stmt,1526,KI RO,,KI RO,KI RO,KI RO,https://web.archive.org/web/20190416193018/http://www.people.ku.edu/~jyounger/LinearA/HTtexts.html,younger_table_statement | source=YoungerArchive | ingested=2026-02-24T02:56:37Z
OBS_001730,external:youngerarchive,external_csv,HT 94,b.1_stmt,1527,PA TA NE,,PA TA NE,PA TA NE,PA TA NE,https://web.archive.org/web/20190416193018/http://www.people.ku.edu/~jyounger/LinearA/HTtexts.html,younger_table_statement | source=YoungerArchive | ingested=2026-02-24T02:56:37Z
OBS_001731,external:youngerarchive,external_csv,HT 94,b.1_stmt,1528,TU MA,,TU MA,TU MA,TU MA,https://web.archive.org/web/20190416193018/http://www.people.ku.edu/~jyounger/LinearA/HTtexts.html,younger_table_statement | source=YoungerArchive | ingested=2026-02-24T02:56:37Z
OBS_001732,external:youngerarchive,external_csv,HT 94,b.2_stmt,1529,DE DI,,DE DI,DE DI,DE DI,https://web.archive.org/web/20190416193018/http://www.people.ku.edu/~jyounger/LinearA/HTtexts.html,younger_table_statement | source=YoungerArchive | ingested=2026-02-24T02:56:37Z
OBS_001733,external:youngerarchive,external_csv,HT 94,b.2_stmt,1530,KE KI RU,,KE KI RU,KE KI RU,KE KI RU,https://web.archive.org/web/20190416193018/http://www.people.ku.edu/~jyounger/LinearA/HTtexts.html,younger_table_statement | source=YoungerArchive | ingested=2026-02-24T02:56:37Z
OBS_001734,external:youngerarchive,external_csv,HT 94,b.2_stmt,1531,SA RU,,SA RU,SA RU,SA RU,https://web.archive.org/web/20190416193018/http://www.people.ku.edu/~jyounger/LinearA/HTtexts.html,younger_table_statement | source=YoungerArchive | ingested=2026-02-24T02:56:37Z
OBS_001735,external:youngerarchive,external_csv,HT 94,b.3_stmt,1532,KU RO,,KU RO,KU RO,KU RO,https://web.archive.org/web/20190416193018/http://www.people.ku.edu/~jyounger/LinearA/HTtexts.html,younger_table_statement | source=YoungerArchive | ingested=2026-02-24T02:56:37Z
OBS_001736,external:youngerarchive,external_csv,HT 94,b.4_stmt,1533,RA DE ME TE,,RA DE ME TE,RA DE ME TE,RA DE ME TE,https://web.archive.org/web/20190416193018/http://www.people.ku.edu/~jyounger/LinearA/HTtexts.html,younger_table_statement | source=YoungerArchive | ingested=2026-02-24T02:56:37Z
OBS_001737,external:sigla,external_csv,HT 94A,word_1,1534,AB77 AB03,,AB77 AB03,AB77 AB03,AB77 AB03,http://sigla.phis.me/document/HT%2094a/index-word.html,sigla_word_seq_pattern | source=SigLA | ingested=2026-02-24T02:56:37Z
OBS_001738,external:sigla,external_csv,HT 94A,word_2,1535,AB81 AB02,,AB81 AB02,AB81 AB02,AB81 AB02,http://sigla.phis.me/document/HT%2094a/index-word.html,sigla_word_seq_pattern | source=SigLA | ingested=2026-02-24T02:56:37Z
OBS_001739,external:sigla,external_csv,HT 94A,word_3,1536,AB31 AB76,,AB31 AB76,AB31 AB76,AB31 AB76,http://sigla.phis.me/document/HT%2094a/index-word.html,sigla_word_seq_pattern | source=SigLA | ingested=2026-02-24T02:56:37Z
OBS_001740,external:sigla,external_csv,HT 94A,word_4,1537,A318 A306,,A318 A306,A318 A306,A318 A306,http://sigla.phis.me/document/HT%2094a/index-word.html,sigla_word_seq_pattern | source=SigLA | ingested=2026-02-24T02:56:37Z
OBS_001741,external:sigla,external_csv,HT 94B,word_1,1538,AB67 AB02,,AB67 AB02,AB67 AB02,AB67 AB02,http://sigla.phis.me/document/HT%2094b/index-word.html,sigla_word_seq_pattern | source=SigLA | ingested=2026-02-24T02:56:37Z
OBS_001742,external:sigla,external_csv,HT 94B,word_2,1539,AB69 AB80,,AB69 AB80,AB69 AB80,AB69 AB80,http://sigla.phis.me/document/HT%2094b/index-word.html,sigla_word_seq_pattern | source=SigLA | ingested=2026-02-24T02:56:37Z
OBS_001743,external:sigla,external_csv,HT 94B,word_3,1540,AB03 AB59 AB24,,AB03 AB59 AB24,AB03 AB59 AB24,AB03 AB59 AB24,http://sigla.phis.me/document/HT%2094b/index-word.html,sigla_word_seq_pattern | source=SigLA | ingested=2026-02-24T02:56:37Z
OBS_001744,external:sigla,external_csv,HT 94B,word_4,1541,AB45 AB07,,AB45 AB07,AB45 AB07,AB45 AB07,http://sigla.phis.me/document/HT%2094b/index-word.html,sigla_word_seq_pattern | source=SigLA | ingested=2026-02-24T02:56:37Z
OBS_001745,external:sigla,external_csv,HT 94B,word_5,1542,AB44 AB67 AB26,,AB44 AB67 AB26,AB44 AB67 AB26,AB44 AB67 AB26,http://sigla.phis.me/document/HT%2094b/index-word.html,sigla_word_seq_pattern | source=SigLA | ingested=2026-02-24T02:56:37Z
OBS_001746,external:sigla,external_csv,HT 94B,word_6,1543,AB31 AB26,,AB31 AB26,AB31 AB26,AB31 AB26,http://sigla.phis.me/document/HT%2094b/index-word.html,sigla_word_seq_pattern | source=SigLA | ingested=2026-02-24T02:56:37Z
OBS_001747,external:sigla,external_csv,HT 94B,word_7,1544,AB81 AB02,,AB81 AB02,AB81 AB02,AB81 AB02,http://sigla.phis.me/document/HT%2094b/index-word.html,sigla_word_seq_pattern | source=SigLA | ingested=2026-02-24T02:56:37Z
OBS_001748,external:sigla,external_csv,HT 94B,word_8,1545,AB60 [?] AB45 AB13 AB04,,AB60 [?] AB45 AB13 AB04,AB60 [?] AB45 AB13 AB04,AB60 [?] AB45 AB13 AB04,http://sigla.phis.me/document/HT%2094b/index-word.html,sigla_word_seq_pattern | source=SigLA | ingested=2026-02-24T02:56:37Z
OBS_001749,external:sigla,external_csv,HT 94B,word_9,1546,AB21F AB69,,AB21F AB69,AB21F AB69,AB21F AB69,http://sigla.phis.me/document/HT%2094b/index-word.html,sigla_word_seq_pattern | source=SigLA | ingested=2026-02-24T02:56:37Z
OBS_001750,external:youngerarchive,external_csv,HT 95,a.1_log,1547,GRA,,GRA,GRA,GRA,https://web.archive.org/web/20190416193018/http://www.people.ku.edu/~jyounger/LinearA/HTtexts.html,younger_table_logogram | source=YoungerArchive | ingested=2026-02-24T02:56:37Z
OBS_001751,external:youngerarchive,external_csv,HT 95,a.1_stmt,1548,DA DU MA TA,,DA DU MA TA,DA DU MA TA,DA DU MA TA,https://web.archive.org/web/20190416193018/http://www.people.ku.edu/~jyounger/LinearA/HTtexts.html,younger_table_statement | source=YoungerArchive | ingested=2026-02-24T02:56:37Z
OBS_001752,external:youngerarchive,external_csv,HT 95,a.2_stmt,1549,DA ME,,DA ME,DA ME,DA ME,https://web.archive.org/web/20190416193018/http://www.people.ku.edu/~jyounger/LinearA/HTtexts.html,younger_table_statement | source=YoungerArchive | ingested=2026-02-24T02:56:37Z
OBS_001753,external:youngerarchive,external_csv,HT 95,a.2_stmt,1550,MI NU TE,,MI NU TE,MI NU TE,MI NU TE,https://web.archive.org/web/20190416193018/http://www.people.ku.edu/~jyounger/LinearA/HTtexts.html,younger_table_statement | source=YoungerArchive | ingested=2026-02-24T02:56:37Z
OBS_001754,external:youngerarchive,external_csv,HT 95,a.3-4_stmt,1551,KU NI SU,,KU NI SU,KU NI SU,KU NI SU,https://web.archive.org/web/20190416193018/http://www.people.ku.edu/~jyounger/LinearA/HTtexts.html,younger_table_statement | source=YoungerArchive | ingested=2026-02-24T02:56:37Z
OBS_001755,external:youngerarchive,external_csv,HT 95,a.3_stmt,1552,SA RU,,SA RU,SA RU,SA RU,https://web.archive.org/web/20190416193018/http://www.people.ku.edu/~jyounger/LinearA/HTtexts.html,younger_table_statement | source=YoungerArchive | ingested=2026-02-24T02:56:37Z
OBS_001756,external:youngerarchive,external_csv,HT 95,a.4-5_stmt,1553,QE RA2 U,,QE RA2 U,QE RA2 U,QE RA2 U,https://web.archive.org/web/20190416193018/http://www.people.ku.edu/~jyounger/LinearA/HTtexts.html,younger_table_statement | source=YoungerArchive | ingested=2026-02-24T02:56:37Z
OBS_001757,external:youngerarchive,external_csv,HT 95,a.4_stmt,1554,DI DE RU,,DI DE RU,DI DE RU,DI DE RU,https://web.archive.org/web/20190416193018/http://www.people.ku.edu/~jyounger/LinearA/HTtexts.html,younger_table_statement | source=YoungerArchive | ingested=2026-02-24T02:56:37Z
OBS_001758,external:youngerarchive,external_csv,HT 95,b.1_stmt,1555,A DU,,A DU,A DU,A DU,https://web.archive.org/web/20190416193018/http://www.people.ku.edu/~jyounger/LinearA/HTtexts.html,younger_table_statement | source=YoungerArchive | ingested=2026-02-24T02:56:37Z
OBS_001759,external:youngerarchive,external_csv,HT 95,b.1_stmt,1556,SA RU,,SA RU,SA RU,SA RU,https://web.archive.org/web/20190416193018/http://www.people.ku.edu/~jyounger/LinearA/HTtexts.html,younger_table_statement | source=YoungerArchive | ingested=2026-02-24T02:56:37Z
OBS_001760,external:youngerarchive,external_csv,HT 95,b.2-3_stmt,1557,MI NU TE,,MI NU TE,MI NU TE,MI NU TE,https://web.archive.org/web/20190416193018/http://www.people.ku.edu/~jyounger/LinearA/HTtexts.html,younger_table_statement | source=YoungerArchive | ingested=2026-02-24T02:56:37Z
OBS_001761,external:youngerarchive,external_csv,HT 95,b.2_stmt,1558,DA ME,,DA ME,DA ME,DA ME,https://web.archive.org/web/20190416193018/http://www.people.ku.edu/~jyounger/LinearA/HTtexts.html,younger_table_statement | source=YoungerArchive | ingested=2026-02-24T02:56:37Z
OBS_001762,external:youngerarchive,external_csv,HT 95,b.3-4_stmt,1559,KU NI SU,,KU NI SU,KU NI SU,KU NI SU,https://web.archive.org/web/20190416193018/http://www.people.ku.edu/~jyounger/LinearA/HTtexts.html,younger_table_statement | source=YoungerArchive | ingested=2026-02-24T02:56:37Z
OBS_001763,external:youngerarchive,external_csv,HT 95,b.4-5_stmt,1560,QE RA2 U,,QE RA2 U,QE RA2 U,QE RA2 U,https://web.archive.org/web/20190416193018/http://www.people.ku.edu/~jyounger/LinearA/HTtexts.html,younger_table_statement | source=YoungerArchive | ingested=2026-02-24T02:56:37Z
OBS_001764,external:youngerarchive,external_csv,HT 95,b.4_stmt,1561,DI DE RU,,DI DE RU,DI DE RU,DI DE RU,https://web.archive.org/web/20190416193018/http://www.people.ku.edu/~jyounger/LinearA/HTtexts.html,younger_table_statement | source=YoungerArchive | ingested=2026-02-24T02:56:37Z
OBS_001765,external:sigla,external_csv,HT 95A,word_1,1562,AB01 AB51 AB80 AB59,,AB01 AB51 AB80 AB59,AB01 AB51 AB80 AB59,AB01 AB51 AB80 AB59,http://sigla.phis.me/document/HT%2095a/index-word.html,sigla_word_seq_pattern | source=SigLA | ingested=2026-02-24T02:56:37Z
OBS_001766,external:sigla,external_csv,HT 95A,word_2,1563,AB01 AB13,,AB01 AB13,AB01 AB13,AB01 AB13,http://sigla.phis.me/document/HT%2095a/index-word.html,sigla_word_seq_pattern | source=SigLA | ingested=2026-02-24T02:56:37Z
OBS_001767,external:sigla,external_csv,HT 95A,word_3,1564,AB73 AB55 AB04,,AB73 AB55 AB04,AB73 AB55 AB04,AB73 AB55 AB04,http://sigla.phis.me/document/HT%2095a/index-word.html,sigla_word_seq_pattern | source=SigLA | ingested=2026-02-24T02:56:37Z
OBS_001768,external:sigla,external_csv,HT 95A,word_4,1565,AB31 AB26,,AB31 AB26,AB31 AB26,AB31 AB26,http://sigla.phis.me/document/HT%2095a/index-word.html,sigla_word_seq_pattern | source=SigLA | ingested=2026-02-24T02:56:37Z
OBS_001769,external:sigla,external_csv,HT 95A,word_5,1566,AB81 AB30 [?],,AB81 AB30 [?],AB81 AB30 [?],AB81 AB30 [?],http://sigla.phis.me/document/HT%2095a/index-word.html,sigla_word_seq_pattern | source=SigLA | ingested=2026-02-24T02:56:37Z
OBS_001770,external:sigla,external_csv,HT 95A,word_6,1567,AB07 AB45 AB26 AB78 AB76 AB10,,AB07 AB45 AB26 AB78 AB76 AB10,AB07 AB45 AB26 AB78 AB76 AB10,AB07 AB45 AB26 AB78 AB76 AB10,http://sigla.phis.me/document/HT%2095a/index-word.html,sigla_word_seq_pattern | source=SigLA | ingested=2026-02-24T02:56:37Z
OBS_001771,external:sigla,external_csv,HT 95B,word_1,1568,AB08 AB51,,AB08 AB51,AB08 AB51,AB08 AB51,http://sigla.phis.me/document/HT%2095b/index-word.html,sigla_word_seq_pattern | source=SigLA | ingested=2026-02-24T02:56:37Z
OBS_001772,external:sigla,external_csv,HT 95B,word_2,1569,AB31 AB26,,AB31 AB26,AB31 AB26,AB31 AB26,http://sigla.phis.me/document/HT%2095b/index-word.html,sigla_word_seq_pattern | source=SigLA | ingested=2026-02-24T02:56:37Z
OBS_001773,external:sigla,external_csv,HT 95B,word_3,1570,AB01 AB17,,AB01 AB17,AB01 AB17,AB01 AB17,http://sigla.phis.me/document/HT%2095b/index-word.html,sigla_word_seq_pattern | source=SigLA | ingested=2026-02-24T02:56:37Z
OBS_001774,external:sigla,external_csv,HT 95B,word_4,1571,AB73 AB55 AB04,,AB73 AB55 AB04,AB73 AB55 AB04,AB73 AB55 AB04,http://sigla.phis.me/document/HT%2095b/index-word.html,sigla_word_seq_pattern | source=SigLA | ingested=2026-02-24T02:56:37Z
OBS_001775,external:sigla,external_csv,HT 95B,word_5,1572,AB81 AB30 AB58,,AB81 AB30 AB58,AB81 AB30 AB58,AB81 AB30 AB58,http://sigla.phis.me/document/HT%2095b/index-word.html,sigla_word_seq_pattern | source=SigLA | ingested=2026-02-24T02:56:37Z
OBS_001776,external:sigla,external_csv,HT 95B,word_6,1573,AB07 AB45 AB26,,AB07 AB45 AB26,AB07 AB45 AB26,AB07 AB45 AB26,http://sigla.phis.me/document/HT%2095b/index-word.html,sigla_word_seq_pattern | source=SigLA | ingested=2026-02-24T02:56:37Z
OBS_001777,external:sigla,external_csv,HT 95B,word_7,1574,AB78 AB76 AB10,,AB78 AB76 AB10,AB78 AB76 AB10,AB78 AB76 AB10,http://sigla.phis.me/document/HT%2095b/index-word.html,sigla_word_seq_pattern | source=SigLA | ingested=2026-02-24T02:56:37Z
OBS_001778,external:youngerarchive,external_csv,HT 96,a.1-2_stmt,1575,I TI TI KU NI A PA RA NE A TE,,I TI TI KU NI A PA RA NE A TE,I TI TI KU NI A PA RA NE A TE,I TI TI KU NI A PA RA NE A TE,https://web.archive.org/web/20190416193018/http://www.people.ku.edu/~jyounger/LinearA/HTtexts.html,younger_table_statement | source=YoungerArchive | ingested=2026-02-24T02:56:37Z
OBS_001779,external:youngerarchive,external_csv,HT 96,a.2-3_log,1576,GRA,,GRA,GRA,GRA,https://web.archive.org/web/20190416193018/http://www.people.ku.edu/~jyounger/LinearA/HTtexts.html,younger_table_logogram | source=YoungerArchive | ingested=2026-02-24T02:56:37Z
OBS_001780,external:youngerarchive,external_csv,HT 96,a.2-3_stmt,1577,SI MI TA,,SI MI TA,SI MI TA,SI MI TA,https://web.archive.org/web/20190416193018/http://www.people.ku.edu/~jyounger/LinearA/HTtexts.html,younger_table_statement | source=YoungerArchive | ingested=2026-02-24T02:56:37Z
OBS_001781,external:youngerarchive,external_csv,HT 96,a.3_stmt,1578,RU SA,,RU SA,RU SA,RU SA,https://web.archive.org/web/20190416193018/http://www.people.ku.edu/~jyounger/LinearA/HTtexts.html,younger_table_statement | source=YoungerArchive | ingested=2026-02-24T02:56:37Z
OBS_001782,external:youngerarchive,external_csv,HT 96,a.4_stmt,1579,PI TA RA,,PI TA RA,PI TA RA,PI TA RA,https://web.archive.org/web/20190416193018/http://www.people.ku.edu/~jyounger/LinearA/HTtexts.html,younger_table_statement | source=YoungerArchive | ingested=2026-02-24T02:56:37Z
OBS_001783,external:youngerarchive,external_csv,HT 96,a.5_log,1580,TE FIC,,TE FIC,TE FIC,TE FIC,https://web.archive.org/web/20190416193018/http://www.people.ku.edu/~jyounger/LinearA/HTtexts.html,younger_table_logogram | source=YoungerArchive | ingested=2026-02-24T02:56:37Z
OBS_001784,external:youngerarchive,external_csv,HT 96,a.5_stmt,1581,]KU MA RO,,]KU MA RO,]KU MA RO,]KU MA RO,https://web.archive.org/web/20190416193018/http://www.people.ku.edu/~jyounger/LinearA/HTtexts.html,younger_table_statement | source=YoungerArchive | ingested=2026-02-24T02:56:37Z
OBS_001785,external:youngerarchive,external_csv,HT 96,a.6_log,1582,]FIC,,]FIC,]FIC,]FIC,https://web.archive.org/web/20190416193018/http://www.people.ku.edu/~jyounger/LinearA/HTtexts.html,younger_table_logogram | source=YoungerArchive | ingested=2026-02-24T02:56:37Z
OBS_001786,external:youngerarchive,external_csv,HT 96,b.1-2_log,1583,I [?] GRA,,I [?] GRA,I [?] GRA,I [?] GRA,https://web.archive.org/web/20190416193018/http://www.people.ku.edu/~jyounger/LinearA/HTtexts.html,younger_table_logogram | source=YoungerArchive | ingested=2026-02-24T02:56:37Z
OBS_001787,external:youngerarchive,external_csv,HT 96,b.1-2_stmt,1584,QA RA RE,,QA RA RE,QA RA RE,QA RA RE,https://web.archive.org/web/20190416193018/http://www.people.ku.edu/~jyounger/LinearA/HTtexts.html,younger_table_statement | source=YoungerArchive | ingested=2026-02-24T02:56:37Z
OBS_001788,external:youngerarchive,external_csv,HT 96,b.1_stmt,1585,A PA RA NE,,A PA RA NE,A PA RA NE,A PA RA NE,https://web.archive.org/web/20190416193018/http://www.people.ku.edu/~jyounger/LinearA/HTtexts.html,younger_table_statement | source=YoungerArchive | ingested=2026-02-24T02:56:37Z
OBS_001789,external:youngerarchive,external_csv,HT 96,b.3_log,1586,FIC,,FIC,FIC,FIC,https://web.archive.org/web/20190416193018/http://www.people.ku.edu/~jyounger/LinearA/HTtexts.html,younger_table_logogram | source=YoungerArchive | ingested=2026-02-24T02:56:37Z
OBS_001790,external:youngerarchive,external_csv,HT 96,b.3_log,1587,OLE U,,OLE U,OLE U,OLE U,https://web.archive.org/web/20190416193018/http://www.people.ku.edu/~jyounger/LinearA/HTtexts.html,younger_table_logogram | source=YoungerArchive | ingested=2026-02-24T02:56:37Z
OBS_001791,external:sigla,external_csv,HT 96A,word_1,1588,AB28 AB37 AB37 AB81 AB30,,AB28 AB37 AB37 AB81 AB30,AB28 AB37 AB37 AB81 AB30,AB28 AB37 AB37 AB81 AB30,http://sigla.phis.me/document/HT%2096a/index-word.html,sigla_word_seq_pattern | source=SigLA | ingested=2026-02-24T02:56:37Z
OBS_001792,external:sigla,external_csv,HT 96A,word_2,1589,AB08 AB03 AB60 AB24,,AB08 AB03 AB60 AB24,AB08 AB03 AB60 AB24,AB08 AB03 AB60 AB24,http://sigla.phis.me/document/HT%2096a/index-word.html,sigla_word_seq_pattern | source=SigLA | ingested=2026-02-24T02:56:37Z
OBS_001793,external:sigla,external_csv,HT 96A,word_3,1590,AB08 AB123 AB04,,AB08 AB123 AB04,AB08 AB123 AB04,AB08 AB123 AB04,http://sigla.phis.me/document/HT%2096a/index-word.html,sigla_word_seq_pattern | source=SigLA | ingested=2026-02-24T02:56:37Z
OBS_001794,external:sigla,external_csv,HT 96A,word_4,1591,AB41 AB73 AB59,,AB41 AB73 AB59,AB41 AB73 AB59,AB41 AB73 AB59,http://sigla.phis.me/document/HT%2096a/index-word.html,sigla_word_seq_pattern | source=SigLA | ingested=2026-02-24T02:56:37Z
OBS_001795,external:sigla,external_csv,HT 96A,word_5,1592,AB26 AB31,,AB26 AB31,AB26 AB31,AB26 AB31,http://sigla.phis.me/document/HT%2096a/index-word.html,sigla_word_seq_pattern | source=SigLA | ingested=2026-02-24T02:56:37Z
OBS_001796,external:sigla,external_csv,HT 96A,word_6,1593,AB39 AB59 AB60,,AB39 AB59 AB60,AB39 AB59 AB60,AB39 AB59 AB60,http://sigla.phis.me/document/HT%2096a/index-word.html,sigla_word_seq_pattern | source=SigLA | ingested=2026-02-24T02:56:37Z
OBS_001797,external:sigla,external_csv,HT 96A,word_7,1594,AB81 AB80 AB02,,AB81 AB80 AB02,AB81 AB80 AB02,AB81 AB80 AB02,http://sigla.phis.me/document/HT%2096a/index-word.html,sigla_word_seq_pattern | source=SigLA | ingested=2026-02-24T02:56:37Z
OBS_001798,external:sigla,external_csv,HT 96B,word_1,1595,AB08 AB03 AB60 AB24,,AB08 AB03 AB60 AB24,AB08 AB03 AB60 AB24,AB08 AB03 AB60 AB24,http://sigla.phis.me/document/HT%2096b/index-word.html,sigla_word_seq_pattern | source=SigLA | ingested=2026-02-24T02:56:37Z
OBS_001799,external:sigla,external_csv,HT 96B,word_2,1596,AB16 AB118 AB60 AB27,,AB16 AB118 AB60 AB27,AB16 AB118 AB60 AB27,AB16 AB118 AB60 AB27,http://sigla.phis.me/document/HT%2096b/index-word.html,sigla_word_seq_pattern | source=SigLA | ingested=2026-02-24T02:56:37Z
OBS_001800,external:youngerarchive,external_csv,HT 97,a.1_stmt,1597,KA RU,,KA RU,KA RU,KA RU,https://web.archive.org/web/20190416193018/http://www.people.ku.edu/~jyounger/LinearA/HTtexts.html,younger_table_statement | source=YoungerArchive | ingested=2026-02-24T02:56:37Z
OBS_001801,external:youngerarchive,external_csv,HT 97,a.3_stmt,1598,KA NU TI,,KA NU TI,KA NU TI,KA NU TI,https://web.archive.org/web/20190416193018/http://www.people.ku.edu/~jyounger/LinearA/HTtexts.html,younger_table_statement | source=YoungerArchive | ingested=2026-02-24T02:56:37Z
OBS_001802,external:youngerarchive,external_csv,HT 97,a.3_stmt,1599,PA I TO,,PA I TO,PA I TO,PA I TO,https://web.archive.org/web/20190416193018/http://www.people.ku.edu/~jyounger/LinearA/HTtexts.html,younger_table_statement | source=YoungerArchive | ingested=2026-02-24T02:56:37Z
OBS_001803,external:youngerarchive,external_csv,HT 97,a.4_stmt,1600,MA DI,,MA DI,MA DI,MA DI,https://web.archive.org/web/20190416193018/http://www.people.ku.edu/~jyounger/LinearA/HTtexts.html,younger_table_statement | source=YoungerArchive | ingested=2026-02-24T02:56:37Z
OBS_001804,external:youngerarchive,external_csv,HT 97,a.4_stmt,1601,NA TI,,NA TI,NA TI,NA TI,https://web.archive.org/web/20190416193018/http://www.people.ku.edu/~jyounger/LinearA/HTtexts.html,younger_table_statement | source=YoungerArchive | ingested=2026-02-24T02:56:37Z
OBS_001805,external:youngerarchive,external_csv,HT 97,a.5_stmt,1602,TA TI,,TA TI,TA TI,TA TI,https://web.archive.org/web/20190416193018/http://www.people.ku.edu/~jyounger/LinearA/HTtexts.html,younger_table_statement | source=YoungerArchive | ingested=2026-02-24T02:56:37Z
OBS_001806,external:youngerarchive,external_csv,HT 97,b._log,1603,SA RA2,,SA RA2,SA RA2,SA RA2,https://web.archive.org/web/20190416193018/http://www.people.ku.edu/~jyounger/LinearA/HTtexts.html,younger_table_logogram | source=YoungerArchive | ingested=2026-02-24T02:56:37Z
OBS_001807,external:sigla,external_csv,HT 97A,word_1,1604,AB77 AB26,,AB77 AB26,AB77 AB26,AB77 AB26,http://sigla.phis.me/document/HT%2097a/index-word.html,sigla_word_seq_pattern | source=SigLA | ingested=2026-02-24T02:56:37Z
OBS_001808,external:sigla,external_csv,HT 97A,word_2,1605,AB77 AB55 AB37,,AB77 AB55 AB37,AB77 AB55 AB37,AB77 AB55 AB37,http://sigla.phis.me/document/HT%2097a/index-word.html,sigla_word_seq_pattern | source=SigLA | ingested=2026-02-24T02:56:37Z
OBS_001809,external:sigla,external_csv,HT 97A,word_3,1606,AB03 AB28 AB05,,AB03 AB28 AB05,AB03 AB28 AB05,AB03 AB28 AB05,http://sigla.phis.me/document/HT%2097a/index-word.html,sigla_word_seq_pattern | source=SigLA | ingested=2026-02-24T02:56:37Z
OBS_001810,external:sigla,external_csv,HT 97A,word_4,1607,AB06 AB37 AB80 AB07,,AB06 AB37 AB80 AB07,AB06 AB37 AB80 AB07,AB06 AB37 AB80 AB07,http://sigla.phis.me/document/HT%2097a/index-word.html,sigla_word_seq_pattern | source=SigLA | ingested=2026-02-24T02:56:37Z
OBS_001811,external:sigla,external_csv,HT 97A,word_5,1608,AB59 AB37,,AB59 AB37,AB59 AB37,AB59 AB37,http://sigla.phis.me/document/HT%2097a/index-word.html,sigla_word_seq_pattern | source=SigLA | ingested=2026-02-24T02:56:37Z
OBS_001812,external:sigla,external_csv,HT 97A,word_6,1609,AB45 [?],,AB45 [?],AB45 [?],AB45 [?],http://sigla.phis.me/document/HT%2097a/index-word.html,sigla_word_seq_pattern | source=SigLA | ingested=2026-02-24T02:56:37Z
OBS_001813,external:sigla,external_csv,HT 97A,word_7,1610,AB08,,AB08,AB08,AB08,http://sigla.phis.me/document/HT%2097a/index-word.html,sigla_word_seq_pattern | source=SigLA | ingested=2026-02-24T02:56:37Z
OBS_001814,external:sigla,external_csv,HT 97B,word_1,1611,AB31 AB76,,AB31 AB76,AB31 AB76,AB31 AB76,http://sigla.phis.me/document/HT%2097b/index-word.html,sigla_word_seq_pattern | source=SigLA | ingested=2026-02-24T02:56:37Z
OBS_001815,external:youngerarchive,external_csv,HT 98,a.2-3_stmt,1612,DI RE DI NA,,DI RE DI NA,DI RE DI NA,DI RE DI NA,https://web.archive.org/web/20190416193018/http://www.people.ku.edu/~jyounger/LinearA/HTtexts.html,younger_table_statement | source=YoungerArchive | ingested=2026-02-24T02:56:37Z
OBS_001816,external:youngerarchive,external_csv,HT 98,a.2_stmt,1613,TA NA TI,,TA NA TI,TA NA TI,TA NA TI,https://web.archive.org/web/20190416193018/http://www.people.ku.edu/~jyounger/LinearA/HTtexts.html,younger_table_statement | source=YoungerArchive | ingested=2026-02-24T02:56:37Z
OBS_001817,external:youngerarchive,external_csv,HT 98,a.4-5_stmt,1614,KA RI I,,KA RI I,KA RI I,KA RI I,https://web.archive.org/web/20190416193018/http://www.people.ku.edu/~jyounger/LinearA/HTtexts.html,younger_table_statement | source=YoungerArchive | ingested=2026-02-24T02:56:37Z
OBS_001818,external:youngerarchive,external_csv,HT 98,a.4_stmt,1615,RO KE,,RO KE,RO KE,RO KE,https://web.archive.org/web/20190416193018/http://www.people.ku.edu/~jyounger/LinearA/HTtexts.html,younger_table_statement | source=YoungerArchive | ingested=2026-02-24T02:56:37Z
OBS_001819,external:youngerarchive,external_csv,HT 98,b.2_log,1616,]VINA,,]VINA,]VINA,]VINA,https://web.archive.org/web/20190416193018/http://www.people.ku.edu/~jyounger/LinearA/HTtexts.html,younger_table_logogram | source=YoungerArchive | ingested=2026-02-24T02:56:37Z
OBS_001820,external:youngerarchive,external_csv,HT 98,b.2_stmt,1617,DA RU NE TE,,DA RU NE TE,DA RU NE TE,DA RU NE TE,https://web.archive.org/web/20190416193018/http://www.people.ku.edu/~jyounger/LinearA/HTtexts.html,younger_table_statement | source=YoungerArchive | ingested=2026-02-24T02:56:37Z
OBS_001821,external:sigla,external_csv,HT 98A,word_2,1618,[?] AB45,,[?] AB45,[?] AB45,[?] AB45,http://sigla.phis.me/document/HT%2098a/index-word.html,sigla_word_seq_pattern | source=SigLA | ingested=2026-02-24T02:56:37Z
OBS_001822,external:sigla,external_csv,HT 98A,word_3,1619,AB69,,AB69,AB69,AB69,http://sigla.phis.me/document/HT%2098a/index-word.html,sigla_word_seq_pattern | source=SigLA | ingested=2026-02-24T02:56:37Z
OBS_001823,external:sigla,external_csv,HT 98A,word_4,1620,AB59 AB06 AB37,,AB59 AB06 AB37,AB59 AB06 AB37,AB59 AB06 AB37,http://sigla.phis.me/document/HT%2098a/index-word.html,sigla_word_seq_pattern | source=SigLA | ingested=2026-02-24T02:56:37Z
OBS_001824,external:sigla,external_csv,HT 98A,word_5,1621,AB07 AB27 AB07 AB06,,AB07 AB27 AB07 AB06,AB07 AB27 AB07 AB06,AB07 AB27 AB07 AB06,http://sigla.phis.me/document/HT%2098a/index-word.html,sigla_word_seq_pattern | source=SigLA | ingested=2026-02-24T02:56:37Z
OBS_001825,external:sigla,external_csv,HT 98A,word_6,1622,AB04 A301,,AB04 A301,AB04 A301,AB04 A301,http://sigla.phis.me/document/HT%2098a/index-word.html,sigla_word_seq_pattern | source=SigLA | ingested=2026-02-24T02:56:37Z
OBS_001826,external:sigla,external_csv,HT 98A,word_7,1623,AB02 AB44,,AB02 AB44,AB02 AB44,AB02 AB44,http://sigla.phis.me/document/HT%2098a/index-word.html,sigla_word_seq_pattern | source=SigLA | ingested=2026-02-24T02:56:37Z
OBS_001827,external:sigla,external_csv,HT 98A,word_8,1624,AB77 AB53 A310 AB28,,AB77 AB53 A310 AB28,AB77 AB53 A310 AB28,AB77 AB53 A310 AB28,http://sigla.phis.me/document/HT%2098a/index-word.html,sigla_word_seq_pattern | source=SigLA | ingested=2026-02-24T02:56:37Z
OBS_001828,external:sigla,external_csv,HT 98B,word_1,1625,AB01 AB26 AB24 AB04,,AB01 AB26 AB24 AB04,AB01 AB26 AB24 AB04,AB01 AB26 AB24 AB04,http://sigla.phis.me/document/HT%2098b/index-word.html,sigla_word_seq_pattern | source=SigLA | ingested=2026-02-24T02:56:37Z
OBS_001829,external:youngerarchive,external_csv,HT 99,a.1_stmt,1626,A DU,,A DU,A DU,A DU,https://web.archive.org/web/20190416193018/http://www.people.ku.edu/~jyounger/LinearA/HTtexts.html,younger_table_statement | source=YoungerArchive | ingested=2026-02-24T02:56:37Z
OBS_001830,external:youngerarchive,external_csv,HT 99,a.1_stmt,1627,SA RA2,,SA RA2,SA RA2,SA RA2,https://web.archive.org/web/20190416193018/http://www.people.ku.edu/~jyounger/LinearA/HTtexts.html,younger_table_statement | source=YoungerArchive | ingested=2026-02-24T02:56:37Z
OBS_001831,external:youngerarchive,external_csv,HT 99,a.2_log,1628,FIC,,FIC,FIC,FIC,https://web.archive.org/web/20190416193018/http://www.people.ku.edu/~jyounger/LinearA/HTtexts.html,younger_table_logogram | source=YoungerArchive | ingested=2026-02-24T02:56:37Z
OBS_001832,external:youngerarchive,external_csv,HT 99,a.2_log,1629,GRA QE[,,GRA QE[,GRA QE[,GRA QE[,https://web.archive.org/web/20190416193018/http://www.people.ku.edu/~jyounger/LinearA/HTtexts.html,younger_table_logogram | source=YoungerArchive | ingested=2026-02-24T02:56:37Z
OBS_001833,external:youngerarchive,external_csv,HT 99,a.2_log,1630,VINA,,VINA,VINA,VINA,https://web.archive.org/web/20190416193018/http://www.people.ku.edu/~jyounger/LinearA/HTtexts.html,younger_table_logogram | source=YoungerArchive | ingested=2026-02-24T02:56:37Z
OBS_001834,external:youngerarchive,external_csv,HT 99,b.1_log,1631,SI SE FIC,,SI SE FIC,SI SE FIC,SI SE FIC,https://web.archive.org/web/20190416193018/http://www.people.ku.edu/~jyounger/LinearA/HTtexts.html,younger_table_logogram | source=YoungerArchive | ingested=2026-02-24T02:56:37Z
OBS_001835,external:youngerarchive,external_csv,HT 99,b.1_stmt,1632,DA SI,,DA SI,DA SI,DA SI,https://web.archive.org/web/20190416193018/http://www.people.ku.edu/~jyounger/LinearA/HTtexts.html,younger_table_statement | source=YoungerArchive | ingested=2026-02-24T02:56:37Z
OBS_001836,external:youngerarchive,external_csv,HT 99,b.1_stmt,1633,ZU DU,,ZU DU,ZU DU,ZU DU,https://web.archive.org/web/20190416193018/http://www.people.ku.edu/~jyounger/LinearA/HTtexts.html,younger_table_statement | source=YoungerArchive | ingested=2026-02-24T02:56:37Z
OBS_001837,external:youngerarchive,external_csv,HT 99,b.2-3_stmt,1634,RU MA TA,,RU MA TA,RU MA TA,RU MA TA,https://web.archive.org/web/20190416193018/http://www.people.ku.edu/~jyounger/LinearA/HTtexts.html,younger_table_statement | source=YoungerArchive | ingested=2026-02-24T02:56:37Z
OBS_001838,external:sigla,external_csv,HT 99A,word_1,1635,AB08 AB51,,AB08 AB51,AB08 AB51,AB08 AB51,http://sigla.phis.me/document/HT%2099a/index-word.html,sigla_word_seq_pattern | source=SigLA | ingested=2026-02-24T02:56:37Z
OBS_001839,external:sigla,external_csv,HT 99A,word_2,1636,AB31 AB76,,AB31 AB76,AB31 AB76,AB31 AB76,http://sigla.phis.me/document/HT%2099a/index-word.html,sigla_word_seq_pattern | source=SigLA | ingested=2026-02-24T02:56:37Z
OBS_001840,external:sigla,external_csv,HT 99B,word_1,1637,AB01 AB41 AB118,,AB01 AB41 AB118,AB01 AB41 AB118,AB01 AB41 AB118,http://sigla.phis.me/document/HT%2099b/index-word.html,sigla_word_seq_pattern | source=SigLA | ingested=2026-02-24T02:56:37Z
OBS_001841,external:sigla,external_csv,HT 99B,word_2,1638,AB79 AB51,,AB79 AB51,AB79 AB51,AB79 AB51,http://sigla.phis.me/document/HT%2099b/index-word.html,sigla_word_seq_pattern | source=SigLA | ingested=2026-02-24T02:56:37Z
OBS_001842,external:sigla,external_csv,HT 99B,word_3,1639,AB26 AB80 AB59,,AB26 AB80 AB59,AB26 AB80 AB59,AB26 AB80 AB59,http://sigla.phis.me/document/HT%2099b/index-word.html,sigla_word_seq_pattern | source=SigLA | ingested=2026-02-24T02:56:37Z
OBS_001843,external:sigla,external_csv,HT 9A,word_1,1640,AB31 AB02,,AB31 AB02,AB31 AB02,AB31 AB02,http://sigla.phis.me/document/HT%209a/index-word.html,sigla_word_seq_pattern | source=SigLA | ingested=2026-02-24T02:56:37Z
OBS_001844,external:sigla,external_csv,HT 9A,word_2,1641,AB03 AB45,,AB03 AB45,AB03 AB45,AB03 AB45,http://sigla.phis.me/document/HT%209a/index-word.html,sigla_word_seq_pattern | source=SigLA | ingested=2026-02-24T02:56:37Z
OBS_001845,external:sigla,external_csv,HT 9A,word_3,1642,A306 AB69,,A306 AB69,A306 AB69,A306 AB69,http://sigla.phis.me/document/HT%209a/index-word.html,sigla_word_seq_pattern | source=SigLA | ingested=2026-02-24T02:56:37Z
OBS_001846,external:sigla,external_csv,HT 9A,word_4,1643,AB07 AB06 AB10,,AB07 AB06 AB10,AB07 AB06 AB10,AB07 AB06 AB10,http://sigla.phis.me/document/HT%209a/index-word.html,sigla_word_seq_pattern | source=SigLA | ingested=2026-02-24T02:56:37Z
OBS_001847,external:sigla,external_csv,HT 9A,word_5,1644,AB78 AB50,,AB78 AB50,AB78 AB50,AB78 AB50,http://sigla.phis.me/document/HT%209a/index-word.html,sigla_word_seq_pattern | source=SigLA | ingested=2026-02-24T02:56:37Z
OBS_001848,external:sigla,external_csv,HT 9A,word_6,1645,A324 AB07 AB60,,A324 AB07 AB60,A324 AB07 AB60,A324 AB07 AB60,http://sigla.phis.me/document/HT%209a/index-word.html,sigla_word_seq_pattern | source=SigLA | ingested=2026-02-24T02:56:37Z
OBS_001849,external:sigla,external_csv,HT 9A,word_7,1646,AB59 AB28 AB123,,AB59 AB28 AB123,AB59 AB28 AB123,AB59 AB28 AB123,http://sigla.phis.me/document/HT%209a/index-word.html,sigla_word_seq_pattern | source=SigLA | ingested=2026-02-24T02:56:37Z
OBS_001850,external:sigla,external_csv,HT 9A,word_8,1647,AB08 AB26 AB81 AB02,,AB08 AB26 AB81 AB02,AB08 AB26 AB81 AB02,AB08 AB26 AB81 AB02,http://sigla.phis.me/document/HT%209a/index-word.html,sigla_word_seq_pattern | source=SigLA | ingested=2026-02-24T02:56:37Z
OBS_001851,external:sigla,external_csv,HT 9B,word_1,1648,AB54 AB57 AB39 [?],,AB54 AB57 AB39 [?],AB54 AB57 AB39 [?],AB54 AB57 AB39 [?],http://sigla.phis.me/document/HT%209b/index-word.html,sigla_word_seq_pattern | source=SigLA | ingested=2026-02-24T02:56:37Z
OBS_001852,external:sigla,external_csv,HT 9B,word_10,1649,AB81 AB02,,AB81 AB02,AB81 AB02,AB81 AB02,http://sigla.phis.me/document/HT%209b/index-word.html,sigla_word_seq_pattern | source=SigLA | ingested=2026-02-24T02:56:37Z
OBS_001853,external:sigla,external_csv,HT 9B,word_2,1650,AB77 A305,,AB77 A305,AB77 A305,AB77 A305,http://sigla.phis.me/document/HT%209b/index-word.html,sigla_word_seq_pattern | source=SigLA | ingested=2026-02-24T02:56:37Z
OBS_001854,external:sigla,external_csv,HT 9B,word_3,1651,AB03 AB45,,AB03 AB45,AB03 AB45,AB03 AB45,http://sigla.phis.me/document/HT%209b/index-word.html,sigla_word_seq_pattern | source=SigLA | ingested=2026-02-24T02:56:37Z
OBS_001855,external:sigla,external_csv,HT 9B,word_4,1652,AB08 AB41,,AB08 AB41,AB08 AB41,AB08 AB41,http://sigla.phis.me/document/HT%209b/index-word.html,sigla_word_seq_pattern | source=SigLA | ingested=2026-02-24T02:56:37Z
OBS_001856,external:sigla,external_csv,HT 9B,word_5,1653,A306 AB69,,A306 AB69,A306 AB69,A306 AB69,http://sigla.phis.me/document/HT%209b/index-word.html,sigla_word_seq_pattern | source=SigLA | ingested=2026-02-24T02:56:37Z
OBS_001857,external:sigla,external_csv,HT 9B,word_6,1654,A324 AB07 AB60,,A324 AB07 AB60,A324 AB07 AB60,A324 AB07 AB60,http://sigla.phis.me/document/HT%209b/index-word.html,sigla_word_seq_pattern | source=SigLA | ingested=2026-02-24T02:56:37Z
OBS_001858,external:sigla,external_csv,HT 9B,word_7,1655,AB78 AB50,,AB78 AB50,AB78 AB50,AB78 AB50,http://sigla.phis.me/document/HT%209b/index-word.html,sigla_word_seq_pattern | source=SigLA | ingested=2026-02-24T02:56:37Z
OBS_001859,external:sigla,external_csv,HT 9B,word_8,1656,AB59 AB28 AB123,,AB59 AB28 AB123,AB59 AB28 AB123,AB59 AB28 AB123,http://sigla.phis.me/document/HT%209b/index-word.html,sigla_word_seq_pattern | source=SigLA | ingested=2026-02-24T02:56:37Z
OBS_001860,external:sigla,external_csv,HT 9B,word_9,1657,AB07 AB06 AB10,,AB07 AB06 AB10,AB07 AB06 AB10,AB07 AB06 AB10,http://sigla.phis.me/document/HT%209b/index-word.html,sigla_word_seq_pattern | source=SigLA | ingested=2026-02-24T02:56:37Z
OBS_001861,external:sigla,external_csv,HT WA 1001,word_1,1658,AB01 AB77,,AB01 AB77,AB01 AB77,AB01 AB77,http://sigla.phis.me/document/HT%20Wa%201001/index-word.html,sigla_word_seq_pattern | source=SigLA | ingested=2026-02-24T02:56:37Z
OBS_001862,external:sigla,external_csv,HT WA 1002,word_1,1659,AB01 AB77,,AB01 AB77,AB01 AB77,AB01 AB77,http://sigla.phis.me/document/HT%20Wa%201002/index-word.html,sigla_word_seq_pattern | source=SigLA | ingested=2026-02-24T02:56:37Z
OBS_001863,external:sigla,external_csv,HT WA 1003,word_1,1660,AB01 AB77,,AB01 AB77,AB01 AB77,AB01 AB77,http://sigla.phis.me/document/HT%20Wa%201003/index-word.html,sigla_word_seq_pattern | source=SigLA | ingested=2026-02-24T02:56:37Z
OBS_001864,external:sigla,external_csv,HT WA 1004,word_1,1661,AB01 AB77,,AB01 AB77,AB01 AB77,AB01 AB77,http://sigla.phis.me/document/HT%20Wa%201004/index-word.html,sigla_word_seq_pattern | source=SigLA | ingested=2026-02-24T02:56:37Z
OBS_001865,external:sigla,external_csv,HT WA 1005,word_1,1662,AB01 AB77,,AB01 AB77,AB01 AB77,AB01 AB77,http://sigla.phis.me/document/HT%20Wa%201005/index-word.html,sigla_word_seq_pattern | source=SigLA | ingested=2026-02-24T02:56:37Z
OBS_001866,external:sigla,external_csv,HT WA 1006,word_1,1663,AB28 AB76,,AB28 AB76,AB28 AB76,AB28 AB76,http://sigla.phis.me/document/HT%20Wa%201006/index-word.html,sigla_word_seq_pattern | source=SigLA | ingested=2026-02-24T02:56:37Z
OBS_001867,external:sigla,external_csv,HT WA 1007,word_1,1664,AB28 AB76,,AB28 AB76,AB28 AB76,AB28 AB76,http://sigla.phis.me/document/HT%20Wa%201007/index-word.html,sigla_word_seq_pattern | source=SigLA | ingested=2026-02-24T02:56:37Z
OBS_001868,external:sigla,external_csv,HT WA 1008,word_1,1665,AB28 AB76,,AB28 AB76,AB28 AB76,AB28 AB76,http://sigla.phis.me/document/HT%20Wa%201008/index-word.html,sigla_word_seq_pattern | source=SigLA | ingested=2026-02-24T02:56:37Z
OBS_001869,external:sigla,external_csv,HT WA 1009,word_1,1666,AB28 AB76,,AB28 AB76,AB28 AB76,AB28 AB76,http://sigla.phis.me/document/HT%20Wa%201009/index-word.html,sigla_word_seq_pattern | source=SigLA | ingested=2026-02-24T02:56:37Z
OBS_001870,external:sigla,external_csv,HT WA 1010,word_1,1667,AB28 AB76,,AB28 AB76,AB28 AB76,AB28 AB76,http://sigla.phis.me/document/HT%20Wa%201010/index-word.html,sigla_word_seq_pattern | source=SigLA | ingested=2026-02-24T02:56:37Z
OBS_001871,external:sigla,external_csv,HT WA 1011,word_1,1668,AB28 AB76,,AB28 AB76,AB28 AB76,AB28 AB76,http://sigla.phis.me/document/HT%20Wa%201011/index-word.html,sigla_word_seq_pattern | source=SigLA | ingested=2026-02-24T02:56:37Z
OBS_001872,external:sigla,external_csv,HT WA 1012,word_1,1669,AB28 AB76,,AB28 AB76,AB28 AB76,AB28 AB76,http://sigla.phis.me/document/HT%20Wa%201012/index-word.html,sigla_word_seq_pattern | source=SigLA | ingested=2026-02-24T02:56:37Z
OBS_001873,external:sigla,external_csv,HT WA 1013,word_1,1670,AB28 AB76,,AB28 AB76,AB28 AB76,AB28 AB76,http://sigla.phis.me/document/HT%20Wa%201013/index-word.html,sigla_word_seq_pattern | source=SigLA | ingested=2026-02-24T02:56:37Z
OBS_001874,external:sigla,external_csv,HT WA 1014,word_1,1671,AB41 AB77,,AB41 AB77,AB41 AB77,AB41 AB77,http://sigla.phis.me/document/HT%20Wa%201014/index-word.html,sigla_word_seq_pattern | source=SigLA | ingested=2026-02-24T02:56:37Z
OBS_001875,external:sigla,external_csv,HT WA 1015,word_1,1672,AB41 AB77,,AB41 AB77,AB41 AB77,AB41 AB77,http://sigla.phis.me/document/HT%20Wa%201015/index-word.html,sigla_word_seq_pattern | source=SigLA | ingested=2026-02-24T02:56:37Z
OBS_001876,external:sigla,external_csv,HT WA 1016,word_1,1673,AB41 AB77,,AB41 AB77,AB41 AB77,AB41 AB77,http://sigla.phis.me/document/HT%20Wa%201016/index-word.html,sigla_word_seq_pattern | source=SigLA | ingested=2026-02-24T02:56:37Z
OBS_001877,external:sigla,external_csv,HT WA 1017,word_1,1674,AB41 AB77,,AB41 AB77,AB41 AB77,AB41 AB77,http://sigla.phis.me/document/HT%20Wa%201017/index-word.html,sigla_word_seq_pattern | source=SigLA | ingested=2026-02-24T02:56:37Z
OBS_001878,external:sigla,external_csv,HT WA 1018,word_1,1675,AB41 AB77,,AB41 AB77,AB41 AB77,AB41 AB77,http://sigla.phis.me/document/HT%20Wa%201018/index-word.html,sigla_word_seq_pattern | source=SigLA | ingested=2026-02-24T02:56:37Z
OBS_001879,external:sigla,external_csv,HT WA 1019,word_1,1676,AB03 AB59 AB24,,AB03 AB59 AB24,AB03 AB59 AB24,AB03 AB59 AB24,http://sigla.phis.me/document/HT%20Wa%201019%CE%B1/index-word.html,sigla_word_seq_pattern | source=SigLA | ingested=2026-02-24T02:56:37Z
OBS_001880,external:sigla,external_csv,HT WA 1019,word_1,1677,AB41 AB69,,AB41 AB69,AB41 AB69,AB41 AB69,http://sigla.phis.me/document/HT%20Wa%201019%CE%B3/index-word.html,sigla_word_seq_pattern | source=SigLA | ingested=2026-02-24T02:56:37Z
OBS_001881,external:sigla,external_csv,HT WA 1020,word_1,1678,A629,,A629,A629,A629,http://sigla.phis.me/document/HT%20Wa%201020%CE%B1/index-word.html,sigla_word_seq_pattern | source=SigLA | ingested=2026-02-24T02:56:37Z
OBS_001882,external:sigla,external_csv,HT WA 1020,word_1,1679,AB46 AB59 AB06,,AB46 AB59 AB06,AB46 AB59 AB06,AB46 AB59 AB06,http://sigla.phis.me/document/HT%20Wa%201020%CE%B3/index-word.html,sigla_word_seq_pattern | source=SigLA | ingested=2026-02-24T02:56:37Z
OBS_001883,external:sigla,external_csv,HT WA 1020,word_2,1680,AB81 AB03,,AB81 AB03,AB81 AB03,AB81 AB03,http://sigla.phis.me/document/HT%20Wa%201020%CE%B1/index-word.html,sigla_word_seq_pattern | source=SigLA | ingested=2026-02-24T02:56:37Z
OBS_001884,external:sigla,external_csv,HT WA 1021,word_1,1681,AB188 AB51,,AB188 AB51,AB188 AB51,AB188 AB51,http://sigla.phis.me/document/HT%20Wa%201021%CE%B1/index-word.html,sigla_word_seq_pattern | source=SigLA | ingested=2026-02-24T02:56:37Z
OBS_001885,external:sigla,external_csv,HT WA 1028,word_1,1682,AB41,,AB41,AB41,AB41,http://sigla.phis.me/document/HT%20Wa%201028%CE%B1/index-word.html,sigla_word_seq_pattern | source=SigLA | ingested=2026-02-24T02:56:37Z
OBS_001886,external:sigla,external_csv,HT WA 1028,word_1,1683,AB77,,AB77,AB77,AB77,http://sigla.phis.me/document/HT%20Wa%201028%CE%B3/index-word.html,sigla_word_seq_pattern | source=SigLA | ingested=2026-02-24T02:56:37Z
OBS_001887,external:sigla,external_csv,HT WA 1029,word_1,1684,A301,,A301,A301,A301,http://sigla.phis.me/document/HT%20Wa%201029%CE%B1/index-word.html,sigla_word_seq_pattern | source=SigLA | ingested=2026-02-24T02:56:37Z
OBS_001888,external:sigla,external_csv,HT WA 1242,word_1,1685,AB41,,AB41,AB41,AB41,http://sigla.phis.me/document/HT%20Wa%201242/index-word.html,sigla_word_seq_pattern | source=SigLA | ingested=2026-02-24T02:56:37Z
OBS_001889,external:youngerarchive,external_csv,HT WC 3001,.a: PA-SE-JA_stmt,1686,B J,,B J,B J,B J,https://web.archive.org/web/20190416193018/http://www.people.ku.edu/~jyounger/LinearA/HTtexts.html,younger_table_statement | source=YoungerArchive | ingested=2026-02-24T02:56:37Z
OBS_001890,external:sigla,external_csv,HT WC 3001,word_1,1687,AB03 AB09 AB57,,AB03 AB09 AB57,AB03 AB09 AB57,AB03 AB09 AB57,http://sigla.phis.me/document/HT%20Wc%203001/index-word.html,sigla_word_seq_pattern | source=SigLA | ingested=2026-02-24T02:56:37Z
OBS_001891,external:sigla,external_csv,HT WC 3002,word_1,1688,AB03 AB09 AB57,,AB03 AB09 AB57,AB03 AB09 AB57,AB03 AB09 AB57,http://sigla.phis.me/document/HT%20Wc%203002/index-word.html,sigla_word_seq_pattern | source=SigLA | ingested=2026-02-24T02:56:37Z
OBS_001892,external:sigla,external_csv,HT WC 3003,word_1,1689,AB77 AB27 AB02,,AB77 AB27 AB02,AB77 AB27 AB02,AB77 AB27 AB02,http://sigla.phis.me/document/HT%20Wc%203003/index-word.html,sigla_word_seq_pattern | source=SigLA | ingested=2026-02-24T02:56:37Z
OBS_001893,external:youngerarchive,external_csv,HT WC 3004,.a: TA-NI-KA_stmt,1690,B SE,,B SE,B SE,B SE,https://web.archive.org/web/20190416193018/http://www.people.ku.edu/~jyounger/LinearA/HTtexts.html,younger_table_statement | source=YoungerArchive | ingested=2026-02-24T02:56:37Z
OBS_001894,external:sigla,external_csv,HT WC 3004A,word_1,1691,AB79 AB30 AB77,,AB79 AB30 AB77,AB79 AB30 AB77,AB79 AB30 AB77,http://sigla.phis.me/document/HT%20Wc%203004a/index-word.html,sigla_word_seq_pattern | source=SigLA | ingested=2026-02-24T02:56:37Z
OBS_001895,external:youngerarchive,external_csv,HT WC 3005,a: TA-NI- KA_stmt,1692,B SE,,B SE,B SE,B SE,https://web.archive.org/web/20190416193018/http://www.people.ku.edu/~jyounger/LinearA/HTtexts.html,younger_table_statement | source=YoungerArchive | ingested=2026-02-24T02:56:37Z
OBS_001896,external:sigla,external_csv,HT WC 3005A,word_1,1693,AB59 AB30 AB77,,AB59 AB30 AB77,AB59 AB30 AB77,AB59 AB30 AB77,http://sigla.phis.me/document/HT%20Wc%203005a/index-word.html,sigla_word_seq_pattern | source=SigLA | ingested=2026-02-24T02:56:37Z
OBS_001897,external:youngerarchive,external_csv,HT WC 3006,a: WA-O-MI_stmt,1694,B RA PU3 RA,,B RA PU3 RA,B RA PU3 RA,B RA PU3 RA,https://web.archive.org/web/20190416193018/http://www.people.ku.edu/~jyounger/LinearA/HTtexts.html,younger_table_statement | source=YoungerArchive | ingested=2026-02-24T02:56:37Z
OBS_001898,external:sigla,external_csv,HT WC 3006A,word_1,1695,AB54 AB61 AB73,,AB54 AB61 AB73,AB54 AB61 AB73,AB54 AB61 AB73,http://sigla.phis.me/document/HT%20Wc%203006a/index-word.html,sigla_word_seq_pattern | source=SigLA | ingested=2026-02-24T02:56:37Z
OBS_001899,external:sigla,external_csv,HT WC 3006B,word_1,1696,AB60 A314 AB60,,AB60 A314 AB60,AB60 A314 AB60,AB60 A314 AB60,http://sigla.phis.me/document/HT%20Wc%203006b/index-word.html,sigla_word_seq_pattern | source=SigLA | ingested=2026-02-24T02:56:37Z
OBS_001900,external:sigla,external_csv,HT WC 3007,word_1,1697,AB54 AB07 AB30,,AB54 AB07 AB30,AB54 AB07 AB30,AB54 AB07 AB30,http://sigla.phis.me/document/HT%20Wc%203007/index-word.html,sigla_word_seq_pattern | source=SigLA | ingested=2026-02-24T02:56:37Z
OBS_001901,external:youngerarchive,external_csv,HT WC 3008,a: WA-DI-NI_stmt,1698,B RU JA TA DI,,B RU JA TA DI,B RU JA TA DI,B RU JA TA DI,https://web.archive.org/web/20190416193018/http://www.people.ku.edu/~jyounger/LinearA/HTtexts.html,younger_table_statement | source=YoungerArchive | ingested=2026-02-24T02:56:37Z
OBS_001902,external:sigla,external_csv,HT WC 3008A,word_1,1699,AB54 AB07 AB30,,AB54 AB07 AB30,AB54 AB07 AB30,AB54 AB07 AB30,http://sigla.phis.me/document/HT%20Wc%203008a/index-word.html,sigla_word_seq_pattern | source=SigLA | ingested=2026-02-24T02:56:37Z
OBS_001903,external:sigla,external_csv,HT WC 3008B,word_1,1700,AB26 AB57 AB59 AB07,,AB26 AB57 AB59 AB07,AB26 AB57 AB59 AB07,AB26 AB57 AB59 AB07,http://sigla.phis.me/document/HT%20Wc%203008b/index-word.html,sigla_word_seq_pattern | source=SigLA | ingested=2026-02-24T02:56:37Z
OBS_001904,external:sigla,external_csv,HT WC 3009A,word_1,1701,A333 AB07 AB58 AB77,,A333 AB07 AB58 AB77,A333 AB07 AB58 AB77,A333 AB07 AB58 AB77,http://sigla.phis.me/document/HT%20Wc%203009a/index-word.html,sigla_word_seq_pattern | source=SigLA | ingested=2026-02-24T02:56:37Z
OBS_001905,external:sigla,external_csv,HT WC 3010,word_1,1702,A333 AB07 AB06 AB58 AB77,,A333 AB07 AB06 AB58 AB77,A333 AB07 AB06 AB58 AB77,A333 AB07 AB06 AB58 AB77,http://sigla.phis.me/document/HT%20Wc%203010/index-word.html,sigla_word_seq_pattern | source=SigLA | ingested=2026-02-24T02:56:37Z
OBS_001906,external:sigla,external_csv,HT WC 3011,word_1,1703,AB79 AB07 AB60,,AB79 AB07 AB60,AB79 AB07 AB60,AB79 AB07 AB60,http://sigla.phis.me/document/HT%20Wc%203011/index-word.html,sigla_word_seq_pattern | source=SigLA | ingested=2026-02-24T02:56:37Z
OBS_001907,external:youngerarchive,external_csv,HT WC 3012,a: ZU-DI-RA_stmt,1704,B RE RO,,B RE RO,B RE RO,B RE RO,https://web.archive.org/web/20190416193018/http://www.people.ku.edu/~jyounger/LinearA/HTtexts.html,younger_table_statement | source=YoungerArchive | ingested=2026-02-24T02:56:37Z
OBS_001908,external:sigla,external_csv,HT WC 3012A,word_1,1705,AB79 AB07 AB60,,AB79 AB07 AB60,AB79 AB07 AB60,AB79 AB07 AB60,http://sigla.phis.me/document/HT%20Wc%203012a/index-word.html,sigla_word_seq_pattern | source=SigLA | ingested=2026-02-24T02:56:37Z
OBS_001909,external:sigla,external_csv,HT WC 3012B,word_1,1706,AB27 AB02,,AB27 AB02,AB27 AB02,AB27 AB02,http://sigla.phis.me/document/HT%20Wc%203012b/index-word.html,sigla_word_seq_pattern | source=SigLA | ingested=2026-02-24T02:56:37Z
OBS_001910,external:youngerarchive,external_csv,HT WC 3013,statement_log,1707,NO OFIMPRESSIONS,,NO OFIMPRESSIONS,NO OFIMPRESSIONS,NO OFIMPRESSIONS,https://web.archive.org/web/20190416193018/http://www.people.ku.edu/~jyounger/LinearA/HTtexts.html,younger_table_logogram | source=YoungerArchive | ingested=2026-02-24T02:56:37Z
OBS_001911,external:youngerarchive,external_csv,HT WC 3014,a-b: KU-MI-NA-QE_stmt,1708,B CAP,,B CAP,B CAP,B CAP,https://web.archive.org/web/20190416193018/http://www.people.ku.edu/~jyounger/LinearA/HTtexts.html,younger_table_statement | source=YoungerArchive | ingested=2026-02-24T02:56:37Z
OBS_001912,external:sigla,external_csv,HT WC 3014A,word_1,1709,AB81 AB73 AB06,,AB81 AB73 AB06,AB81 AB73 AB06,AB81 AB73 AB06,http://sigla.phis.me/document/HT%20Wc%203014a/index-word.html,sigla_word_seq_pattern | source=SigLA | ingested=2026-02-24T02:56:37Z
OBS_001913,external:sigla,external_csv,HT WC 3014B,word_1,1710,AB78,,AB78,AB78,AB78,http://sigla.phis.me/document/HT%20Wc%203014b/index-word.html,sigla_word_seq_pattern | source=SigLA | ingested=2026-02-24T02:56:37Z
OBS_001914,external:sigla,external_csv,HT WC 3015A,word_1,1711,AB77 AB81 AB03,,AB77 AB81 AB03,AB77 AB81 AB03,AB77 AB81 AB03,http://sigla.phis.me/document/HT%20Wc%203015a/index-word.html,sigla_word_seq_pattern | source=SigLA | ingested=2026-02-24T02:56:37Z
OBS_001915,external:youngerarchive,external_csv,HT WC 3016,a: KA-KU-PA_stmt,1712,B PA D,,B PA D,B PA D,B PA D,https://web.archive.org/web/20190416193018/http://www.people.ku.edu/~jyounger/LinearA/HTtexts.html,younger_table_statement | source=YoungerArchive | ingested=2026-02-24T02:56:37Z
OBS_001916,external:sigla,external_csv,HT WC 3016A,word_1,1713,AB77 AB81 AB03,,AB77 AB81 AB03,AB77 AB81 AB03,AB77 AB81 AB03,http://sigla.phis.me/document/HT%20Wc%203016a/index-word.html,sigla_word_seq_pattern | source=SigLA | ingested=2026-02-24T02:56:37Z
OBS_001917,external:sigla,external_csv,HT WC 3017A,word_1,1714,AB16 AB81 AB27 AB06 A306,,AB16 AB81 AB27 AB06 A306,AB16 AB81 AB27 AB06 A306,AB16 AB81 AB27 AB06 A306,http://sigla.phis.me/document/HT%20Wc%203017a/index-word.html,sigla_word_seq_pattern | source=SigLA | ingested=2026-02-24T02:56:37Z
OBS_001918,external:youngerarchive,external_csv,HT WC 3018,a: KA_stmt,1715,B D,,B D,B D,B D,https://web.archive.org/web/20190416193018/http://www.people.ku.edu/~jyounger/LinearA/HTtexts.html,younger_table_statement | source=YoungerArchive | ingested=2026-02-24T02:56:37Z
OBS_001919,external:youngerarchive,external_csv,HT WC 3019,table1_row2_stmt,1716,A TELA3 B E,,A TELA3 B E,A TELA3 B E,A TELA3 B E,https://web.archive.org/web/20190416193018/http://www.people.ku.edu/~jyounger/LinearA/HTtexts.html,younger_table_statement | source=YoungerArchive | ingested=2026-02-24T02:56:37Z
OBS_001920,external:sigla,external_csv,HT WC 3020A,word_1,1717,AB188 AB51,,AB188 AB51,AB188 AB51,AB188 AB51,http://sigla.phis.me/document/HT%20Wc%203020a/index-word.html,sigla_word_seq_pattern | source=SigLA | ingested=2026-02-24T02:56:37Z
OBS_001921,external:youngerarchive,external_csv,HT WC 3022,table1_row2_stmt,1718,VIR,,VIR,VIR,VIR,https://web.archive.org/web/20190416193018/http://www.people.ku.edu/~jyounger/LinearA/HTtexts.html,younger_table_statement | source=YoungerArchive | ingested=2026-02-24T02:56:37Z
OBS_001922,external:youngerarchive,external_csv,HT WC 3024,a: A-RA-TU- ME_stmt,1719,B OVISF,,B OVISF,B OVISF,B OVISF,https://web.archive.org/web/20190416193018/http://www.people.ku.edu/~jyounger/LinearA/HTtexts.html,younger_table_statement | source=YoungerArchive | ingested=2026-02-24T02:56:37Z
OBS_001923,external:youngerarchive,external_csv,HT WE WC 3020,a: *188-DU_stmt,1720,B PA D,,B PA D,B PA D,B PA D,https://web.archive.org/web/20190416193018/http://www.people.ku.edu/~jyounger/LinearA/HTtexts.html,younger_table_statement | source=YoungerArchive | ingested=2026-02-24T02:56:37Z
OBS_001924,external:sigla,external_csv,HT ZB 158A,word_1,1721,[?] AB69 AB09 AB58 AB67,,[?] AB69 AB09 AB58 AB67,[?] AB69 AB09 AB58 AB67,[?] AB69 AB09 AB58 AB67,http://sigla.phis.me/document/HT%20Zb%20158a/index-word.html,sigla_word_seq_pattern | source=SigLA | ingested=2026-02-24T02:56:37Z
OBS_001925,external:sigla,external_csv,HT ZB 158B,word_1,1722,AB58 AB67 AB53 AB04 AB28 AB57,,AB58 AB67 AB53 AB04 AB28 AB57,AB58 AB67 AB53 AB04 AB28 AB57,AB58 AB67 AB53 AB04 AB28 AB57,http://sigla.phis.me/document/HT%20Zb%20158b/index-word.html,sigla_word_seq_pattern | source=SigLA | ingested=2026-02-24T02:56:37Z
OBS_001926,external:sigla,external_csv,HT ZB 159,word_1,1723,AB08 AB06 AB55 AB41 AB57 AB09,,AB08 AB06 AB55 AB41 AB57 AB09,AB08 AB06 AB55 AB41 AB57 AB09,AB08 AB06 AB55 AB41 AB57 AB09,http://sigla.phis.me/document/HT%20Zb%20159/index-word.html,sigla_word_seq_pattern | source=SigLA | ingested=2026-02-24T02:56:37Z
OBS_001927,external:sigla,external_csv,HT ZB 160,word_1,1724,AB03 AB59 AB01,,AB03 AB59 AB01,AB03 AB59 AB01,AB03 AB59 AB01,http://sigla.phis.me/document/HT%20Zb%20160/index-word.html,sigla_word_seq_pattern | source=SigLA | ingested=2026-02-24T02:56:37Z
OBS_001928,external:sigla,external_csv,HT ZB 160,word_2,1725,AB51 AB29 AB27,,AB51 AB29 AB27,AB51 AB29 AB27,AB51 AB29 AB27,http://sigla.phis.me/document/HT%20Zb%20160/index-word.html,sigla_word_seq_pattern | source=SigLA | ingested=2026-02-24T02:56:37Z
OBS_001929,external:sigla,external_csv,HT ZB 161,word_1,1726,AB41 AB50,,AB41 AB50,AB41 AB50,AB41 AB50,http://sigla.phis.me/document/HT%20Zb%20161/index-word.html,sigla_word_seq_pattern | source=SigLA | ingested=2026-02-24T02:56:37Z
OBS_001930,external:sigla,external_csv,HT ZD 155,word_1,1727,AB08 AB65,,AB08 AB65,AB08 AB65,AB08 AB65,http://sigla.phis.me/document/HT%20Zd%20155/index-word.html,sigla_word_seq_pattern | source=SigLA | ingested=2026-02-24T02:56:37Z
OBS_001931,external:sigla,external_csv,HT ZD 155,word_2,1728,AB06 AB80 AB80 AB37 AB37 A319,,AB06 AB80 AB80 AB37 AB37 A319,AB06 AB80 AB80 AB37 AB37 A319,AB06 AB80 AB80 AB37 AB37 A319,http://sigla.phis.me/document/HT%20Zd%20155/index-word.html,sigla_word_seq_pattern | source=SigLA | ingested=2026-02-24T02:56:37Z
OBS_001932,external:sigla,external_csv,HT ZD 156,word_1,1729,AB59 AB57,,AB59 AB57,AB59 AB57,AB59 AB57,http://sigla.phis.me/document/HT%20Zd%20156/index-word.html,sigla_word_seq_pattern | source=SigLA | ingested=2026-02-24T02:56:37Z
OBS_001933,external:sigla,external_csv,HT ZD 157,word_1,1730,AB40 AB57 AB58,,AB40 AB57 AB58,AB40 AB57 AB58,AB40 AB57 AB58,http://sigla.phis.me/document/HT%20Zd%20157/index-word.html,sigla_word_seq_pattern | source=SigLA | ingested=2026-02-24T02:56:37Z
OBS_001934,external:sigla,external_csv,HT ZD 157,word_2,1731,AB80 AB37 AB37 A319,,AB80 AB37 AB37 A319,AB80 AB37 AB37 A319,AB80 AB37 AB37 A319,http://sigla.phis.me/document/HT%20Zd%20157/index-word.html,sigla_word_seq_pattern | source=SigLA | ingested=2026-02-24T02:56:37Z
OBS_001935,external:youngerarchive,external_csv,KE 1,.1_stmt,1732,KA SA,,KA SA,KA SA,KA SA,https://web.archive.org/web/20190416192926/http://www.people.ku.edu/~jyounger/LinearA/misctexts.html,younger_table_statement | source=YoungerArchive | ingested=2026-02-24T02:56:37Z
OBS_001936,external:sigla,external_csv,KE 1,word_1,1733,AB77 AB31,,AB77 AB31,AB77 AB31,AB77 AB31,http://sigla.phis.me/document/KE%201/index-word.html,sigla_word_seq_pattern | source=SigLA | ingested=2026-02-24T02:56:37Z
OBS_001937,external:youngerarchive,external_csv,KE WC 2,a: D_stmt,1734,B B B,,B B B,B B B,B B B,https://web.archive.org/web/20190416192926/http://www.people.ku.edu/~jyounger/LinearA/misctexts.html,younger_table_statement | source=YoungerArchive | ingested=2026-02-24T02:56:37Z
OBS_001938,external:sigla,external_csv,KE ZB 4,word_1,1735,AB57 AB41 AB38,,AB57 AB41 AB38,AB57 AB41 AB38,AB57 AB41 AB38,http://sigla.phis.me/document/KE%20Zb%204/index-word.html,sigla_word_seq_pattern | source=SigLA | ingested=2026-02-24T02:56:37Z
OBS_001939,external:youngerarchive,external_csv,KH 1,.1_log,1736,GRA F,,GRA F,GRA F,GRA F,https://web.archive.org/web/20190416192926/http://www.people.ku.edu/~jyounger/LinearA/misctexts.html,younger_table_logogram | source=YoungerArchive | ingested=2026-02-24T02:56:37Z
OBS_001940,external:sigla,external_csv,KH 1,word_1,1737,AB46,,AB46,AB46,AB46,http://sigla.phis.me/document/KH%201/index-word.html,sigla_word_seq_pattern | source=SigLA | ingested=2026-02-24T02:56:37Z
OBS_001941,external:youngerarchive,external_csv,KH 10,.2_log,1738,GRA,,GRA,GRA,GRA,https://web.archive.org/web/20190416192926/http://www.people.ku.edu/~jyounger/LinearA/misctexts.html,younger_table_logogram | source=YoungerArchive | ingested=2026-02-24T02:56:37Z
OBS_001942,external:youngerarchive,external_csv,KH 10,.3-4_log,1739,GRA,,GRA,GRA,GRA,https://web.archive.org/web/20190416192926/http://www.people.ku.edu/~jyounger/LinearA/misctexts.html,younger_table_logogram | source=YoungerArchive | ingested=2026-02-24T02:56:37Z
OBS_001943,external:youngerarchive,external_csv,KH 10,.3-4_stmt,1740,A KI PI E TE,,A KI PI E TE,A KI PI E TE,A KI PI E TE,https://web.archive.org/web/20190416192926/http://www.people.ku.edu/~jyounger/LinearA/misctexts.html,younger_table_statement | source=YoungerArchive | ingested=2026-02-24T02:56:37Z
OBS_001944,external:youngerarchive,external_csv,KH 10,.3_stmt,1741,I PA SA JA QA,,I PA SA JA QA,I PA SA JA QA,I PA SA JA QA,https://web.archive.org/web/20190416192926/http://www.people.ku.edu/~jyounger/LinearA/misctexts.html,younger_table_statement | source=YoungerArchive | ingested=2026-02-24T02:56:37Z
OBS_001945,external:sigla,external_csv,KH 10,word_2,1742,AB28 AB03 AB31 AB57,,AB28 AB03 AB31 AB57,AB28 AB03 AB31 AB57,AB28 AB03 AB31 AB57,http://sigla.phis.me/document/KH%2010/index-word.html,sigla_word_seq_pattern | source=SigLA | ingested=2026-02-24T02:56:37Z
OBS_001946,external:sigla,external_csv,KH 10,word_3,1743,AB16 AB118,,AB16 AB118,AB16 AB118,AB16 AB118,http://sigla.phis.me/document/KH%2010/index-word.html,sigla_word_seq_pattern | source=SigLA | ingested=2026-02-24T02:56:37Z
OBS_001947,external:sigla,external_csv,KH 10,word_4,1744,AB08 AB67 AB39 AB38 AB04,,AB08 AB67 AB39 AB38 AB04,AB08 AB67 AB39 AB38 AB04,AB08 AB67 AB39 AB38 AB04,http://sigla.phis.me/document/KH%2010/index-word.html,sigla_word_seq_pattern | source=SigLA | ingested=2026-02-24T02:56:37Z
OBS_001948,external:youngerarchive,external_csv,KH 100,.2_log,1745,VIN[,,VIN[,VIN[,VIN[,https://web.archive.org/web/20190416192926/http://www.people.ku.edu/~jyounger/LinearA/misctexts.html,younger_table_logogram | source=YoungerArchive | ingested=2026-02-24T02:56:37Z
OBS_001949,external:sigla,external_csv,KH 100,word_1,1746,A352 A306,,A352 A306,A352 A306,A352 A306,http://sigla.phis.me/document/KH%20100/index-word.html,sigla_word_seq_pattern | source=SigLA | ingested=2026-02-24T02:56:37Z
OBS_001950,external:sigla,external_csv,KH 100,word_2,1747,AB02,,AB02,AB02,AB02,http://sigla.phis.me/document/KH%20100/index-word.html,sigla_word_seq_pattern | source=SigLA | ingested=2026-02-24T02:56:37Z
OBS_001951,external:sigla,external_csv,KH 100,word_3,1748,AB45,,AB45,AB45,AB45,http://sigla.phis.me/document/KH%20100/index-word.html,sigla_word_seq_pattern | source=SigLA | ingested=2026-02-24T02:56:37Z
OBS_001952,external:youngerarchive,external_csv,KH 11,.1_stmt,1749,A DU ZA,,A DU ZA,A DU ZA,A DU ZA,https://web.archive.org/web/20190416192926/http://www.people.ku.edu/~jyounger/LinearA/misctexts.html,younger_table_statement | source=YoungerArchive | ingested=2026-02-24T02:56:37Z
OBS_001953,external:youngerarchive,external_csv,KH 11,.2_log,1750,VINA,,VINA,VINA,VINA,https://web.archive.org/web/20190416192926/http://www.people.ku.edu/~jyounger/LinearA/misctexts.html,younger_table_logogram | source=YoungerArchive | ingested=2026-02-24T02:56:37Z
OBS_001954,external:youngerarchive,external_csv,KH 11,.4-5_stmt,1751,A TO TO I,,A TO TO I,A TO TO I,A TO TO I,https://web.archive.org/web/20190416192926/http://www.people.ku.edu/~jyounger/LinearA/misctexts.html,younger_table_statement | source=YoungerArchive | ingested=2026-02-24T02:56:37Z
OBS_001955,external:youngerarchive,external_csv,KH 11,.5-6_stmt,1752,A TE,,A TE,A TE,A TE,https://web.archive.org/web/20190416192926/http://www.people.ku.edu/~jyounger/LinearA/misctexts.html,younger_table_statement | source=YoungerArchive | ingested=2026-02-24T02:56:37Z
OBS_001956,external:youngerarchive,external_csv,KH 11,.5_log,1753,FIC,,FIC,FIC,FIC,https://web.archive.org/web/20190416192926/http://www.people.ku.edu/~jyounger/LinearA/misctexts.html,younger_table_logogram | source=YoungerArchive | ingested=2026-02-24T02:56:37Z
OBS_001957,external:youngerarchive,external_csv,KH 11,.5_log,1754,VINA,,VINA,VINA,VINA,https://web.archive.org/web/20190416192926/http://www.people.ku.edu/~jyounger/LinearA/misctexts.html,younger_table_logogram | source=YoungerArchive | ingested=2026-02-24T02:56:37Z
OBS_001958,external:sigla,external_csv,KH 11,word_1,1755,AB08 AB51 [?] AB17,,AB08 AB51 [?] AB17,AB08 AB51 [?] AB17,AB08 AB51 [?] AB17,http://sigla.phis.me/document/KH%2011/index-word.html,sigla_word_seq_pattern | source=SigLA | ingested=2026-02-24T02:56:37Z
OBS_001959,external:sigla,external_csv,KH 11,word_2,1756,AB08 AB05 A349 AB05 AB28,,AB08 AB05 A349 AB05 AB28,AB08 AB05 A349 AB05 AB28,AB08 AB05 A349 AB05 AB28,http://sigla.phis.me/document/KH%2011/index-word.html,sigla_word_seq_pattern | source=SigLA | ingested=2026-02-24T02:56:37Z
OBS_001960,external:sigla,external_csv,KH 11,word_3,1757,AB08 AB59 A350,,AB08 AB59 A350,AB08 AB59 A350,AB08 AB59 A350,http://sigla.phis.me/document/KH%2011/index-word.html,sigla_word_seq_pattern | source=SigLA | ingested=2026-02-24T02:56:37Z
OBS_001961,external:youngerarchive,external_csv,KH 12,.1_log,1758,MI JA RU,,MI JA RU,MI JA RU,MI JA RU,https://web.archive.org/web/20190416192926/http://www.people.ku.edu/~jyounger/LinearA/misctexts.html,younger_table_logogram | source=YoungerArchive | ingested=2026-02-24T02:56:37Z
OBS_001962,external:youngerarchive,external_csv,KH 12,.2_log,1759,I [?],,I [?],I [?],I [?],https://web.archive.org/web/20190416192926/http://www.people.ku.edu/~jyounger/LinearA/misctexts.html,younger_table_logogram | source=YoungerArchive | ingested=2026-02-24T02:56:37Z
OBS_001963,external:youngerarchive,external_csv,KH 12,.3_log,1760,*401VAS RU,,*401VAS RU,*401VAS RU,*401VAS RU,https://web.archive.org/web/20190416192926/http://www.people.ku.edu/~jyounger/LinearA/misctexts.html,younger_table_logogram | source=YoungerArchive | ingested=2026-02-24T02:56:37Z
OBS_001964,external:youngerarchive,external_csv,KH 12,.4_log,1761,*401VAS RU,,*401VAS RU,*401VAS RU,*401VAS RU,https://web.archive.org/web/20190416192926/http://www.people.ku.edu/~jyounger/LinearA/misctexts.html,younger_table_logogram | source=YoungerArchive | ingested=2026-02-24T02:56:37Z
OBS_001965,external:sigla,external_csv,KH 12,word_1,1762,A651,,A651,A651,A651,http://sigla.phis.me/document/KH%2012/index-word.html,sigla_word_seq_pattern | source=SigLA | ingested=2026-02-24T02:56:37Z
OBS_001966,external:youngerarchive,external_csv,KH 13,.2_stmt,1763,]A SE RE ZA[,,]A SE RE ZA[,]A SE RE ZA[,]A SE RE ZA[,https://web.archive.org/web/20190416192926/http://www.people.ku.edu/~jyounger/LinearA/misctexts.html,younger_table_statement | source=YoungerArchive | ingested=2026-02-24T02:56:37Z
OBS_001967,external:youngerarchive,external_csv,KH 13,.4_stmt,1764,]DA I[,,]DA I[,]DA I[,]DA I[,https://web.archive.org/web/20190416192926/http://www.people.ku.edu/~jyounger/LinearA/misctexts.html,younger_table_statement | source=YoungerArchive | ingested=2026-02-24T02:56:37Z
OBS_001968,external:sigla,external_csv,KH 13,word_1,1765,AB08 AB09 AB27 AB17,,AB08 AB09 AB27 AB17,AB08 AB09 AB27 AB17,AB08 AB09 AB27 AB17,http://sigla.phis.me/document/KH%2013/index-word.html,sigla_word_seq_pattern | source=SigLA | ingested=2026-02-24T02:56:37Z
OBS_001969,external:sigla,external_csv,KH 13,word_2,1766,[?] AB01 AB28,,[?] AB01 AB28,[?] AB01 AB28,[?] AB01 AB28,http://sigla.phis.me/document/KH%2013/index-word.html,sigla_word_seq_pattern | source=SigLA | ingested=2026-02-24T02:56:37Z
OBS_001970,external:youngerarchive,external_csv,KH 14,.1_stmt,1767,A MA JA,,A MA JA,A MA JA,A MA JA,https://web.archive.org/web/20190416192926/http://www.people.ku.edu/~jyounger/LinearA/misctexts.html,younger_table_statement | source=YoungerArchive | ingested=2026-02-24T02:56:37Z
OBS_001971,external:sigla,external_csv,KH 14,word_1,1768,AB60,,AB60,AB60,AB60,http://sigla.phis.me/document/KH%2014/index-word.html,sigla_word_seq_pattern | source=SigLA | ingested=2026-02-24T02:56:37Z
OBS_001972,external:sigla,external_csv,KH 14,word_2,1769,AB08 AB80 AB57,,AB08 AB80 AB57,AB08 AB80 AB57,AB08 AB80 AB57,http://sigla.phis.me/document/KH%2014/index-word.html,sigla_word_seq_pattern | source=SigLA | ingested=2026-02-24T02:56:37Z
OBS_001973,external:sigla,external_csv,KH 14,word_3,1770,A303,,A303,A303,A303,http://sigla.phis.me/document/KH%2014/index-word.html,sigla_word_seq_pattern | source=SigLA | ingested=2026-02-24T02:56:37Z
OBS_001974,external:youngerarchive,external_csv,KH 15,.1_log,1771,FIC,,FIC,FIC,FIC,https://web.archive.org/web/20190416192926/http://www.people.ku.edu/~jyounger/LinearA/misctexts.html,younger_table_logogram | source=YoungerArchive | ingested=2026-02-24T02:56:37Z
OBS_001975,external:youngerarchive,external_csv,KH 16,.2_stmt,1772,]U TA I SI,,]U TA I SI,]U TA I SI,]U TA I SI,https://web.archive.org/web/20190416192926/http://www.people.ku.edu/~jyounger/LinearA/misctexts.html,younger_table_statement | source=YoungerArchive | ingested=2026-02-24T02:56:37Z
OBS_001976,external:sigla,external_csv,KH 16,word_1,1773,AB10 AB59 AB28 AB41,,AB10 AB59 AB28 AB41,AB10 AB59 AB28 AB41,AB10 AB59 AB28 AB41,http://sigla.phis.me/document/KH%2016/index-word.html,sigla_word_seq_pattern | source=SigLA | ingested=2026-02-24T02:56:37Z
OBS_001977,external:sigla,external_csv,KH 16,word_2,1774,AB59 [?],,AB59 [?],AB59 [?],AB59 [?],http://sigla.phis.me/document/KH%2016/index-word.html,sigla_word_seq_pattern | source=SigLA | ingested=2026-02-24T02:56:37Z
OBS_001978,external:youngerarchive,external_csv,KH 17,.3_log,1775,FIC[,,FIC[,FIC[,FIC[,https://web.archive.org/web/20190416192926/http://www.people.ku.edu/~jyounger/LinearA/misctexts.html,younger_table_logogram | source=YoungerArchive | ingested=2026-02-24T02:56:37Z
OBS_001979,external:youngerarchive,external_csv,KH 17,.4_log,1776,]FIC,,]FIC,]FIC,]FIC,https://web.archive.org/web/20190416192926/http://www.people.ku.edu/~jyounger/LinearA/misctexts.html,younger_table_logogram | source=YoungerArchive | ingested=2026-02-24T02:56:37Z
OBS_001980,external:sigla,external_csv,KH 17,word_1,1777,AB08,,AB08,AB08,AB08,http://sigla.phis.me/document/KH%2017/index-word.html,sigla_word_seq_pattern | source=SigLA | ingested=2026-02-24T02:56:37Z
OBS_001981,external:youngerarchive,external_csv,KH 18,.2_stmt,1778,I KU PI[,,I KU PI[,I KU PI[,I KU PI[,https://web.archive.org/web/20190416192926/http://www.people.ku.edu/~jyounger/LinearA/misctexts.html,younger_table_statement | source=YoungerArchive | ingested=2026-02-24T02:56:37Z
OBS_001982,external:youngerarchive,external_csv,KH 18,.4_log,1779,RO RO,,RO RO,RO RO,RO RO,https://web.archive.org/web/20190416192926/http://www.people.ku.edu/~jyounger/LinearA/misctexts.html,younger_table_logogram | source=YoungerArchive | ingested=2026-02-24T02:56:37Z
OBS_001983,external:youngerarchive,external_csv,KH 18,.4_log,1780,VINC,,VINC,VINC,VINC,https://web.archive.org/web/20190416192926/http://www.people.ku.edu/~jyounger/LinearA/misctexts.html,younger_table_logogram | source=YoungerArchive | ingested=2026-02-24T02:56:37Z
OBS_001984,external:sigla,external_csv,KH 18,word_1,1781,AB28 AB81 AB39,,AB28 AB81 AB39,AB28 AB81 AB39,AB28 AB81 AB39,http://sigla.phis.me/document/KH%2018/index-word.html,sigla_word_seq_pattern | source=SigLA | ingested=2026-02-24T02:56:37Z
OBS_001985,external:youngerarchive,external_csv,KH 19,.2_log,1782,OLE TA,,OLE TA,OLE TA,OLE TA,https://web.archive.org/web/20190416192926/http://www.people.ku.edu/~jyounger/LinearA/misctexts.html,younger_table_logogram | source=YoungerArchive | ingested=2026-02-24T02:56:37Z
OBS_001986,external:sigla,external_csv,KH 2,word_1,1783,AB69 [?],,AB69 [?],AB69 [?],AB69 [?],http://sigla.phis.me/document/KH%202/index-word.html,sigla_word_seq_pattern | source=SigLA | ingested=2026-02-24T02:56:37Z
OBS_001987,external:youngerarchive,external_csv,KH 20,.2_stmt,1784,A SI KI RA,,A SI KI RA,A SI KI RA,A SI KI RA,https://web.archive.org/web/20190416192926/http://www.people.ku.edu/~jyounger/LinearA/misctexts.html,younger_table_statement | source=YoungerArchive | ingested=2026-02-24T02:56:37Z
OBS_001988,external:youngerarchive,external_csv,KH 20,.4_log,1785,FIC,,FIC,FIC,FIC,https://web.archive.org/web/20190416192926/http://www.people.ku.edu/~jyounger/LinearA/misctexts.html,younger_table_logogram | source=YoungerArchive | ingested=2026-02-24T02:56:37Z
OBS_001989,external:youngerarchive,external_csv,KH 20,.4_stmt,1786,DU RE ZA,,DU RE ZA,DU RE ZA,DU RE ZA,https://web.archive.org/web/20190416192926/http://www.people.ku.edu/~jyounger/LinearA/misctexts.html,younger_table_statement | source=YoungerArchive | ingested=2026-02-24T02:56:37Z
OBS_001990,external:sigla,external_csv,KH 20,word_1,1787,AB08 AB41 AB67 AB60,,AB08 AB41 AB67 AB60,AB08 AB41 AB67 AB60,AB08 AB41 AB67 AB60,http://sigla.phis.me/document/KH%2020/index-word.html,sigla_word_seq_pattern | source=SigLA | ingested=2026-02-24T02:56:37Z
OBS_001991,external:sigla,external_csv,KH 20,word_2,1788,AB51 AB27 AB17,,AB51 AB27 AB17,AB51 AB27 AB17,AB51 AB27 AB17,http://sigla.phis.me/document/KH%2020/index-word.html,sigla_word_seq_pattern | source=SigLA | ingested=2026-02-24T02:56:37Z
OBS_001992,external:youngerarchive,external_csv,KH 21,.2_log,1789,FIC,,FIC,FIC,FIC,https://web.archive.org/web/20190416192926/http://www.people.ku.edu/~jyounger/LinearA/misctexts.html,younger_table_logogram | source=YoungerArchive | ingested=2026-02-24T02:56:37Z
OBS_001993,external:sigla,external_csv,KH 21,word_1,1790,A306 AB78 AB51,,A306 AB78 AB51,A306 AB78 AB51,A306 AB78 AB51,http://sigla.phis.me/document/KH%2021/index-word.html,sigla_word_seq_pattern | source=SigLA | ingested=2026-02-24T02:56:37Z
OBS_001994,external:sigla,external_csv,KH 22,word_1,1791,[?] AB17,,[?] AB17,[?] AB17,[?] AB17,http://sigla.phis.me/document/KH%2022/index-word.html,sigla_word_seq_pattern | source=SigLA | ingested=2026-02-24T02:56:37Z
OBS_001995,external:youngerarchive,external_csv,KH 23,.1_stmt,1792,A DU[,,A DU[,A DU[,A DU[,https://web.archive.org/web/20190416192926/http://www.people.ku.edu/~jyounger/LinearA/misctexts.html,younger_table_statement | source=YoungerArchive | ingested=2026-02-24T02:56:37Z
OBS_001996,external:sigla,external_csv,KH 23,word_1,1793,AB08 AB51,,AB08 AB51,AB08 AB51,AB08 AB51,http://sigla.phis.me/document/KH%2023/index-word.html,sigla_word_seq_pattern | source=SigLA | ingested=2026-02-24T02:56:37Z
OBS_001997,external:sigla,external_csv,KH 24,word_1,1794,[?] AB58,,[?] AB58,[?] AB58,[?] AB58,http://sigla.phis.me/document/KH%2024/index-word.html,sigla_word_seq_pattern | source=SigLA | ingested=2026-02-24T02:56:37Z
OBS_001998,external:youngerarchive,external_csv,KH 25,.1_log,1795,]VIR,,]VIR,]VIR,]VIR,https://web.archive.org/web/20190416192926/http://www.people.ku.edu/~jyounger/LinearA/misctexts.html,younger_table_logogram | source=YoungerArchive | ingested=2026-02-24T02:56:37Z
OBS_001999,external:youngerarchive,external_csv,KH 25,.2_log,1796,]VIR,,]VIR,]VIR,]VIR,https://web.archive.org/web/20190416192926/http://www.people.ku.edu/~jyounger/LinearA/misctexts.html,younger_table_logogram | source=YoungerArchive | ingested=2026-02-24T02:56:37Z
OBS_002000,external:youngerarchive,external_csv,KH 26,.1_log,1797,]VIR,,]VIR,]VIR,]VIR,https://web.archive.org/web/20190416192926/http://www.people.ku.edu/~jyounger/LinearA/misctexts.html,younger_table_logogram | source=YoungerArchive | ingested=2026-02-24T02:56:37Z
OBS_002001,external:youngerarchive,external_csv,KH 27,.1_log,1798,]FIC[,,]FIC[,]FIC[,]FIC[,https://web.archive.org/web/20190416192926/http://www.people.ku.edu/~jyounger/LinearA/misctexts.html,younger_table_logogram | source=YoungerArchive | ingested=2026-02-24T02:56:37Z
OBS_002002,external:youngerarchive,external_csv,KH 27,.2_log,1799,]GRA PA,,]GRA PA,]GRA PA,]GRA PA,https://web.archive.org/web/20190416192926/http://www.people.ku.edu/~jyounger/LinearA/misctexts.html,younger_table_logogram | source=YoungerArchive | ingested=2026-02-24T02:56:37Z
OBS_002003,external:youngerarchive,external_csv,KH 28,.2_log,1800,]SE GRA F,,]SE GRA F,]SE GRA F,]SE GRA F,https://web.archive.org/web/20190416192926/http://www.people.ku.edu/~jyounger/LinearA/misctexts.html,younger_table_logogram | source=YoungerArchive | ingested=2026-02-24T02:56:37Z
OBS_002004,external:sigla,external_csv,KH 28,word_1,1801,AB09,,AB09,AB09,AB09,http://sigla.phis.me/document/KH%2028/index-word.html,sigla_word_seq_pattern | source=SigLA | ingested=2026-02-24T02:56:37Z
OBS_002005,external:youngerarchive,external_csv,KH 29,.1_stmt,1802,RA TA2[,,RA TA2[,RA TA2[,RA TA2[,https://web.archive.org/web/20190416192926/http://www.people.ku.edu/~jyounger/LinearA/misctexts.html,younger_table_statement | source=YoungerArchive | ingested=2026-02-24T02:56:37Z
OBS_002006,external:youngerarchive,external_csv,KH 29,.2_stmt,1803,KU PA,,KU PA,KU PA,KU PA,https://web.archive.org/web/20190416192926/http://www.people.ku.edu/~jyounger/LinearA/misctexts.html,younger_table_statement | source=YoungerArchive | ingested=2026-02-24T02:56:37Z
OBS_002007,external:sigla,external_csv,KH 29,word_1,1804,[?] AB60,,[?] AB60,[?] AB60,[?] AB60,http://sigla.phis.me/document/KH%2029/index-word.html,sigla_word_seq_pattern | source=SigLA | ingested=2026-02-24T02:56:37Z
OBS_002008,external:sigla,external_csv,KH 29,word_2,1805,AB66 [?],,AB66 [?],AB66 [?],AB66 [?],http://sigla.phis.me/document/KH%2029/index-word.html,sigla_word_seq_pattern | source=SigLA | ingested=2026-02-24T02:56:37Z
OBS_002009,external:sigla,external_csv,KH 29,word_3,1806,AB81 AB03,,AB81 AB03,AB81 AB03,AB81 AB03,http://sigla.phis.me/document/KH%2029/index-word.html,sigla_word_seq_pattern | source=SigLA | ingested=2026-02-24T02:56:37Z
OBS_002010,external:sigla,external_csv,KH 3,word_1,1807,AB55?,,AB55?,AB55?,AB55?,http://sigla.phis.me/document/KH%203/index-word.html,sigla_word_seq_pattern | source=SigLA | ingested=2026-02-24T02:56:37Z
OBS_002011,external:youngerarchive,external_csv,KH 30,.2_log,1808,]FIC,,]FIC,]FIC,]FIC,https://web.archive.org/web/20190416192926/http://www.people.ku.edu/~jyounger/LinearA/misctexts.html,younger_table_logogram | source=YoungerArchive | ingested=2026-02-24T02:56:37Z
OBS_002012,external:youngerarchive,external_csv,KH 31,.3_log,1809,*401VAS RA,,*401VAS RA,*401VAS RA,*401VAS RA,https://web.archive.org/web/20190416192926/http://www.people.ku.edu/~jyounger/LinearA/misctexts.html,younger_table_logogram | source=YoungerArchive | ingested=2026-02-24T02:56:37Z
OBS_002013,external:sigla,external_csv,KH 32,word_1,1810,AB28 A331,,AB28 A331,AB28 A331,AB28 A331,http://sigla.phis.me/document/KH%2032/index-word.html,sigla_word_seq_pattern | source=SigLA | ingested=2026-02-24T02:56:37Z
OBS_002014,external:sigla,external_csv,KH 33,word_1,1811,[?] AB08,,[?] AB08,[?] AB08,[?] AB08,http://sigla.phis.me/document/KH%2033/index-word.html,sigla_word_seq_pattern | source=SigLA | ingested=2026-02-24T02:56:37Z
OBS_002015,external:youngerarchive,external_csv,KH 36,.1_log,1812,]KA MI JA RU,,]KA MI JA RU,]KA MI JA RU,]KA MI JA RU,https://web.archive.org/web/20190416192926/http://www.people.ku.edu/~jyounger/LinearA/misctexts.html,younger_table_logogram | source=YoungerArchive | ingested=2026-02-24T02:56:37Z
OBS_002016,external:sigla,external_csv,KH 36,word_1,1813,AB77,,AB77,AB77,AB77,http://sigla.phis.me/document/KH%2036/index-word.html,sigla_word_seq_pattern | source=SigLA | ingested=2026-02-24T02:56:37Z
OBS_002017,external:sigla,external_csv,KH 36,word_2,1814,AB06,,AB06,AB06,AB06,http://sigla.phis.me/document/KH%2036/index-word.html,sigla_word_seq_pattern | source=SigLA | ingested=2026-02-24T02:56:37Z
OBS_002018,external:sigla,external_csv,KH 37,word_1,1815,AB40,,AB40,AB40,AB40,http://sigla.phis.me/document/KH%2037/index-word.html,sigla_word_seq_pattern | source=SigLA | ingested=2026-02-24T02:56:37Z
OBS_002019,external:youngerarchive,external_csv,KH 39,.1_stmt,1816,A TA,,A TA,A TA,A TA,https://web.archive.org/web/20190416192926/http://www.people.ku.edu/~jyounger/LinearA/misctexts.html,younger_table_statement | source=YoungerArchive | ingested=2026-02-24T02:56:37Z
OBS_002020,external:sigla,external_csv,KH 39,word_1,1817,AB08 AB59 [?],,AB08 AB59 [?],AB08 AB59 [?],AB08 AB59 [?],http://sigla.phis.me/document/KH%2039/index-word.html,sigla_word_seq_pattern | source=SigLA | ingested=2026-02-24T02:56:37Z
OBS_002021,external:youngerarchive,external_csv,KH 4,.1_stmt,1818,A DU RE[,,A DU RE[,A DU RE[,A DU RE[,https://web.archive.org/web/20190416192926/http://www.people.ku.edu/~jyounger/LinearA/misctexts.html,younger_table_statement | source=YoungerArchive | ingested=2026-02-24T02:56:37Z
OBS_002022,external:sigla,external_csv,KH 4,word_1,1819,AB08 AB51 AB27,,AB08 AB51 AB27,AB08 AB51 AB27,AB08 AB51 AB27,http://sigla.phis.me/document/KH%204/index-word.html,sigla_word_seq_pattern | source=SigLA | ingested=2026-02-24T02:56:37Z
OBS_002023,external:sigla,external_csv,KH 40,word_1,1820,AB41 AB06 [?],,AB41 AB06 [?],AB41 AB06 [?],AB41 AB06 [?],http://sigla.phis.me/document/KH%2040/index-word.html,sigla_word_seq_pattern | source=SigLA | ingested=2026-02-24T02:56:37Z
OBS_002024,external:youngerarchive,external_csv,KH 41,.2_stmt,1821,KA TA RE[,,KA TA RE[,KA TA RE[,KA TA RE[,https://web.archive.org/web/20190416192926/http://www.people.ku.edu/~jyounger/LinearA/misctexts.html,younger_table_statement | source=YoungerArchive | ingested=2026-02-24T02:56:37Z
OBS_002025,external:sigla,external_csv,KH 41,word_1,1822,AB77 AB59 AB27,,AB77 AB59 AB27,AB77 AB59 AB27,AB77 AB59 AB27,http://sigla.phis.me/document/KH%2041/index-word.html,sigla_word_seq_pattern | source=SigLA | ingested=2026-02-24T02:56:37Z
OBS_002026,external:youngerarchive,external_csv,KH 43,.1_log,1823,MA RU RE,,MA RU RE,MA RU RE,MA RU RE,https://web.archive.org/web/20190416192926/http://www.people.ku.edu/~jyounger/LinearA/misctexts.html,younger_table_logogram | source=YoungerArchive | ingested=2026-02-24T02:56:37Z
OBS_002027,external:youngerarchive,external_csv,KH 43,.2_log,1824,WI ZE,,WI ZE,WI ZE,WI ZE,https://web.archive.org/web/20190416192926/http://www.people.ku.edu/~jyounger/LinearA/misctexts.html,younger_table_logogram | source=YoungerArchive | ingested=2026-02-24T02:56:37Z
OBS_002028,external:sigla,external_csv,KH 44,word_1,1825,A335,,A335,A335,A335,http://sigla.phis.me/document/KH%2044/index-word.html,sigla_word_seq_pattern | source=SigLA | ingested=2026-02-24T02:56:37Z
OBS_002029,external:sigla,external_csv,KH 45,word_1,1826,AB08,,AB08,AB08,AB08,http://sigla.phis.me/document/KH%2045/index-word.html,sigla_word_seq_pattern | source=SigLA | ingested=2026-02-24T02:56:37Z
OBS_002030,external:sigla,external_csv,KH 47,word_1,1827,AB16 AB24,,AB16 AB24,AB16 AB24,AB16 AB24,http://sigla.phis.me/document/KH%2047/index-word.html,sigla_word_seq_pattern | source=SigLA | ingested=2026-02-24T02:56:37Z
OBS_002031,external:sigla,external_csv,KH 47,word_2,1828,AB41,,AB41,AB41,AB41,http://sigla.phis.me/document/KH%2047/index-word.html,sigla_word_seq_pattern | source=SigLA | ingested=2026-02-24T02:56:37Z
OBS_002032,external:sigla,external_csv,KH 47,word_3,1829,AB60,,AB60,AB60,AB60,http://sigla.phis.me/document/KH%2047/index-word.html,sigla_word_seq_pattern | source=SigLA | ingested=2026-02-24T02:56:37Z
OBS_002033,external:sigla,external_csv,KH 47,word_4,1830,A306,,A306,A306,A306,http://sigla.phis.me/document/KH%2047/index-word.html,sigla_word_seq_pattern | source=SigLA | ingested=2026-02-24T02:56:37Z
OBS_002034,external:sigla,external_csv,KH 49,word_1,1831,[?] AB26,,[?] AB26,[?] AB26,[?] AB26,http://sigla.phis.me/document/KH%2049/index-word.html,sigla_word_seq_pattern | source=SigLA | ingested=2026-02-24T02:56:37Z
OBS_002035,external:sigla,external_csv,KH 49,word_2,1832,AB81,,AB81,AB81,AB81,http://sigla.phis.me/document/KH%2049/index-word.html,sigla_word_seq_pattern | source=SigLA | ingested=2026-02-24T02:56:37Z
OBS_002036,external:youngerarchive,external_csv,KH 5,.1-2_stmt,1833,A DA KI SI KA A RA U DA,,A DA KI SI KA A RA U DA,A DA KI SI KA A RA U DA,A DA KI SI KA A RA U DA,https://web.archive.org/web/20190416192926/http://www.people.ku.edu/~jyounger/LinearA/misctexts.html,younger_table_statement | source=YoungerArchive | ingested=2026-02-24T02:56:37Z
OBS_002037,external:youngerarchive,external_csv,KH 5,.2_log,1834,VINB WI,,VINB WI,VINB WI,VINB WI,https://web.archive.org/web/20190416192926/http://www.people.ku.edu/~jyounger/LinearA/misctexts.html,younger_table_logogram | source=YoungerArchive | ingested=2026-02-24T02:56:37Z
OBS_002038,external:youngerarchive,external_csv,KH 5,.2_stmt,1835,WI SA SA NE,,WI SA SA NE,WI SA SA NE,WI SA SA NE,https://web.archive.org/web/20190416192926/http://www.people.ku.edu/~jyounger/LinearA/misctexts.html,younger_table_statement | source=YoungerArchive | ingested=2026-02-24T02:56:37Z
OBS_002039,external:youngerarchive,external_csv,KH 5,.3-4_stmt,1836,KU PA ZU,,KU PA ZU,KU PA ZU,KU PA ZU,https://web.archive.org/web/20190416192926/http://www.people.ku.edu/~jyounger/LinearA/misctexts.html,younger_table_statement | source=YoungerArchive | ingested=2026-02-24T02:56:37Z
OBS_002040,external:youngerarchive,external_csv,KH 5,.3_stmt,1837,WI NA DU,,WI NA DU,WI NA DU,WI NA DU,https://web.archive.org/web/20190416192926/http://www.people.ku.edu/~jyounger/LinearA/misctexts.html,younger_table_statement | source=YoungerArchive | ingested=2026-02-24T02:56:37Z
OBS_002041,external:youngerarchive,external_csv,KH 5,.4_log,1838,FIC,,FIC,FIC,FIC,https://web.archive.org/web/20190416192926/http://www.people.ku.edu/~jyounger/LinearA/misctexts.html,younger_table_logogram | source=YoungerArchive | ingested=2026-02-24T02:56:37Z
OBS_002042,external:sigla,external_csv,KH 5,word_1,1839,AB08 AB01 AB67 AB41 AB77,,AB08 AB01 AB67 AB41 AB77,AB08 AB01 AB67 AB41 AB77,AB08 AB01 AB67 AB41 AB77,http://sigla.phis.me/document/KH%205/index-word.html,sigla_word_seq_pattern | source=SigLA | ingested=2026-02-24T02:56:37Z
OBS_002043,external:sigla,external_csv,KH 5,word_2,1840,AB08 AB60 AB10 AB01,,AB08 AB60 AB10 AB01,AB08 AB60 AB10 AB01,AB08 AB60 AB10 AB01,http://sigla.phis.me/document/KH%205/index-word.html,sigla_word_seq_pattern | source=SigLA | ingested=2026-02-24T02:56:37Z
OBS_002044,external:sigla,external_csv,KH 5,word_3,1841,AB40 AB31 AB31 AB24,,AB40 AB31 AB31 AB24,AB40 AB31 AB31 AB24,AB40 AB31 AB31 AB24,http://sigla.phis.me/document/KH%205/index-word.html,sigla_word_seq_pattern | source=SigLA | ingested=2026-02-24T02:56:37Z
OBS_002045,external:sigla,external_csv,KH 5,word_4,1842,AB40 AB06 AB51,,AB40 AB06 AB51,AB40 AB06 AB51,AB40 AB06 AB51,http://sigla.phis.me/document/KH%205/index-word.html,sigla_word_seq_pattern | source=SigLA | ingested=2026-02-24T02:56:37Z
OBS_002046,external:sigla,external_csv,KH 5,word_5,1843,A301 AB06,,A301 AB06,A301 AB06,A301 AB06,http://sigla.phis.me/document/KH%205/index-word.html,sigla_word_seq_pattern | source=SigLA | ingested=2026-02-24T02:56:37Z
OBS_002047,external:sigla,external_csv,KH 5,word_6,1844,AB81 AB03 AB79,,AB81 AB03 AB79,AB81 AB03 AB79,AB81 AB03 AB79,http://sigla.phis.me/document/KH%205/index-word.html,sigla_word_seq_pattern | source=SigLA | ingested=2026-02-24T02:56:37Z
OBS_002048,external:sigla,external_csv,KH 50,word_1,1845,[?] AB59,,[?] AB59,[?] AB59,[?] AB59,http://sigla.phis.me/document/KH%2050/index-word.html,sigla_word_seq_pattern | source=SigLA | ingested=2026-02-24T02:56:37Z
OBS_002049,external:sigla,external_csv,KH 50,word_2,1846,AB46,,AB46,AB46,AB46,http://sigla.phis.me/document/KH%2050/index-word.html,sigla_word_seq_pattern | source=SigLA | ingested=2026-02-24T02:56:37Z
OBS_002050,external:sigla,external_csv,KH 50,word_3,1847,AB78,,AB78,AB78,AB78,http://sigla.phis.me/document/KH%2050/index-word.html,sigla_word_seq_pattern | source=SigLA | ingested=2026-02-24T02:56:37Z
OBS_002051,external:youngerarchive,external_csv,KH 51,.1_stmt,1848,SI I SI,,SI I SI,SI I SI,SI I SI,https://web.archive.org/web/20190416192926/http://www.people.ku.edu/~jyounger/LinearA/misctexts.html,younger_table_statement | source=YoungerArchive | ingested=2026-02-24T02:56:37Z
OBS_002052,external:sigla,external_csv,KH 51,word_1,1849,AB41 AB28 AB41,,AB41 AB28 AB41,AB41 AB28 AB41,AB41 AB28 AB41,http://sigla.phis.me/document/KH%2051/index-word.html,sigla_word_seq_pattern | source=SigLA | ingested=2026-02-24T02:56:37Z
OBS_002053,external:sigla,external_csv,KH 51,word_2,1850,AB69,,AB69,AB69,AB69,http://sigla.phis.me/document/KH%2051/index-word.html,sigla_word_seq_pattern | source=SigLA | ingested=2026-02-24T02:56:37Z
OBS_002054,external:youngerarchive,external_csv,KH 52,.2_stmt,1851,]TA U,,]TA U,]TA U,]TA U,https://web.archive.org/web/20190416192926/http://www.people.ku.edu/~jyounger/LinearA/misctexts.html,younger_table_statement | source=YoungerArchive | ingested=2026-02-24T02:56:37Z
OBS_002055,external:sigla,external_csv,KH 52,word_1,1852,AB59 AB10,,AB59 AB10,AB59 AB10,AB59 AB10,http://sigla.phis.me/document/KH%2052/index-word.html,sigla_word_seq_pattern | source=SigLA | ingested=2026-02-24T02:56:37Z
OBS_002056,external:sigla,external_csv,KH 53,word_1,1853,AB08 AB13 AB123,,AB08 AB13 AB123,AB08 AB13 AB123,AB08 AB13 AB123,http://sigla.phis.me/document/KH%2053/index-word.html,sigla_word_seq_pattern | source=SigLA | ingested=2026-02-24T02:56:37Z
OBS_002057,external:sigla,external_csv,KH 53,word_2,1854,AB24,,AB24,AB24,AB24,http://sigla.phis.me/document/KH%2053/index-word.html,sigla_word_seq_pattern | source=SigLA | ingested=2026-02-24T02:56:37Z
OBS_002058,external:youngerarchive,external_csv,KH 55,.2_log,1855,OLE TA,,OLE TA,OLE TA,OLE TA,https://web.archive.org/web/20190416192926/http://www.people.ku.edu/~jyounger/LinearA/misctexts.html,younger_table_logogram | source=YoungerArchive | ingested=2026-02-24T02:56:37Z
OBS_002059,external:sigla,external_csv,KH 57,word_1,1856,AB69,,AB69,AB69,AB69,http://sigla.phis.me/document/KH%2057/index-word.html,sigla_word_seq_pattern | source=SigLA | ingested=2026-02-24T02:56:37Z
OBS_002060,external:sigla,external_csv,KH 57,word_2,1857,AB20,,AB20,AB20,AB20,http://sigla.phis.me/document/KH%2057/index-word.html,sigla_word_seq_pattern | source=SigLA | ingested=2026-02-24T02:56:37Z
OBS_002061,external:sigla,external_csv,KH 58,word_1,1858,AB08,,AB08,AB08,AB08,http://sigla.phis.me/document/KH%2058/index-word.html,sigla_word_seq_pattern | source=SigLA | ingested=2026-02-24T02:56:37Z
OBS_002062,external:sigla,external_csv,KH 58,word_2,1859,AB08 A301,,AB08 A301,AB08 A301,AB08 A301,http://sigla.phis.me/document/KH%2058/index-word.html,sigla_word_seq_pattern | source=SigLA | ingested=2026-02-24T02:56:37Z
OBS_002063,external:youngerarchive,external_csv,KH 59,.3_stmt,1860,DI NA,,DI NA,DI NA,DI NA,https://web.archive.org/web/20190416192926/http://www.people.ku.edu/~jyounger/LinearA/misctexts.html,younger_table_statement | source=YoungerArchive | ingested=2026-02-24T02:56:37Z
OBS_002064,external:sigla,external_csv,KH 59,word_1,1861,AB28,,AB28,AB28,AB28,http://sigla.phis.me/document/KH%2059/index-word.html,sigla_word_seq_pattern | source=SigLA | ingested=2026-02-24T02:56:37Z
OBS_002065,external:sigla,external_csv,KH 59,word_2,1862,AB07 AB06,,AB07 AB06,AB07 AB06,AB07 AB06,http://sigla.phis.me/document/KH%2059/index-word.html,sigla_word_seq_pattern | source=SigLA | ingested=2026-02-24T02:56:37Z
OBS_002066,external:youngerarchive,external_csv,KH 6,.1_stmt,1863,DI SI,,DI SI,DI SI,DI SI,https://web.archive.org/web/20190416192926/http://www.people.ku.edu/~jyounger/LinearA/misctexts.html,younger_table_statement | source=YoungerArchive | ingested=2026-02-24T02:56:37Z
OBS_002067,external:youngerarchive,external_csv,KH 6,.2_stmt,1864,TE NU RE[,,TE NU RE[,TE NU RE[,TE NU RE[,https://web.archive.org/web/20190416192926/http://www.people.ku.edu/~jyounger/LinearA/misctexts.html,younger_table_statement | source=YoungerArchive | ingested=2026-02-24T02:56:37Z
OBS_002068,external:youngerarchive,external_csv,KH 6,.3_stmt,1865,]KI SA NE,,]KI SA NE,]KI SA NE,]KI SA NE,https://web.archive.org/web/20190416192926/http://www.people.ku.edu/~jyounger/LinearA/misctexts.html,younger_table_statement | source=YoungerArchive | ingested=2026-02-24T02:56:37Z
OBS_002069,external:youngerarchive,external_csv,KH 6,.4_stmt,1866,RI TA JE,,RI TA JE,RI TA JE,RI TA JE,https://web.archive.org/web/20190416192926/http://www.people.ku.edu/~jyounger/LinearA/misctexts.html,younger_table_statement | source=YoungerArchive | ingested=2026-02-24T02:56:37Z
OBS_002070,external:youngerarchive,external_csv,KH 6,.5_log,1867,BOS,,BOS,BOS,BOS,https://web.archive.org/web/20190416192926/http://www.people.ku.edu/~jyounger/LinearA/misctexts.html,younger_table_logogram | source=YoungerArchive | ingested=2026-02-24T02:56:37Z
OBS_002071,external:youngerarchive,external_csv,KH 6,.6-7_stmt,1868,PI SA[,,PI SA[,PI SA[,PI SA[,https://web.archive.org/web/20190416192926/http://www.people.ku.edu/~jyounger/LinearA/misctexts.html,younger_table_statement | source=YoungerArchive | ingested=2026-02-24T02:56:37Z
OBS_002072,external:youngerarchive,external_csv,KH 6,.7_stmt,1869,AU RE TE,,AU RE TE,AU RE TE,AU RE TE,https://web.archive.org/web/20190416192926/http://www.people.ku.edu/~jyounger/LinearA/misctexts.html,younger_table_statement | source=YoungerArchive | ingested=2026-02-24T02:56:37Z
OBS_002073,external:sigla,external_csv,KH 6,word_1,1870,AB07 AB41,,AB07 AB41,AB07 AB41,AB07 AB41,http://sigla.phis.me/document/KH%206/index-word.html,sigla_word_seq_pattern | source=SigLA | ingested=2026-02-24T02:56:37Z
OBS_002074,external:sigla,external_csv,KH 6,word_2,1871,AB04 AB55 AB27,,AB04 AB55 AB27,AB04 AB55 AB27,AB04 AB55 AB27,http://sigla.phis.me/document/KH%206/index-word.html,sigla_word_seq_pattern | source=SigLA | ingested=2026-02-24T02:56:37Z
OBS_002075,external:sigla,external_csv,KH 6,word_3,1872,AB67 AB31 AB24,,AB67 AB31 AB24,AB67 AB31 AB24,AB67 AB31 AB24,http://sigla.phis.me/document/KH%206/index-word.html,sigla_word_seq_pattern | source=SigLA | ingested=2026-02-24T02:56:37Z
OBS_002076,external:sigla,external_csv,KH 6,word_4,1873,AB53 AB59 AB46,,AB53 AB59 AB46,AB53 AB59 AB46,AB53 AB59 AB46,http://sigla.phis.me/document/KH%206/index-word.html,sigla_word_seq_pattern | source=SigLA | ingested=2026-02-24T02:56:37Z
OBS_002077,external:sigla,external_csv,KH 6,word_5,1874,AB27,,AB27,AB27,AB27,http://sigla.phis.me/document/KH%206/index-word.html,sigla_word_seq_pattern | source=SigLA | ingested=2026-02-24T02:56:37Z
OBS_002078,external:sigla,external_csv,KH 6,word_6,1875,AB39 AB31,,AB39 AB31,AB39 AB31,AB39 AB31,http://sigla.phis.me/document/KH%206/index-word.html,sigla_word_seq_pattern | source=SigLA | ingested=2026-02-24T02:56:37Z
OBS_002079,external:sigla,external_csv,KH 6,word_7,1876,AB85 AB27 AB04,,AB85 AB27 AB04,AB85 AB27 AB04,AB85 AB27 AB04,http://sigla.phis.me/document/KH%206/index-word.html,sigla_word_seq_pattern | source=SigLA | ingested=2026-02-24T02:56:37Z
OBS_002080,external:youngerarchive,external_csv,KH 60,.1_stmt,1877,]RA KI TA NA SI[,,]RA KI TA NA SI[,]RA KI TA NA SI[,]RA KI TA NA SI[,https://web.archive.org/web/20190416192926/http://www.people.ku.edu/~jyounger/LinearA/misctexts.html,younger_table_statement | source=YoungerArchive | ingested=2026-02-24T02:56:37Z
OBS_002081,external:youngerarchive,external_csv,KH 60,.2_log,1878,]*131C,,]*131C,]*131C,]*131C,https://web.archive.org/web/20190416192926/http://www.people.ku.edu/~jyounger/LinearA/misctexts.html,younger_table_logogram | source=YoungerArchive | ingested=2026-02-24T02:56:37Z
OBS_002082,external:youngerarchive,external_csv,KH 60,.3_log,1879,MI JA RU,,MI JA RU,MI JA RU,MI JA RU,https://web.archive.org/web/20190416192926/http://www.people.ku.edu/~jyounger/LinearA/misctexts.html,younger_table_logogram | source=YoungerArchive | ingested=2026-02-24T02:56:37Z
OBS_002083,external:sigla,external_csv,KH 60,word_1,1880,AB60 AB67 AB59 AB06 AB41,,AB60 AB67 AB59 AB06 AB41,AB60 AB67 AB59 AB06 AB41,AB60 AB67 AB59 AB06 AB41,http://sigla.phis.me/document/KH%2060/index-word.html,sigla_word_seq_pattern | source=SigLA | ingested=2026-02-24T02:56:37Z
OBS_002084,external:youngerarchive,external_csv,KH 61,.3_log,1881,OLE TA,,OLE TA,OLE TA,OLE TA,https://web.archive.org/web/20190416192926/http://www.people.ku.edu/~jyounger/LinearA/misctexts.html,younger_table_logogram | source=YoungerArchive | ingested=2026-02-24T02:56:37Z
OBS_002085,external:youngerarchive,external_csv,KH 61,.4_log,1882,GRA,,GRA,GRA,GRA,https://web.archive.org/web/20190416192926/http://www.people.ku.edu/~jyounger/LinearA/misctexts.html,younger_table_logogram | source=YoungerArchive | ingested=2026-02-24T02:56:37Z
OBS_002086,external:sigla,external_csv,KH 61,word_2,1883,AB80,,AB80,AB80,AB80,http://sigla.phis.me/document/KH%2061/index-word.html,sigla_word_seq_pattern | source=SigLA | ingested=2026-02-24T02:56:37Z
OBS_002087,external:sigla,external_csv,KH 62,word_1,1884,AB80,,AB80,AB80,AB80,http://sigla.phis.me/document/KH%2062/index-word.html,sigla_word_seq_pattern | source=SigLA | ingested=2026-02-24T02:56:37Z
OBS_002088,external:youngerarchive,external_csv,KH 63,.2_log,1885,]*401VAS RU,,]*401VAS RU,]*401VAS RU,]*401VAS RU,https://web.archive.org/web/20190416192926/http://www.people.ku.edu/~jyounger/LinearA/misctexts.html,younger_table_logogram | source=YoungerArchive | ingested=2026-02-24T02:56:37Z
OBS_002089,external:sigla,external_csv,KH 63,word_1,1886,AB58,,AB58,AB58,AB58,http://sigla.phis.me/document/KH%2063/index-word.html,sigla_word_seq_pattern | source=SigLA | ingested=2026-02-24T02:56:37Z
OBS_002090,external:sigla,external_csv,KH 64,word_1,1887,AB59 [?],,AB59 [?],AB59 [?],AB59 [?],http://sigla.phis.me/document/KH%2064/index-word.html,sigla_word_seq_pattern | source=SigLA | ingested=2026-02-24T02:56:37Z
OBS_002091,external:youngerarchive,external_csv,KH 65,table1_row3_log,1888,]FIC[,,]FIC[,]FIC[,]FIC[,https://web.archive.org/web/20190416192926/http://www.people.ku.edu/~jyounger/LinearA/misctexts.html,younger_table_logogram | source=YoungerArchive | ingested=2026-02-24T02:56:37Z
OBS_002092,external:sigla,external_csv,KH 65,word_1,1889,AB30,,AB30,AB30,AB30,http://sigla.phis.me/document/KH%2065/index-word.html,sigla_word_seq_pattern | source=SigLA | ingested=2026-02-24T02:56:37Z
OBS_002093,external:sigla,external_csv,KH 68,word_1,1890,[?] [?],,[?] [?],[?] [?],[?] [?],http://sigla.phis.me/document/KH%2068/index-word.html,sigla_word_seq_pattern | source=SigLA | ingested=2026-02-24T02:56:37Z
OBS_002094,external:youngerarchive,external_csv,KH 7,a.2-3_log,1891,VIR *313B,,VIR *313B,VIR *313B,VIR *313B,https://web.archive.org/web/20190416192926/http://www.people.ku.edu/~jyounger/LinearA/misctexts.html,younger_table_logogram | source=YoungerArchive | ingested=2026-02-24T02:56:37Z
OBS_002095,external:youngerarchive,external_csv,KH 7,a.2-3_stmt,1892,E NA SI,,E NA SI,E NA SI,E NA SI,https://web.archive.org/web/20190416192926/http://www.people.ku.edu/~jyounger/LinearA/misctexts.html,younger_table_statement | source=YoungerArchive | ingested=2026-02-24T02:56:37Z
OBS_002096,external:youngerarchive,external_csv,KH 7,a.3_stmt,1893,I JA PA ME TA TA,,I JA PA ME TA TA,I JA PA ME TA TA,I JA PA ME TA TA,https://web.archive.org/web/20190416192926/http://www.people.ku.edu/~jyounger/LinearA/misctexts.html,younger_table_statement | source=YoungerArchive | ingested=2026-02-24T02:56:37Z
OBS_002097,external:youngerarchive,external_csv,KH 7,a.4-5_log,1894,VIR *313B,,VIR *313B,VIR *313B,VIR *313B,https://web.archive.org/web/20190416192926/http://www.people.ku.edu/~jyounger/LinearA/misctexts.html,younger_table_logogram | source=YoungerArchive | ingested=2026-02-24T02:56:37Z
OBS_002098,external:youngerarchive,external_csv,KH 7,a.4-5_stmt,1895,KU KO E,,KU KO E,KU KO E,KU KO E,https://web.archive.org/web/20190416192926/http://www.people.ku.edu/~jyounger/LinearA/misctexts.html,younger_table_statement | source=YoungerArchive | ingested=2026-02-24T02:56:37Z
OBS_002099,external:youngerarchive,external_csv,KH 7,a.4_log,1896,VIR *313B,,VIR *313B,VIR *313B,VIR *313B,https://web.archive.org/web/20190416192926/http://www.people.ku.edu/~jyounger/LinearA/misctexts.html,younger_table_logogram | source=YoungerArchive | ingested=2026-02-24T02:56:37Z
OBS_002100,external:youngerarchive,external_csv,KH 7,a.4_stmt,1897,QA TI KI,,QA TI KI,QA TI KI,QA TI KI,https://web.archive.org/web/20190416192926/http://www.people.ku.edu/~jyounger/LinearA/misctexts.html,younger_table_statement | source=YoungerArchive | ingested=2026-02-24T02:56:37Z
OBS_002101,external:youngerarchive,external_csv,KH 7,b.2-3_stmt,1898,PA NA TU,,PA NA TU,PA NA TU,PA NA TU,https://web.archive.org/web/20190416192926/http://www.people.ku.edu/~jyounger/LinearA/misctexts.html,younger_table_statement | source=YoungerArchive | ingested=2026-02-24T02:56:37Z
OBS_002102,external:youngerarchive,external_csv,KH 7,b.2_stmt,1899,U TA I SE,,U TA I SE,U TA I SE,U TA I SE,https://web.archive.org/web/20190416192926/http://www.people.ku.edu/~jyounger/LinearA/misctexts.html,younger_table_statement | source=YoungerArchive | ingested=2026-02-24T02:56:37Z
OBS_002103,external:sigla,external_csv,KH 70,word_1,1900,[?] [?],,[?] [?],[?] [?],[?] [?],http://sigla.phis.me/document/KH%2070/index-word.html,sigla_word_seq_pattern | source=SigLA | ingested=2026-02-24T02:56:37Z
OBS_002104,external:youngerarchive,external_csv,KH 73,.2_log,1901,FIC,,FIC,FIC,FIC,https://web.archive.org/web/20190416192926/http://www.people.ku.edu/~jyounger/LinearA/misctexts.html,younger_table_logogram | source=YoungerArchive | ingested=2026-02-24T02:56:37Z
OBS_002105,external:sigla,external_csv,KH 73,word_1,1902,[?] [?] AB08,,[?] [?] AB08,[?] [?] AB08,[?] [?] AB08,http://sigla.phis.me/document/KH%2073/index-word.html,sigla_word_seq_pattern | source=SigLA | ingested=2026-02-24T02:56:37Z
OBS_002106,external:sigla,external_csv,KH 73,word_2,1903,AB08 [?],,AB08 [?],AB08 [?],AB08 [?],http://sigla.phis.me/document/KH%2073/index-word.html,sigla_word_seq_pattern | source=SigLA | ingested=2026-02-24T02:56:37Z
OBS_002107,external:youngerarchive,external_csv,KH 74,.1_stmt,1904,SI JA DA SU[,,SI JA DA SU[,SI JA DA SU[,SI JA DA SU[,https://web.archive.org/web/20190416192926/http://www.people.ku.edu/~jyounger/LinearA/misctexts.html,younger_table_statement | source=YoungerArchive | ingested=2026-02-24T02:56:37Z
OBS_002108,external:sigla,external_csv,KH 74,word_1,1905,[?] AB41,,[?] AB41,[?] AB41,[?] AB41,http://sigla.phis.me/document/KH%2074/index-word.html,sigla_word_seq_pattern | source=SigLA | ingested=2026-02-24T02:56:37Z
OBS_002109,external:sigla,external_csv,KH 74,word_2,1906,AB57 AB01 AB58,,AB57 AB01 AB58,AB57 AB01 AB58,AB57 AB01 AB58,http://sigla.phis.me/document/KH%2074/index-word.html,sigla_word_seq_pattern | source=SigLA | ingested=2026-02-24T02:56:37Z
OBS_002110,external:sigla,external_csv,KH 74,word_3,1907,AB41,,AB41,AB41,AB41,http://sigla.phis.me/document/KH%2074/index-word.html,sigla_word_seq_pattern | source=SigLA | ingested=2026-02-24T02:56:37Z
OBS_002111,external:youngerarchive,external_csv,KH 75,.2_log,1908,FIC,,FIC,FIC,FIC,https://web.archive.org/web/20190416192926/http://www.people.ku.edu/~jyounger/LinearA/misctexts.html,younger_table_logogram | source=YoungerArchive | ingested=2026-02-24T02:56:37Z
OBS_002112,external:sigla,external_csv,KH 76,word_1,1909,AB41,,AB41,AB41,AB41,http://sigla.phis.me/document/KH%2076/index-word.html,sigla_word_seq_pattern | source=SigLA | ingested=2026-02-24T02:56:37Z
OBS_002113,external:sigla,external_csv,KH 79,word_1,1910,[?] AB03 AB01,,[?] AB03 AB01,[?] AB03 AB01,[?] AB03 AB01,http://sigla.phis.me/document/KH%2079/index-word.html,sigla_word_seq_pattern | source=SigLA | ingested=2026-02-24T02:56:37Z
OBS_002114,external:youngerarchive,external_csv,KH 79 89,.1_stmt,1911,]MI NA[,,]MI NA[,]MI NA[,]MI NA[,https://web.archive.org/web/20190416192926/http://www.people.ku.edu/~jyounger/LinearA/misctexts.html,younger_table_statement | source=YoungerArchive | ingested=2026-02-24T02:56:37Z
OBS_002115,external:youngerarchive,external_csv,KH 79 89,.2_stmt,1912,]PA TA A RA,,]PA TA A RA,]PA TA A RA,]PA TA A RA,https://web.archive.org/web/20190416192926/http://www.people.ku.edu/~jyounger/LinearA/misctexts.html,younger_table_statement | source=YoungerArchive | ingested=2026-02-24T02:56:37Z
OBS_002116,external:youngerarchive,external_csv,KH 79 89,.3_stmt,1913,PA DA NI,,PA DA NI,PA DA NI,PA DA NI,https://web.archive.org/web/20190416192926/http://www.people.ku.edu/~jyounger/LinearA/misctexts.html,younger_table_statement | source=YoungerArchive | ingested=2026-02-24T02:56:37Z
OBS_002117,external:sigla,external_csv,KH 79 89,word_1,1914,AB73 AB06,,AB73 AB06,AB73 AB06,AB73 AB06,http://sigla.phis.me/document/KH%2079%2B89/index-word.html,sigla_word_seq_pattern | source=SigLA | ingested=2026-02-24T02:56:37Z
OBS_002118,external:sigla,external_csv,KH 79 89,word_2,1915,AB03 AB59,,AB03 AB59,AB03 AB59,AB03 AB59,http://sigla.phis.me/document/KH%2079%2B89/index-word.html,sigla_word_seq_pattern | source=SigLA | ingested=2026-02-24T02:56:37Z
OBS_002119,external:sigla,external_csv,KH 79 89,word_3,1916,AB08 AB60,,AB08 AB60,AB08 AB60,AB08 AB60,http://sigla.phis.me/document/KH%2079%2B89/index-word.html,sigla_word_seq_pattern | source=SigLA | ingested=2026-02-24T02:56:37Z
OBS_002120,external:sigla,external_csv,KH 79 89,word_4,1917,[?] AB03 AB01 AB30,,[?] AB03 AB01 AB30,[?] AB03 AB01 AB30,[?] AB03 AB01 AB30,http://sigla.phis.me/document/KH%2079%2B89/index-word.html,sigla_word_seq_pattern | source=SigLA | ingested=2026-02-24T02:56:37Z
OBS_002121,external:sigla,external_csv,KH 7A,word_2,1918,AB28,,AB28,AB28,AB28,http://sigla.phis.me/document/KH%207a/index-word.html,sigla_word_seq_pattern | source=SigLA | ingested=2026-02-24T02:56:37Z
OBS_002122,external:sigla,external_csv,KH 7A,word_3,1919,AB38 AB06 AB41,,AB38 AB06 AB41,AB38 AB06 AB41,AB38 AB06 AB41,http://sigla.phis.me/document/KH%207a/index-word.html,sigla_word_seq_pattern | source=SigLA | ingested=2026-02-24T02:56:37Z
OBS_002123,external:sigla,external_csv,KH 7A,word_4,1920,AB28 AB57 AB03 AB13,,AB28 AB57 AB03 AB13,AB28 AB57 AB03 AB13,AB28 AB57 AB03 AB13,http://sigla.phis.me/document/KH%207a/index-word.html,sigla_word_seq_pattern | source=SigLA | ingested=2026-02-24T02:56:37Z
OBS_002124,external:sigla,external_csv,KH 7A,word_5,1921,AB59 AB59,,AB59 AB59,AB59 AB59,AB59 AB59,http://sigla.phis.me/document/KH%207a/index-word.html,sigla_word_seq_pattern | source=SigLA | ingested=2026-02-24T02:56:37Z
OBS_002125,external:sigla,external_csv,KH 7A,word_6,1922,AB16 AB37 AB67,,AB16 AB37 AB67,AB16 AB37 AB67,AB16 AB37 AB67,http://sigla.phis.me/document/KH%207a/index-word.html,sigla_word_seq_pattern | source=SigLA | ingested=2026-02-24T02:56:37Z
OBS_002126,external:sigla,external_csv,KH 7A,word_7,1923,AB09 A305,,AB09 A305,AB09 A305,AB09 A305,http://sigla.phis.me/document/KH%207a/index-word.html,sigla_word_seq_pattern | source=SigLA | ingested=2026-02-24T02:56:37Z
OBS_002127,external:sigla,external_csv,KH 7A,word_8,1924,AB81 [?] AB70 AB38,,AB81 [?] AB70 AB38,AB81 [?] AB70 AB38,AB81 [?] AB70 AB38,http://sigla.phis.me/document/KH%207a/index-word.html,sigla_word_seq_pattern | source=SigLA | ingested=2026-02-24T02:56:37Z
OBS_002128,external:sigla,external_csv,KH 7B,word_1,1925,AB10 AB59 AB28 AB09,,AB10 AB59 AB28 AB09,AB10 AB59 AB28 AB09,AB10 AB59 AB28 AB09,http://sigla.phis.me/document/KH%207b/index-word.html,sigla_word_seq_pattern | source=SigLA | ingested=2026-02-24T02:56:37Z
OBS_002129,external:sigla,external_csv,KH 7B,word_2,1926,AB03 AB06 AB69,,AB03 AB06 AB69,AB03 AB06 AB69,AB03 AB06 AB69,http://sigla.phis.me/document/KH%207b/index-word.html,sigla_word_seq_pattern | source=SigLA | ingested=2026-02-24T02:56:37Z
OBS_002130,external:youngerarchive,external_csv,KH 8,.1_log,1927,R E[,,R E[,R E[,R E[,https://web.archive.org/web/20190416192926/http://www.people.ku.edu/~jyounger/LinearA/misctexts.html,younger_table_logogram | source=YoungerArchive | ingested=2026-02-24T02:56:37Z
OBS_002131,external:youngerarchive,external_csv,KH 8,.2_log,1928,[[FIC,,[[FIC,[[FIC,[[FIC,https://web.archive.org/web/20190416192926/http://www.people.ku.edu/~jyounger/LinearA/misctexts.html,younger_table_logogram | source=YoungerArchive | ingested=2026-02-24T02:56:37Z
OBS_002132,external:youngerarchive,external_csv,KH 8,.3_log,1929,]GRA,,]GRA,]GRA,]GRA,https://web.archive.org/web/20190416192926/http://www.people.ku.edu/~jyounger/LinearA/misctexts.html,younger_table_logogram | source=YoungerArchive | ingested=2026-02-24T02:56:37Z
OBS_002133,external:youngerarchive,external_csv,KH 8,.4_log,1930,]FIC,,]FIC,]FIC,]FIC,https://web.archive.org/web/20190416192926/http://www.people.ku.edu/~jyounger/LinearA/misctexts.html,younger_table_logogram | source=YoungerArchive | ingested=2026-02-24T02:56:37Z
OBS_002134,external:sigla,external_csv,KH 8,word_1,1931,AB27 [?],,AB27 [?],AB27 [?],AB27 [?],http://sigla.phis.me/document/KH%208/index-word.html,sigla_word_seq_pattern | source=SigLA | ingested=2026-02-24T02:56:37Z
OBS_002135,external:sigla,external_csv,KH 8,word_2,1932,[?] AB59,,[?] AB59,[?] AB59,[?] AB59,http://sigla.phis.me/document/KH%208/index-word.html,sigla_word_seq_pattern | source=SigLA | ingested=2026-02-24T02:56:37Z
OBS_002136,external:youngerarchive,external_csv,KH 81,.2_log,1933,MI JA I,,MI JA I,MI JA I,MI JA I,https://web.archive.org/web/20190416192926/http://www.people.ku.edu/~jyounger/LinearA/misctexts.html,younger_table_logogram | source=YoungerArchive | ingested=2026-02-24T02:56:37Z
OBS_002137,external:youngerarchive,external_csv,KH 82,.2_log,1934,]OLE RI,,]OLE RI,]OLE RI,]OLE RI,https://web.archive.org/web/20190416192926/http://www.people.ku.edu/~jyounger/LinearA/misctexts.html,younger_table_logogram | source=YoungerArchive | ingested=2026-02-24T02:56:37Z
OBS_002138,external:youngerarchive,external_csv,KH 83,.1_stmt,1935,A DI NE[,,A DI NE[,A DI NE[,A DI NE[,https://web.archive.org/web/20190416192926/http://www.people.ku.edu/~jyounger/LinearA/misctexts.html,younger_table_statement | source=YoungerArchive | ingested=2026-02-24T02:56:37Z
OBS_002139,external:youngerarchive,external_csv,KH 83,.2_log,1936,VAS A,,VAS A,VAS A,VAS A,https://web.archive.org/web/20190416192926/http://www.people.ku.edu/~jyounger/LinearA/misctexts.html,younger_table_logogram | source=YoungerArchive | ingested=2026-02-24T02:56:37Z
OBS_002140,external:sigla,external_csv,KH 83,word_1,1937,AB08 AB07 AB24,,AB08 AB07 AB24,AB08 AB07 AB24,AB08 AB07 AB24,http://sigla.phis.me/document/KH%2083/index-word.html,sigla_word_seq_pattern | source=SigLA | ingested=2026-02-24T02:56:37Z
OBS_002141,external:youngerarchive,external_csv,KH 85,.1_log,1938,OLE TA,,OLE TA,OLE TA,OLE TA,https://web.archive.org/web/20190416192926/http://www.people.ku.edu/~jyounger/LinearA/misctexts.html,younger_table_logogram | source=YoungerArchive | ingested=2026-02-24T02:56:37Z
OBS_002142,external:youngerarchive,external_csv,KH 85,.2_log,1939,*401VAS RU,,*401VAS RU,*401VAS RU,*401VAS RU,https://web.archive.org/web/20190416192926/http://www.people.ku.edu/~jyounger/LinearA/misctexts.html,younger_table_logogram | source=YoungerArchive | ingested=2026-02-24T02:56:37Z
OBS_002143,external:youngerarchive,external_csv,KH 85,.2_log,1940,VINC[,,VINC[,VINC[,VINC[,https://web.archive.org/web/20190416192926/http://www.people.ku.edu/~jyounger/LinearA/misctexts.html,younger_table_logogram | source=YoungerArchive | ingested=2026-02-24T02:56:37Z
OBS_002144,external:youngerarchive,external_csv,KH 86,.1_stmt,1941,RE ZA,,RE ZA,RE ZA,RE ZA,https://web.archive.org/web/20190416192926/http://www.people.ku.edu/~jyounger/LinearA/misctexts.html,younger_table_statement | source=YoungerArchive | ingested=2026-02-24T02:56:37Z
OBS_002145,external:youngerarchive,external_csv,KH 86,.2_stmt,1942,PI NU,,PI NU,PI NU,PI NU,https://web.archive.org/web/20190416192926/http://www.people.ku.edu/~jyounger/LinearA/misctexts.html,younger_table_statement | source=YoungerArchive | ingested=2026-02-24T02:56:37Z
OBS_002146,external:sigla,external_csv,KH 86,word_1,1943,AB27 AB17,,AB27 AB17,AB27 AB17,AB27 AB17,http://sigla.phis.me/document/KH%2086/index-word.html,sigla_word_seq_pattern | source=SigLA | ingested=2026-02-24T02:56:37Z
OBS_002147,external:sigla,external_csv,KH 86,word_2,1944,AB39 AB55,,AB39 AB55,AB39 AB55,AB39 AB55,http://sigla.phis.me/document/KH%2086/index-word.html,sigla_word_seq_pattern | source=SigLA | ingested=2026-02-24T02:56:37Z
OBS_002148,external:youngerarchive,external_csv,KH 87,.3_log,1945,BOSM,,BOSM,BOSM,BOSM,https://web.archive.org/web/20190416192926/http://www.people.ku.edu/~jyounger/LinearA/misctexts.html,younger_table_logogram | source=YoungerArchive | ingested=2026-02-24T02:56:37Z
OBS_002149,external:youngerarchive,external_csv,KH 88,.1-2_log,1946,FIC,,FIC,FIC,FIC,https://web.archive.org/web/20190416192926/http://www.people.ku.edu/~jyounger/LinearA/misctexts.html,younger_table_logogram | source=YoungerArchive | ingested=2026-02-24T02:56:37Z
OBS_002150,external:youngerarchive,external_csv,KH 88,.1-2_stmt,1947,QA NU MA QIF,,QA NU MA QIF,QA NU MA QIF,QA NU MA QIF,https://web.archive.org/web/20190416192926/http://www.people.ku.edu/~jyounger/LinearA/misctexts.html,younger_table_statement | source=YoungerArchive | ingested=2026-02-24T02:56:37Z
OBS_002151,external:youngerarchive,external_csv,KH 88,.2-3_stmt,1948,PU DE,,PU DE,PU DE,PU DE,https://web.archive.org/web/20190416192926/http://www.people.ku.edu/~jyounger/LinearA/misctexts.html,younger_table_statement | source=YoungerArchive | ingested=2026-02-24T02:56:37Z
OBS_002152,external:sigla,external_csv,KH 88,word_1,1949,AB16 AB55 AB80,,AB16 AB55 AB80,AB16 AB55 AB80,AB16 AB55 AB80,http://sigla.phis.me/document/KH%2088/index-word.html,sigla_word_seq_pattern | source=SigLA | ingested=2026-02-24T02:56:37Z
OBS_002153,external:sigla,external_csv,KH 88,word_2,1950,AB21F AB118,,AB21F AB118,AB21F AB118,AB21F AB118,http://sigla.phis.me/document/KH%2088/index-word.html,sigla_word_seq_pattern | source=SigLA | ingested=2026-02-24T02:56:37Z
OBS_002154,external:sigla,external_csv,KH 88,word_3,1951,AB50 AB45,,AB50 AB45,AB50 AB45,AB50 AB45,http://sigla.phis.me/document/KH%2088/index-word.html,sigla_word_seq_pattern | source=SigLA | ingested=2026-02-24T02:56:37Z
OBS_002155,external:youngerarchive,external_csv,KH 9,.1_stmt,1952,A SI SU PO A,,A SI SU PO A,A SI SU PO A,A SI SU PO A,https://web.archive.org/web/20190416192926/http://www.people.ku.edu/~jyounger/LinearA/misctexts.html,younger_table_statement | source=YoungerArchive | ingested=2026-02-24T02:56:37Z
OBS_002156,external:youngerarchive,external_csv,KH 9,.2_log,1953,FIC,,FIC,FIC,FIC,https://web.archive.org/web/20190416192926/http://www.people.ku.edu/~jyounger/LinearA/misctexts.html,younger_table_logogram | source=YoungerArchive | ingested=2026-02-24T02:56:37Z
OBS_002157,external:youngerarchive,external_csv,KH 9,.3_stmt,1954,]I SI,,]I SI,]I SI,]I SI,https://web.archive.org/web/20190416192926/http://www.people.ku.edu/~jyounger/LinearA/misctexts.html,younger_table_statement | source=YoungerArchive | ingested=2026-02-24T02:56:37Z
OBS_002158,external:youngerarchive,external_csv,KH 9,.6_log,1955,SI TA2,,SI TA2,SI TA2,SI TA2,https://web.archive.org/web/20190416192926/http://www.people.ku.edu/~jyounger/LinearA/misctexts.html,younger_table_logogram | source=YoungerArchive | ingested=2026-02-24T02:56:37Z
OBS_002159,external:sigla,external_csv,KH 9,word_1,1956,AB08 AB41 AB58 AB11 AB08,,AB08 AB41 AB58 AB11 AB08,AB08 AB41 AB58 AB11 AB08,AB08 AB41 AB58 AB11 AB08,http://sigla.phis.me/document/KH%209/index-word.html,sigla_word_seq_pattern | source=SigLA | ingested=2026-02-24T02:56:37Z
OBS_002160,external:sigla,external_csv,KH 9,word_2,1957,AB28 AB41,,AB28 AB41,AB28 AB41,AB28 AB41,http://sigla.phis.me/document/KH%209/index-word.html,sigla_word_seq_pattern | source=SigLA | ingested=2026-02-24T02:56:37Z
OBS_002161,external:youngerarchive,external_csv,KH 90,.2_stmt,1958,MA TA RI TA,,MA TA RI TA,MA TA RI TA,MA TA RI TA,https://web.archive.org/web/20190416192926/http://www.people.ku.edu/~jyounger/LinearA/misctexts.html,younger_table_statement | source=YoungerArchive | ingested=2026-02-24T02:56:37Z
OBS_002162,external:sigla,external_csv,KH 90,word_1,1959,[?] AB57 [?],,[?] AB57 [?],[?] AB57 [?],[?] AB57 [?],http://sigla.phis.me/document/KH%2090/index-word.html,sigla_word_seq_pattern | source=SigLA | ingested=2026-02-24T02:56:37Z
OBS_002163,external:sigla,external_csv,KH 90,word_2,1960,AB80 AB59 AB53 AB59,,AB80 AB59 AB53 AB59,AB80 AB59 AB53 AB59,AB80 AB59 AB53 AB59,http://sigla.phis.me/document/KH%2090/index-word.html,sigla_word_seq_pattern | source=SigLA | ingested=2026-02-24T02:56:37Z
OBS_002164,external:youngerarchive,external_csv,KH 91,.1_log,1961,GRA,,GRA,GRA,GRA,https://web.archive.org/web/20190416192926/http://www.people.ku.edu/~jyounger/LinearA/misctexts.html,younger_table_logogram | source=YoungerArchive | ingested=2026-02-24T02:56:37Z
OBS_002165,external:youngerarchive,external_csv,KH 91,.3_log,1962,FIC[,,FIC[,FIC[,FIC[,https://web.archive.org/web/20190416192926/http://www.people.ku.edu/~jyounger/LinearA/misctexts.html,younger_table_logogram | source=YoungerArchive | ingested=2026-02-24T02:56:37Z
OBS_002166,external:youngerarchive,external_csv,KH 91,.4_log,1963,*401VAS RA,,*401VAS RA,*401VAS RA,*401VAS RA,https://web.archive.org/web/20190416192926/http://www.people.ku.edu/~jyounger/LinearA/misctexts.html,younger_table_logogram | source=YoungerArchive | ingested=2026-02-24T02:56:37Z
OBS_002167,external:youngerarchive,external_csv,KH 91,.4_log,1964,*401VAS RU,,*401VAS RU,*401VAS RU,*401VAS RU,https://web.archive.org/web/20190416192926/http://www.people.ku.edu/~jyounger/LinearA/misctexts.html,younger_table_logogram | source=YoungerArchive | ingested=2026-02-24T02:56:37Z
OBS_002168,external:sigla,external_csv,KH 91,word_1,1965,AB79,,AB79,AB79,AB79,http://sigla.phis.me/document/KH%2091/index-word.html,sigla_word_seq_pattern | source=SigLA | ingested=2026-02-24T02:56:37Z
OBS_002169,external:youngerarchive,external_csv,KH 92,.1_stmt,1966,A DA QIF RI,,A DA QIF RI,A DA QIF RI,A DA QIF RI,https://web.archive.org/web/20190416192926/http://www.people.ku.edu/~jyounger/LinearA/misctexts.html,younger_table_statement | source=YoungerArchive | ingested=2026-02-24T02:56:37Z
OBS_002170,external:youngerarchive,external_csv,KH 92,.1_stmt,1967,KU NI TE,,KU NI TE,KU NI TE,KU NI TE,https://web.archive.org/web/20190416192926/http://www.people.ku.edu/~jyounger/LinearA/misctexts.html,younger_table_statement | source=YoungerArchive | ingested=2026-02-24T02:56:37Z
OBS_002171,external:youngerarchive,external_csv,KH 92,.2_stmt,1968,]NA KI,,]NA KI,]NA KI,]NA KI,https://web.archive.org/web/20190416192926/http://www.people.ku.edu/~jyounger/LinearA/misctexts.html,younger_table_statement | source=YoungerArchive | ingested=2026-02-24T02:56:37Z
OBS_002172,external:sigla,external_csv,KH 92,word_1,1969,AB08 AB01 AB21F AB53,,AB08 AB01 AB21F AB53,AB08 AB01 AB21F AB53,AB08 AB01 AB21F AB53,http://sigla.phis.me/document/KH%2092/index-word.html,sigla_word_seq_pattern | source=SigLA | ingested=2026-02-24T02:56:37Z
OBS_002173,external:sigla,external_csv,KH 92,word_2,1970,AB81 AB30 AB04,,AB81 AB30 AB04,AB81 AB30 AB04,AB81 AB30 AB04,http://sigla.phis.me/document/KH%2092/index-word.html,sigla_word_seq_pattern | source=SigLA | ingested=2026-02-24T02:56:37Z
OBS_002174,external:sigla,external_csv,KH 92,word_3,1971,AB06 AB67,,AB06 AB67,AB06 AB67,AB06 AB67,http://sigla.phis.me/document/KH%2092/index-word.html,sigla_word_seq_pattern | source=SigLA | ingested=2026-02-24T02:56:37Z
OBS_002175,external:sigla,external_csv,KH 92,word_4,1972,AB08? [?],,AB08? [?],AB08? [?],AB08? [?],http://sigla.phis.me/document/KH%2092/index-word.html,sigla_word_seq_pattern | source=SigLA | ingested=2026-02-24T02:56:37Z
OBS_002176,external:sigla,external_csv,KH 94,word_3,1973,AB17?,,AB17?,AB17?,AB17?,http://sigla.phis.me/document/KH%2094/index-word.html,sigla_word_seq_pattern | source=SigLA | ingested=2026-02-24T02:56:37Z
OBS_002177,external:sigla,external_csv,KH 95,word_1,1974,AB09,,AB09,AB09,AB09,http://sigla.phis.me/document/KH%2095/index-word.html,sigla_word_seq_pattern | source=SigLA | ingested=2026-02-24T02:56:37Z
OBS_002178,external:youngerarchive,external_csv,KH 97,.a1_stmt,1975,]RE A JA,,]RE A JA,]RE A JA,]RE A JA,https://web.archive.org/web/20190416192926/http://www.people.ku.edu/~jyounger/LinearA/misctexts.html,younger_table_statement | source=YoungerArchive | ingested=2026-02-24T02:56:37Z
OBS_002179,external:youngerarchive,external_csv,KH 97,.b1_stmt,1976,SE I[,,SE I[,SE I[,SE I[,https://web.archive.org/web/20190416192926/http://www.people.ku.edu/~jyounger/LinearA/misctexts.html,younger_table_statement | source=YoungerArchive | ingested=2026-02-24T02:56:37Z
OBS_002180,external:sigla,external_csv,KH 97A,word_1,1977,AB27,,AB27,AB27,AB27,http://sigla.phis.me/document/KH%2097a/index-word.html,sigla_word_seq_pattern | source=SigLA | ingested=2026-02-24T02:56:37Z
OBS_002181,external:sigla,external_csv,KH 97A,word_2,1978,AB08 AB57,,AB08 AB57,AB08 AB57,AB08 AB57,http://sigla.phis.me/document/KH%2097a/index-word.html,sigla_word_seq_pattern | source=SigLA | ingested=2026-02-24T02:56:37Z
OBS_002182,external:sigla,external_csv,KH 97A,word_3,1979,AB06,,AB06,AB06,AB06,http://sigla.phis.me/document/KH%2097a/index-word.html,sigla_word_seq_pattern | source=SigLA | ingested=2026-02-24T02:56:37Z
OBS_002183,external:sigla,external_csv,KH 97B,word_1,1980,AB09,,AB09,AB09,AB09,http://sigla.phis.me/document/KH%2097b/index-word.html,sigla_word_seq_pattern | source=SigLA | ingested=2026-02-24T02:56:37Z
OBS_002184,external:sigla,external_csv,KH 97B,word_2,1981,AB28?,,AB28?,AB28?,AB28?,http://sigla.phis.me/document/KH%2097b/index-word.html,sigla_word_seq_pattern | source=SigLA | ingested=2026-02-24T02:56:37Z
OBS_002185,external:youngerarchive,external_csv,KH 99,.1_stmt,1982,]PA RI DE,,]PA RI DE,]PA RI DE,]PA RI DE,https://web.archive.org/web/20190416192926/http://www.people.ku.edu/~jyounger/LinearA/misctexts.html,younger_table_statement | source=YoungerArchive | ingested=2026-02-24T02:56:37Z
OBS_002186,external:youngerarchive,external_csv,KH 99,.2_stmt,1983,]A SI,,]A SI,]A SI,]A SI,https://web.archive.org/web/20190416192926/http://www.people.ku.edu/~jyounger/LinearA/misctexts.html,younger_table_statement | source=YoungerArchive | ingested=2026-02-24T02:56:37Z
OBS_002187,external:youngerarchive,external_csv,KH 99,.3_stmt,1984,]KU KA,,]KU KA,]KU KA,]KU KA,https://web.archive.org/web/20190416192926/http://www.people.ku.edu/~jyounger/LinearA/misctexts.html,younger_table_statement | source=YoungerArchive | ingested=2026-02-24T02:56:37Z
OBS_002188,external:sigla,external_csv,KH 99,word_1,1985,AB03 AB53 AB45,,AB03 AB53 AB45,AB03 AB53 AB45,AB03 AB53 AB45,http://sigla.phis.me/document/KH%2099/index-word.html,sigla_word_seq_pattern | source=SigLA | ingested=2026-02-24T02:56:37Z
OBS_002189,external:sigla,external_csv,KH 99,word_2,1986,AB08 AB41 AB118,,AB08 AB41 AB118,AB08 AB41 AB118,AB08 AB41 AB118,http://sigla.phis.me/document/KH%2099/index-word.html,sigla_word_seq_pattern | source=SigLA | ingested=2026-02-24T02:56:37Z
OBS_002190,external:sigla,external_csv,KH 99,word_3,1987,AB81 AB77 [?],,AB81 AB77 [?],AB81 AB77 [?],AB81 AB77 [?],http://sigla.phis.me/document/KH%2099/index-word.html,sigla_word_seq_pattern | source=SigLA | ingested=2026-02-24T02:56:37Z
OBS_002191,external:sigla,external_csv,KH WA 1002,word_1,1988,A501,,A501,A501,A501,http://sigla.phis.me/document/KH%20Wa%201002%CE%B3/index-word.html,sigla_word_seq_pattern | source=SigLA | ingested=2026-02-24T02:56:37Z
OBS_002192,external:sigla,external_csv,KH WA 1002,word_1,1989,A640,,A640,A640,A640,http://sigla.phis.me/document/KH%20Wa%201002%CE%B1/index-word.html,sigla_word_seq_pattern | source=SigLA | ingested=2026-02-24T02:56:37Z
OBS_002193,external:sigla,external_csv,KH WA 1013,word_1,1990,AB02,,AB02,AB02,AB02,http://sigla.phis.me/document/KH%20Wa%201013%CE%B3/index-word.html,sigla_word_seq_pattern | source=SigLA | ingested=2026-02-24T02:56:37Z
OBS_002194,external:sigla,external_csv,KH WA 1013,word_1,1991,AB86,,AB86,AB86,AB86,http://sigla.phis.me/document/KH%20Wa%201013%CE%B1/index-word.html,sigla_word_seq_pattern | source=SigLA | ingested=2026-02-24T02:56:37Z
OBS_002195,external:sigla,external_csv,KH WA 1014,word_1,1992,AB02,,AB02,AB02,AB02,http://sigla.phis.me/document/KH%20Wa%201014%CE%B3/index-word.html,sigla_word_seq_pattern | source=SigLA | ingested=2026-02-24T02:56:37Z
OBS_002196,external:sigla,external_csv,KH WA 1014,word_1,1993,AB86,,AB86,AB86,AB86,http://sigla.phis.me/document/KH%20Wa%201014%CE%B1/index-word.html,sigla_word_seq_pattern | source=SigLA | ingested=2026-02-24T02:56:37Z
OBS_002197,external:sigla,external_csv,KH WA 1015,word_1,1994,AB02,,AB02,AB02,AB02,http://sigla.phis.me/document/KH%20Wa%201015%CE%B3/index-word.html,sigla_word_seq_pattern | source=SigLA | ingested=2026-02-24T02:56:37Z
OBS_002198,external:sigla,external_csv,KH WA 1015,word_1,1995,AB86,,AB86,AB86,AB86,http://sigla.phis.me/document/KH%20Wa%201015%CE%B1/index-word.html,sigla_word_seq_pattern | source=SigLA | ingested=2026-02-24T02:56:37Z
OBS_002199,external:sigla,external_csv,KH WA 1016,word_1,1996,AB02,,AB02,AB02,AB02,http://sigla.phis.me/document/KH%20Wa%201016%CE%B3/index-word.html,sigla_word_seq_pattern | source=SigLA | ingested=2026-02-24T02:56:37Z
OBS_002200,external:sigla,external_csv,KH WA 1016,word_1,1997,AB86,,AB86,AB86,AB86,http://sigla.phis.me/document/KH%20Wa%201016%CE%B1/index-word.html,sigla_word_seq_pattern | source=SigLA | ingested=2026-02-24T02:56:37Z
OBS_002201,external:youngerarchive,external_csv,KH WC 2004,table1_row2_stmt,1998,VIR[,,VIR[,VIR[,VIR[,https://web.archive.org/web/20190416192926/http://www.people.ku.edu/~jyounger/LinearA/misctexts.html,younger_table_statement | source=YoungerArchive | ingested=2026-02-24T02:56:37Z
OBS_002202,external:sigla,external_csv,KH WC 2005,word_1,1999,AB77 AB06 AB30 AB37,,AB77 AB06 AB30 AB37,AB77 AB06 AB30 AB37,AB77 AB06 AB30 AB37,http://sigla.phis.me/document/KH%20Wc%202005/index-word.html,sigla_word_seq_pattern | source=SigLA | ingested=2026-02-24T02:56:37Z
OBS_002203,external:youngerarchive,external_csv,KH WC 2006,table1_row2_stmt,2000,*417VAS,,*417VAS,*417VAS,*417VAS,https://web.archive.org/web/20190416192926/http://www.people.ku.edu/~jyounger/LinearA/misctexts.html,younger_table_statement | source=YoungerArchive | ingested=2026-02-24T02:56:37Z
OBS_002204,external:youngerarchive,external_csv,KH WC 2007,table1_row2_stmt,2001,*417VAS,,*417VAS,*417VAS,*417VAS,https://web.archive.org/web/20190416192926/http://www.people.ku.edu/~jyounger/LinearA/misctexts.html,younger_table_statement | source=YoungerArchive | ingested=2026-02-24T02:56:37Z
OBS_002205,external:youngerarchive,external_csv,KH WC 2008,table1_row2_stmt,2002,*411VASB,,*411VASB,*411VASB,*411VASB,https://web.archive.org/web/20190416192926/http://www.people.ku.edu/~jyounger/LinearA/misctexts.html,younger_table_statement | source=YoungerArchive | ingested=2026-02-24T02:56:37Z
OBS_002206,external:sigla,external_csv,KH WC 2008,word_1,2003,A411B,,A411B,A411B,A411B,http://sigla.phis.me/document/KH%20Wc%202008/index-word.html,sigla_word_seq_pattern | source=SigLA | ingested=2026-02-24T02:56:37Z
OBS_002207,external:youngerarchive,external_csv,KH WC 2009,table1_row2_stmt,2004,*411VASB,,*411VASB,*411VASB,*411VASB,https://web.archive.org/web/20190416192926/http://www.people.ku.edu/~jyounger/LinearA/misctexts.html,younger_table_statement | source=YoungerArchive | ingested=2026-02-24T02:56:37Z
OBS_002208,external:sigla,external_csv,KH WC 2009,word_1,2005,A411B,,A411B,A411B,A411B,http://sigla.phis.me/document/KH%20Wc%202009/index-word.html,sigla_word_seq_pattern | source=SigLA | ingested=2026-02-24T02:56:37Z
OBS_002209,external:youngerarchive,external_csv,KH WC 2010,table1_row2_stmt,2006,*409VAS,,*409VAS,*409VAS,*409VAS,https://web.archive.org/web/20190416192926/http://www.people.ku.edu/~jyounger/LinearA/misctexts.html,younger_table_statement | source=YoungerArchive | ingested=2026-02-24T02:56:37Z
OBS_002210,external:youngerarchive,external_csv,KH WC 2011,table1_row2_stmt,2007,*411VASB,,*411VASB,*411VASB,*411VASB,https://web.archive.org/web/20190416192926/http://www.people.ku.edu/~jyounger/LinearA/misctexts.html,younger_table_statement | source=YoungerArchive | ingested=2026-02-24T02:56:37Z
OBS_002211,external:youngerarchive,external_csv,KH WC 2012,table1_row2_stmt,2008,*411VASB,,*411VASB,*411VASB,*411VASB,https://web.archive.org/web/20190416192926/http://www.people.ku.edu/~jyounger/LinearA/misctexts.html,younger_table_statement | source=YoungerArchive | ingested=2026-02-24T02:56:37Z
OBS_002212,external:youngerarchive,external_csv,KH WC 2013,table1_row2_stmt,2009,*411VASB,,*411VASB,*411VASB,*411VASB,https://web.archive.org/web/20190416192926/http://www.people.ku.edu/~jyounger/LinearA/misctexts.html,younger_table_statement | source=YoungerArchive | ingested=2026-02-24T02:56:37Z
OBS_002213,external:youngerarchive,external_csv,KH WC 2014,table1_row2_stmt,2010,*411VASB,,*411VASB,*411VASB,*411VASB,https://web.archive.org/web/20190416192926/http://www.people.ku.edu/~jyounger/LinearA/misctexts.html,younger_table_statement | source=YoungerArchive | ingested=2026-02-24T02:56:37Z
OBS_002214,external:youngerarchive,external_csv,KH WC 2015,table1_row2_stmt,2011,*411VASB,,*411VASB,*411VASB,*411VASB,https://web.archive.org/web/20190416192926/http://www.people.ku.edu/~jyounger/LinearA/misctexts.html,younger_table_statement | source=YoungerArchive | ingested=2026-02-24T02:56:37Z
OBS_002215,external:youngerarchive,external_csv,KH WC 2016,table1_row2_stmt,2012,*411VASB,,*411VASB,*411VASB,*411VASB,https://web.archive.org/web/20190416192926/http://www.people.ku.edu/~jyounger/LinearA/misctexts.html,younger_table_statement | source=YoungerArchive | ingested=2026-02-24T02:56:37Z
OBS_002216,external:youngerarchive,external_csv,KH WC 2017,table1_row2_stmt,2013,*411VASB,,*411VASB,*411VASB,*411VASB,https://web.archive.org/web/20190416192926/http://www.people.ku.edu/~jyounger/LinearA/misctexts.html,younger_table_statement | source=YoungerArchive | ingested=2026-02-24T02:56:37Z
OBS_002217,external:youngerarchive,external_csv,KH WC 2018,table1_row2_stmt,2014,*411VASB,,*411VASB,*411VASB,*411VASB,https://web.archive.org/web/20190416192926/http://www.people.ku.edu/~jyounger/LinearA/misctexts.html,younger_table_statement | source=YoungerArchive | ingested=2026-02-24T02:56:37Z
OBS_002218,external:youngerarchive,external_csv,KH WC 2019,table1_row2_stmt,2015,*411VASA,,*411VASA,*411VASA,*411VASA,https://web.archive.org/web/20190416192926/http://www.people.ku.edu/~jyounger/LinearA/misctexts.html,younger_table_statement | source=YoungerArchive | ingested=2026-02-24T02:56:37Z
OBS_002219,external:youngerarchive,external_csv,KH WC 2020,table1_row2_stmt,2016,*409VAS,,*409VAS,*409VAS,*409VAS,https://web.archive.org/web/20190416192926/http://www.people.ku.edu/~jyounger/LinearA/misctexts.html,younger_table_statement | source=YoungerArchive | ingested=2026-02-24T02:56:37Z
OBS_002220,external:youngerarchive,external_csv,KH WC 2021,table1_row2_stmt,2017,*409VAS,,*409VAS,*409VAS,*409VAS,https://web.archive.org/web/20190416192926/http://www.people.ku.edu/~jyounger/LinearA/misctexts.html,younger_table_statement | source=YoungerArchive | ingested=2026-02-24T02:56:37Z
OBS_002221,external:youngerarchive,external_csv,KH WC 2022,table1_row2_stmt,2018,*411VASB,,*411VASB,*411VASB,*411VASB,https://web.archive.org/web/20190416192926/http://www.people.ku.edu/~jyounger/LinearA/misctexts.html,younger_table_statement | source=YoungerArchive | ingested=2026-02-24T02:56:37Z
OBS_002222,external:youngerarchive,external_csv,KH WC 2023,table1_row2_stmt,2019,*411VASB,,*411VASB,*411VASB,*411VASB,https://web.archive.org/web/20190416192926/http://www.people.ku.edu/~jyounger/LinearA/misctexts.html,younger_table_statement | source=YoungerArchive | ingested=2026-02-24T02:56:37Z
OBS_002223,external:youngerarchive,external_csv,KH WC 2024,table1_row2_stmt,2020,*411VASB,,*411VASB,*411VASB,*411VASB,https://web.archive.org/web/20190416192926/http://www.people.ku.edu/~jyounger/LinearA/misctexts.html,younger_table_statement | source=YoungerArchive | ingested=2026-02-24T02:56:37Z
OBS_002224,external:youngerarchive,external_csv,KH WC 2029 2030,table1_row2_stmt,2021,VIR KA,,VIR KA,VIR KA,VIR KA,https://web.archive.org/web/20190416192926/http://www.people.ku.edu/~jyounger/LinearA/misctexts.html,younger_table_statement | source=YoungerArchive | ingested=2026-02-24T02:56:37Z
OBS_002225,external:youngerarchive,external_csv,KH WC 2031,table1_row2_stmt,2022,VIR KA,,VIR KA,VIR KA,VIR KA,https://web.archive.org/web/20190416192926/http://www.people.ku.edu/~jyounger/LinearA/misctexts.html,younger_table_statement | source=YoungerArchive | ingested=2026-02-24T02:56:37Z
OBS_002226,external:youngerarchive,external_csv,KH WC 2032,table1_row2_stmt,2023,VIR KA,,VIR KA,VIR KA,VIR KA,https://web.archive.org/web/20190416192926/http://www.people.ku.edu/~jyounger/LinearA/misctexts.html,younger_table_statement | source=YoungerArchive | ingested=2026-02-24T02:56:37Z
OBS_002227,external:sigla,external_csv,KH WC 2035,word_1,2024,AB61,,AB61,AB61,AB61,http://sigla.phis.me/document/KH%20Wc%202035/index-word.html,sigla_word_seq_pattern | source=SigLA | ingested=2026-02-24T02:56:37Z
OBS_002228,external:youngerarchive,external_csv,KH WC 2036,table1_row2_stmt,2025,*164D,,*164D,*164D,*164D,https://web.archive.org/web/20190416192926/http://www.people.ku.edu/~jyounger/LinearA/misctexts.html,younger_table_statement | source=YoungerArchive | ingested=2026-02-24T02:56:37Z
OBS_002229,external:youngerarchive,external_csv,KH WC 2037,table1_row2_stmt,2026,*164D,,*164D,*164D,*164D,https://web.archive.org/web/20190416192926/http://www.people.ku.edu/~jyounger/LinearA/misctexts.html,younger_table_statement | source=YoungerArchive | ingested=2026-02-24T02:56:37Z
OBS_002230,external:youngerarchive,external_csv,KH WC 2038,table1_row2_stmt,2027,*164D,,*164D,*164D,*164D,https://web.archive.org/web/20190416192926/http://www.people.ku.edu/~jyounger/LinearA/misctexts.html,younger_table_statement | source=YoungerArchive | ingested=2026-02-24T02:56:37Z
OBS_002231,external:youngerarchive,external_csv,KH WC 2039,table1_row2_stmt,2028,*164D,,*164D,*164D,*164D,https://web.archive.org/web/20190416192926/http://www.people.ku.edu/~jyounger/LinearA/misctexts.html,younger_table_statement | source=YoungerArchive | ingested=2026-02-24T02:56:37Z
OBS_002232,external:youngerarchive,external_csv,KH WC 2040,table1_row2_stmt,2029,*164B,,*164B,*164B,*164B,https://web.archive.org/web/20190416192926/http://www.people.ku.edu/~jyounger/LinearA/misctexts.html,younger_table_statement | source=YoungerArchive | ingested=2026-02-24T02:56:37Z
OBS_002233,external:youngerarchive,external_csv,KH WC 2041,table1_row2_stmt,2030,*164C,,*164C,*164C,*164C,https://web.archive.org/web/20190416192926/http://www.people.ku.edu/~jyounger/LinearA/misctexts.html,younger_table_statement | source=YoungerArchive | ingested=2026-02-24T02:56:37Z
OBS_002234,external:youngerarchive,external_csv,KH WC 2042,table1_row2_stmt,2031,*164A,,*164A,*164A,*164A,https://web.archive.org/web/20190416192926/http://www.people.ku.edu/~jyounger/LinearA/misctexts.html,younger_table_statement | source=YoungerArchive | ingested=2026-02-24T02:56:37Z
OBS_002235,external:youngerarchive,external_csv,KH WC 2043,table1_row2_stmt,2032,*164A,,*164A,*164A,*164A,https://web.archive.org/web/20190416192926/http://www.people.ku.edu/~jyounger/LinearA/misctexts.html,younger_table_statement | source=YoungerArchive | ingested=2026-02-24T02:56:37Z
OBS_002236,external:youngerarchive,external_csv,KH WC 2044 2096,table1_row2_stmt,2033,*164A,,*164A,*164A,*164A,https://web.archive.org/web/20190416192926/http://www.people.ku.edu/~jyounger/LinearA/misctexts.html,younger_table_statement | source=YoungerArchive | ingested=2026-02-24T02:56:37Z
OBS_002237,external:youngerarchive,external_csv,KH WC 2045,table1_row2_stmt,2034,*164D,,*164D,*164D,*164D,https://web.archive.org/web/20190416192926/http://www.people.ku.edu/~jyounger/LinearA/misctexts.html,younger_table_statement | source=YoungerArchive | ingested=2026-02-24T02:56:37Z
OBS_002238,external:youngerarchive,external_csv,KH WC 2063,table1_row2_stmt,2035,OVIS,,OVIS,OVIS,OVIS,https://web.archive.org/web/20190416192926/http://www.people.ku.edu/~jyounger/LinearA/misctexts.html,younger_table_statement | source=YoungerArchive | ingested=2026-02-24T02:56:37Z
OBS_002239,external:youngerarchive,external_csv,KH WC 2066,table1_row2_stmt,2036,I [?],,I [?],I [?],I [?],https://web.archive.org/web/20190416192926/http://www.people.ku.edu/~jyounger/LinearA/misctexts.html,younger_table_statement | source=YoungerArchive | ingested=2026-02-24T02:56:37Z
OBS_002240,external:youngerarchive,external_csv,KH WC 2069,table1_row2_stmt,2037,BOSM,,BOSM,BOSM,BOSM,https://web.archive.org/web/20190416192926/http://www.people.ku.edu/~jyounger/LinearA/misctexts.html,younger_table_statement | source=YoungerArchive | ingested=2026-02-24T02:56:37Z
OBS_002241,external:youngerarchive,external_csv,KH WC 2070,table1_row2_stmt,2038,I [?],,I [?],I [?],I [?],https://web.archive.org/web/20190416192926/http://www.people.ku.edu/~jyounger/LinearA/misctexts.html,younger_table_statement | source=YoungerArchive | ingested=2026-02-24T02:56:37Z
OBS_002242,external:youngerarchive,external_csv,KH WC 2100,table1_row2_stmt,2039,VIR JA,,VIR JA,VIR JA,VIR JA,https://web.archive.org/web/20190416192926/http://www.people.ku.edu/~jyounger/LinearA/misctexts.html,younger_table_statement | source=YoungerArchive | ingested=2026-02-24T02:56:37Z
OBS_002243,external:sigla,external_csv,KH WC 2100,word_1,2040,AB100 A352 AB57,,AB100 A352 AB57,AB100 A352 AB57,AB100 A352 AB57,http://sigla.phis.me/document/KH%20Wc%202100/index-word.html,sigla_word_seq_pattern | source=SigLA | ingested=2026-02-24T02:56:37Z
OBS_002244,external:youngerarchive,external_csv,KH WC 2102,table1_row2_stmt,2041,OVIS,,OVIS,OVIS,OVIS,https://web.archive.org/web/20190416192926/http://www.people.ku.edu/~jyounger/LinearA/misctexts.html,younger_table_statement | source=YoungerArchive | ingested=2026-02-24T02:56:37Z
OBS_002245,external:youngerarchive,external_csv,KH WC 2103,table1_row2_stmt,2042,*408VAS,,*408VAS,*408VAS,*408VAS,https://web.archive.org/web/20190416192926/http://www.people.ku.edu/~jyounger/LinearA/misctexts.html,younger_table_statement | source=YoungerArchive | ingested=2026-02-24T02:56:37Z
OBS_002246,external:youngerarchive,external_csv,KH WC 2111,table1_row2_stmt,2043,*164D,,*164D,*164D,*164D,https://web.archive.org/web/20190416192926/http://www.people.ku.edu/~jyounger/LinearA/misctexts.html,younger_table_statement | source=YoungerArchive | ingested=2026-02-24T02:56:37Z
OBS_002247,external:youngerarchive,external_csv,KH WC 2122,table1_row2_stmt,2044,*408VAS,,*408VAS,*408VAS,*408VAS,https://web.archive.org/web/20190416192926/http://www.people.ku.edu/~jyounger/LinearA/misctexts.html,younger_table_statement | source=YoungerArchive | ingested=2026-02-24T02:56:37Z
OBS_002248,external:youngerarchive,external_csv,KH WC 2124,table1_row2_stmt,2045,TELA,,TELA,TELA,TELA,https://web.archive.org/web/20190416192926/http://www.people.ku.edu/~jyounger/LinearA/misctexts.html,younger_table_statement | source=YoungerArchive | ingested=2026-02-24T02:56:37Z
OBS_002249,external:youngerarchive,external_csv,KN 1,a.1-2_stmt,2046,JA KU TI,,JA KU TI,JA KU TI,JA KU TI,https://web.archive.org/web/20190416192926/http://www.people.ku.edu/~jyounger/LinearA/misctexts.html,younger_table_statement | source=YoungerArchive | ingested=2026-02-24T02:56:37Z
OBS_002250,external:youngerarchive,external_csv,KN 1,b.1-3_stmt,2047,JA DU RA TI,,JA DU RA TI,JA DU RA TI,JA DU RA TI,https://web.archive.org/web/20190416192926/http://www.people.ku.edu/~jyounger/LinearA/misctexts.html,younger_table_statement | source=YoungerArchive | ingested=2026-02-24T02:56:37Z
OBS_002251,external:sigla,external_csv,KN 1A,word_1,2048,AB57 AB81 AB37,,AB57 AB81 AB37,AB57 AB81 AB37,AB57 AB81 AB37,http://sigla.phis.me/document/KN%201a/index-word.html,sigla_word_seq_pattern | source=SigLA | ingested=2026-02-24T02:56:37Z
OBS_002252,external:sigla,external_csv,KN 1B,word_1,2049,AB57 AB51 AB60 AB37,,AB57 AB51 AB60 AB37,AB57 AB51 AB60 AB37,AB57 AB51 AB60 AB37,http://sigla.phis.me/document/KN%201b/index-word.html,sigla_word_seq_pattern | source=SigLA | ingested=2026-02-24T02:56:37Z
OBS_002253,external:youngerarchive,external_csv,KN 2,.1_stmt,2050,]RU NA,,]RU NA,]RU NA,]RU NA,https://web.archive.org/web/20190416192926/http://www.people.ku.edu/~jyounger/LinearA/misctexts.html,younger_table_statement | source=YoungerArchive | ingested=2026-02-24T02:56:37Z
OBS_002254,external:sigla,external_csv,KN 2,word_1,2051,AB26 AB06,,AB26 AB06,AB26 AB06,AB26 AB06,http://sigla.phis.me/document/KN%202/index-word.html,sigla_word_seq_pattern | source=SigLA | ingested=2026-02-24T02:56:37Z
OBS_002255,external:youngerarchive,external_csv,KN 22,a.1_stmt,2052,]SU JU TA,,]SU JU TA,]SU JU TA,]SU JU TA,https://web.archive.org/web/20190416192926/http://www.people.ku.edu/~jyounger/LinearA/misctexts.html,younger_table_statement | source=YoungerArchive | ingested=2026-02-24T02:56:37Z
OBS_002256,external:youngerarchive,external_csv,KN 22,b_stmt,2053,PO DI PA3,,PO DI PA3,PO DI PA3,PO DI PA3,https://web.archive.org/web/20190416192926/http://www.people.ku.edu/~jyounger/LinearA/misctexts.html,younger_table_statement | source=YoungerArchive | ingested=2026-02-24T02:56:37Z
OBS_002257,external:sigla,external_csv,KN 22A,word_1,2054,AB58 AB65 AB59,,AB58 AB65 AB59,AB58 AB65 AB59,AB58 AB65 AB59,http://sigla.phis.me/document/KN%2022a/index-word.html,sigla_word_seq_pattern | source=SigLA | ingested=2026-02-24T02:56:37Z
OBS_002258,external:sigla,external_csv,KN 22A,word_2,2055,AB77 AB46 [?],,AB77 AB46 [?],AB77 AB46 [?],AB77 AB46 [?],http://sigla.phis.me/document/KN%2022a/index-word.html,sigla_word_seq_pattern | source=SigLA | ingested=2026-02-24T02:56:37Z
OBS_002259,external:sigla,external_csv,KN 22B,word_1,2056,AB11 AB07 AB56,,AB11 AB07 AB56,AB11 AB07 AB56,AB11 AB07 AB56,http://sigla.phis.me/document/KN%2022b/index-word.html,sigla_word_seq_pattern | source=SigLA | ingested=2026-02-24T02:56:37Z
OBS_002260,external:sigla,external_csv,KN 22C,word_1,2057,AB80 AB58 AB73 [?] AB06 [?],,AB80 AB58 AB73 [?] AB06 [?],AB80 AB58 AB73 [?] AB06 [?],AB80 AB58 AB73 [?] AB06 [?],http://sigla.phis.me/document/KN%2022c/index-word.html,sigla_word_seq_pattern | source=SigLA | ingested=2026-02-24T02:56:37Z
OBS_002261,external:youngerarchive,external_csv,KN 28,b.3_log,2058,SU MI,,SU MI,SU MI,SU MI,https://web.archive.org/web/20190416192926/http://www.people.ku.edu/~jyounger/LinearA/misctexts.html,younger_table_logogram | source=YoungerArchive | ingested=2026-02-24T02:56:37Z
OBS_002262,external:sigla,external_csv,KN 28B,word_1,2059,[?] AB04,,[?] AB04,[?] AB04,[?] AB04,http://sigla.phis.me/document/KN%2028b/index-word.html,sigla_word_seq_pattern | source=SigLA | ingested=2026-02-24T02:56:37Z
OBS_002263,external:youngerarchive,external_csv,KN 32,a.2_stmt,2060,A KA TA[,,A KA TA[,A KA TA[,A KA TA[,https://web.archive.org/web/20190416192926/http://www.people.ku.edu/~jyounger/LinearA/misctexts.html,younger_table_statement | source=YoungerArchive | ingested=2026-02-24T02:56:37Z
OBS_002264,external:youngerarchive,external_csv,KN 32,b.2_stmt,2061,SA PU,,SA PU,SA PU,SA PU,https://web.archive.org/web/20190416192926/http://www.people.ku.edu/~jyounger/LinearA/misctexts.html,younger_table_statement | source=YoungerArchive | ingested=2026-02-24T02:56:37Z
OBS_002265,external:youngerarchive,external_csv,KN 32,b.3_stmt,2062,JA SU,,JA SU,JA SU,JA SU,https://web.archive.org/web/20190416192926/http://www.people.ku.edu/~jyounger/LinearA/misctexts.html,younger_table_statement | source=YoungerArchive | ingested=2026-02-24T02:56:37Z
OBS_002266,external:sigla,external_csv,KN 32A,word_1,2063,AB08 AB03 [?],,AB08 AB03 [?],AB08 AB03 [?],AB08 AB03 [?],http://sigla.phis.me/document/KN%2032a/index-word.html,sigla_word_seq_pattern | source=SigLA | ingested=2026-02-24T02:56:37Z
OBS_002267,external:sigla,external_csv,KN 32A,word_2,2064,AB08 AB77 AB59 [?],,AB08 AB77 AB59 [?],AB08 AB77 AB59 [?],AB08 AB77 AB59 [?],http://sigla.phis.me/document/KN%2032a/index-word.html,sigla_word_seq_pattern | source=SigLA | ingested=2026-02-24T02:56:37Z
OBS_002268,external:sigla,external_csv,KN 32B,word_1,2065,[?] AB04,,[?] AB04,[?] AB04,[?] AB04,http://sigla.phis.me/document/KN%2032b/index-word.html,sigla_word_seq_pattern | source=SigLA | ingested=2026-02-24T02:56:37Z
OBS_002269,external:sigla,external_csv,KN 32B,word_2,2066,[?] AB31 AB50,,[?] AB31 AB50,[?] AB31 AB50,[?] AB31 AB50,http://sigla.phis.me/document/KN%2032b/index-word.html,sigla_word_seq_pattern | source=SigLA | ingested=2026-02-24T02:56:37Z
OBS_002270,external:sigla,external_csv,KN 32B,word_3,2067,AB03,,AB03,AB03,AB03,http://sigla.phis.me/document/KN%2032b/index-word.html,sigla_word_seq_pattern | source=SigLA | ingested=2026-02-24T02:56:37Z
OBS_002271,external:sigla,external_csv,KN 32B,word_4,2068,[?] AB57 AB58,,[?] AB57 AB58,[?] AB57 AB58,[?] AB57 AB58,http://sigla.phis.me/document/KN%2032b/index-word.html,sigla_word_seq_pattern | source=SigLA | ingested=2026-02-24T02:56:37Z
OBS_002272,external:sigla,external_csv,KN WB 33A,word_1,2069,AB16 AB67,,AB16 AB67,AB16 AB67,AB16 AB67,http://sigla.phis.me/document/KN%20Wb%2033a/index-word.html,sigla_word_seq_pattern | source=SigLA | ingested=2026-02-24T02:56:37Z
OBS_002273,external:sigla,external_csv,KN WB 33B,word_1,2070,AB55 AB09 [?],,AB55 AB09 [?],AB55 AB09 [?],AB55 AB09 [?],http://sigla.phis.me/document/KN%20Wb%2033b/index-word.html,sigla_word_seq_pattern | source=SigLA | ingested=2026-02-24T02:56:37Z
OBS_002274,external:youngerarchive,external_csv,KN WC 26,a: RU-JA_log,2071,IMPRESSION DISC NO PAPYRUS,,IMPRESSION DISC NO PAPYRUS,IMPRESSION DISC NO PAPYRUS,IMPRESSION DISC NO PAPYRUS,https://web.archive.org/web/20190416192926/http://www.people.ku.edu/~jyounger/LinearA/misctexts.html,younger_table_logogram | source=YoungerArchive | ingested=2026-02-24T02:56:37Z
OBS_002275,external:youngerarchive,external_csv,KN WC 26,a: RU-JA_stmt,2072,B NI PI,,B NI PI,B NI PI,B NI PI,https://web.archive.org/web/20190416192926/http://www.people.ku.edu/~jyounger/LinearA/misctexts.html,younger_table_statement | source=YoungerArchive | ingested=2026-02-24T02:56:37Z
OBS_002276,external:sigla,external_csv,KN WC 26A,word_1,2073,AB26 AB57,,AB26 AB57,AB26 AB57,AB26 AB57,http://sigla.phis.me/document/KN%20Wc%2026a/index-word.html,sigla_word_seq_pattern | source=SigLA | ingested=2026-02-24T02:56:37Z
OBS_002277,external:sigla,external_csv,KN WC 26B,word_1,2074,AB30 AB39,,AB30 AB39,AB30 AB39,AB30 AB39,http://sigla.phis.me/document/KN%20Wc%2026b/index-word.html,sigla_word_seq_pattern | source=SigLA | ingested=2026-02-24T02:56:37Z
OBS_002278,external:youngerarchive,external_csv,KN WC 29,table1_row2_stmt,2075,CAPM,,CAPM,CAPM,CAPM,https://web.archive.org/web/20190416192926/http://www.people.ku.edu/~jyounger/LinearA/misctexts.html,younger_table_statement | source=YoungerArchive | ingested=2026-02-24T02:56:37Z
OBS_002279,external:sigla,external_csv,KN WC 3,word_1,2076,AB77 AB28 AB77,,AB77 AB28 AB77,AB77 AB28 AB77,AB77 AB28 AB77,http://sigla.phis.me/document/KN%20Wc%203/index-word.html,sigla_word_seq_pattern | source=SigLA | ingested=2026-02-24T02:56:37Z
OBS_002280,external:sigla,external_csv,KN WC 30,word_1,2077,AB57 AB60,,AB57 AB60,AB57 AB60,AB57 AB60,http://sigla.phis.me/document/KN%20Wc%2030/index-word.html,sigla_word_seq_pattern | source=SigLA | ingested=2026-02-24T02:56:37Z
OBS_002281,external:youngerarchive,external_csv,KN WC 42,b: ]-NA_log,2078,IMPRESSION MOTIF NOT PRESERVED,,IMPRESSION MOTIF NOT PRESERVED,IMPRESSION MOTIF NOT PRESERVED,IMPRESSION MOTIF NOT PRESERVED,https://web.archive.org/web/20190416192926/http://www.people.ku.edu/~jyounger/LinearA/misctexts.html,younger_table_logogram | source=YoungerArchive | ingested=2026-02-24T02:56:37Z
OBS_002282,external:youngerarchive,external_csv,KN WC 42,b: ]-NA_stmt,2079,A O,,A O,A O,A O,https://web.archive.org/web/20190416192926/http://www.people.ku.edu/~jyounger/LinearA/misctexts.html,younger_table_statement | source=YoungerArchive | ingested=2026-02-24T02:56:37Z
OBS_002283,external:youngerarchive,external_csv,KN WC 43,a: vestigia_log,2080,NOT PRESERVED,,NOT PRESERVED,NOT PRESERVED,NOT PRESERVED,https://web.archive.org/web/20190416192926/http://www.people.ku.edu/~jyounger/LinearA/misctexts.html,younger_table_logogram | source=YoungerArchive | ingested=2026-02-24T02:56:37Z
OBS_002284,external:youngerarchive,external_csv,KN WC 48,a: ]TE_stmt,2081,B VESTIGIA,,B VESTIGIA,B VESTIGIA,B VESTIGIA,https://web.archive.org/web/20190416192926/http://www.people.ku.edu/~jyounger/LinearA/misctexts.html,younger_table_statement | source=YoungerArchive | ingested=2026-02-24T02:56:37Z
OBS_002285,external:sigla,external_csv,KN ZB 20,word_1,2082,AB06 AB08 AB56,,AB06 AB08 AB56,AB06 AB08 AB56,AB06 AB08 AB56,http://sigla.phis.me/document/KN%20Zb%2020/index-word.html,sigla_word_seq_pattern | source=SigLA | ingested=2026-02-24T02:56:37Z
OBS_002286,external:youngerarchive,external_csv,KN ZB 35,table1_row2_log,2083,]OLE,,]OLE,]OLE,]OLE,https://web.archive.org/web/20190416192926/http://www.people.ku.edu/~jyounger/LinearA/misctexts.html,younger_table_logogram | source=YoungerArchive | ingested=2026-02-24T02:56:37Z
OBS_002287,external:youngerarchive,external_csv,KN ZB 35,table1_row2_stmt,2084,]JA[ ]DI ]WI[,,]JA[ ]DI ]WI[,]JA[ ]DI ]WI[,]JA[ ]DI ]WI[,https://web.archive.org/web/20190416192926/http://www.people.ku.edu/~jyounger/LinearA/misctexts.html,younger_table_statement | source=YoungerArchive | ingested=2026-02-24T02:56:37Z
OBS_002288,external:sigla,external_csv,KN ZB 35,word_1,2085,AB57,,AB57,AB57,AB57,http://sigla.phis.me/document/KN%20Zb%2035/index-word.html,sigla_word_seq_pattern | source=SigLA | ingested=2026-02-24T02:56:37Z
OBS_002289,external:sigla,external_csv,KN ZB 35,word_2,2086,AB07,,AB07,AB07,AB07,http://sigla.phis.me/document/KN%20Zb%2035/index-word.html,sigla_word_seq_pattern | source=SigLA | ingested=2026-02-24T02:56:37Z
OBS_002290,external:sigla,external_csv,KN ZB 35,word_3,2087,AB40,,AB40,AB40,AB40,http://sigla.phis.me/document/KN%20Zb%2035/index-word.html,sigla_word_seq_pattern | source=SigLA | ingested=2026-02-24T02:56:37Z
OBS_002291,external:sigla,external_csv,KN ZB 4,word_1,2088,[?] AB65,,[?] AB65,[?] AB65,[?] AB65,http://sigla.phis.me/document/KN%20Zb%204/index-word.html,sigla_word_seq_pattern | source=SigLA | ingested=2026-02-24T02:56:37Z
OBS_002292,external:sigla,external_csv,KN ZB 4,word_2,2089,AB57 AB41,,AB57 AB41,AB57 AB41,AB57 AB41,http://sigla.phis.me/document/KN%20Zb%204/index-word.html,sigla_word_seq_pattern | source=SigLA | ingested=2026-02-24T02:56:37Z
OBS_002293,external:sigla,external_csv,KN ZB 4,word_3,2090,AB41,,AB41,AB41,AB41,http://sigla.phis.me/document/KN%20Zb%204/index-word.html,sigla_word_seq_pattern | source=SigLA | ingested=2026-02-24T02:56:37Z
OBS_002294,external:sigla,external_csv,KN ZB 40,word_1,2091,AB08 AB03 AB67,,AB08 AB03 AB67,AB08 AB03 AB67,AB08 AB03 AB67,http://sigla.phis.me/document/KN%20Zb%2040/index-word.html,sigla_word_seq_pattern | source=SigLA | ingested=2026-02-24T02:56:37Z
OBS_002295,external:sigla,external_csv,KN ZB 40,word_2,2092,AB10 AB06 AB08,,AB10 AB06 AB08,AB10 AB06 AB08,AB10 AB06 AB08,http://sigla.phis.me/document/KN%20Zb%2040/index-word.html,sigla_word_seq_pattern | source=SigLA | ingested=2026-02-24T02:56:37Z
OBS_002296,external:sigla,external_csv,KN ZB 5,word_1,2093,AB08 AB69 AB53 AB41 AB37,,AB08 AB69 AB53 AB41 AB37,AB08 AB69 AB53 AB41 AB37,AB08 AB69 AB53 AB41 AB37,http://sigla.phis.me/document/KN%20Zb%205/index-word.html,sigla_word_seq_pattern | source=SigLA | ingested=2026-02-24T02:56:37Z
OBS_002297,external:sigla,external_csv,KN ZC 6,word_1,2094,AB34 AB37 AB53,,AB34 AB37 AB53,AB34 AB37 AB53,AB34 AB37 AB53,http://sigla.phis.me/document/KN%20Zc%206/index-word.html,sigla_word_seq_pattern | source=SigLA | ingested=2026-02-24T02:56:37Z
OBS_002298,external:sigla,external_csv,KN ZC 6,word_2,2095,AB08 AB07 AB01 AB67 AB37 AB03 AB81,,AB08 AB07 AB01 AB67 AB37 AB03 AB81,AB08 AB07 AB01 AB67 AB37 AB03 AB81,AB08 AB07 AB01 AB67 AB37 AB03 AB81,http://sigla.phis.me/document/KN%20Zc%206/index-word.html,sigla_word_seq_pattern | source=SigLA | ingested=2026-02-24T02:56:37Z
OBS_002299,external:sigla,external_csv,KN ZC 6,word_3,2096,AB30 AB57 AB55,,AB30 AB57 AB55,AB30 AB57 AB55,AB30 AB57 AB55,http://sigla.phis.me/document/KN%20Zc%206/index-word.html,sigla_word_seq_pattern | source=SigLA | ingested=2026-02-24T02:56:37Z
OBS_002300,external:sigla,external_csv,KN ZC 6,word_4,2097,AB65 AB81 AB06 AB03 AB81 AB55 AB10 [?] AB28 AB79,,AB65 AB81 AB06 AB03 AB81 AB55 AB10 [?] AB28 AB79,AB65 AB81 AB06 AB03 AB81 AB55 AB10 [?] AB28 AB79,AB65 AB81 AB06 AB03 AB81 AB55 AB10 [?] AB28 AB79,http://sigla.phis.me/document/KN%20Zc%206/index-word.html,sigla_word_seq_pattern | source=SigLA | ingested=2026-02-24T02:56:37Z
OBS_002301,external:sigla,external_csv,KN ZC 7,word_1,2098,AB08 AB77 AB55 AB74 AB37,,AB08 AB77 AB55 AB74 AB37,AB08 AB77 AB55 AB74 AB37,AB08 AB77 AB55 AB74 AB37,http://sigla.phis.me/document/KN%20Zc%207/index-word.html,sigla_word_seq_pattern | source=SigLA | ingested=2026-02-24T02:56:37Z
OBS_002302,external:sigla,external_csv,KN ZC 7,word_2,2099,AB51 AB60 AB27,,AB51 AB60 AB27,AB51 AB60 AB27,AB51 AB60 AB27,http://sigla.phis.me/document/KN%20Zc%207/index-word.html,sigla_word_seq_pattern | source=SigLA | ingested=2026-02-24T02:56:37Z
OBS_002303,external:sigla,external_csv,KN ZC 7,word_3,2100,AB08 AB79 AB60,,AB08 AB79 AB60,AB08 AB79 AB60,AB08 AB79 AB60,http://sigla.phis.me/document/KN%20Zc%207/index-word.html,sigla_word_seq_pattern | source=SigLA | ingested=2026-02-24T02:56:37Z
OBS_002304,external:sigla,external_csv,KN ZC 7,word_4,2101,AB57 AB31 AB60 AB08 AB06 AB24 AB40 AB39 [?],,AB57 AB31 AB60 AB08 AB06 AB24 AB40 AB39 [?],AB57 AB31 AB60 AB08 AB06 AB24 AB40 AB39 [?],AB57 AB31 AB60 AB08 AB06 AB24 AB40 AB39 [?],http://sigla.phis.me/document/KN%20Zc%207/index-word.html,sigla_word_seq_pattern | source=SigLA | ingested=2026-02-24T02:56:37Z
OBS_002305,external:sigla,external_csv,KN ZE 16,word_1,2102,AB08 AB39,,AB08 AB39,AB08 AB39,AB08 AB39,http://sigla.phis.me/document/KN%20Ze%2016/index-word.html,sigla_word_seq_pattern | source=SigLA | ingested=2026-02-24T02:56:37Z
OBS_002306,external:sigla,external_csv,KN ZF 13,word_1,2103,AB08 AB27 AB24 AB41 AB07 A301 AB39 AB44 AB03 AB57 AB59 AB53 AB09 AB04 AB53 AB23 AB08 AB57 AB81,,AB08 AB27 AB24 AB41 AB07 A301 AB39 AB44 AB03 AB57 AB59 AB53 AB09 AB04 AB53 AB23 AB08 AB57 AB81,AB08 AB27 AB24 AB41 AB07 A301 AB39 AB44 AB03 AB57 AB59 AB53 AB09 AB04 AB53 AB23 AB08 AB57 AB81,AB08 AB27 AB24 AB41 AB07 A301 AB39 AB44 AB03 AB57 AB59 AB53 AB09 AB04 AB53 AB23 AB08 AB57 AB81,http://sigla.phis.me/document/KN%20Zf%2013/index-word.html,sigla_word_seq_pattern | source=SigLA | ingested=2026-02-24T02:56:37Z
OBS_002307,external:youngerarchive,external_csv,MA 1,a.1_stmt,2104,QE DE MI NU,,QE DE MI NU,QE DE MI NU,QE DE MI NU,https://web.archive.org/web/20190416192926/http://www.people.ku.edu/~jyounger/LinearA/misctexts.html,younger_table_statement | source=YoungerArchive | ingested=2026-02-24T02:56:37Z
OBS_002308,external:youngerarchive,external_csv,MA 1,a.1_stmt,2105,X I DU WI,,X I DU WI,X I DU WI,X I DU WI,https://web.archive.org/web/20190416192926/http://www.people.ku.edu/~jyounger/LinearA/misctexts.html,younger_table_statement | source=YoungerArchive | ingested=2026-02-24T02:56:37Z
OBS_002309,external:youngerarchive,external_csv,MA 1,b.1_stmt,2106,A MA,,A MA,A MA,A MA,https://web.archive.org/web/20190416192926/http://www.people.ku.edu/~jyounger/LinearA/misctexts.html,younger_table_statement | source=YoungerArchive | ingested=2026-02-24T02:56:37Z
OBS_002310,external:youngerarchive,external_csv,MA 1,b.1_stmt,2107,QE DE MI NU,,QE DE MI NU,QE DE MI NU,QE DE MI NU,https://web.archive.org/web/20190416192926/http://www.people.ku.edu/~jyounger/LinearA/misctexts.html,younger_table_statement | source=YoungerArchive | ingested=2026-02-24T02:56:37Z
OBS_002311,external:youngerarchive,external_csv,MA 10,a._log,2108,*412VAS E,,*412VAS E,*412VAS E,*412VAS E,https://web.archive.org/web/20190416192926/http://www.people.ku.edu/~jyounger/LinearA/misctexts.html,younger_table_logogram | source=YoungerArchive | ingested=2026-02-24T02:56:37Z
OBS_002312,external:youngerarchive,external_csv,MA 10,a._log,2109,*412VAS F,,*412VAS F,*412VAS F,*412VAS F,https://web.archive.org/web/20190416192926/http://www.people.ku.edu/~jyounger/LinearA/misctexts.html,younger_table_logogram | source=YoungerArchive | ingested=2026-02-24T02:56:37Z
OBS_002313,external:youngerarchive,external_csv,MA 10,a._log,2110,*413VAS SU,,*413VAS SU,*413VAS SU,*413VAS SU,https://web.archive.org/web/20190416192926/http://www.people.ku.edu/~jyounger/LinearA/misctexts.html,younger_table_logogram | source=YoungerArchive | ingested=2026-02-24T02:56:37Z
OBS_002314,external:youngerarchive,external_csv,MA 10,b.1_log,2111,*405VAS,,*405VAS,*405VAS,*405VAS,https://web.archive.org/web/20190416192926/http://www.people.ku.edu/~jyounger/LinearA/misctexts.html,younger_table_logogram | source=YoungerArchive | ingested=2026-02-24T02:56:37Z
OBS_002315,external:youngerarchive,external_csv,MA 10,b.1_log,2112,*412VAS E,,*412VAS E,*412VAS E,*412VAS E,https://web.archive.org/web/20190416192926/http://www.people.ku.edu/~jyounger/LinearA/misctexts.html,younger_table_logogram | source=YoungerArchive | ingested=2026-02-24T02:56:37Z
OBS_002316,external:youngerarchive,external_csv,MA 10,b.1_stmt,2113,DU PI TE WA,,DU PI TE WA,DU PI TE WA,DU PI TE WA,https://web.archive.org/web/20190416192926/http://www.people.ku.edu/~jyounger/LinearA/misctexts.html,younger_table_statement | source=YoungerArchive | ingested=2026-02-24T02:56:37Z
OBS_002317,external:youngerarchive,external_csv,MA 10,b.2_log,2114,*404VAS A,,*404VAS A,*404VAS A,*404VAS A,https://web.archive.org/web/20190416192926/http://www.people.ku.edu/~jyounger/LinearA/misctexts.html,younger_table_logogram | source=YoungerArchive | ingested=2026-02-24T02:56:37Z
OBS_002318,external:youngerarchive,external_csv,MA 10,b.2_log,2115,*404VAS TI,,*404VAS TI,*404VAS TI,*404VAS TI,https://web.archive.org/web/20190416192926/http://www.people.ku.edu/~jyounger/LinearA/misctexts.html,younger_table_logogram | source=YoungerArchive | ingested=2026-02-24T02:56:37Z
OBS_002319,external:youngerarchive,external_csv,MA 10,c._log,2116,*404VAS ?][,,*404VAS ?][,*404VAS ?][,*404VAS ?][,https://web.archive.org/web/20190416192926/http://www.people.ku.edu/~jyounger/LinearA/misctexts.html,younger_table_logogram | source=YoungerArchive | ingested=2026-02-24T02:56:37Z
OBS_002320,external:youngerarchive,external_csv,MA 10,c._log,2117,*412VAS E,,*412VAS E,*412VAS E,*412VAS E,https://web.archive.org/web/20190416192926/http://www.people.ku.edu/~jyounger/LinearA/misctexts.html,younger_table_logogram | source=YoungerArchive | ingested=2026-02-24T02:56:37Z
OBS_002321,external:youngerarchive,external_csv,MA 10,c._log,2118,*412VAS F,,*412VAS F,*412VAS F,*412VAS F,https://web.archive.org/web/20190416192926/http://www.people.ku.edu/~jyounger/LinearA/misctexts.html,younger_table_logogram | source=YoungerArchive | ingested=2026-02-24T02:56:37Z
OBS_002322,external:sigla,external_csv,MA 10A,word_1,2119,AB26,,AB26,AB26,AB26,http://sigla.phis.me/document/MA%2010a/index-word.html,sigla_word_seq_pattern | source=SigLA | ingested=2026-02-24T02:56:37Z
OBS_002323,external:sigla,external_csv,MA 10B,word_1,2120,AB51 AB39 AB04 AB54,,AB51 AB39 AB04 AB54,AB51 AB39 AB04 AB54,AB51 AB39 AB04 AB54,http://sigla.phis.me/document/MA%2010b/index-word.html,sigla_word_seq_pattern | source=SigLA | ingested=2026-02-24T02:56:37Z
OBS_002324,external:sigla,external_csv,MA 1A,word_1,2121,AB28 AB51 AB40,,AB28 AB51 AB40,AB28 AB51 AB40,AB28 AB51 AB40,http://sigla.phis.me/document/MA%201a/index-word.html,sigla_word_seq_pattern | source=SigLA | ingested=2026-02-24T02:56:37Z
OBS_002325,external:sigla,external_csv,MA 1A,word_2,2122,AB78 AB45 AB73 AB55,,AB78 AB45 AB73 AB55,AB78 AB45 AB73 AB55,AB78 AB45 AB73 AB55,http://sigla.phis.me/document/MA%201a/index-word.html,sigla_word_seq_pattern | source=SigLA | ingested=2026-02-24T02:56:37Z
OBS_002326,external:sigla,external_csv,MA 1B,word_1,2123,AB08 AB80,,AB08 AB80,AB08 AB80,AB08 AB80,http://sigla.phis.me/document/MA%201b/index-word.html,sigla_word_seq_pattern | source=SigLA | ingested=2026-02-24T02:56:37Z
OBS_002327,external:sigla,external_csv,MA 1B,word_2,2124,AB78 AB45 AB73 AB55,,AB78 AB45 AB73 AB55,AB78 AB45 AB73 AB55,AB78 AB45 AB73 AB55,http://sigla.phis.me/document/MA%201b/index-word.html,sigla_word_seq_pattern | source=SigLA | ingested=2026-02-24T02:56:37Z
OBS_002328,external:sigla,external_csv,MA 1C,word_1,2125,AB37,,AB37,AB37,AB37,http://sigla.phis.me/document/MA%201c/index-word.html,sigla_word_seq_pattern | source=SigLA | ingested=2026-02-24T02:56:37Z
OBS_002329,external:youngerarchive,external_csv,MA 2,a.1_stmt,2126,]DU RA,,]DU RA,]DU RA,]DU RA,https://web.archive.org/web/20190416192926/http://www.people.ku.edu/~jyounger/LinearA/misctexts.html,younger_table_statement | source=YoungerArchive | ingested=2026-02-24T02:56:37Z
OBS_002330,external:youngerarchive,external_csv,MA 2,b.1_stmt,2127,RE TI,,RE TI,RE TI,RE TI,https://web.archive.org/web/20190416192926/http://www.people.ku.edu/~jyounger/LinearA/misctexts.html,younger_table_statement | source=YoungerArchive | ingested=2026-02-24T02:56:37Z
OBS_002331,external:youngerarchive,external_csv,MA 2,b.2_stmt,2128,JA KU,,JA KU,JA KU,JA KU,https://web.archive.org/web/20190416192926/http://www.people.ku.edu/~jyounger/LinearA/misctexts.html,younger_table_statement | source=YoungerArchive | ingested=2026-02-24T02:56:37Z
OBS_002332,external:youngerarchive,external_csv,MA 2,c.1_stmt,2129,U NA NA,,U NA NA,U NA NA,U NA NA,https://web.archive.org/web/20190416192926/http://www.people.ku.edu/~jyounger/LinearA/misctexts.html,younger_table_statement | source=YoungerArchive | ingested=2026-02-24T02:56:37Z
OBS_002333,external:youngerarchive,external_csv,MA 2,c.1_stmt,2130,]JA MA U TI,,]JA MA U TI,]JA MA U TI,]JA MA U TI,https://web.archive.org/web/20190416192926/http://www.people.ku.edu/~jyounger/LinearA/misctexts.html,younger_table_statement | source=YoungerArchive | ingested=2026-02-24T02:56:37Z
OBS_002334,external:sigla,external_csv,MA 2A,word_1,2131,AB51 AB60,,AB51 AB60,AB51 AB60,AB51 AB60,http://sigla.phis.me/document/MA%202a/index-word.html,sigla_word_seq_pattern | source=SigLA | ingested=2026-02-24T02:56:37Z
OBS_002335,external:sigla,external_csv,MA 2B,word_1,2132,[?] AB27 AB37,,[?] AB27 AB37,[?] AB27 AB37,[?] AB27 AB37,http://sigla.phis.me/document/MA%202b/index-word.html,sigla_word_seq_pattern | source=SigLA | ingested=2026-02-24T02:56:37Z
OBS_002336,external:sigla,external_csv,MA 2B,word_2,2133,AB37,,AB37,AB37,AB37,http://sigla.phis.me/document/MA%202b/index-word.html,sigla_word_seq_pattern | source=SigLA | ingested=2026-02-24T02:56:37Z
OBS_002337,external:sigla,external_csv,MA 2B,word_3,2134,AB57 AB81,,AB57 AB81,AB57 AB81,AB57 AB81,http://sigla.phis.me/document/MA%202b/index-word.html,sigla_word_seq_pattern | source=SigLA | ingested=2026-02-24T02:56:37Z
OBS_002338,external:sigla,external_csv,MA 2B,word_4,2135,AB37,,AB37,AB37,AB37,http://sigla.phis.me/document/MA%202b/index-word.html,sigla_word_seq_pattern | source=SigLA | ingested=2026-02-24T02:56:37Z
OBS_002339,external:sigla,external_csv,MA 2C,word_1,2136,AB10 AB06 AB06,,AB10 AB06 AB06,AB10 AB06 AB06,AB10 AB06 AB06,http://sigla.phis.me/document/MA%202c/index-word.html,sigla_word_seq_pattern | source=SigLA | ingested=2026-02-24T02:56:37Z
OBS_002340,external:sigla,external_csv,MA 2C,word_2,2137,AB57 AB80 AB10 AB37,,AB57 AB80 AB10 AB37,AB57 AB80 AB10 AB37,AB57 AB80 AB10 AB37,http://sigla.phis.me/document/MA%202c/index-word.html,sigla_word_seq_pattern | source=SigLA | ingested=2026-02-24T02:56:37Z
OBS_002341,external:youngerarchive,external_csv,MA 4,a.1_log,2138,SA B,,SA B,SA B,SA B,https://web.archive.org/web/20190416192926/http://www.people.ku.edu/~jyounger/LinearA/misctexts.html,younger_table_logogram | source=YoungerArchive | ingested=2026-02-24T02:56:37Z
OBS_002342,external:youngerarchive,external_csv,MA 4,a.1_log,2139,SA L,,SA L,SA L,SA L,https://web.archive.org/web/20190416192926/http://www.people.ku.edu/~jyounger/LinearA/misctexts.html,younger_table_logogram | source=YoungerArchive | ingested=2026-02-24T02:56:37Z
OBS_002343,external:youngerarchive,external_csv,MA 4,a.1_log,2140,TA *180B,,TA *180B,TA *180B,TA *180B,https://web.archive.org/web/20190416192926/http://www.people.ku.edu/~jyounger/LinearA/misctexts.html,younger_table_logogram | source=YoungerArchive | ingested=2026-02-24T02:56:37Z
OBS_002344,external:sigla,external_csv,MA 4B,word_1,2141,AB08 [?] AB57,,AB08 [?] AB57,AB08 [?] AB57,AB08 [?] AB57,http://sigla.phis.me/document/MA%204b/index-word.html,sigla_word_seq_pattern | source=SigLA | ingested=2026-02-24T02:56:37Z
OBS_002345,external:youngerarchive,external_csv,MA WC 5,a.1-2: A-SA-DA- KA_stmt,2142,B GRA E,,B GRA E,B GRA E,B GRA E,https://web.archive.org/web/20190416192926/http://www.people.ku.edu/~jyounger/LinearA/misctexts.html,younger_table_statement | source=YoungerArchive | ingested=2026-02-24T02:56:37Z
OBS_002346,external:sigla,external_csv,MA WC 5A,word_1,2143,AB08 AB31 AB01 AB77,,AB08 AB31 AB01 AB77,AB08 AB31 AB01 AB77,AB08 AB31 AB01 AB77,http://sigla.phis.me/document/MA%20Wc%20%3C5a%3E/index-word.html,sigla_word_seq_pattern | source=SigLA | ingested=2026-02-24T02:56:37Z
OBS_002347,external:youngerarchive,external_csv,MI 2,.2_stmt,2144,DU KA[,,DU KA[,DU KA[,DU KA[,https://web.archive.org/web/20190416192926/http://www.people.ku.edu/~jyounger/LinearA/misctexts.html,younger_table_statement | source=YoungerArchive | ingested=2026-02-24T02:56:37Z
OBS_002348,external:youngerarchive,external_csv,MI 2,.3_log,2145,*401VAS RA,,*401VAS RA,*401VAS RA,*401VAS RA,https://web.archive.org/web/20190416192926/http://www.people.ku.edu/~jyounger/LinearA/misctexts.html,younger_table_logogram | source=YoungerArchive | ingested=2026-02-24T02:56:37Z
OBS_002349,external:sigla,external_csv,MI 2,word_1,2146,AB50,,AB50,AB50,AB50,http://sigla.phis.me/document/MI%202/index-word.html,sigla_word_seq_pattern | source=SigLA | ingested=2026-02-24T02:56:37Z
OBS_002350,external:sigla,external_csv,MI 2,word_2,2147,AB51 AB77,,AB51 AB77,AB51 AB77,AB51 AB77,http://sigla.phis.me/document/MI%202/index-word.html,sigla_word_seq_pattern | source=SigLA | ingested=2026-02-24T02:56:37Z
OBS_002351,external:sigla,external_csv,MI 2,word_3,2148,AB77,,AB77,AB77,AB77,http://sigla.phis.me/document/MI%202/index-word.html,sigla_word_seq_pattern | source=SigLA | ingested=2026-02-24T02:56:37Z
OBS_002352,external:sigla,external_csv,MY ZF 2,word_1,2149,AB43,,AB43,AB43,AB43,http://sigla.phis.me/document/MY%20Zf%202/index-word.html,sigla_word_seq_pattern | source=SigLA | ingested=2026-02-24T02:56:37Z
OBS_002353,external:youngerarchive,external_csv,NOTES TO HT ZD 155 157,table1_row4_log,2150,E F,,E F,E F,E F,https://web.archive.org/web/20190416193018/http://www.people.ku.edu/~jyounger/LinearA/HTtexts.html,younger_table_logogram | source=YoungerArchive | ingested=2026-02-24T02:56:37Z
OBS_002354,external:youngerarchive,external_csv,PA 1,.1-2_stmt,2151,A KU JU PA,,A KU JU PA,A KU JU PA,A KU JU PA,https://web.archive.org/web/20190416192926/http://www.people.ku.edu/~jyounger/LinearA/misctexts.html,younger_table_statement | source=YoungerArchive | ingested=2026-02-24T02:56:37Z
OBS_002355,external:sigla,external_csv,PA 1,word_1,2152,AB08 AB81 AB65 AB03 AB118,,AB08 AB81 AB65 AB03 AB118,AB08 AB81 AB65 AB03 AB118,AB08 AB81 AB65 AB03 AB118,http://sigla.phis.me/document/PA%201/index-word.html,sigla_word_seq_pattern | source=SigLA | ingested=2026-02-24T02:56:37Z
OBS_002356,external:youngerarchive,external_csv,PE 1,.1-2_stmt,2153,U KA RE A SE SI NA,,U KA RE A SE SI NA,U KA RE A SE SI NA,U KA RE A SE SI NA,https://web.archive.org/web/20190416192926/http://www.people.ku.edu/~jyounger/LinearA/misctexts.html,younger_table_statement | source=YoungerArchive | ingested=2026-02-24T02:56:37Z
OBS_002357,external:youngerarchive,external_csv,PE 1,.2_log,2154,VIR,,VIR,VIR,VIR,https://web.archive.org/web/20190416192926/http://www.people.ku.edu/~jyounger/LinearA/misctexts.html,younger_table_logogram | source=YoungerArchive | ingested=2026-02-24T02:56:37Z
OBS_002358,external:youngerarchive,external_csv,PE 1,.2_stmt,2155,KU PA RI,,KU PA RI,KU PA RI,KU PA RI,https://web.archive.org/web/20190416192926/http://www.people.ku.edu/~jyounger/LinearA/misctexts.html,younger_table_statement | source=YoungerArchive | ingested=2026-02-24T02:56:37Z
OBS_002359,external:youngerarchive,external_csv,PE 1,.3-4_log,2156,VIR,,VIR,VIR,VIR,https://web.archive.org/web/20190416192926/http://www.people.ku.edu/~jyounger/LinearA/misctexts.html,younger_table_logogram | source=YoungerArchive | ingested=2026-02-24T02:56:37Z
OBS_002360,external:youngerarchive,external_csv,PE 1,.3-4_stmt,2157,E KA[,,E KA[,E KA[,E KA[,https://web.archive.org/web/20190416192926/http://www.people.ku.edu/~jyounger/LinearA/misctexts.html,younger_table_statement | source=YoungerArchive | ingested=2026-02-24T02:56:37Z
OBS_002361,external:youngerarchive,external_csv,PE 1,.3_log,2158,GRA PA,,GRA PA,GRA PA,GRA PA,https://web.archive.org/web/20190416192926/http://www.people.ku.edu/~jyounger/LinearA/misctexts.html,younger_table_logogram | source=YoungerArchive | ingested=2026-02-24T02:56:37Z
OBS_002362,external:youngerarchive,external_csv,PE 1,.4-5_log,2159,GRA PA,,GRA PA,GRA PA,GRA PA,https://web.archive.org/web/20190416192926/http://www.people.ku.edu/~jyounger/LinearA/misctexts.html,younger_table_logogram | source=YoungerArchive | ingested=2026-02-24T02:56:37Z
OBS_002363,external:youngerarchive,external_csv,PE 2,.2_stmt,2160,RU PI[ MI,,RU PI[ MI,RU PI[ MI,RU PI[ MI,https://web.archive.org/web/20190416192926/http://www.people.ku.edu/~jyounger/LinearA/misctexts.html,younger_table_statement | source=YoungerArchive | ingested=2026-02-24T02:56:37Z
OBS_002364,external:youngerarchive,external_csv,PE 2,.3-4_stmt,2161,QA QA DA,,QA QA DA,QA QA DA,QA QA DA,https://web.archive.org/web/20190416192926/http://www.people.ku.edu/~jyounger/LinearA/misctexts.html,younger_table_statement | source=YoungerArchive | ingested=2026-02-24T02:56:37Z
OBS_002365,external:youngerarchive,external_csv,PE 2,.3_stmt,2162,A RI PA,,A RI PA,A RI PA,A RI PA,https://web.archive.org/web/20190416192926/http://www.people.ku.edu/~jyounger/LinearA/misctexts.html,younger_table_statement | source=YoungerArchive | ingested=2026-02-24T02:56:37Z
OBS_002366,external:youngerarchive,external_csv,PE 2,.3_stmt,2163,A ZA,,A ZA,A ZA,A ZA,https://web.archive.org/web/20190416192926/http://www.people.ku.edu/~jyounger/LinearA/misctexts.html,younger_table_statement | source=YoungerArchive | ingested=2026-02-24T02:56:37Z
OBS_002367,external:youngerarchive,external_csv,PE 2,.4_stmt,2164,TO ME,,TO ME,TO ME,TO ME,https://web.archive.org/web/20190416192926/http://www.people.ku.edu/~jyounger/LinearA/misctexts.html,younger_table_statement | source=YoungerArchive | ingested=2026-02-24T02:56:37Z
OBS_002368,external:youngerarchive,external_csv,PE 2,.4_stmt,2165,TO RE,,TO RE,TO RE,TO RE,https://web.archive.org/web/20190416192926/http://www.people.ku.edu/~jyounger/LinearA/misctexts.html,younger_table_statement | source=YoungerArchive | ingested=2026-02-24T02:56:37Z
OBS_002369,external:youngerarchive,external_csv,PH 1,a.1_stmt,2166,]DI RA DI NA,,]DI RA DI NA,]DI RA DI NA,]DI RA DI NA,https://web.archive.org/web/20190416192926/http://www.people.ku.edu/~jyounger/LinearA/misctexts.html,younger_table_statement | source=YoungerArchive | ingested=2026-02-24T02:56:37Z
OBS_002370,external:sigla,external_csv,PH 10,word_1,2167,A355 AB38 A354,,A355 AB38 A354,A355 AB38 A354,A355 AB38 A354,http://sigla.phis.me/document/PH%2010/index-word.html,sigla_word_seq_pattern | source=SigLA | ingested=2026-02-24T02:56:37Z
OBS_002371,external:youngerarchive,external_csv,PH 13,c (= reverse of a)_log,2168,]TE ZU,,]TE ZU,]TE ZU,]TE ZU,https://web.archive.org/web/20190416192926/http://www.people.ku.edu/~jyounger/LinearA/misctexts.html,younger_table_logogram | source=YoungerArchive | ingested=2026-02-24T02:56:37Z
OBS_002372,external:sigla,external_csv,PH 13A,word_1,2169,A328,,A328,A328,A328,http://sigla.phis.me/document/PH%2013a/index-word.html,sigla_word_seq_pattern | source=SigLA | ingested=2026-02-24T02:56:37Z
OBS_002373,external:sigla,external_csv,PH 13B,word_1,2170,A356,,A356,A356,A356,http://sigla.phis.me/document/PH%2013b/index-word.html,sigla_word_seq_pattern | source=SigLA | ingested=2026-02-24T02:56:37Z
OBS_002374,external:sigla,external_csv,PH 13C,word_1,2171,AB04 AB79,,AB04 AB79,AB04 AB79,AB04 AB79,http://sigla.phis.me/document/PH%2013c/index-word.html,sigla_word_seq_pattern | source=SigLA | ingested=2026-02-24T02:56:37Z
OBS_002375,external:youngerarchive,external_csv,PH 14,"a (reverse? [read retrograde, with word + commodity FIC])_log",2172,FIC,,FIC,FIC,FIC,https://web.archive.org/web/20190416192926/http://www.people.ku.edu/~jyounger/LinearA/misctexts.html,younger_table_logogram | source=YoungerArchive | ingested=2026-02-24T02:56:37Z
OBS_002376,external:youngerarchive,external_csv,PH 14,"b (obverse? [inscription starts with A-, read retrograde])_stmt",2173,A MI,,A MI,A MI,A MI,https://web.archive.org/web/20190416192926/http://www.people.ku.edu/~jyounger/LinearA/misctexts.html,younger_table_statement | source=YoungerArchive | ingested=2026-02-24T02:56:37Z
OBS_002377,external:sigla,external_csv,PH 14A,word_1,2174,AB57 A304,,AB57 A304,AB57 A304,AB57 A304,http://sigla.phis.me/document/PH%2014a/index-word.html,sigla_word_seq_pattern | source=SigLA | ingested=2026-02-24T02:56:37Z
OBS_002378,external:sigla,external_csv,PH 14B,word_1,2175,AB08 AB73,,AB08 AB73,AB08 AB73,AB08 AB73,http://sigla.phis.me/document/PH%2014b/index-word.html,sigla_word_seq_pattern | source=SigLA | ingested=2026-02-24T02:56:37Z
OBS_002379,external:youngerarchive,external_csv,PH 15,a (obverse?)_stmt,2176,]MA TE RE,,]MA TE RE,]MA TE RE,]MA TE RE,https://web.archive.org/web/20190416192926/http://www.people.ku.edu/~jyounger/LinearA/misctexts.html,younger_table_statement | source=YoungerArchive | ingested=2026-02-24T02:56:37Z
OBS_002380,external:sigla,external_csv,PH 15A,word_1,2177,AB80 AB04 AB27,,AB80 AB04 AB27,AB80 AB04 AB27,AB80 AB04 AB27,http://sigla.phis.me/document/PH%2015a/index-word.html,sigla_word_seq_pattern | source=SigLA | ingested=2026-02-24T02:56:37Z
OBS_002381,external:sigla,external_csv,PH 15B,word_1,2178,[?] A357,,[?] A357,[?] A357,[?] A357,http://sigla.phis.me/document/PH%2015b/index-word.html,sigla_word_seq_pattern | source=SigLA | ingested=2026-02-24T02:56:37Z
OBS_002382,external:youngerarchive,external_csv,PH 16,b.1_stmt,2179,JA SA[,,JA SA[,JA SA[,JA SA[,https://web.archive.org/web/20190416192926/http://www.people.ku.edu/~jyounger/LinearA/misctexts.html,younger_table_statement | source=YoungerArchive | ingested=2026-02-24T02:56:37Z
OBS_002383,external:sigla,external_csv,PH 16A,word_1,2180,A320 AB06 [?],,A320 AB06 [?],A320 AB06 [?],A320 AB06 [?],http://sigla.phis.me/document/PH%2016a/index-word.html,sigla_word_seq_pattern | source=SigLA | ingested=2026-02-24T02:56:37Z
OBS_002384,external:sigla,external_csv,PH 16A,word_2,2181,[?] A358 AB30 [?],,[?] A358 AB30 [?],[?] A358 AB30 [?],[?] A358 AB30 [?],http://sigla.phis.me/document/PH%2016a/index-word.html,sigla_word_seq_pattern | source=SigLA | ingested=2026-02-24T02:56:37Z
OBS_002385,external:sigla,external_csv,PH 16B,word_1,2182,[?] AB57 AB31,,[?] AB57 AB31,[?] AB57 AB31,[?] AB57 AB31,http://sigla.phis.me/document/PH%2016b/index-word.html,sigla_word_seq_pattern | source=SigLA | ingested=2026-02-24T02:56:37Z
OBS_002386,external:sigla,external_csv,PH 16B,word_2,2183,[?] A320 [?],,[?] A320 [?],[?] A320 [?],[?] A320 [?],http://sigla.phis.me/document/PH%2016b/index-word.html,sigla_word_seq_pattern | source=SigLA | ingested=2026-02-24T02:56:37Z
OBS_002387,external:sigla,external_csv,PH 17A,word_1,2184,A359,,A359,A359,A359,http://sigla.phis.me/document/PH%2017a/index-word.html,sigla_word_seq_pattern | source=SigLA | ingested=2026-02-24T02:56:37Z
OBS_002388,external:sigla,external_csv,PH 17B,word_1,2185,A360,,A360,A360,A360,http://sigla.phis.me/document/PH%2017b/index-word.html,sigla_word_seq_pattern | source=SigLA | ingested=2026-02-24T02:56:37Z
OBS_002389,external:youngerarchive,external_csv,PH 18,a.1_stmt,2186,]WI JA[,,]WI JA[,]WI JA[,]WI JA[,https://web.archive.org/web/20190416192926/http://www.people.ku.edu/~jyounger/LinearA/misctexts.html,younger_table_statement | source=YoungerArchive | ingested=2026-02-24T02:56:37Z
OBS_002390,external:sigla,external_csv,PH 18A,word_1,2187,[?] AB40 AB57,,[?] AB40 AB57,[?] AB40 AB57,[?] AB40 AB57,http://sigla.phis.me/document/PH%2018a/index-word.html,sigla_word_seq_pattern | source=SigLA | ingested=2026-02-24T02:56:37Z
OBS_002391,external:youngerarchive,external_csv,PH 19,a.1_stmt,2188,PI O,,PI O,PI O,PI O,https://web.archive.org/web/20190416192926/http://www.people.ku.edu/~jyounger/LinearA/misctexts.html,younger_table_statement | source=YoungerArchive | ingested=2026-02-24T02:56:37Z
OBS_002392,external:sigla,external_csv,PH 19,word_1,2189,AB39 AB61,,AB39 AB61,AB39 AB61,AB39 AB61,http://sigla.phis.me/document/PH%2019/index-word.html,sigla_word_seq_pattern | source=SigLA | ingested=2026-02-24T02:56:37Z
OBS_002393,external:sigla,external_csv,PH 1A,word_1,2190,AB07 AB60 AB07 AB06,,AB07 AB60 AB07 AB06,AB07 AB60 AB07 AB06,AB07 AB60 AB07 AB06,http://sigla.phis.me/document/PH%201a/index-word.html,sigla_word_seq_pattern | source=SigLA | ingested=2026-02-24T02:56:37Z
OBS_002394,external:sigla,external_csv,PH 1A,word_2,2191,AB57,,AB57,AB57,AB57,http://sigla.phis.me/document/PH%201a/index-word.html,sigla_word_seq_pattern | source=SigLA | ingested=2026-02-24T02:56:37Z
OBS_002395,external:sigla,external_csv,PH 1B,word_1,2192,[?] AB06,,[?] AB06,[?] AB06,[?] AB06,http://sigla.phis.me/document/PH%201b/index-word.html,sigla_word_seq_pattern | source=SigLA | ingested=2026-02-24T02:56:37Z
OBS_002396,external:youngerarchive,external_csv,PH 2,.1-2_stmt,2193,RA O DI KI,,RA O DI KI,RA O DI KI,RA O DI KI,https://web.archive.org/web/20190416192926/http://www.people.ku.edu/~jyounger/LinearA/misctexts.html,younger_table_statement | source=YoungerArchive | ingested=2026-02-24T02:56:37Z
OBS_002397,external:youngerarchive,external_csv,PH 2,.1_stmt,2194,A SE TU QIF,,A SE TU QIF,A SE TU QIF,A SE TU QIF,https://web.archive.org/web/20190416192926/http://www.people.ku.edu/~jyounger/LinearA/misctexts.html,younger_table_statement | source=YoungerArchive | ingested=2026-02-24T02:56:37Z
OBS_002398,external:youngerarchive,external_csv,PH 2,.3_stmt,2195,PI RU E JU,,PI RU E JU,PI RU E JU,PI RU E JU,https://web.archive.org/web/20190416192926/http://www.people.ku.edu/~jyounger/LinearA/misctexts.html,younger_table_statement | source=YoungerArchive | ingested=2026-02-24T02:56:37Z
OBS_002399,external:youngerarchive,external_csv,PH 2,.4_stmt,2196,SE SA PA3,,SE SA PA3,SE SA PA3,SE SA PA3,https://web.archive.org/web/20190416192926/http://www.people.ku.edu/~jyounger/LinearA/misctexts.html,younger_table_statement | source=YoungerArchive | ingested=2026-02-24T02:56:37Z
OBS_002400,external:sigla,external_csv,PH 2,word_1,2197,AB08 AB09 AB69 AB21F,,AB08 AB09 AB69 AB21F,AB08 AB09 AB69 AB21F,AB08 AB09 AB69 AB21F,http://sigla.phis.me/document/PH%202/index-word.html,sigla_word_seq_pattern | source=SigLA | ingested=2026-02-24T02:56:37Z
OBS_002401,external:sigla,external_csv,PH 2,word_2,2198,AB60 AB61 AB07 AB67,,AB60 AB61 AB07 AB67,AB60 AB61 AB07 AB67,AB60 AB61 AB07 AB67,http://sigla.phis.me/document/PH%202/index-word.html,sigla_word_seq_pattern | source=SigLA | ingested=2026-02-24T02:56:37Z
OBS_002402,external:sigla,external_csv,PH 2,word_3,2199,AB39 AB26 AB38 AB65,,AB39 AB26 AB38 AB65,AB39 AB26 AB38 AB65,AB39 AB26 AB38 AB65,http://sigla.phis.me/document/PH%202/index-word.html,sigla_word_seq_pattern | source=SigLA | ingested=2026-02-24T02:56:37Z
OBS_002403,external:sigla,external_csv,PH 2,word_4,2200,AB09 AB31 AB56,,AB09 AB31 AB56,AB09 AB31 AB56,AB09 AB31 AB56,http://sigla.phis.me/document/PH%202/index-word.html,sigla_word_seq_pattern | source=SigLA | ingested=2026-02-24T02:56:37Z
OBS_002404,external:youngerarchive,external_csv,PH 24,table1_row2_stmt,2201,RO E,,RO E,RO E,RO E,https://web.archive.org/web/20190416192926/http://www.people.ku.edu/~jyounger/LinearA/misctexts.html,younger_table_statement | source=YoungerArchive | ingested=2026-02-24T02:56:37Z
OBS_002405,external:sigla,external_csv,PH 24,word_1,2202,AB02 AB38,,AB02 AB38,AB02 AB38,AB02 AB38,http://sigla.phis.me/document/PH%2024/index-word.html,sigla_word_seq_pattern | source=SigLA | ingested=2026-02-24T02:56:37Z
OBS_002406,external:youngerarchive,external_csv,PH 25,.1_log,2203,VINA,,VINA,VINA,VINA,https://web.archive.org/web/20190416192926/http://www.people.ku.edu/~jyounger/LinearA/misctexts.html,younger_table_logogram | source=YoungerArchive | ingested=2026-02-24T02:56:37Z
OBS_002407,external:sigla,external_csv,PH 26,word_1,2204,[?] A314,,[?] A314,[?] A314,[?] A314,http://sigla.phis.me/document/PH%2026/index-word.html,sigla_word_seq_pattern | source=SigLA | ingested=2026-02-24T02:56:37Z
OBS_002408,external:sigla,external_csv,PH 27,word_1,2205,AB04 [?],,AB04 [?],AB04 [?],AB04 [?],http://sigla.phis.me/document/PH%2027/index-word.html,sigla_word_seq_pattern | source=SigLA | ingested=2026-02-24T02:56:37Z
OBS_002409,external:sigla,external_csv,PH 27,word_2,2206,AB08,,AB08,AB08,AB08,http://sigla.phis.me/document/PH%2027/index-word.html,sigla_word_seq_pattern | source=SigLA | ingested=2026-02-24T02:56:37Z
OBS_002410,external:youngerarchive,external_csv,PH 28,a.2_stmt,2207,JA KI PA3[,,JA KI PA3[,JA KI PA3[,JA KI PA3[,https://web.archive.org/web/20190416192926/http://www.people.ku.edu/~jyounger/LinearA/misctexts.html,younger_table_statement | source=YoungerArchive | ingested=2026-02-24T02:56:37Z
OBS_002411,external:youngerarchive,external_csv,PH 28,a.3_stmt,2208,A RI JA[,,A RI JA[,A RI JA[,A RI JA[,https://web.archive.org/web/20190416192926/http://www.people.ku.edu/~jyounger/LinearA/misctexts.html,younger_table_statement | source=YoungerArchive | ingested=2026-02-24T02:56:37Z
OBS_002412,external:youngerarchive,external_csv,PH 28,b.3_stmt,2209,[[GRAFFITO]],,[[GRAFFITO]],[[GRAFFITO]],[[GRAFFITO]],https://web.archive.org/web/20190416192926/http://www.people.ku.edu/~jyounger/LinearA/misctexts.html,younger_table_statement | source=YoungerArchive | ingested=2026-02-24T02:56:37Z
OBS_002413,external:sigla,external_csv,PH 28A,word_1,2210,AB08 AB56 [?],,AB08 AB56 [?],AB08 AB56 [?],AB08 AB56 [?],http://sigla.phis.me/document/PH%2028a/index-word.html,sigla_word_seq_pattern | source=SigLA | ingested=2026-02-24T02:56:37Z
OBS_002414,external:sigla,external_csv,PH 28A,word_2,2211,AB57 AB67 AB56 [?],,AB57 AB67 AB56 [?],AB57 AB67 AB56 [?],AB57 AB67 AB56 [?],http://sigla.phis.me/document/PH%2028a/index-word.html,sigla_word_seq_pattern | source=SigLA | ingested=2026-02-24T02:56:37Z
OBS_002415,external:sigla,external_csv,PH 28A,word_3,2212,AB08 AB53 AB57,,AB08 AB53 AB57,AB08 AB53 AB57,AB08 AB53 AB57,http://sigla.phis.me/document/PH%2028a/index-word.html,sigla_word_seq_pattern | source=SigLA | ingested=2026-02-24T02:56:37Z
OBS_002416,external:youngerarchive,external_csv,PH 3,a.2_log,2213,MA A,,MA A,MA A,MA A,https://web.archive.org/web/20190416192926/http://www.people.ku.edu/~jyounger/LinearA/misctexts.html,younger_table_logogram | source=YoungerArchive | ingested=2026-02-24T02:56:37Z
OBS_002417,external:youngerarchive,external_csv,PH 3,a.2_log,2214,MA MA,,MA MA,MA MA,MA MA,https://web.archive.org/web/20190416192926/http://www.people.ku.edu/~jyounger/LinearA/misctexts.html,younger_table_logogram | source=YoungerArchive | ingested=2026-02-24T02:56:37Z
OBS_002418,external:youngerarchive,external_csv,PH 3,a.3_log,2215,MA RU,,MA RU,MA RU,MA RU,https://web.archive.org/web/20190416192926/http://www.people.ku.edu/~jyounger/LinearA/misctexts.html,younger_table_logogram | source=YoungerArchive | ingested=2026-02-24T02:56:37Z
OBS_002419,external:youngerarchive,external_csv,PH 3,a.3_stmt,2216,PA RA,,PA RA,PA RA,PA RA,https://web.archive.org/web/20190416192926/http://www.people.ku.edu/~jyounger/LinearA/misctexts.html,younger_table_statement | source=YoungerArchive | ingested=2026-02-24T02:56:37Z
OBS_002420,external:youngerarchive,external_csv,PH 3,b.1_log,2217,MI JA,,MI JA,MI JA,MI JA,https://web.archive.org/web/20190416192926/http://www.people.ku.edu/~jyounger/LinearA/misctexts.html,younger_table_logogram | source=YoungerArchive | ingested=2026-02-24T02:56:37Z
OBS_002421,external:youngerarchive,external_csv,PH 30,.2_stmt,2218,]MA RE RI MI DE,,]MA RE RI MI DE,]MA RE RI MI DE,]MA RE RI MI DE,https://web.archive.org/web/20190416192926/http://www.people.ku.edu/~jyounger/LinearA/misctexts.html,younger_table_statement | source=YoungerArchive | ingested=2026-02-24T02:56:37Z
OBS_002422,external:sigla,external_csv,PH 30,word_1,2219,[?] AB37 AB53,,[?] AB37 AB53,[?] AB37 AB53,[?] AB37 AB53,http://sigla.phis.me/document/PH%2030/index-word.html,sigla_word_seq_pattern | source=SigLA | ingested=2026-02-24T02:56:37Z
OBS_002423,external:sigla,external_csv,PH 30,word_2,2220,AB80 AB27 AB53 AB73 AB45,,AB80 AB27 AB53 AB73 AB45,AB80 AB27 AB53 AB73 AB45,AB80 AB27 AB53 AB73 AB45,http://sigla.phis.me/document/PH%2030/index-word.html,sigla_word_seq_pattern | source=SigLA | ingested=2026-02-24T02:56:37Z
OBS_002424,external:youngerarchive,external_csv,PH 31,a.2_log,2221,CAPM KU,,CAPM KU,CAPM KU,CAPM KU,https://web.archive.org/web/20190416192926/http://www.people.ku.edu/~jyounger/LinearA/misctexts.html,younger_table_logogram | source=YoungerArchive | ingested=2026-02-24T02:56:37Z
OBS_002425,external:youngerarchive,external_csv,PH 31,a.2_log,2222,CF QA QA RU HT IMMEDIATELY BEFORE MA DI,,CF QA QA RU HT IMMEDIATELY BEFORE MA DI,CF QA QA RU HT IMMEDIATELY BEFORE MA DI,CF QA QA RU HT IMMEDIATELY BEFORE MA DI,https://web.archive.org/web/20190416192926/http://www.people.ku.edu/~jyounger/LinearA/misctexts.html,younger_table_logogram | source=YoungerArchive | ingested=2026-02-24T02:56:37Z
OBS_002426,external:youngerarchive,external_csv,PH 31,a.2_log,2223,MA DI HT HT 85B HT 97A HT,,MA DI HT HT 85B HT 97A HT,MA DI HT HT 85B HT 97A HT,MA DI HT HT 85B HT 97A HT,https://web.archive.org/web/20190416192926/http://www.people.ku.edu/~jyounger/LinearA/misctexts.html,younger_table_logogram | source=YoungerArchive | ingested=2026-02-24T02:56:37Z
OBS_002427,external:youngerarchive,external_csv,PH 31,a.2_log,2224,OVISM,,OVISM,OVISM,OVISM,https://web.archive.org/web/20190416192926/http://www.people.ku.edu/~jyounger/LinearA/misctexts.html,younger_table_logogram | source=YoungerArchive | ingested=2026-02-24T02:56:37Z
OBS_002428,external:youngerarchive,external_csv,PH 31,a.2_stmt,2225,MA DI,,MA DI,MA DI,MA DI,https://web.archive.org/web/20190416192926/http://www.people.ku.edu/~jyounger/LinearA/misctexts.html,younger_table_statement | source=YoungerArchive | ingested=2026-02-24T02:56:37Z
OBS_002429,external:youngerarchive,external_csv,PH 31,a.2_stmt,2226,QA QA ]RU,,QA QA ]RU,QA QA ]RU,QA QA ]RU,https://web.archive.org/web/20190416192926/http://www.people.ku.edu/~jyounger/LinearA/misctexts.html,younger_table_statement | source=YoungerArchive | ingested=2026-02-24T02:56:37Z
OBS_002430,external:youngerarchive,external_csv,PH 31,a.3-4_stmt,2227,PA TA DA,,PA TA DA,PA TA DA,PA TA DA,https://web.archive.org/web/20190416192926/http://www.people.ku.edu/~jyounger/LinearA/misctexts.html,younger_table_statement | source=YoungerArchive | ingested=2026-02-24T02:56:37Z
OBS_002431,external:youngerarchive,external_csv,PH 31,a.3-4_stmt,2228,PA TA DA[,,PA TA DA[,PA TA DA[,PA TA DA[,https://web.archive.org/web/20190416192926/http://www.people.ku.edu/~jyounger/LinearA/misctexts.html,younger_table_statement | source=YoungerArchive | ingested=2026-02-24T02:56:37Z
OBS_002432,external:youngerarchive,external_csv,PH 31,a.3_log,2229,KU PA3 NU HT HT 49A HT HT 117A HT 122A CF KU PA3 HT KU PA3 NA TU HT 47A HT,,KU PA3 NU HT HT 49A HT HT 117A HT 122A CF KU PA3 HT KU PA3 NA TU HT 47A HT,KU PA3 NU HT HT 49A HT HT 117A HT 122A CF KU PA3 HT KU PA3 NA TU HT 47A HT,KU PA3 NU HT HT 49A HT HT 117A HT 122A CF KU PA3 HT KU PA3 NA TU HT 47A HT,https://web.archive.org/web/20190416192926/http://www.people.ku.edu/~jyounger/LinearA/misctexts.html,younger_table_logogram | source=YoungerArchive | ingested=2026-02-24T02:56:37Z
OBS_002433,external:youngerarchive,external_csv,PH 31,a.3_log,2230,OVISM,,OVISM,OVISM,OVISM,https://web.archive.org/web/20190416192926/http://www.people.ku.edu/~jyounger/LinearA/misctexts.html,younger_table_logogram | source=YoungerArchive | ingested=2026-02-24T02:56:37Z
OBS_002434,external:youngerarchive,external_csv,PH 31,a.3_log,2231,SI AU RE,,SI AU RE,SI AU RE,SI AU RE,https://web.archive.org/web/20190416192926/http://www.people.ku.edu/~jyounger/LinearA/misctexts.html,younger_table_logogram | source=YoungerArchive | ingested=2026-02-24T02:56:37Z
OBS_002435,external:youngerarchive,external_csv,PH 31,a.3_log,2232,SUS SI RE,,SUS SI RE,SUS SI RE,SUS SI RE,https://web.archive.org/web/20190416192926/http://www.people.ku.edu/~jyounger/LinearA/misctexts.html,younger_table_logogram | source=YoungerArchive | ingested=2026-02-24T02:56:37Z
OBS_002436,external:youngerarchive,external_csv,PH 31,a.3_stmt,2233,KU PA3 NU,,KU PA3 NU,KU PA3 NU,KU PA3 NU,https://web.archive.org/web/20190416192926/http://www.people.ku.edu/~jyounger/LinearA/misctexts.html,younger_table_statement | source=YoungerArchive | ingested=2026-02-24T02:56:37Z
OBS_002437,external:youngerarchive,external_csv,PH 31,a.4_log,2234,CAPM KU,,CAPM KU,CAPM KU,CAPM KU,https://web.archive.org/web/20190416192926/http://www.people.ku.edu/~jyounger/LinearA/misctexts.html,younger_table_logogram | source=YoungerArchive | ingested=2026-02-24T02:56:37Z
OBS_002438,external:youngerarchive,external_csv,PH 31,a.4_log,2235,OVISF,,OVISF,OVISF,OVISF,https://web.archive.org/web/20190416192926/http://www.people.ku.edu/~jyounger/LinearA/misctexts.html,younger_table_logogram | source=YoungerArchive | ingested=2026-02-24T02:56:37Z
OBS_002439,external:youngerarchive,external_csv,PH 31,a.4_log,2236,OVISM,,OVISM,OVISM,OVISM,https://web.archive.org/web/20190416192926/http://www.people.ku.edu/~jyounger/LinearA/misctexts.html,younger_table_logogram | source=YoungerArchive | ingested=2026-02-24T02:56:37Z
OBS_002440,external:youngerarchive,external_csv,PH 31,a.4_log,2237,PA TA DA DU PU2 RE HT ZB,,PA TA DA DU PU2 RE HT ZB,PA TA DA DU PU2 RE HT ZB,PA TA DA DU PU2 RE HT ZB,https://web.archive.org/web/20190416192926/http://www.people.ku.edu/~jyounger/LinearA/misctexts.html,younger_table_logogram | source=YoungerArchive | ingested=2026-02-24T02:56:37Z
OBS_002441,external:youngerarchive,external_csv,PH 31,a.4_stmt,2238,KU RO,,KU RO,KU RO,KU RO,https://web.archive.org/web/20190416192926/http://www.people.ku.edu/~jyounger/LinearA/misctexts.html,younger_table_statement | source=YoungerArchive | ingested=2026-02-24T02:56:37Z
OBS_002442,external:youngerarchive,external_csv,PH 31,a.4_stmt,2239,PA TA DA[ DU PU2 RE,,PA TA DA[ DU PU2 RE,PA TA DA[ DU PU2 RE,PA TA DA[ DU PU2 RE,https://web.archive.org/web/20190416192926/http://www.people.ku.edu/~jyounger/LinearA/misctexts.html,younger_table_statement | source=YoungerArchive | ingested=2026-02-24T02:56:37Z
OBS_002443,external:youngerarchive,external_csv,PH 31,a: JA-DI_stmt,2240,B RO,,B RO,B RO,B RO,https://web.archive.org/web/20190416192926/http://www.people.ku.edu/~jyounger/LinearA/misctexts.html,younger_table_statement | source=YoungerArchive | ingested=2026-02-24T02:56:37Z
OBS_002444,external:youngerarchive,external_csv,PH 31,a: TI-TI-MA_stmt,2241,B NA,,B NA,B NA,B NA,https://web.archive.org/web/20190416192926/http://www.people.ku.edu/~jyounger/LinearA/misctexts.html,younger_table_statement | source=YoungerArchive | ingested=2026-02-24T02:56:37Z
OBS_002445,external:youngerarchive,external_csv,PH 31,b.1_log,2242,CF DU RI TE HT,,CF DU RI TE HT,CF DU RI TE HT,CF DU RI TE HT,https://web.archive.org/web/20190416192926/http://www.people.ku.edu/~jyounger/LinearA/misctexts.html,younger_table_logogram | source=YoungerArchive | ingested=2026-02-24T02:56:37Z
OBS_002446,external:youngerarchive,external_csv,PH 31,b.1_log,2243,OVISF,,OVISF,OVISF,OVISF,https://web.archive.org/web/20190416192926/http://www.people.ku.edu/~jyounger/LinearA/misctexts.html,younger_table_logogram | source=YoungerArchive | ingested=2026-02-24T02:56:37Z
OBS_002447,external:youngerarchive,external_csv,PH 31,b.1_stmt,2244,DU RI,,DU RI,DU RI,DU RI,https://web.archive.org/web/20190416192926/http://www.people.ku.edu/~jyounger/LinearA/misctexts.html,younger_table_statement | source=YoungerArchive | ingested=2026-02-24T02:56:37Z
OBS_002448,external:youngerarchive,external_csv,PH 31,b.2_log,2245,CAPF,,CAPF,CAPF,CAPF,https://web.archive.org/web/20190416192926/http://www.people.ku.edu/~jyounger/LinearA/misctexts.html,younger_table_logogram | source=YoungerArchive | ingested=2026-02-24T02:56:37Z
OBS_002449,external:youngerarchive,external_csv,PH 31,b.2_log,2246,CAPM,,CAPM,CAPM,CAPM,https://web.archive.org/web/20190416192926/http://www.people.ku.edu/~jyounger/LinearA/misctexts.html,younger_table_logogram | source=YoungerArchive | ingested=2026-02-24T02:56:37Z
OBS_002450,external:youngerarchive,external_csv,PH 31,b.2_log,2247,CF TU JU MA HT A3 IMMEDIATELY AFTER KU PA3 NU,,CF TU JU MA HT A3 IMMEDIATELY AFTER KU PA3 NU,CF TU JU MA HT A3 IMMEDIATELY AFTER KU PA3 NU,CF TU JU MA HT A3 IMMEDIATELY AFTER KU PA3 NU,https://web.archive.org/web/20190416192926/http://www.people.ku.edu/~jyounger/LinearA/misctexts.html,younger_table_logogram | source=YoungerArchive | ingested=2026-02-24T02:56:37Z
OBS_002451,external:youngerarchive,external_csv,PH 31,b.2_stmt,2248,DU RI,,DU RI,DU RI,DU RI,https://web.archive.org/web/20190416192926/http://www.people.ku.edu/~jyounger/LinearA/misctexts.html,younger_table_statement | source=YoungerArchive | ingested=2026-02-24T02:56:37Z
OBS_002452,external:youngerarchive,external_csv,PH 31,b.2_stmt,2249,TU JU MA,,TU JU MA,TU JU MA,TU JU MA,https://web.archive.org/web/20190416192926/http://www.people.ku.edu/~jyounger/LinearA/misctexts.html,younger_table_statement | source=YoungerArchive | ingested=2026-02-24T02:56:37Z
OBS_002453,external:youngerarchive,external_csv,PH 31,b.3_log,2250,CAPF,,CAPF,CAPF,CAPF,https://web.archive.org/web/20190416192926/http://www.people.ku.edu/~jyounger/LinearA/misctexts.html,younger_table_logogram | source=YoungerArchive | ingested=2026-02-24T02:56:37Z
OBS_002454,external:youngerarchive,external_csv,PH 31,b.3_log,2251,CAPM,,CAPM,CAPM,CAPM,https://web.archive.org/web/20190416192926/http://www.people.ku.edu/~jyounger/LinearA/misctexts.html,younger_table_logogram | source=YoungerArchive | ingested=2026-02-24T02:56:37Z
OBS_002455,external:youngerarchive,external_csv,PH 31,b.3_log,2252,CF PA TA NE HT 122A IMMEDIATELY AFTER KU PA3 NE,,CF PA TA NE HT 122A IMMEDIATELY AFTER KU PA3 NE,CF PA TA NE HT 122A IMMEDIATELY AFTER KU PA3 NE,CF PA TA NE HT 122A IMMEDIATELY AFTER KU PA3 NE,https://web.archive.org/web/20190416192926/http://www.people.ku.edu/~jyounger/LinearA/misctexts.html,younger_table_logogram | source=YoungerArchive | ingested=2026-02-24T02:56:37Z
OBS_002456,external:youngerarchive,external_csv,PH 31,b.3_log,2253,TE RI HT,,TE RI HT,TE RI HT,TE RI HT,https://web.archive.org/web/20190416192926/http://www.people.ku.edu/~jyounger/LinearA/misctexts.html,younger_table_logogram | source=YoungerArchive | ingested=2026-02-24T02:56:37Z
OBS_002457,external:youngerarchive,external_csv,PH 31,b.3_stmt,2254,PA TA NE,,PA TA NE,PA TA NE,PA TA NE,https://web.archive.org/web/20190416192926/http://www.people.ku.edu/~jyounger/LinearA/misctexts.html,younger_table_statement | source=YoungerArchive | ingested=2026-02-24T02:56:37Z
OBS_002458,external:youngerarchive,external_csv,PH 31,b.3_stmt,2255,TE RI,,TE RI,TE RI,TE RI,https://web.archive.org/web/20190416192926/http://www.people.ku.edu/~jyounger/LinearA/misctexts.html,younger_table_statement | source=YoungerArchive | ingested=2026-02-24T02:56:37Z
OBS_002459,external:youngerarchive,external_csv,PH 31,b.4_log,2256,CAPM KU,,CAPM KU,CAPM KU,CAPM KU,https://web.archive.org/web/20190416192926/http://www.people.ku.edu/~jyounger/LinearA/misctexts.html,younger_table_logogram | source=YoungerArchive | ingested=2026-02-24T02:56:37Z
OBS_002460,external:youngerarchive,external_csv,PH 31,b.4_log,2257,OVISF,,OVISF,OVISF,OVISF,https://web.archive.org/web/20190416192926/http://www.people.ku.edu/~jyounger/LinearA/misctexts.html,younger_table_logogram | source=YoungerArchive | ingested=2026-02-24T02:56:37Z
OBS_002461,external:youngerarchive,external_csv,PH 31,b.4_log,2258,OVISM,,OVISM,OVISM,OVISM,https://web.archive.org/web/20190416192926/http://www.people.ku.edu/~jyounger/LinearA/misctexts.html,younger_table_logogram | source=YoungerArchive | ingested=2026-02-24T02:56:37Z
OBS_002462,external:youngerarchive,external_csv,PH 31,b.4_log,2259,OVISM SI AU RE,,OVISM SI AU RE,OVISM SI AU RE,OVISM SI AU RE,https://web.archive.org/web/20190416192926/http://www.people.ku.edu/~jyounger/LinearA/misctexts.html,younger_table_logogram | source=YoungerArchive | ingested=2026-02-24T02:56:37Z
OBS_002463,external:youngerarchive,external_csv,PH 31,b.4_log,2260,OVISM SI AU[ RE,,OVISM SI AU[ RE,OVISM SI AU[ RE,OVISM SI AU[ RE,https://web.archive.org/web/20190416192926/http://www.people.ku.edu/~jyounger/LinearA/misctexts.html,younger_table_logogram | source=YoungerArchive | ingested=2026-02-24T02:56:37Z
OBS_002464,external:youngerarchive,external_csv,PH 31,b.4_log,2261,RI RU MA HT,,RI RU MA HT,RI RU MA HT,RI RU MA HT,https://web.archive.org/web/20190416192926/http://www.people.ku.edu/~jyounger/LinearA/misctexts.html,younger_table_logogram | source=YoungerArchive | ingested=2026-02-24T02:56:37Z
OBS_002465,external:youngerarchive,external_csv,PH 31,b.4_log,2262,SUS SI[,,SUS SI[,SUS SI[,SUS SI[,https://web.archive.org/web/20190416192926/http://www.people.ku.edu/~jyounger/LinearA/misctexts.html,younger_table_logogram | source=YoungerArchive | ingested=2026-02-24T02:56:37Z
OBS_002466,external:youngerarchive,external_csv,PH 31,b.4_stmt,2263,RI RU MA TI,,RI RU MA TI,RI RU MA TI,RI RU MA TI,https://web.archive.org/web/20190416192926/http://www.people.ku.edu/~jyounger/LinearA/misctexts.html,younger_table_statement | source=YoungerArchive | ingested=2026-02-24T02:56:37Z
OBS_002467,external:youngerarchive,external_csv,PH 31,b.5_log,2264,JA MI DA RE HT 122A THE SAME AS A MI DA U? ZA 10A CF PH 14B A MI,,JA MI DA RE HT 122A THE SAME AS A MI DA U? ZA 10A CF PH 14B A MI,JA MI DA RE HT 122A THE SAME AS A MI DA U? ZA 10A CF PH 14B A MI,JA MI DA RE HT 122A THE SAME AS A MI DA U? ZA 10A CF PH 14B A MI,https://web.archive.org/web/20190416192926/http://www.people.ku.edu/~jyounger/LinearA/misctexts.html,younger_table_logogram | source=YoungerArchive | ingested=2026-02-24T02:56:37Z
OBS_002468,external:youngerarchive,external_csv,PH 31,b.5_log,2265,OVISM,,OVISM,OVISM,OVISM,https://web.archive.org/web/20190416192926/http://www.people.ku.edu/~jyounger/LinearA/misctexts.html,younger_table_logogram | source=YoungerArchive | ingested=2026-02-24T02:56:37Z
OBS_002469,external:youngerarchive,external_csv,PH 31,b.5_stmt,2266,A MI DA O,,A MI DA O,A MI DA O,A MI DA O,https://web.archive.org/web/20190416192926/http://www.people.ku.edu/~jyounger/LinearA/misctexts.html,younger_table_statement | source=YoungerArchive | ingested=2026-02-24T02:56:37Z
OBS_002470,external:youngerarchive,external_csv,PH 31,table10_row2_stmt,2267,VINA,,VINA,VINA,VINA,https://web.archive.org/web/20190416192926/http://www.people.ku.edu/~jyounger/LinearA/misctexts.html,younger_table_statement | source=YoungerArchive | ingested=2026-02-24T02:56:37Z
OBS_002471,external:youngerarchive,external_csv,PH 31,table11_row2_stmt,2268,OVIS,,OVIS,OVIS,OVIS,https://web.archive.org/web/20190416192926/http://www.people.ku.edu/~jyounger/LinearA/misctexts.html,younger_table_statement | source=YoungerArchive | ingested=2026-02-24T02:56:37Z
OBS_002472,external:youngerarchive,external_csv,PH 31,table13_row2_stmt,2269,VIN,,VIN,VIN,VIN,https://web.archive.org/web/20190416192926/http://www.people.ku.edu/~jyounger/LinearA/misctexts.html,younger_table_statement | source=YoungerArchive | ingested=2026-02-24T02:56:37Z
OBS_002473,external:youngerarchive,external_csv,PH 31,table9_row2_stmt,2270,VINA J,,VINA J,VINA J,VINA J,https://web.archive.org/web/20190416192926/http://www.people.ku.edu/~jyounger/LinearA/misctexts.html,younger_table_statement | source=YoungerArchive | ingested=2026-02-24T02:56:37Z
OBS_002474,external:sigla,external_csv,PH 31A,word_1,2271,[?] AB08 [?],,[?] AB08 [?],[?] AB08 [?],[?] AB08 [?],http://sigla.phis.me/document/PH%2031a/index-word.html,sigla_word_seq_pattern | source=SigLA | ingested=2026-02-24T02:56:37Z
OBS_002475,external:sigla,external_csv,PH 31A,word_2,2272,AB26,,AB26,AB26,AB26,http://sigla.phis.me/document/PH%2031a/index-word.html,sigla_word_seq_pattern | source=SigLA | ingested=2026-02-24T02:56:37Z
OBS_002476,external:sigla,external_csv,PH 31A,word_3,2273,AB80 AB07,,AB80 AB07,AB80 AB07,AB80 AB07,http://sigla.phis.me/document/PH%2031a/index-word.html,sigla_word_seq_pattern | source=SigLA | ingested=2026-02-24T02:56:37Z
OBS_002477,external:sigla,external_csv,PH 31A,word_4,2274,AB81 AB56 AB55,,AB81 AB56 AB55,AB81 AB56 AB55,AB81 AB56 AB55,http://sigla.phis.me/document/PH%2031a/index-word.html,sigla_word_seq_pattern | source=SigLA | ingested=2026-02-24T02:56:37Z
OBS_002478,external:sigla,external_csv,PH 31A,word_5,2275,AB03 AB59 AB01,,AB03 AB59 AB01,AB03 AB59 AB01,AB03 AB59 AB01,http://sigla.phis.me/document/PH%2031a/index-word.html,sigla_word_seq_pattern | source=SigLA | ingested=2026-02-24T02:56:37Z
OBS_002479,external:sigla,external_csv,PH 31A,word_6,2276,AB81 AB02,,AB81 AB02,AB81 AB02,AB81 AB02,http://sigla.phis.me/document/PH%2031a/index-word.html,sigla_word_seq_pattern | source=SigLA | ingested=2026-02-24T02:56:37Z
OBS_002480,external:sigla,external_csv,PH 31B,word_1,2277,AB51 AB53,,AB51 AB53,AB51 AB53,AB51 AB53,http://sigla.phis.me/document/PH%2031b/index-word.html,sigla_word_seq_pattern | source=SigLA | ingested=2026-02-24T02:56:37Z
OBS_002481,external:sigla,external_csv,PH 31B,word_2,2278,AB69 [?],,AB69 [?],AB69 [?],AB69 [?],http://sigla.phis.me/document/PH%2031b/index-word.html,sigla_word_seq_pattern | source=SigLA | ingested=2026-02-24T02:56:37Z
OBS_002482,external:sigla,external_csv,PH 31B,word_3,2279,AB24,,AB24,AB24,AB24,http://sigla.phis.me/document/PH%2031b/index-word.html,sigla_word_seq_pattern | source=SigLA | ingested=2026-02-24T02:56:37Z
OBS_002483,external:sigla,external_csv,PH 31B,word_4,2280,AB04 AB53,,AB04 AB53,AB04 AB53,AB04 AB53,http://sigla.phis.me/document/PH%2031b/index-word.html,sigla_word_seq_pattern | source=SigLA | ingested=2026-02-24T02:56:37Z
OBS_002484,external:sigla,external_csv,PH 31B,word_5,2281,AB53 AB26 AB80 AB37,,AB53 AB26 AB80 AB37,AB53 AB26 AB80 AB37,AB53 AB26 AB80 AB37,http://sigla.phis.me/document/PH%2031b/index-word.html,sigla_word_seq_pattern | source=SigLA | ingested=2026-02-24T02:56:37Z
OBS_002485,external:sigla,external_csv,PH 31B,word_7,2282,AB08 AB73 AB01 AB61,,AB08 AB73 AB01 AB61,AB08 AB73 AB01 AB61,AB08 AB73 AB01 AB61,http://sigla.phis.me/document/PH%2031b/index-word.html,sigla_word_seq_pattern | source=SigLA | ingested=2026-02-24T02:56:37Z
OBS_002486,external:sigla,external_csv,PH 3A,word_2,2283,AB03 AB60,,AB03 AB60,AB03 AB60,AB03 AB60,http://sigla.phis.me/document/PH%203a/index-word.html,sigla_word_seq_pattern | source=SigLA | ingested=2026-02-24T02:56:37Z
OBS_002487,external:sigla,external_csv,PH 3A,word_3,2284,[?] [?],,[?] [?],[?] [?],[?] [?],http://sigla.phis.me/document/PH%203a/index-word.html,sigla_word_seq_pattern | source=SigLA | ingested=2026-02-24T02:56:37Z
OBS_002488,external:sigla,external_csv,PH 3B,word_2,2285,AB05,,AB05,AB05,AB05,http://sigla.phis.me/document/PH%203b/index-word.html,sigla_word_seq_pattern | source=SigLA | ingested=2026-02-24T02:56:37Z
OBS_002489,external:sigla,external_csv,PH 3B,word_3,2286,AB41,,AB41,AB41,AB41,http://sigla.phis.me/document/PH%203b/index-word.html,sigla_word_seq_pattern | source=SigLA | ingested=2026-02-24T02:56:37Z
OBS_002490,external:youngerarchive,external_csv,PH 6,.1_stmt,2287,A RI,,A RI,A RI,A RI,https://web.archive.org/web/20190416192926/http://www.people.ku.edu/~jyounger/LinearA/misctexts.html,younger_table_statement | source=YoungerArchive | ingested=2026-02-24T02:56:37Z
OBS_002491,external:youngerarchive,external_csv,PH 6,.1_stmt,2288,I NA WA,,I NA WA,I NA WA,I NA WA,https://web.archive.org/web/20190416192926/http://www.people.ku.edu/~jyounger/LinearA/misctexts.html,younger_table_statement | source=YoungerArchive | ingested=2026-02-24T02:56:37Z
OBS_002492,external:youngerarchive,external_csv,PH 6,.2_stmt,2289,I ZU RI NI TA,,I ZU RI NI TA,I ZU RI NI TA,I ZU RI NI TA,https://web.archive.org/web/20190416192926/http://www.people.ku.edu/~jyounger/LinearA/misctexts.html,younger_table_statement | source=YoungerArchive | ingested=2026-02-24T02:56:37Z
OBS_002493,external:youngerarchive,external_csv,PH 6,.3_stmt,2290,A RI,,A RI,A RI,A RI,https://web.archive.org/web/20190416192926/http://www.people.ku.edu/~jyounger/LinearA/misctexts.html,younger_table_statement | source=YoungerArchive | ingested=2026-02-24T02:56:37Z
OBS_002494,external:youngerarchive,external_csv,PH 6,.4_stmt,2291,I DA PA3 I SA RI,,I DA PA3 I SA RI,I DA PA3 I SA RI,I DA PA3 I SA RI,https://web.archive.org/web/20190416192926/http://www.people.ku.edu/~jyounger/LinearA/misctexts.html,younger_table_statement | source=YoungerArchive | ingested=2026-02-24T02:56:37Z
OBS_002495,external:sigla,external_csv,PH 6,word_1,2292,AB28 AB06 AB54,,AB28 AB06 AB54,AB28 AB06 AB54,AB28 AB06 AB54,http://sigla.phis.me/document/PH%206/index-word.html,sigla_word_seq_pattern | source=SigLA | ingested=2026-02-24T02:56:37Z
OBS_002496,external:sigla,external_csv,PH 6,word_2,2293,AB08 AB53,,AB08 AB53,AB08 AB53,AB08 AB53,http://sigla.phis.me/document/PH%206/index-word.html,sigla_word_seq_pattern | source=SigLA | ingested=2026-02-24T02:56:37Z
OBS_002497,external:sigla,external_csv,PH 6,word_3,2294,AB28 AB79 AB53 AB30 AB59,,AB28 AB79 AB53 AB30 AB59,AB28 AB79 AB53 AB30 AB59,AB28 AB79 AB53 AB30 AB59,http://sigla.phis.me/document/PH%206/index-word.html,sigla_word_seq_pattern | source=SigLA | ingested=2026-02-24T02:56:37Z
OBS_002498,external:sigla,external_csv,PH 6,word_4,2295,AB08 AB53,,AB08 AB53,AB08 AB53,AB08 AB53,http://sigla.phis.me/document/PH%206/index-word.html,sigla_word_seq_pattern | source=SigLA | ingested=2026-02-24T02:56:37Z
OBS_002499,external:sigla,external_csv,PH 6,word_5,2296,AB28 AB01 AB56 AB28 AB31 AB53,,AB28 AB01 AB56 AB28 AB31 AB53,AB28 AB01 AB56 AB28 AB31 AB53,AB28 AB01 AB56 AB28 AB31 AB53,http://sigla.phis.me/document/PH%206/index-word.html,sigla_word_seq_pattern | source=SigLA | ingested=2026-02-24T02:56:37Z
OBS_002500,external:youngerarchive,external_csv,PH 7,a.1_stmt,2297,]DI PA JA[,,]DI PA JA[,]DI PA JA[,]DI PA JA[,https://web.archive.org/web/20190416192926/http://www.people.ku.edu/~jyounger/LinearA/misctexts.html,younger_table_statement | source=YoungerArchive | ingested=2026-02-24T02:56:37Z
OBS_002501,external:youngerarchive,external_csv,PH 7,a.2_stmt,2298,]U DI RI KI[,,]U DI RI KI[,]U DI RI KI[,]U DI RI KI[,https://web.archive.org/web/20190416192926/http://www.people.ku.edu/~jyounger/LinearA/misctexts.html,younger_table_statement | source=YoungerArchive | ingested=2026-02-24T02:56:37Z
OBS_002502,external:youngerarchive,external_csv,PH 7,a.3_stmt,2299,]JA RU MA NE[,,]JA RU MA NE[,]JA RU MA NE[,]JA RU MA NE[,https://web.archive.org/web/20190416192926/http://www.people.ku.edu/~jyounger/LinearA/misctexts.html,younger_table_statement | source=YoungerArchive | ingested=2026-02-24T02:56:37Z
OBS_002503,external:youngerarchive,external_csv,PH 7,a.4_stmt,2300,]JA SI DA RA,,]JA SI DA RA,]JA SI DA RA,]JA SI DA RA,https://web.archive.org/web/20190416192926/http://www.people.ku.edu/~jyounger/LinearA/misctexts.html,younger_table_statement | source=YoungerArchive | ingested=2026-02-24T02:56:37Z
OBS_002504,external:youngerarchive,external_csv,PH 7,b.2_stmt,2301,]DA RA,,]DA RA,]DA RA,]DA RA,https://web.archive.org/web/20190416192926/http://www.people.ku.edu/~jyounger/LinearA/misctexts.html,younger_table_statement | source=YoungerArchive | ingested=2026-02-24T02:56:37Z
OBS_002505,external:sigla,external_csv,PH 7A,word_1,2302,AB07 AB03 AB57,,AB07 AB03 AB57,AB07 AB03 AB57,AB07 AB03 AB57,http://sigla.phis.me/document/PH%207a/index-word.html,sigla_word_seq_pattern | source=SigLA | ingested=2026-02-24T02:56:37Z
OBS_002506,external:sigla,external_csv,PH 7A,word_2,2303,AB10 AB07 AB53 AB67,,AB10 AB07 AB53 AB67,AB10 AB07 AB53 AB67,AB10 AB07 AB53 AB67,http://sigla.phis.me/document/PH%207a/index-word.html,sigla_word_seq_pattern | source=SigLA | ingested=2026-02-24T02:56:37Z
OBS_002507,external:sigla,external_csv,PH 7A,word_3,2304,AB57 AB26 AB80 AB24,,AB57 AB26 AB80 AB24,AB57 AB26 AB80 AB24,AB57 AB26 AB80 AB24,http://sigla.phis.me/document/PH%207a/index-word.html,sigla_word_seq_pattern | source=SigLA | ingested=2026-02-24T02:56:37Z
OBS_002508,external:sigla,external_csv,PH 7A,word_4,2305,AB57 AB41 AB01 AB60,,AB57 AB41 AB01 AB60,AB57 AB41 AB01 AB60,AB57 AB41 AB01 AB60,http://sigla.phis.me/document/PH%207a/index-word.html,sigla_word_seq_pattern | source=SigLA | ingested=2026-02-24T02:56:37Z
OBS_002509,external:sigla,external_csv,PH 7B,word_1,2306,AB59,,AB59,AB59,AB59,http://sigla.phis.me/document/PH%207b/index-word.html,sigla_word_seq_pattern | source=SigLA | ingested=2026-02-24T02:56:37Z
OBS_002510,external:sigla,external_csv,PH 7B,word_2,2307,AB01 AB60,,AB01 AB60,AB01 AB60,AB01 AB60,http://sigla.phis.me/document/PH%207b/index-word.html,sigla_word_seq_pattern | source=SigLA | ingested=2026-02-24T02:56:37Z
OBS_002511,external:youngerarchive,external_csv,PH 8,a.1_log,2308,]*417VAS L2,,]*417VAS L2,]*417VAS L2,]*417VAS L2,https://web.archive.org/web/20190416192926/http://www.people.ku.edu/~jyounger/LinearA/misctexts.html,younger_table_logogram | source=YoungerArchive | ingested=2026-02-24T02:56:37Z
OBS_002512,external:youngerarchive,external_csv,PH 8,a.2_log,2309,]VIR,,]VIR,]VIR,]VIR,https://web.archive.org/web/20190416192926/http://www.people.ku.edu/~jyounger/LinearA/misctexts.html,younger_table_logogram | source=YoungerArchive | ingested=2026-02-24T02:56:37Z
OBS_002513,external:youngerarchive,external_csv,PH 8,a.4_log,2310,*418VAS L2,,*418VAS L2,*418VAS L2,*418VAS L2,https://web.archive.org/web/20190416192926/http://www.people.ku.edu/~jyounger/LinearA/misctexts.html,younger_table_logogram | source=YoungerArchive | ingested=2026-02-24T02:56:37Z
OBS_002514,external:youngerarchive,external_csv,PH 9,b (obverse: hole starts from this side)_log,2311,VAS VINA,,VAS VINA,VAS VINA,VAS VINA,https://web.archive.org/web/20190416192926/http://www.people.ku.edu/~jyounger/LinearA/misctexts.html,younger_table_logogram | source=YoungerArchive | ingested=2026-02-24T02:56:37Z
OBS_002515,external:sigla,external_csv,PH 9A,word_1,2312,A317 AB78 A353,,A317 AB78 A353,A317 AB78 A353,A317 AB78 A353,http://sigla.phis.me/document/PH%209a/index-word.html,sigla_word_seq_pattern | source=SigLA | ingested=2026-02-24T02:56:37Z
OBS_002516,external:sigla,external_csv,PH WA 32,word_1,2313,AB58 AB67 AB60 AB59,,AB58 AB67 AB60 AB59,AB58 AB67 AB60 AB59,AB58 AB67 AB60 AB59,http://sigla.phis.me/document/PH%20Wa%2032/index-word.html,sigla_word_seq_pattern | source=SigLA | ingested=2026-02-24T02:56:37Z
OBS_002517,external:sigla,external_csv,PH WC 37A,word_1,2314,AB77 A314 AB41,,AB77 A314 AB41,AB77 A314 AB41,AB77 A314 AB41,http://sigla.phis.me/document/PH%20Wc%2037a/index-word.html,sigla_word_seq_pattern | source=SigLA | ingested=2026-02-24T02:56:37Z
OBS_002518,external:sigla,external_csv,PH WC 38,word_1,2315,A314 AB59 AB80,,A314 AB59 AB80,A314 AB59 AB80,A314 AB59 AB80,http://sigla.phis.me/document/PH%20Wc%2038/index-word.html,sigla_word_seq_pattern | source=SigLA | ingested=2026-02-24T02:56:37Z
OBS_002519,external:sigla,external_csv,PH WC 39A,word_1,2316,AB57 AB07,,AB57 AB07,AB57 AB07,AB57 AB07,http://sigla.phis.me/document/PH%20Wc%2039a/index-word.html,sigla_word_seq_pattern | source=SigLA | ingested=2026-02-24T02:56:37Z
OBS_002520,external:sigla,external_csv,PH WC 40A,word_1,2317,A320 A320 AB80,,A320 A320 AB80,A320 A320 AB80,A320 A320 AB80,http://sigla.phis.me/document/PH%20Wc%2040a/index-word.html,sigla_word_seq_pattern | source=SigLA | ingested=2026-02-24T02:56:37Z
OBS_002521,external:sigla,external_csv,PH WC 45,word_1,2318,[?] [?] [?],,[?] [?] [?],[?] [?] [?],[?] [?] [?],http://sigla.phis.me/document/PH%20Wc%2045/index-word.html,sigla_word_seq_pattern | source=SigLA | ingested=2026-02-24T02:56:37Z
OBS_002522,external:youngerarchive,external_csv,PK 1,.1_stmt,2319,KA QA,,KA QA,KA QA,KA QA,https://web.archive.org/web/20190416192926/http://www.people.ku.edu/~jyounger/LinearA/misctexts.html,younger_table_statement | source=YoungerArchive | ingested=2026-02-24T02:56:37Z
OBS_002523,external:youngerarchive,external_csv,PK 1,.1_stmt,2320,SI NE TI,,SI NE TI,SI NE TI,SI NE TI,https://web.archive.org/web/20190416192926/http://www.people.ku.edu/~jyounger/LinearA/misctexts.html,younger_table_statement | source=YoungerArchive | ingested=2026-02-24T02:56:37Z
OBS_002524,external:youngerarchive,external_csv,PK 1,.2_stmt,2321,A DU ZA,,A DU ZA,A DU ZA,A DU ZA,https://web.archive.org/web/20190416192926/http://www.people.ku.edu/~jyounger/LinearA/misctexts.html,younger_table_statement | source=YoungerArchive | ingested=2026-02-24T02:56:37Z
OBS_002525,external:youngerarchive,external_csv,PK 1,.2_stmt,2322,TA2 TA RE,,TA2 TA RE,TA2 TA RE,TA2 TA RE,https://web.archive.org/web/20190416192926/http://www.people.ku.edu/~jyounger/LinearA/misctexts.html,younger_table_statement | source=YoungerArchive | ingested=2026-02-24T02:56:37Z
OBS_002526,external:youngerarchive,external_csv,PK 1,.3-4_stmt,2323,O KA MI ZA SI I NA,,O KA MI ZA SI I NA,O KA MI ZA SI I NA,O KA MI ZA SI I NA,https://web.archive.org/web/20190416192926/http://www.people.ku.edu/~jyounger/LinearA/misctexts.html,younger_table_statement | source=YoungerArchive | ingested=2026-02-24T02:56:37Z
OBS_002527,external:youngerarchive,external_csv,PK 1,.3_stmt,2324,TA2 TI TE,,TA2 TI TE,TA2 TI TE,TA2 TI TE,https://web.archive.org/web/20190416192926/http://www.people.ku.edu/~jyounger/LinearA/misctexts.html,younger_table_statement | source=YoungerArchive | ingested=2026-02-24T02:56:37Z
OBS_002528,external:youngerarchive,external_csv,PK 1,.5_stmt,2325,O TE JA,,O TE JA,O TE JA,O TE JA,https://web.archive.org/web/20190416192926/http://www.people.ku.edu/~jyounger/LinearA/misctexts.html,younger_table_statement | source=YoungerArchive | ingested=2026-02-24T02:56:37Z
OBS_002529,external:youngerarchive,external_csv,PK 1,.6-7_stmt,2326,TU SU,,TU SU,TU SU,TU SU,https://web.archive.org/web/20190416192926/http://www.people.ku.edu/~jyounger/LinearA/misctexts.html,younger_table_statement | source=YoungerArchive | ingested=2026-02-24T02:56:37Z
OBS_002530,external:youngerarchive,external_csv,PK 1,.6_stmt,2327,NI MI,,NI MI,NI MI,NI MI,https://web.archive.org/web/20190416192926/http://www.people.ku.edu/~jyounger/LinearA/misctexts.html,younger_table_statement | source=YoungerArchive | ingested=2026-02-24T02:56:37Z
OBS_002531,external:youngerarchive,external_csv,PK 1,.6_stmt,2328,RA NA TU SU,,RA NA TU SU,RA NA TU SU,RA NA TU SU,https://web.archive.org/web/20190416192926/http://www.people.ku.edu/~jyounger/LinearA/misctexts.html,younger_table_statement | source=YoungerArchive | ingested=2026-02-24T02:56:37Z
OBS_002532,external:youngerarchive,external_csv,PK 1,.7_stmt,2329,MA TI ZA I TE,,MA TI ZA I TE,MA TI ZA I TE,MA TI ZA I TE,https://web.archive.org/web/20190416192926/http://www.people.ku.edu/~jyounger/LinearA/misctexts.html,younger_table_statement | source=YoungerArchive | ingested=2026-02-24T02:56:37Z
OBS_002533,external:youngerarchive,external_csv,PK 1,.8_stmt,2330,MA KA I TA,,MA KA I TA,MA KA I TA,MA KA I TA,https://web.archive.org/web/20190416192926/http://www.people.ku.edu/~jyounger/LinearA/misctexts.html,younger_table_statement | source=YoungerArchive | ingested=2026-02-24T02:56:37Z
OBS_002534,external:youngerarchive,external_csv,PK 1,.8_stmt,2331,MA TE TI,,MA TE TI,MA TE TI,MA TE TI,https://web.archive.org/web/20190416192926/http://www.people.ku.edu/~jyounger/LinearA/misctexts.html,younger_table_statement | source=YoungerArchive | ingested=2026-02-24T02:56:37Z
OBS_002535,external:youngerarchive,external_csv,PK 3,a.2_stmt,2332,DA RE,,DA RE,DA RE,DA RE,https://web.archive.org/web/20190416192926/http://www.people.ku.edu/~jyounger/LinearA/misctexts.html,younger_table_statement | source=YoungerArchive | ingested=2026-02-24T02:56:37Z
OBS_002536,external:youngerarchive,external_csv,PS ZA 2,.1 (top of fragments b+c):_stmt,2333,?? RE I KE,,?? RE I KE,?? RE I KE,?? RE I KE,https://web.archive.org/web/20190416192926/http://www.people.ku.edu/~jyounger/LinearA/misctexts.html,younger_table_statement | source=YoungerArchive | ingested=2026-02-24T02:56:37Z
OBS_002537,external:youngerarchive,external_csv,PS ZA 2,.2 (beginning on the bottom of fragment a and continuing onto b+c):_stmt,2334,TA NA I TI ? JA TI JA SA SA RA ME,,TA NA I TI ? JA TI JA SA SA RA ME,TA NA I TI ? JA TI JA SA SA RA ME,TA NA I TI ? JA TI JA SA SA RA ME,https://web.archive.org/web/20190416192926/http://www.people.ku.edu/~jyounger/LinearA/misctexts.html,younger_table_statement | source=YoungerArchive | ingested=2026-02-24T02:56:37Z
OBS_002538,external:youngerarchive,external_csv,PS ZA 2,1-2_log,2335,RO VINA,,RO VINA,RO VINA,RO VINA,https://web.archive.org/web/20190416192926/http://www.people.ku.edu/~jyounger/LinearA/misctexts.html,younger_table_logogram | source=YoungerArchive | ingested=2026-02-24T02:56:37Z
OBS_002539,external:youngerarchive,external_csv,PS ZA 2,1-2_stmt,2336,TI MA RU WI TE,,TI MA RU WI TE,TI MA RU WI TE,TI MA RU WI TE,https://web.archive.org/web/20190416192926/http://www.people.ku.edu/~jyounger/LinearA/misctexts.html,younger_table_statement | source=YoungerArchive | ingested=2026-02-24T02:56:37Z
OBS_002540,external:sigla,external_csv,PS ZA 2,word_1,2337,AB59 AB06 AB28 A301 AB37,,AB59 AB06 AB28 A301 AB37,AB59 AB06 AB28 A301 AB37,AB59 AB06 AB28 A301 AB37,http://sigla.phis.me/document/PS%20Za%202/index-word.html,sigla_word_seq_pattern | source=SigLA | ingested=2026-02-24T02:56:37Z
OBS_002541,external:sigla,external_csv,PS ZA 2,word_3,2338,AB57 AB37,,AB57 AB37,AB57 AB37,AB57 AB37,http://sigla.phis.me/document/PS%20Za%202/index-word.html,sigla_word_seq_pattern | source=SigLA | ingested=2026-02-24T02:56:37Z
OBS_002542,external:sigla,external_csv,PS ZA 2,word_4,2339,AB57 AB31 AB31 AB60 AB13,,AB57 AB31 AB31 AB60 AB13,AB57 AB31 AB31 AB60 AB13,AB57 AB31 AB31 AB60 AB13,http://sigla.phis.me/document/PS%20Za%202/index-word.html,sigla_word_seq_pattern | source=SigLA | ingested=2026-02-24T02:56:37Z
OBS_002543,external:sigla,external_csv,PS ZA 2,word_5,2340,AB27 AB28 AB44,,AB27 AB28 AB44,AB27 AB28 AB44,AB27 AB28 AB44,http://sigla.phis.me/document/PS%20Za%202/index-word.html,sigla_word_seq_pattern | source=SigLA | ingested=2026-02-24T02:56:37Z
OBS_002544,external:sigla,external_csv,PYR 1,word_1,2341,AB37 AB80 AB26 AB40 AB04,,AB37 AB80 AB26 AB40 AB04,AB37 AB80 AB26 AB40 AB04,AB37 AB80 AB26 AB40 AB04,http://sigla.phis.me/document/PYR%201/index-word.html,sigla_word_seq_pattern | source=SigLA | ingested=2026-02-24T02:56:37Z
OBS_002545,external:sigla,external_csv,SY ZA 4,word_1,2342,AB08 AB59 AB28 A301 AB54 AB57,,AB08 AB59 AB28 A301 AB54 AB57,AB08 AB59 AB28 A301 AB54 AB57,AB08 AB59 AB28 A301 AB54 AB57,http://sigla.phis.me/document/SY%20Za%204/index-word.html,sigla_word_seq_pattern | source=SigLA | ingested=2026-02-24T02:56:37Z
OBS_002546,external:sigla,external_csv,SY ZA 4,word_2,2343,AB57 AB28 AB48 AB17,,AB57 AB28 AB48 AB17,AB57 AB28 AB48 AB17,AB57 AB28 AB48 AB17,http://sigla.phis.me/document/SY%20Za%204/index-word.html,sigla_word_seq_pattern | source=SigLA | ingested=2026-02-24T02:56:37Z
OBS_002547,external:sigla,external_csv,SY ZA 4,word_3,2344,AB56 AB30 AB40,,AB56 AB30 AB40,AB56 AB30 AB40,AB56 AB30 AB40,http://sigla.phis.me/document/SY%20Za%204/index-word.html,sigla_word_seq_pattern | source=SigLA | ingested=2026-02-24T02:56:37Z
OBS_002548,external:youngerarchive,external_csv,THE TABLET 4,a.4_log,2345,]OVIS,,]OVIS,]OVIS,]OVIS,https://web.archive.org/web/20190416192926/http://www.people.ku.edu/~jyounger/LinearA/misctexts.html,younger_table_logogram | source=YoungerArchive | ingested=2026-02-24T02:56:37Z
OBS_002549,external:youngerarchive,external_csv,THE TABLET 5,a.1_stmt,2346,TE ME DA I[,,TE ME DA I[,TE ME DA I[,TE ME DA I[,https://web.archive.org/web/20190416192926/http://www.people.ku.edu/~jyounger/LinearA/misctexts.html,younger_table_statement | source=YoungerArchive | ingested=2026-02-24T02:56:37Z
OBS_002550,external:youngerarchive,external_csv,THE TABLET 6,a.2_log,2347,]TELA SE,,]TELA SE,]TELA SE,]TELA SE,https://web.archive.org/web/20190416192926/http://www.people.ku.edu/~jyounger/LinearA/misctexts.html,younger_table_logogram | source=YoungerArchive | ingested=2026-02-24T02:56:37Z
OBS_002551,external:youngerarchive,external_csv,TY 2,.1_log,2348,*309B PU PI,,*309B PU PI,*309B PU PI,*309B PU PI,https://web.archive.org/web/20190416192926/http://www.people.ku.edu/~jyounger/LinearA/misctexts.html,younger_table_logogram | source=YoungerArchive | ingested=2026-02-24T02:56:37Z
OBS_002552,external:youngerarchive,external_csv,TY 2,.2-3_log,2349,*309A JU KI,,*309A JU KI,*309A JU KI,*309A JU KI,https://web.archive.org/web/20190416192926/http://www.people.ku.edu/~jyounger/LinearA/misctexts.html,younger_table_logogram | source=YoungerArchive | ingested=2026-02-24T02:56:37Z
OBS_002553,external:youngerarchive,external_csv,TY 2,.2-3_stmt,2350,PA DA RU,,PA DA RU,PA DA RU,PA DA RU,https://web.archive.org/web/20190416192926/http://www.people.ku.edu/~jyounger/LinearA/misctexts.html,younger_table_statement | source=YoungerArchive | ingested=2026-02-24T02:56:37Z
OBS_002554,external:youngerarchive,external_csv,TY 2,.2_log,2351,*309A DA PU[,,*309A DA PU[,*309A DA PU[,*309A DA PU[,https://web.archive.org/web/20190416192926/http://www.people.ku.edu/~jyounger/LinearA/misctexts.html,younger_table_logogram | source=YoungerArchive | ingested=2026-02-24T02:56:37Z
OBS_002555,external:youngerarchive,external_csv,TY 2,.2_log,2352,*309B KI PU,,*309B KI PU,*309B KI PU,*309B KI PU,https://web.archive.org/web/20190416192926/http://www.people.ku.edu/~jyounger/LinearA/misctexts.html,younger_table_logogram | source=YoungerArchive | ingested=2026-02-24T02:56:37Z
OBS_002556,external:youngerarchive,external_csv,TY 2,.3-4_log,2353,VIR,,VIR,VIR,VIR,https://web.archive.org/web/20190416192926/http://www.people.ku.edu/~jyounger/LinearA/misctexts.html,younger_table_logogram | source=YoungerArchive | ingested=2026-02-24T02:56:37Z
OBS_002557,external:youngerarchive,external_csv,TY 2,.3_log,2354,*309A RI JU,,*309A RI JU,*309A RI JU,*309A RI JU,https://web.archive.org/web/20190416192926/http://www.people.ku.edu/~jyounger/LinearA/misctexts.html,younger_table_logogram | source=YoungerArchive | ingested=2026-02-24T02:56:37Z
OBS_002558,external:youngerarchive,external_csv,TY 2,.4_log,2355,*309C DA JU,,*309C DA JU,*309C DA JU,*309C DA JU,https://web.archive.org/web/20190416192926/http://www.people.ku.edu/~jyounger/LinearA/misctexts.html,younger_table_logogram | source=YoungerArchive | ingested=2026-02-24T02:56:37Z
OBS_002559,external:youngerarchive,external_csv,TY 2,.5_log,2356,*309A RI WA JU,,*309A RI WA JU,*309A RI WA JU,*309A RI WA JU,https://web.archive.org/web/20190416192926/http://www.people.ku.edu/~jyounger/LinearA/misctexts.html,younger_table_logogram | source=YoungerArchive | ingested=2026-02-24T02:56:37Z
OBS_002560,external:youngerarchive,external_csv,TY 2,.5_log,2357,*309C RU KA,,*309C RU KA,*309C RU KA,*309C RU KA,https://web.archive.org/web/20190416192926/http://www.people.ku.edu/~jyounger/LinearA/misctexts.html,younger_table_logogram | source=YoungerArchive | ingested=2026-02-24T02:56:37Z
OBS_002561,external:youngerarchive,external_csv,TY 2,.6_log,2358,*309B[,,*309B[,*309B[,*309B[,https://web.archive.org/web/20190416192926/http://www.people.ku.edu/~jyounger/LinearA/misctexts.html,younger_table_logogram | source=YoungerArchive | ingested=2026-02-24T02:56:37Z
OBS_002562,external:youngerarchive,external_csv,TY 2,.6_log,2359,]*309B RI JU,,]*309B RI JU,]*309B RI JU,]*309B RI JU,https://web.archive.org/web/20190416192926/http://www.people.ku.edu/~jyounger/LinearA/misctexts.html,younger_table_logogram | source=YoungerArchive | ingested=2026-02-24T02:56:37Z
OBS_002563,external:sigla,external_csv,TY 2,word_1,2360,A309B [?] AB34? AB50 AB39,,A309B [?] AB34? AB50 AB39,A309B [?] AB34? AB50 AB39,A309B [?] AB34? AB50 AB39,http://sigla.phis.me/document/TY%202/index-word.html,sigla_word_seq_pattern | source=SigLA | ingested=2026-02-24T02:56:37Z
OBS_002564,external:sigla,external_csv,TY 2,word_10,2361,A309C AB53? AB77 AB26,,A309C AB53? AB77 AB26,A309C AB53? AB77 AB26,A309C AB53? AB77 AB26,http://sigla.phis.me/document/TY%202/index-word.html,sigla_word_seq_pattern | source=SigLA | ingested=2026-02-24T02:56:37Z
OBS_002565,external:sigla,external_csv,TY 2,word_11,2362,A309B AB53? [?] AB54 AB65?,,A309B AB53? [?] AB54 AB65?,A309B AB53? [?] AB54 AB65?,A309B AB53? [?] AB54 AB65?,http://sigla.phis.me/document/TY%202/index-word.html,sigla_word_seq_pattern | source=SigLA | ingested=2026-02-24T02:56:37Z
OBS_002566,external:sigla,external_csv,TY 2,word_12,2363,A309B AB53? AB65? [?],,A309B AB53? AB65? [?],A309B AB53? AB65? [?],A309B AB53? AB65? [?],http://sigla.phis.me/document/TY%202/index-word.html,sigla_word_seq_pattern | source=SigLA | ingested=2026-02-24T02:56:37Z
OBS_002567,external:sigla,external_csv,TY 2,word_13,2364,A309B,,A309B,A309B,A309B,http://sigla.phis.me/document/TY%202/index-word.html,sigla_word_seq_pattern | source=SigLA | ingested=2026-02-24T02:56:37Z
OBS_002568,external:sigla,external_csv,TY 2,word_2,2365,A309A [?],,A309A [?],A309A [?],A309A [?],http://sigla.phis.me/document/TY%202/index-word.html,sigla_word_seq_pattern | source=SigLA | ingested=2026-02-24T02:56:37Z
OBS_002569,external:sigla,external_csv,TY 2,word_3,2366,A309B [?] AB67 AB50,,A309B [?] AB67 AB50,A309B [?] AB67 AB50,A309B [?] AB67 AB50,http://sigla.phis.me/document/TY%202/index-word.html,sigla_word_seq_pattern | source=SigLA | ingested=2026-02-24T02:56:37Z
OBS_002570,external:sigla,external_csv,TY 2,word_4,2367,A309A? [?] AB01 AB50,,A309A? [?] AB01 AB50,A309A? [?] AB01 AB50,A309A? [?] AB01 AB50,http://sigla.phis.me/document/TY%202/index-word.html,sigla_word_seq_pattern | source=SigLA | ingested=2026-02-24T02:56:37Z
OBS_002571,external:sigla,external_csv,TY 2,word_5,2368,AB03 AB01 AB26,,AB03 AB01 AB26,AB03 AB01 AB26,AB03 AB01 AB26,http://sigla.phis.me/document/TY%202/index-word.html,sigla_word_seq_pattern | source=SigLA | ingested=2026-02-24T02:56:37Z
OBS_002572,external:sigla,external_csv,TY 2,word_6,2369,A309A AB65? AB67,,A309A AB65? AB67,A309A AB65? AB67,A309A AB65? AB67,http://sigla.phis.me/document/TY%202/index-word.html,sigla_word_seq_pattern | source=SigLA | ingested=2026-02-24T02:56:37Z
OBS_002573,external:sigla,external_csv,TY 2,word_7,2370,A309A? AB53 AB65?,,A309A? AB53 AB65?,A309A? AB53 AB65?,A309A? AB53 AB65?,http://sigla.phis.me/document/TY%202/index-word.html,sigla_word_seq_pattern | source=SigLA | ingested=2026-02-24T02:56:37Z
OBS_002574,external:sigla,external_csv,TY 2,word_8,2371,A309A? [?],,A309A? [?],A309A? [?],A309A? [?],http://sigla.phis.me/document/TY%202/index-word.html,sigla_word_seq_pattern | source=SigLA | ingested=2026-02-24T02:56:37Z
OBS_002575,external:sigla,external_csv,TY 2,word_9,2372,A309C AB53? AB01 [?] AB65?,,A309C AB53? AB01 [?] AB65?,A309C AB53? AB01 [?] AB65?,A309C AB53? AB01 [?] AB65?,http://sigla.phis.me/document/TY%202/index-word.html,sigla_word_seq_pattern | source=SigLA | ingested=2026-02-24T02:56:37Z
OBS_002576,external:youngerarchive,external_csv,TY 3,a.1_log,2373,OLE KI,,OLE KI,OLE KI,OLE KI,https://web.archive.org/web/20190416192926/http://www.people.ku.edu/~jyounger/LinearA/misctexts.html,younger_table_logogram | source=YoungerArchive | ingested=2026-02-24T02:56:37Z
OBS_002577,external:youngerarchive,external_csv,TY 3,a.1_log,2374,OLE U,,OLE U,OLE U,OLE U,https://web.archive.org/web/20190416192926/http://www.people.ku.edu/~jyounger/LinearA/misctexts.html,younger_table_logogram | source=YoungerArchive | ingested=2026-02-24T02:56:37Z
OBS_002578,external:youngerarchive,external_csv,TY 3,a.2_log,2375,OLE MI[,,OLE MI[,OLE MI[,OLE MI[,https://web.archive.org/web/20190416192926/http://www.people.ku.edu/~jyounger/LinearA/misctexts.html,younger_table_logogram | source=YoungerArchive | ingested=2026-02-24T02:56:37Z
OBS_002579,external:youngerarchive,external_csv,TY 3,a.2_log,2376,OLE OVISF,,OLE OVISF,OLE OVISF,OLE OVISF,https://web.archive.org/web/20190416192926/http://www.people.ku.edu/~jyounger/LinearA/misctexts.html,younger_table_logogram | source=YoungerArchive | ingested=2026-02-24T02:56:37Z
OBS_002580,external:youngerarchive,external_csv,TY 3,a.2_log,2377,OLE U,,OLE U,OLE U,OLE U,https://web.archive.org/web/20190416192926/http://www.people.ku.edu/~jyounger/LinearA/misctexts.html,younger_table_logogram | source=YoungerArchive | ingested=2026-02-24T02:56:37Z
OBS_002581,external:youngerarchive,external_csv,TY 3,a.3_log,2378,OLE KI,,OLE KI,OLE KI,OLE KI,https://web.archive.org/web/20190416192926/http://www.people.ku.edu/~jyounger/LinearA/misctexts.html,younger_table_logogram | source=YoungerArchive | ingested=2026-02-24T02:56:37Z
OBS_002582,external:youngerarchive,external_csv,TY 3,a.3_log,2379,OLE KI U,,OLE KI U,OLE KI U,OLE KI U,https://web.archive.org/web/20190416192926/http://www.people.ku.edu/~jyounger/LinearA/misctexts.html,younger_table_logogram | source=YoungerArchive | ingested=2026-02-24T02:56:37Z
OBS_002583,external:youngerarchive,external_csv,TY 3,a.4_log,2380,OLE KI ME,,OLE KI ME,OLE KI ME,OLE KI ME,https://web.archive.org/web/20190416192926/http://www.people.ku.edu/~jyounger/LinearA/misctexts.html,younger_table_logogram | source=YoungerArchive | ingested=2026-02-24T02:56:37Z
OBS_002584,external:youngerarchive,external_csv,TY 3,a.4_log,2381,OLE OVISF,,OLE OVISF,OLE OVISF,OLE OVISF,https://web.archive.org/web/20190416192926/http://www.people.ku.edu/~jyounger/LinearA/misctexts.html,younger_table_logogram | source=YoungerArchive | ingested=2026-02-24T02:56:37Z
OBS_002585,external:youngerarchive,external_csv,TY 3,a.4_log,2382,]OLIV[,,]OLIV[,]OLIV[,]OLIV[,https://web.archive.org/web/20190416192926/http://www.people.ku.edu/~jyounger/LinearA/misctexts.html,younger_table_logogram | source=YoungerArchive | ingested=2026-02-24T02:56:37Z
OBS_002586,external:youngerarchive,external_csv,TY 3,a.5_log,2383,OLE MI,,OLE MI,OLE MI,OLE MI,https://web.archive.org/web/20190416192926/http://www.people.ku.edu/~jyounger/LinearA/misctexts.html,younger_table_logogram | source=YoungerArchive | ingested=2026-02-24T02:56:37Z
OBS_002587,external:youngerarchive,external_csv,TY 3,a.5_log,2384,OLE U,,OLE U,OLE U,OLE U,https://web.archive.org/web/20190416192926/http://www.people.ku.edu/~jyounger/LinearA/misctexts.html,younger_table_logogram | source=YoungerArchive | ingested=2026-02-24T02:56:37Z
OBS_002588,external:youngerarchive,external_csv,TY 3,a.5_stmt,2385,A DA,,A DA,A DA,A DA,https://web.archive.org/web/20190416192926/http://www.people.ku.edu/~jyounger/LinearA/misctexts.html,younger_table_statement | source=YoungerArchive | ingested=2026-02-24T02:56:37Z
OBS_002589,external:youngerarchive,external_csv,TY 3,a.6_stmt,2386,]KO A DU WA,,]KO A DU WA,]KO A DU WA,]KO A DU WA,https://web.archive.org/web/20190416192926/http://www.people.ku.edu/~jyounger/LinearA/misctexts.html,younger_table_statement | source=YoungerArchive | ingested=2026-02-24T02:56:37Z
OBS_002590,external:youngerarchive,external_csv,TY 3,a.7_log,2387,OLE TU,,OLE TU,OLE TU,OLE TU,https://web.archive.org/web/20190416192926/http://www.people.ku.edu/~jyounger/LinearA/misctexts.html,younger_table_logogram | source=YoungerArchive | ingested=2026-02-24T02:56:37Z
OBS_002591,external:youngerarchive,external_csv,TY 3,a.7_stmt,2388,A KU TU,,A KU TU,A KU TU,A KU TU,https://web.archive.org/web/20190416192926/http://www.people.ku.edu/~jyounger/LinearA/misctexts.html,younger_table_statement | source=YoungerArchive | ingested=2026-02-24T02:56:37Z
OBS_002592,external:youngerarchive,external_csv,TY 3,b.1_log,2389,OLE MI,,OLE MI,OLE MI,OLE MI,https://web.archive.org/web/20190416192926/http://www.people.ku.edu/~jyounger/LinearA/misctexts.html,younger_table_logogram | source=YoungerArchive | ingested=2026-02-24T02:56:37Z
OBS_002593,external:youngerarchive,external_csv,TY 3,b.1_stmt,2390,KI RI SI,,KI RI SI,KI RI SI,KI RI SI,https://web.archive.org/web/20190416192926/http://www.people.ku.edu/~jyounger/LinearA/misctexts.html,younger_table_statement | source=YoungerArchive | ingested=2026-02-24T02:56:37Z
OBS_002594,external:youngerarchive,external_csv,TY 3,b.2_log,2391,OLE KI,,OLE KI,OLE KI,OLE KI,https://web.archive.org/web/20190416192926/http://www.people.ku.edu/~jyounger/LinearA/misctexts.html,younger_table_logogram | source=YoungerArchive | ingested=2026-02-24T02:56:37Z
OBS_002595,external:youngerarchive,external_csv,TY 3,b.2_log,2392,OLE MI,,OLE MI,OLE MI,OLE MI,https://web.archive.org/web/20190416192926/http://www.people.ku.edu/~jyounger/LinearA/misctexts.html,younger_table_logogram | source=YoungerArchive | ingested=2026-02-24T02:56:37Z
OBS_002596,external:youngerarchive,external_csv,TY 3,b.2_stmt,2393,PI KU ZU,,PI KU ZU,PI KU ZU,PI KU ZU,https://web.archive.org/web/20190416192926/http://www.people.ku.edu/~jyounger/LinearA/misctexts.html,younger_table_statement | source=YoungerArchive | ingested=2026-02-24T02:56:37Z
OBS_002597,external:youngerarchive,external_csv,TY 3,b.3_log,2394,]OLE NE,,]OLE NE,]OLE NE,]OLE NE,https://web.archive.org/web/20190416192926/http://www.people.ku.edu/~jyounger/LinearA/misctexts.html,younger_table_logogram | source=YoungerArchive | ingested=2026-02-24T02:56:37Z
OBS_002598,external:youngerarchive,external_csv,TY 3,b.4_log,2395,PA OLE MI[,,PA OLE MI[,PA OLE MI[,PA OLE MI[,https://web.archive.org/web/20190416192926/http://www.people.ku.edu/~jyounger/LinearA/misctexts.html,younger_table_logogram | source=YoungerArchive | ingested=2026-02-24T02:56:37Z
OBS_002599,external:youngerarchive,external_csv,TY 3,b.5-8_stmt,2396,DESUNT,,DESUNT,DESUNT,DESUNT,https://web.archive.org/web/20190416192926/http://www.people.ku.edu/~jyounger/LinearA/misctexts.html,younger_table_statement | source=YoungerArchive | ingested=2026-02-24T02:56:37Z
OBS_002600,external:sigla,external_csv,TY 3A,word_1,2397,AB17 A321,,AB17 A321,AB17 A321,AB17 A321,http://sigla.phis.me/document/TY%203a/index-word.html,sigla_word_seq_pattern | source=SigLA | ingested=2026-02-24T02:56:37Z
OBS_002601,external:sigla,external_csv,TY 3A,word_2,2398,AB08 AB51 [?] [?],,AB08 AB51 [?] [?],AB08 AB51 [?] [?],AB08 AB51 [?] [?],http://sigla.phis.me/document/TY%203a/index-word.html,sigla_word_seq_pattern | source=SigLA | ingested=2026-02-24T02:56:37Z
OBS_002602,external:sigla,external_csv,TY 3A,word_3,2399,AB08 AB01,,AB08 AB01,AB08 AB01,AB08 AB01,http://sigla.phis.me/document/TY%203a/index-word.html,sigla_word_seq_pattern | source=SigLA | ingested=2026-02-24T02:56:37Z
OBS_002603,external:sigla,external_csv,TY 3A,word_4,2400,AB70 AB08 AB51 AB54,,AB70 AB08 AB51 AB54,AB70 AB08 AB51 AB54,AB70 AB08 AB51 AB54,http://sigla.phis.me/document/TY%203a/index-word.html,sigla_word_seq_pattern | source=SigLA | ingested=2026-02-24T02:56:37Z
OBS_002604,external:sigla,external_csv,TY 3A,word_5,2401,AB08 AB81 AB69 A361,,AB08 AB81 AB69 A361,AB08 AB81 AB69 A361,AB08 AB81 AB69 A361,http://sigla.phis.me/document/TY%203a/index-word.html,sigla_word_seq_pattern | source=SigLA | ingested=2026-02-24T02:56:37Z
OBS_002605,external:sigla,external_csv,TY 3B,word_1,2402,AB67 AB53 AB41,,AB67 AB53 AB41,AB67 AB53 AB41,AB67 AB53 AB41,http://sigla.phis.me/document/TY%203b/index-word.html,sigla_word_seq_pattern | source=SigLA | ingested=2026-02-24T02:56:37Z
OBS_002606,external:sigla,external_csv,TY 3B,word_2,2403,AB39 AB81 AB79,,AB39 AB81 AB79,AB39 AB81 AB79,AB39 AB81 AB79,http://sigla.phis.me/document/TY%203b/index-word.html,sigla_word_seq_pattern | source=SigLA | ingested=2026-02-24T02:56:37Z
OBS_002607,external:sigla,external_csv,TY 3B,word_3,2404,AB03 AB73,,AB03 AB73,AB03 AB73,AB03 AB73,http://sigla.phis.me/document/TY%203b/index-word.html,sigla_word_seq_pattern | source=SigLA | ingested=2026-02-24T02:56:37Z
OBS_002608,external:youngerarchive,external_csv,ZA 1,a.1-2_log,2405,FIC,,FIC,FIC,FIC,https://web.archive.org/web/20190416192926/http://www.people.ku.edu/~jyounger/LinearA/misctexts.html,younger_table_logogram | source=YoungerArchive | ingested=2026-02-24T02:56:37Z
OBS_002609,external:youngerarchive,external_csv,ZA 1,a.1-2_stmt,2406,KI RE ZA,,KI RE ZA,KI RE ZA,KI RE ZA,https://web.archive.org/web/20190416192926/http://www.people.ku.edu/~jyounger/LinearA/misctexts.html,younger_table_statement | source=YoungerArchive | ingested=2026-02-24T02:56:37Z
OBS_002610,external:youngerarchive,external_csv,ZA 1,a.1_log,2407,I [?],,I [?],I [?],I [?],https://web.archive.org/web/20190416192926/http://www.people.ku.edu/~jyounger/LinearA/misctexts.html,younger_table_logogram | source=YoungerArchive | ingested=2026-02-24T02:56:37Z
OBS_002611,external:youngerarchive,external_csv,ZA 1,b.1-2_log,2408,GRA,,GRA,GRA,GRA,https://web.archive.org/web/20190416192926/http://www.people.ku.edu/~jyounger/LinearA/misctexts.html,younger_table_logogram | source=YoungerArchive | ingested=2026-02-24T02:56:37Z
OBS_002612,external:youngerarchive,external_csv,ZA 1,b.1_stmt,2409,E MI,,E MI,E MI,E MI,https://web.archive.org/web/20190416192926/http://www.people.ku.edu/~jyounger/LinearA/misctexts.html,younger_table_statement | source=YoungerArchive | ingested=2026-02-24T02:56:37Z
OBS_002613,external:youngerarchive,external_csv,ZA 10,a.1-2_stmt,2410,A KU MI NA,,A KU MI NA,A KU MI NA,A KU MI NA,https://web.archive.org/web/20190416192926/http://www.people.ku.edu/~jyounger/LinearA/misctexts.html,younger_table_statement | source=YoungerArchive | ingested=2026-02-24T02:56:37Z
OBS_002614,external:youngerarchive,external_csv,ZA 10,a.1_log,2411,PA [?],,PA [?],PA [?],PA [?],https://web.archive.org/web/20190416192926/http://www.people.ku.edu/~jyounger/LinearA/misctexts.html,younger_table_logogram | source=YoungerArchive | ingested=2026-02-24T02:56:37Z
OBS_002615,external:youngerarchive,external_csv,ZA 10,a.1_stmt,2412,TA NA TE,,TA NA TE,TA NA TE,TA NA TE,https://web.archive.org/web/20190416192926/http://www.people.ku.edu/~jyounger/LinearA/misctexts.html,younger_table_statement | source=YoungerArchive | ingested=2026-02-24T02:56:37Z
OBS_002616,external:youngerarchive,external_csv,ZA 10,a.2_stmt,2413,A TA NA TE,,A TA NA TE,A TA NA TE,A TA NA TE,https://web.archive.org/web/20190416192926/http://www.people.ku.edu/~jyounger/LinearA/misctexts.html,younger_table_statement | source=YoungerArchive | ingested=2026-02-24T02:56:37Z
OBS_002617,external:youngerarchive,external_csv,ZA 10,a.3-4_stmt,2414,A DU KU MI NA,,A DU KU MI NA,A DU KU MI NA,A DU KU MI NA,https://web.archive.org/web/20190416192926/http://www.people.ku.edu/~jyounger/LinearA/misctexts.html,younger_table_statement | source=YoungerArchive | ingested=2026-02-24T02:56:37Z
OBS_002618,external:youngerarchive,external_csv,ZA 10,a.3_stmt,2415,A MI DA U,,A MI DA U,A MI DA U,A MI DA U,https://web.archive.org/web/20190416192926/http://www.people.ku.edu/~jyounger/LinearA/misctexts.html,younger_table_statement | source=YoungerArchive | ingested=2026-02-24T02:56:37Z
OBS_002619,external:youngerarchive,external_csv,ZA 10,a.4-5_stmt,2416,DA I PI TA,,DA I PI TA,DA I PI TA,DA I PI TA,https://web.archive.org/web/20190416192926/http://www.people.ku.edu/~jyounger/LinearA/misctexts.html,younger_table_statement | source=YoungerArchive | ingested=2026-02-24T02:56:37Z
OBS_002620,external:youngerarchive,external_csv,ZA 10,a.5_stmt,2417,DU RE ZA SE,,DU RE ZA SE,DU RE ZA SE,DU RE ZA SE,https://web.archive.org/web/20190416192926/http://www.people.ku.edu/~jyounger/LinearA/misctexts.html,younger_table_statement | source=YoungerArchive | ingested=2026-02-24T02:56:37Z
OBS_002621,external:youngerarchive,external_csv,ZA 10,b.1-2_log,2418,VINB,,VINB,VINB,VINB,https://web.archive.org/web/20190416192926/http://www.people.ku.edu/~jyounger/LinearA/misctexts.html,younger_table_logogram | source=YoungerArchive | ingested=2026-02-24T02:56:37Z
OBS_002622,external:youngerarchive,external_csv,ZA 10,b.1-2_stmt,2419,DU RE ZA SE,,DU RE ZA SE,DU RE ZA SE,DU RE ZA SE,https://web.archive.org/web/20190416192926/http://www.people.ku.edu/~jyounger/LinearA/misctexts.html,younger_table_statement | source=YoungerArchive | ingested=2026-02-24T02:56:37Z
OBS_002623,external:youngerarchive,external_csv,ZA 10,b.2-3_stmt,2420,MA ZA,,MA ZA,MA ZA,MA ZA,https://web.archive.org/web/20190416192926/http://www.people.ku.edu/~jyounger/LinearA/misctexts.html,younger_table_statement | source=YoungerArchive | ingested=2026-02-24T02:56:37Z
OBS_002624,external:youngerarchive,external_csv,ZA 10,b.3-4_stmt,2421,SA MA,,SA MA,SA MA,SA MA,https://web.archive.org/web/20190416192926/http://www.people.ku.edu/~jyounger/LinearA/misctexts.html,younger_table_statement | source=YoungerArchive | ingested=2026-02-24T02:56:37Z
OBS_002625,external:youngerarchive,external_csv,ZA 10,b.3_stmt,2422,MA KI DE TE,,MA KI DE TE,MA KI DE TE,MA KI DE TE,https://web.archive.org/web/20190416192926/http://www.people.ku.edu/~jyounger/LinearA/misctexts.html,younger_table_statement | source=YoungerArchive | ingested=2026-02-24T02:56:37Z
OBS_002626,external:youngerarchive,external_csv,ZA 10,b.4-5_stmt,2423,A MI TA,,A MI TA,A MI TA,A MI TA,https://web.archive.org/web/20190416192926/http://www.people.ku.edu/~jyounger/LinearA/misctexts.html,younger_table_statement | source=YoungerArchive | ingested=2026-02-24T02:56:37Z
OBS_002627,external:youngerarchive,external_csv,ZA 10,b.4_stmt,2424,A DE,,A DE,A DE,A DE,https://web.archive.org/web/20190416192926/http://www.people.ku.edu/~jyounger/LinearA/misctexts.html,younger_table_statement | source=YoungerArchive | ingested=2026-02-24T02:56:37Z
OBS_002628,external:youngerarchive,external_csv,ZA 10,b.5-6_stmt,2425,PA JA RE,,PA JA RE,PA JA RE,PA JA RE,https://web.archive.org/web/20190416192926/http://www.people.ku.edu/~jyounger/LinearA/misctexts.html,younger_table_statement | source=YoungerArchive | ingested=2026-02-24T02:56:37Z
OBS_002629,external:youngerarchive,external_csv,ZA 10,b.5_stmt,2426,RA2 RO RE,,RA2 RO RE,RA2 RO RE,RA2 RO RE,https://web.archive.org/web/20190416192926/http://www.people.ku.edu/~jyounger/LinearA/misctexts.html,younger_table_statement | source=YoungerArchive | ingested=2026-02-24T02:56:37Z
OBS_002630,external:youngerarchive,external_csv,ZA 10,b.6_stmt,2427,KA KU NE TE,,KA KU NE TE,KA KU NE TE,KA KU NE TE,https://web.archive.org/web/20190416192926/http://www.people.ku.edu/~jyounger/LinearA/misctexts.html,younger_table_statement | source=YoungerArchive | ingested=2026-02-24T02:56:37Z
OBS_002631,external:sigla,external_csv,ZA 10A,word_1,2428,AB59 AB06 AB04,,AB59 AB06 AB04,AB59 AB06 AB04,AB59 AB06 AB04,http://sigla.phis.me/document/ZA%2010a/index-word.html,sigla_word_seq_pattern | source=SigLA | ingested=2026-02-24T02:56:37Z
OBS_002632,external:sigla,external_csv,ZA 10A,word_2,2429,AB08 AB81 AB73 AB06,,AB08 AB81 AB73 AB06,AB08 AB81 AB73 AB06,AB08 AB81 AB73 AB06,http://sigla.phis.me/document/ZA%2010a/index-word.html,sigla_word_seq_pattern | source=SigLA | ingested=2026-02-24T02:56:37Z
OBS_002633,external:sigla,external_csv,ZA 10A,word_3,2430,AB08 AB59 AB06 AB04,,AB08 AB59 AB06 AB04,AB08 AB59 AB06 AB04,AB08 AB59 AB06 AB04,http://sigla.phis.me/document/ZA%2010a/index-word.html,sigla_word_seq_pattern | source=SigLA | ingested=2026-02-24T02:56:37Z
OBS_002634,external:sigla,external_csv,ZA 10A,word_4,2431,AB08 AB73 AB01 AB10,,AB08 AB73 AB01 AB10,AB08 AB73 AB01 AB10,AB08 AB73 AB01 AB10,http://sigla.phis.me/document/ZA%2010a/index-word.html,sigla_word_seq_pattern | source=SigLA | ingested=2026-02-24T02:56:37Z
OBS_002635,external:sigla,external_csv,ZA 10A,word_5,2432,AB08 AB51 AB81 AB73 AB06,,AB08 AB51 AB81 AB73 AB06,AB08 AB51 AB81 AB73 AB06,AB08 AB51 AB81 AB73 AB06,http://sigla.phis.me/document/ZA%2010a/index-word.html,sigla_word_seq_pattern | source=SigLA | ingested=2026-02-24T02:56:37Z
OBS_002636,external:sigla,external_csv,ZA 10A,word_6,2433,AB01 AB28 AB39 AB59,,AB01 AB28 AB39 AB59,AB01 AB28 AB39 AB59,AB01 AB28 AB39 AB59,http://sigla.phis.me/document/ZA%2010a/index-word.html,sigla_word_seq_pattern | source=SigLA | ingested=2026-02-24T02:56:37Z
OBS_002637,external:sigla,external_csv,ZA 10A,word_7,2434,AB51 AB27 AB17 AB09,,AB51 AB27 AB17 AB09,AB51 AB27 AB17 AB09,AB51 AB27 AB17 AB09,http://sigla.phis.me/document/ZA%2010a/index-word.html,sigla_word_seq_pattern | source=SigLA | ingested=2026-02-24T02:56:37Z
OBS_002638,external:sigla,external_csv,ZA 10B,word_1,2435,AB54 A362,,AB54 A362,AB54 A362,AB54 A362,http://sigla.phis.me/document/ZA%2010b/index-word.html,sigla_word_seq_pattern | source=SigLA | ingested=2026-02-24T02:56:37Z
OBS_002639,external:sigla,external_csv,ZA 10B,word_10,2436,AB03 AB57 AB27,,AB03 AB57 AB27,AB03 AB57 AB27,AB03 AB57 AB27,http://sigla.phis.me/document/ZA%2010b/index-word.html,sigla_word_seq_pattern | source=SigLA | ingested=2026-02-24T02:56:37Z
OBS_002640,external:sigla,external_csv,ZA 10B,word_11,2437,AB77 AB81 AB24 AB04,,AB77 AB81 AB24 AB04,AB77 AB81 AB24 AB04,AB77 AB81 AB24 AB04,http://sigla.phis.me/document/ZA%2010b/index-word.html,sigla_word_seq_pattern | source=SigLA | ingested=2026-02-24T02:56:37Z
OBS_002641,external:sigla,external_csv,ZA 10B,word_2,2438,AB51 AB27 AB17 AB09,,AB51 AB27 AB17 AB09,AB51 AB27 AB17 AB09,AB51 AB27 AB17 AB09,http://sigla.phis.me/document/ZA%2010b/index-word.html,sigla_word_seq_pattern | source=SigLA | ingested=2026-02-24T02:56:37Z
OBS_002642,external:sigla,external_csv,ZA 10B,word_3,2439,AB10 AB49,,AB10 AB49,AB10 AB49,AB10 AB49,http://sigla.phis.me/document/ZA%2010b/index-word.html,sigla_word_seq_pattern | source=SigLA | ingested=2026-02-24T02:56:37Z
OBS_002643,external:sigla,external_csv,ZA 10B,word_4,2440,AB80 AB17,,AB80 AB17,AB80 AB17,AB80 AB17,http://sigla.phis.me/document/ZA%2010b/index-word.html,sigla_word_seq_pattern | source=SigLA | ingested=2026-02-24T02:56:37Z
OBS_002644,external:sigla,external_csv,ZA 10B,word_5,2441,AB80 AB67 AB45 AB04,,AB80 AB67 AB45 AB04,AB80 AB67 AB45 AB04,AB80 AB67 AB45 AB04,http://sigla.phis.me/document/ZA%2010b/index-word.html,sigla_word_seq_pattern | source=SigLA | ingested=2026-02-24T02:56:37Z
OBS_002645,external:sigla,external_csv,ZA 10B,word_6,2442,AB31 AB80,,AB31 AB80,AB31 AB80,AB31 AB80,http://sigla.phis.me/document/ZA%2010b/index-word.html,sigla_word_seq_pattern | source=SigLA | ingested=2026-02-24T02:56:37Z
OBS_002646,external:sigla,external_csv,ZA 10B,word_7,2443,AB08 AB45,,AB08 AB45,AB08 AB45,AB08 AB45,http://sigla.phis.me/document/ZA%2010b/index-word.html,sigla_word_seq_pattern | source=SigLA | ingested=2026-02-24T02:56:37Z
OBS_002647,external:sigla,external_csv,ZA 10B,word_8,2444,AB08 AB73 AB59,,AB08 AB73 AB59,AB08 AB73 AB59,AB08 AB73 AB59,http://sigla.phis.me/document/ZA%2010b/index-word.html,sigla_word_seq_pattern | source=SigLA | ingested=2026-02-24T02:56:37Z
OBS_002648,external:sigla,external_csv,ZA 10B,word_9,2445,AB76 AB02 AB27,,AB76 AB02 AB27,AB76 AB02 AB27,AB76 AB02 AB27,http://sigla.phis.me/document/ZA%2010b/index-word.html,sigla_word_seq_pattern | source=SigLA | ingested=2026-02-24T02:56:37Z
OBS_002649,external:youngerarchive,external_csv,ZA 11,a.1_log,2446,GRA PA[,,GRA PA[,GRA PA[,GRA PA[,https://web.archive.org/web/20190416192926/http://www.people.ku.edu/~jyounger/LinearA/misctexts.html,younger_table_logogram | source=YoungerArchive | ingested=2026-02-24T02:56:37Z
OBS_002650,external:youngerarchive,external_csv,ZA 11,a.1_log,2447,I [?],,I [?],I [?],I [?],https://web.archive.org/web/20190416192926/http://www.people.ku.edu/~jyounger/LinearA/misctexts.html,younger_table_logogram | source=YoungerArchive | ingested=2026-02-24T02:56:37Z
OBS_002651,external:youngerarchive,external_csv,ZA 11,a.1_stmt,2448,DI DI KO RA ME[ ]TA2,,DI DI KO RA ME[ ]TA2,DI DI KO RA ME[ ]TA2,DI DI KO RA ME[ ]TA2,https://web.archive.org/web/20190416192926/http://www.people.ku.edu/~jyounger/LinearA/misctexts.html,younger_table_statement | source=YoungerArchive | ingested=2026-02-24T02:56:37Z
OBS_002652,external:youngerarchive,external_csv,ZA 11,a.2-3_log,2449,VINA,,VINA,VINA,VINA,https://web.archive.org/web/20190416192926/http://www.people.ku.edu/~jyounger/LinearA/misctexts.html,younger_table_logogram | source=YoungerArchive | ingested=2026-02-24T02:56:37Z
OBS_002653,external:youngerarchive,external_csv,ZA 11,a.2-3_stmt,2450,RA MA SI,,RA MA SI,RA MA SI,RA MA SI,https://web.archive.org/web/20190416192926/http://www.people.ku.edu/~jyounger/LinearA/misctexts.html,younger_table_statement | source=YoungerArchive | ingested=2026-02-24T02:56:37Z
OBS_002654,external:youngerarchive,external_csv,ZA 11,a.3-4_stmt,2451,]E KU RU,,]E KU RU,]E KU RU,]E KU RU,https://web.archive.org/web/20190416192926/http://www.people.ku.edu/~jyounger/LinearA/misctexts.html,younger_table_statement | source=YoungerArchive | ingested=2026-02-24T02:56:37Z
OBS_002655,external:youngerarchive,external_csv,ZA 11,a.4_log,2452,QE GRA PA,,QE GRA PA,QE GRA PA,QE GRA PA,https://web.archive.org/web/20190416192926/http://www.people.ku.edu/~jyounger/LinearA/misctexts.html,younger_table_logogram | source=YoungerArchive | ingested=2026-02-24T02:56:37Z
OBS_002656,external:youngerarchive,external_csv,ZA 11,a.4_log,2453,VINA,,VINA,VINA,VINA,https://web.archive.org/web/20190416192926/http://www.people.ku.edu/~jyounger/LinearA/misctexts.html,younger_table_logogram | source=YoungerArchive | ingested=2026-02-24T02:56:37Z
OBS_002657,external:youngerarchive,external_csv,ZA 11,a.5_log,2454,GRA PA,,GRA PA,GRA PA,GRA PA,https://web.archive.org/web/20190416192926/http://www.people.ku.edu/~jyounger/LinearA/misctexts.html,younger_table_logogram | source=YoungerArchive | ingested=2026-02-24T02:56:37Z
OBS_002658,external:youngerarchive,external_csv,ZA 11,a.5_stmt,2455,KU PA,,KU PA,KU PA,KU PA,https://web.archive.org/web/20190416192926/http://www.people.ku.edu/~jyounger/LinearA/misctexts.html,younger_table_statement | source=YoungerArchive | ingested=2026-02-24T02:56:37Z
OBS_002659,external:youngerarchive,external_csv,ZA 11,a.5_stmt,2456,PI A[,,PI A[,PI A[,PI A[,https://web.archive.org/web/20190416192926/http://www.people.ku.edu/~jyounger/LinearA/misctexts.html,younger_table_statement | source=YoungerArchive | ingested=2026-02-24T02:56:37Z
OBS_002660,external:youngerarchive,external_csv,ZA 11,a.6_log,2457,]OLIV,,]OLIV,]OLIV,]OLIV,https://web.archive.org/web/20190416192926/http://www.people.ku.edu/~jyounger/LinearA/misctexts.html,younger_table_logogram | source=YoungerArchive | ingested=2026-02-24T02:56:37Z
OBS_002661,external:youngerarchive,external_csv,ZA 11,b.1_log,2458,GRA PA,,GRA PA,GRA PA,GRA PA,https://web.archive.org/web/20190416192926/http://www.people.ku.edu/~jyounger/LinearA/misctexts.html,younger_table_logogram | source=YoungerArchive | ingested=2026-02-24T02:56:37Z
OBS_002662,external:youngerarchive,external_csv,ZA 11,b.1_log,2459,I [?],,I [?],I [?],I [?],https://web.archive.org/web/20190416192926/http://www.people.ku.edu/~jyounger/LinearA/misctexts.html,younger_table_logogram | source=YoungerArchive | ingested=2026-02-24T02:56:37Z
OBS_002663,external:youngerarchive,external_csv,ZA 11,b.1_stmt,2460,E TO RI,,E TO RI,E TO RI,E TO RI,https://web.archive.org/web/20190416192926/http://www.people.ku.edu/~jyounger/LinearA/misctexts.html,younger_table_statement | source=YoungerArchive | ingested=2026-02-24T02:56:37Z
OBS_002664,external:youngerarchive,external_csv,ZA 11,b.1_stmt,2461,SA RI,,SA RI,SA RI,SA RI,https://web.archive.org/web/20190416192926/http://www.people.ku.edu/~jyounger/LinearA/misctexts.html,younger_table_statement | source=YoungerArchive | ingested=2026-02-24T02:56:37Z
OBS_002665,external:youngerarchive,external_csv,ZA 11,b.2a_log,2462,I OLIV,,I OLIV,I OLIV,I OLIV,https://web.archive.org/web/20190416192926/http://www.people.ku.edu/~jyounger/LinearA/misctexts.html,younger_table_logogram | source=YoungerArchive | ingested=2026-02-24T02:56:37Z
OBS_002666,external:youngerarchive,external_csv,ZA 11,b.2b_stmt,2463,]I DE[,,]I DE[,]I DE[,]I DE[,https://web.archive.org/web/20190416192926/http://www.people.ku.edu/~jyounger/LinearA/misctexts.html,younger_table_statement | source=YoungerArchive | ingested=2026-02-24T02:56:37Z
OBS_002667,external:youngerarchive,external_csv,ZA 11,b.3_log,2464,GRA PA,,GRA PA,GRA PA,GRA PA,https://web.archive.org/web/20190416192926/http://www.people.ku.edu/~jyounger/LinearA/misctexts.html,younger_table_logogram | source=YoungerArchive | ingested=2026-02-24T02:56:37Z
OBS_002668,external:youngerarchive,external_csv,ZA 11,b.3_stmt,2465,KU PA,,KU PA,KU PA,KU PA,https://web.archive.org/web/20190416192926/http://www.people.ku.edu/~jyounger/LinearA/misctexts.html,younger_table_statement | source=YoungerArchive | ingested=2026-02-24T02:56:37Z
OBS_002669,external:sigla,external_csv,ZA 11A,word_1,2466,AB07 AB07 AB70 AB60 AB13 AB66,,AB07 AB07 AB70 AB60 AB13 AB66,AB07 AB07 AB70 AB60 AB13 AB66,AB07 AB07 AB70 AB60 AB13 AB66,http://sigla.phis.me/document/ZA%2011a/index-word.html,sigla_word_seq_pattern | source=SigLA | ingested=2026-02-24T02:56:37Z
OBS_002670,external:sigla,external_csv,ZA 11A,word_2,2467,AB60 AB80 AB41,,AB60 AB80 AB41,AB60 AB80 AB41,AB60 AB80 AB41,http://sigla.phis.me/document/ZA%2011a/index-word.html,sigla_word_seq_pattern | source=SigLA | ingested=2026-02-24T02:56:37Z
OBS_002671,external:sigla,external_csv,ZA 11A,word_3,2468,AB38 AB81 AB26,,AB38 AB81 AB26,AB38 AB81 AB26,AB38 AB81 AB26,http://sigla.phis.me/document/ZA%2011a/index-word.html,sigla_word_seq_pattern | source=SigLA | ingested=2026-02-24T02:56:37Z
OBS_002672,external:sigla,external_csv,ZA 11A,word_4,2469,AB81 AB03,,AB81 AB03,AB81 AB03,AB81 AB03,http://sigla.phis.me/document/ZA%2011a/index-word.html,sigla_word_seq_pattern | source=SigLA | ingested=2026-02-24T02:56:37Z
OBS_002673,external:sigla,external_csv,ZA 11A,word_5,2470,AB39 A310 AB08,,AB39 A310 AB08,AB39 A310 AB08,AB39 A310 AB08,http://sigla.phis.me/document/ZA%2011a/index-word.html,sigla_word_seq_pattern | source=SigLA | ingested=2026-02-24T02:56:37Z
OBS_002674,external:sigla,external_csv,ZA 11B,word_1,2471,AB38 AB05 AB53,,AB38 AB05 AB53,AB38 AB05 AB53,AB38 AB05 AB53,http://sigla.phis.me/document/ZA%2011b/index-word.html,sigla_word_seq_pattern | source=SigLA | ingested=2026-02-24T02:56:37Z
OBS_002675,external:sigla,external_csv,ZA 11B,word_2,2472,AB31 A301 AB53,,AB31 A301 AB53,AB31 A301 AB53,AB31 A301 AB53,http://sigla.phis.me/document/ZA%2011b/index-word.html,sigla_word_seq_pattern | source=SigLA | ingested=2026-02-24T02:56:37Z
OBS_002676,external:sigla,external_csv,ZA 11B,word_3,2473,AB28 AB45,,AB28 AB45,AB28 AB45,AB28 AB45,http://sigla.phis.me/document/ZA%2011b/index-word.html,sigla_word_seq_pattern | source=SigLA | ingested=2026-02-24T02:56:37Z
OBS_002677,external:sigla,external_csv,ZA 11B,word_4,2474,AB81 AB03,,AB81 AB03,AB81 AB03,AB81 AB03,http://sigla.phis.me/document/ZA%2011b/index-word.html,sigla_word_seq_pattern | source=SigLA | ingested=2026-02-24T02:56:37Z
OBS_002678,external:youngerarchive,external_csv,ZA 12,a.1_log,2475,PA [?],,PA [?],PA [?],PA [?],https://web.archive.org/web/20190416192926/http://www.people.ku.edu/~jyounger/LinearA/misctexts.html,younger_table_logogram | source=YoungerArchive | ingested=2026-02-24T02:56:37Z
OBS_002679,external:youngerarchive,external_csv,ZA 12,b.1_log,2476,PA [?],,PA [?],PA [?],PA [?],https://web.archive.org/web/20190416192926/http://www.people.ku.edu/~jyounger/LinearA/misctexts.html,younger_table_logogram | source=YoungerArchive | ingested=2026-02-24T02:56:37Z
OBS_002680,external:sigla,external_csv,ZA 13,word_1,2477,[?] AB58 AB03,,[?] AB58 AB03,[?] AB58 AB03,[?] AB58 AB03,http://sigla.phis.me/document/ZA%2013/index-word.html,sigla_word_seq_pattern | source=SigLA | ingested=2026-02-24T02:56:37Z
OBS_002681,external:youngerarchive,external_csv,ZA 14,.1_stmt,2478,ME KI DI,,ME KI DI,ME KI DI,ME KI DI,https://web.archive.org/web/20190416192926/http://www.people.ku.edu/~jyounger/LinearA/misctexts.html,younger_table_statement | source=YoungerArchive | ingested=2026-02-24T02:56:37Z
OBS_002682,external:youngerarchive,external_csv,ZA 14,.2_stmt,2479,PU NI KA SO,,PU NI KA SO,PU NI KA SO,PU NI KA SO,https://web.archive.org/web/20190416192926/http://www.people.ku.edu/~jyounger/LinearA/misctexts.html,younger_table_statement | source=YoungerArchive | ingested=2026-02-24T02:56:37Z
OBS_002683,external:youngerarchive,external_csv,ZA 14,.2_stmt,2480,QA TI JU,,QA TI JU,QA TI JU,QA TI JU,https://web.archive.org/web/20190416192926/http://www.people.ku.edu/~jyounger/LinearA/misctexts.html,younger_table_statement | source=YoungerArchive | ingested=2026-02-24T02:56:37Z
OBS_002684,external:youngerarchive,external_csv,ZA 14,.3-4_stmt,2481,TU MI TI ZA SE,,TU MI TI ZA SE,TU MI TI ZA SE,TU MI TI ZA SE,https://web.archive.org/web/20190416192926/http://www.people.ku.edu/~jyounger/LinearA/misctexts.html,younger_table_statement | source=YoungerArchive | ingested=2026-02-24T02:56:37Z
OBS_002685,external:youngerarchive,external_csv,ZA 14,.3_stmt,2482,KU PI,,KU PI,KU PI,KU PI,https://web.archive.org/web/20190416192926/http://www.people.ku.edu/~jyounger/LinearA/misctexts.html,younger_table_statement | source=YoungerArchive | ingested=2026-02-24T02:56:37Z
OBS_002686,external:youngerarchive,external_csv,ZA 14,.4_stmt,2483,JA WI[,,JA WI[,JA WI[,JA WI[,https://web.archive.org/web/20190416192926/http://www.people.ku.edu/~jyounger/LinearA/misctexts.html,younger_table_statement | source=YoungerArchive | ingested=2026-02-24T02:56:37Z
OBS_002687,external:youngerarchive,external_csv,ZA 14,.4_stmt,2484,PA NU QE,,PA NU QE,PA NU QE,PA NU QE,https://web.archive.org/web/20190416192926/http://www.people.ku.edu/~jyounger/LinearA/misctexts.html,younger_table_statement | source=YoungerArchive | ingested=2026-02-24T02:56:37Z
OBS_002688,external:sigla,external_csv,ZA 14,word_1,2485,AB13 AB67 AB07,,AB13 AB67 AB07,AB13 AB67 AB07,AB13 AB67 AB07,http://sigla.phis.me/document/ZA%2014/index-word.html,sigla_word_seq_pattern | source=SigLA | ingested=2026-02-24T02:56:37Z
OBS_002689,external:sigla,external_csv,ZA 14,word_2,2486,AB21F AB118,,AB21F AB118,AB21F AB118,AB21F AB118,http://sigla.phis.me/document/ZA%2014/index-word.html,sigla_word_seq_pattern | source=SigLA | ingested=2026-02-24T02:56:37Z
OBS_002690,external:sigla,external_csv,ZA 14,word_3,2487,AB50 AB30 AB77 A363,,AB50 AB30 AB77 A363,AB50 AB30 AB77 A363,AB50 AB30 AB77 A363,http://sigla.phis.me/document/ZA%2014/index-word.html,sigla_word_seq_pattern | source=SigLA | ingested=2026-02-24T02:56:37Z
OBS_002691,external:sigla,external_csv,ZA 14,word_4,2488,AB16 AB37 AB65,,AB16 AB37 AB65,AB16 AB37 AB65,AB16 AB37 AB65,http://sigla.phis.me/document/ZA%2014/index-word.html,sigla_word_seq_pattern | source=SigLA | ingested=2026-02-24T02:56:37Z
OBS_002692,external:sigla,external_csv,ZA 14,word_5,2489,AB81 AB39,,AB81 AB39,AB81 AB39,AB81 AB39,http://sigla.phis.me/document/ZA%2014/index-word.html,sigla_word_seq_pattern | source=SigLA | ingested=2026-02-24T02:56:37Z
OBS_002693,external:sigla,external_csv,ZA 14,word_6,2490,AB69 AB73 AB37 AB17 AB09,,AB69 AB73 AB37 AB17 AB09,AB69 AB73 AB37 AB17 AB09,AB69 AB73 AB37 AB17 AB09,http://sigla.phis.me/document/ZA%2014/index-word.html,sigla_word_seq_pattern | source=SigLA | ingested=2026-02-24T02:56:37Z
OBS_002694,external:sigla,external_csv,ZA 14,word_7,2491,AB03 AB55 AB78,,AB03 AB55 AB78,AB03 AB55 AB78,AB03 AB55 AB78,http://sigla.phis.me/document/ZA%2014/index-word.html,sigla_word_seq_pattern | source=SigLA | ingested=2026-02-24T02:56:37Z
OBS_002695,external:sigla,external_csv,ZA 14,word_8,2492,AB57 AB40,,AB57 AB40,AB57 AB40,AB57 AB40,http://sigla.phis.me/document/ZA%2014/index-word.html,sigla_word_seq_pattern | source=SigLA | ingested=2026-02-24T02:56:37Z
OBS_002696,external:youngerarchive,external_csv,ZA 15,a.1_log,2493,SA VINA,,SA VINA,SA VINA,SA VINA,https://web.archive.org/web/20190416192926/http://www.people.ku.edu/~jyounger/LinearA/misctexts.html,younger_table_logogram | source=YoungerArchive | ingested=2026-02-24T02:56:37Z
OBS_002697,external:youngerarchive,external_csv,ZA 15,a.1_stmt,2494,KU NA,,KU NA,KU NA,KU NA,https://web.archive.org/web/20190416192926/http://www.people.ku.edu/~jyounger/LinearA/misctexts.html,younger_table_statement | source=YoungerArchive | ingested=2026-02-24T02:56:37Z
OBS_002698,external:youngerarchive,external_csv,ZA 15,a.2_stmt,2495,QE SI ZU E,,QE SI ZU E,QE SI ZU E,QE SI ZU E,https://web.archive.org/web/20190416192926/http://www.people.ku.edu/~jyounger/LinearA/misctexts.html,younger_table_statement | source=YoungerArchive | ingested=2026-02-24T02:56:37Z
OBS_002699,external:youngerarchive,external_csv,ZA 15,a.3_log,2496,ME VINA,,ME VINA,ME VINA,ME VINA,https://web.archive.org/web/20190416192926/http://www.people.ku.edu/~jyounger/LinearA/misctexts.html,younger_table_logogram | source=YoungerArchive | ingested=2026-02-24T02:56:37Z
OBS_002700,external:youngerarchive,external_csv,ZA 15,a.3_stmt,2497,I TI NI SA,,I TI NI SA,I TI NI SA,I TI NI SA,https://web.archive.org/web/20190416192926/http://www.people.ku.edu/~jyounger/LinearA/misctexts.html,younger_table_statement | source=YoungerArchive | ingested=2026-02-24T02:56:37Z
OBS_002701,external:youngerarchive,external_csv,ZA 15,a.4-5_stmt,2498,IB NU MA RE,,IB NU MA RE,IB NU MA RE,IB NU MA RE,https://web.archive.org/web/20190416192926/http://www.people.ku.edu/~jyounger/LinearA/misctexts.html,younger_table_statement | source=YoungerArchive | ingested=2026-02-24T02:56:37Z
OBS_002702,external:youngerarchive,external_csv,ZA 15,a.4_stmt,2499,MI ZA SE,,MI ZA SE,MI ZA SE,MI ZA SE,https://web.archive.org/web/20190416192926/http://www.people.ku.edu/~jyounger/LinearA/misctexts.html,younger_table_statement | source=YoungerArchive | ingested=2026-02-24T02:56:37Z
OBS_002703,external:youngerarchive,external_csv,ZA 15,a.5_stmt,2500,SI PI KI,,SI PI KI,SI PI KI,SI PI KI,https://web.archive.org/web/20190416192926/http://www.people.ku.edu/~jyounger/LinearA/misctexts.html,younger_table_statement | source=YoungerArchive | ingested=2026-02-24T02:56:37Z
OBS_002704,external:youngerarchive,external_csv,ZA 15,a.6-7_stmt,2501,SA MI DA E,,SA MI DA E,SA MI DA E,SA MI DA E,https://web.archive.org/web/20190416192926/http://www.people.ku.edu/~jyounger/LinearA/misctexts.html,younger_table_statement | source=YoungerArchive | ingested=2026-02-24T02:56:37Z
OBS_002705,external:youngerarchive,external_csv,ZA 15,a.6_stmt,2502,JA SA MU,,JA SA MU,JA SA MU,JA SA MU,https://web.archive.org/web/20190416192926/http://www.people.ku.edu/~jyounger/LinearA/misctexts.html,younger_table_statement | source=YoungerArchive | ingested=2026-02-24T02:56:37Z
OBS_002706,external:youngerarchive,external_csv,ZA 15,a.7_stmt,2503,SO KE MA SE,,SO KE MA SE,SO KE MA SE,SO KE MA SE,https://web.archive.org/web/20190416192926/http://www.people.ku.edu/~jyounger/LinearA/misctexts.html,younger_table_statement | source=YoungerArchive | ingested=2026-02-24T02:56:37Z
OBS_002707,external:youngerarchive,external_csv,ZA 15,b.1_log,2504,VINA,,VINA,VINA,VINA,https://web.archive.org/web/20190416192926/http://www.people.ku.edu/~jyounger/LinearA/misctexts.html,younger_table_logogram | source=YoungerArchive | ingested=2026-02-24T02:56:37Z
OBS_002708,external:youngerarchive,external_csv,ZA 15,b.1_stmt,2505,KA DI,,KA DI,KA DI,KA DI,https://web.archive.org/web/20190416192926/http://www.people.ku.edu/~jyounger/LinearA/misctexts.html,younger_table_statement | source=YoungerArchive | ingested=2026-02-24T02:56:37Z
OBS_002709,external:youngerarchive,external_csv,ZA 15,b.2_log,2506,VINA,,VINA,VINA,VINA,https://web.archive.org/web/20190416192926/http://www.people.ku.edu/~jyounger/LinearA/misctexts.html,younger_table_logogram | source=YoungerArchive | ingested=2026-02-24T02:56:37Z
OBS_002710,external:youngerarchive,external_csv,ZA 15,b.2_stmt,2507,KU RO,,KU RO,KU RO,KU RO,https://web.archive.org/web/20190416192926/http://www.people.ku.edu/~jyounger/LinearA/misctexts.html,younger_table_statement | source=YoungerArchive | ingested=2026-02-24T02:56:37Z
OBS_002711,external:youngerarchive,external_csv,ZA 15,b.3_log,2508,VINA RA,,VINA RA,VINA RA,VINA RA,https://web.archive.org/web/20190416192926/http://www.people.ku.edu/~jyounger/LinearA/misctexts.html,younger_table_logogram | source=YoungerArchive | ingested=2026-02-24T02:56:37Z
OBS_002712,external:sigla,external_csv,ZA 15A,word_1,2509,AB47 AB81 AB06,,AB47 AB81 AB06,AB47 AB81 AB06,AB47 AB81 AB06,http://sigla.phis.me/document/ZA%2015a/index-word.html,sigla_word_seq_pattern | source=SigLA | ingested=2026-02-24T02:56:37Z
OBS_002713,external:sigla,external_csv,ZA 15A,word_2,2510,AB78 AB41 AB79 AB38,,AB78 AB41 AB79 AB38,AB78 AB41 AB79 AB38,AB78 AB41 AB79 AB38,http://sigla.phis.me/document/ZA%2015a/index-word.html,sigla_word_seq_pattern | source=SigLA | ingested=2026-02-24T02:56:37Z
OBS_002714,external:sigla,external_csv,ZA 15A,word_3,2511,AB28 AB37 AB30 AB31,,AB28 AB37 AB30 AB31,AB28 AB37 AB30 AB31,AB28 AB37 AB30 AB31,http://sigla.phis.me/document/ZA%2015a/index-word.html,sigla_word_seq_pattern | source=SigLA | ingested=2026-02-24T02:56:37Z
OBS_002715,external:sigla,external_csv,ZA 15A,word_4,2512,AB73 AB17 AB09,,AB73 AB17 AB09,AB73 AB17 AB09,AB73 AB17 AB09,http://sigla.phis.me/document/ZA%2015a/index-word.html,sigla_word_seq_pattern | source=SigLA | ingested=2026-02-24T02:56:37Z
OBS_002716,external:sigla,external_csv,ZA 15A,word_5,2513,AB28B AB55 AB80 AB27,,AB28B AB55 AB80 AB27,AB28B AB55 AB80 AB27,AB28B AB55 AB80 AB27,http://sigla.phis.me/document/ZA%2015a/index-word.html,sigla_word_seq_pattern | source=SigLA | ingested=2026-02-24T02:56:37Z
OBS_002717,external:sigla,external_csv,ZA 15A,word_6,2514,AB41 [?] AB67,,AB41 [?] AB67,AB41 [?] AB67,AB41 [?] AB67,http://sigla.phis.me/document/ZA%2015a/index-word.html,sigla_word_seq_pattern | source=SigLA | ingested=2026-02-24T02:56:37Z
OBS_002718,external:sigla,external_csv,ZA 15A,word_7,2515,AB57 AB31 AB23,,AB57 AB31 AB23,AB57 AB31 AB23,AB57 AB31 AB23,http://sigla.phis.me/document/ZA%2015a/index-word.html,sigla_word_seq_pattern | source=SigLA | ingested=2026-02-24T02:56:37Z
OBS_002719,external:sigla,external_csv,ZA 15A,word_8,2516,AB73 AB01 AB38,,AB73 AB01 AB38,AB73 AB01 AB38,AB73 AB01 AB38,http://sigla.phis.me/document/ZA%2015a/index-word.html,sigla_word_seq_pattern | source=SigLA | ingested=2026-02-24T02:56:37Z
OBS_002720,external:sigla,external_csv,ZA 15A,word_9,2517,A364 AB44 AB80 AB09,,A364 AB44 AB80 AB09,A364 AB44 AB80 AB09,A364 AB44 AB80 AB09,http://sigla.phis.me/document/ZA%2015a/index-word.html,sigla_word_seq_pattern | source=SigLA | ingested=2026-02-24T02:56:37Z
OBS_002721,external:sigla,external_csv,ZA 15B,word_1,2518,AB77 AB07,,AB77 AB07,AB77 AB07,AB77 AB07,http://sigla.phis.me/document/ZA%2015b/index-word.html,sigla_word_seq_pattern | source=SigLA | ingested=2026-02-24T02:56:37Z
OBS_002722,external:sigla,external_csv,ZA 15B,word_2,2519,AB81 AB02,,AB81 AB02,AB81 AB02,AB81 AB02,http://sigla.phis.me/document/ZA%2015b/index-word.html,sigla_word_seq_pattern | source=SigLA | ingested=2026-02-24T02:56:37Z
OBS_002723,external:youngerarchive,external_csv,ZA 16,.6-9_stmt,2520,DESUNT,,DESUNT,DESUNT,DESUNT,https://web.archive.org/web/20190416192926/http://www.people.ku.edu/~jyounger/LinearA/misctexts.html,younger_table_statement | source=YoungerArchive | ingested=2026-02-24T02:56:37Z
OBS_002724,external:sigla,external_csv,ZA 16,word_1,2521,[?] AB41,,[?] AB41,[?] AB41,[?] AB41,http://sigla.phis.me/document/ZA%2016/index-word.html,sigla_word_seq_pattern | source=SigLA | ingested=2026-02-24T02:56:37Z
OBS_002725,external:youngerarchive,external_csv,ZA 18,a.1_log,2522,GRA PA,,GRA PA,GRA PA,GRA PA,https://web.archive.org/web/20190416192926/http://www.people.ku.edu/~jyounger/LinearA/misctexts.html,younger_table_logogram | source=YoungerArchive | ingested=2026-02-24T02:56:37Z
OBS_002726,external:youngerarchive,external_csv,ZA 18,a.1_stmt,2523,DA RE KU[,,DA RE KU[,DA RE KU[,DA RE KU[,https://web.archive.org/web/20190416192926/http://www.people.ku.edu/~jyounger/LinearA/misctexts.html,younger_table_statement | source=YoungerArchive | ingested=2026-02-24T02:56:37Z
OBS_002727,external:youngerarchive,external_csv,ZA 18,a.2_log,2524,OLE KI,,OLE KI,OLE KI,OLE KI,https://web.archive.org/web/20190416192926/http://www.people.ku.edu/~jyounger/LinearA/misctexts.html,younger_table_logogram | source=YoungerArchive | ingested=2026-02-24T02:56:37Z
OBS_002728,external:youngerarchive,external_csv,ZA 18,a.2_log,2525,OLIV,,OLIV,OLIV,OLIV,https://web.archive.org/web/20190416192926/http://www.people.ku.edu/~jyounger/LinearA/misctexts.html,younger_table_logogram | source=YoungerArchive | ingested=2026-02-24T02:56:37Z
OBS_002729,external:sigla,external_csv,ZA 18A,word_1,2526,AB01 AB27 AB81,,AB01 AB27 AB81,AB01 AB27 AB81,AB01 AB27 AB81,http://sigla.phis.me/document/ZA%2018a/index-word.html,sigla_word_seq_pattern | source=SigLA | ingested=2026-02-24T02:56:37Z
OBS_002730,external:sigla,external_csv,ZA 18A,word_2,2527,AB81 A321,,AB81 A321,AB81 A321,AB81 A321,http://sigla.phis.me/document/ZA%2018a/index-word.html,sigla_word_seq_pattern | source=SigLA | ingested=2026-02-24T02:56:37Z
OBS_002731,external:youngerarchive,external_csv,ZA 19,table1_row3_stmt,2528,]RA TE,,]RA TE,]RA TE,]RA TE,https://web.archive.org/web/20190416192926/http://www.people.ku.edu/~jyounger/LinearA/misctexts.html,younger_table_statement | source=YoungerArchive | ingested=2026-02-24T02:56:37Z
OBS_002732,external:sigla,external_csv,ZA 19,word_1,2529,AB60 AB04 [?],,AB60 AB04 [?],AB60 AB04 [?],AB60 AB04 [?],http://sigla.phis.me/document/ZA%2019/index-word.html,sigla_word_seq_pattern | source=SigLA | ingested=2026-02-24T02:56:37Z
OBS_002733,external:sigla,external_csv,ZA 1A,word_1,2530,AB67 AB27 AB17,,AB67 AB27 AB17,AB67 AB27 AB17,AB67 AB27 AB17,http://sigla.phis.me/document/ZA%201a/index-word.html,sigla_word_seq_pattern | source=SigLA | ingested=2026-02-24T02:56:37Z
OBS_002734,external:sigla,external_csv,ZA 1B,word_1,2531,AB38 AB73 [?],,AB38 AB73 [?],AB38 AB73 [?],AB38 AB73 [?],http://sigla.phis.me/document/ZA%201b/index-word.html,sigla_word_seq_pattern | source=SigLA | ingested=2026-02-24T02:56:37Z
OBS_002735,external:sigla,external_csv,ZA 1B,word_2,2532,AB02,,AB02,AB02,AB02,http://sigla.phis.me/document/ZA%201b/index-word.html,sigla_word_seq_pattern | source=SigLA | ingested=2026-02-24T02:56:37Z
OBS_002736,external:youngerarchive,external_csv,ZA 20,.1-2_stmt,2533,]DU RE ZA SE,,]DU RE ZA SE,]DU RE ZA SE,]DU RE ZA SE,https://web.archive.org/web/20190416192926/http://www.people.ku.edu/~jyounger/LinearA/misctexts.html,younger_table_statement | source=YoungerArchive | ingested=2026-02-24T02:56:37Z
OBS_002737,external:youngerarchive,external_csv,ZA 20,.2_stmt,2534,SI TE TU,,SI TE TU,SI TE TU,SI TE TU,https://web.archive.org/web/20190416192926/http://www.people.ku.edu/~jyounger/LinearA/misctexts.html,younger_table_statement | source=YoungerArchive | ingested=2026-02-24T02:56:37Z
OBS_002738,external:youngerarchive,external_csv,ZA 20,.3_stmt,2535,RU MA TA SE,,RU MA TA SE,RU MA TA SE,RU MA TA SE,https://web.archive.org/web/20190416192926/http://www.people.ku.edu/~jyounger/LinearA/misctexts.html,younger_table_statement | source=YoungerArchive | ingested=2026-02-24T02:56:37Z
OBS_002739,external:youngerarchive,external_csv,ZA 20,.3_stmt,2536,SI TU,,SI TU,SI TU,SI TU,https://web.archive.org/web/20190416192926/http://www.people.ku.edu/~jyounger/LinearA/misctexts.html,younger_table_statement | source=YoungerArchive | ingested=2026-02-24T02:56:37Z
OBS_002740,external:youngerarchive,external_csv,ZA 20,.4_stmt,2537,KU RA,,KU RA,KU RA,KU RA,https://web.archive.org/web/20190416192926/http://www.people.ku.edu/~jyounger/LinearA/misctexts.html,younger_table_statement | source=YoungerArchive | ingested=2026-02-24T02:56:37Z
OBS_002741,external:sigla,external_csv,ZA 20,word_2,2538,AB51 AB27 AB17 AB09,,AB51 AB27 AB17 AB09,AB51 AB27 AB17 AB09,AB51 AB27 AB17 AB09,http://sigla.phis.me/document/ZA%2020/index-word.html,sigla_word_seq_pattern | source=SigLA | ingested=2026-02-24T02:56:37Z
OBS_002742,external:sigla,external_csv,ZA 20,word_3,2539,AB73 [?] [?],,AB73 [?] [?],AB73 [?] [?],AB73 [?] [?],http://sigla.phis.me/document/ZA%2020/index-word.html,sigla_word_seq_pattern | source=SigLA | ingested=2026-02-24T02:56:37Z
OBS_002743,external:sigla,external_csv,ZA 20,word_4,2540,AB41 AB04 AB69,,AB41 AB04 AB69,AB41 AB04 AB69,AB41 AB04 AB69,http://sigla.phis.me/document/ZA%2020/index-word.html,sigla_word_seq_pattern | source=SigLA | ingested=2026-02-24T02:56:37Z
OBS_002744,external:sigla,external_csv,ZA 20,word_5,2541,AB41 AB69,,AB41 AB69,AB41 AB69,AB41 AB69,http://sigla.phis.me/document/ZA%2020/index-word.html,sigla_word_seq_pattern | source=SigLA | ingested=2026-02-24T02:56:37Z
OBS_002745,external:sigla,external_csv,ZA 20,word_6,2542,AB04 AB123,,AB04 AB123,AB04 AB123,AB04 AB123,http://sigla.phis.me/document/ZA%2020/index-word.html,sigla_word_seq_pattern | source=SigLA | ingested=2026-02-24T02:56:37Z
OBS_002746,external:sigla,external_csv,ZA 20,word_7,2543,AB26 AB80 AB59 AB09,,AB26 AB80 AB59 AB09,AB26 AB80 AB59 AB09,AB26 AB80 AB59 AB09,http://sigla.phis.me/document/ZA%2020/index-word.html,sigla_word_seq_pattern | source=SigLA | ingested=2026-02-24T02:56:37Z
OBS_002747,external:sigla,external_csv,ZA 20,word_8,2544,AB81 AB60,,AB81 AB60,AB81 AB60,AB81 AB60,http://sigla.phis.me/document/ZA%2020/index-word.html,sigla_word_seq_pattern | source=SigLA | ingested=2026-02-24T02:56:37Z
OBS_002748,external:youngerarchive,external_csv,ZA 21,a.2_stmt,2545,]PI MU,,]PI MU,]PI MU,]PI MU,https://web.archive.org/web/20190416192926/http://www.people.ku.edu/~jyounger/LinearA/misctexts.html,younger_table_statement | source=YoungerArchive | ingested=2026-02-24T02:56:37Z
OBS_002749,external:youngerarchive,external_csv,ZA 21,a.4_stmt,2546,TA KE,,TA KE,TA KE,TA KE,https://web.archive.org/web/20190416192926/http://www.people.ku.edu/~jyounger/LinearA/misctexts.html,younger_table_statement | source=YoungerArchive | ingested=2026-02-24T02:56:37Z
OBS_002750,external:youngerarchive,external_csv,ZA 21,a.6_log,2547,]PA [?],,]PA [?],]PA [?],]PA [?],https://web.archive.org/web/20190416192926/http://www.people.ku.edu/~jyounger/LinearA/misctexts.html,younger_table_logogram | source=YoungerArchive | ingested=2026-02-24T02:56:37Z
OBS_002751,external:youngerarchive,external_csv,ZA 21,a.6_stmt,2548,TA MA PI,,TA MA PI,TA MA PI,TA MA PI,https://web.archive.org/web/20190416192926/http://www.people.ku.edu/~jyounger/LinearA/misctexts.html,younger_table_statement | source=YoungerArchive | ingested=2026-02-24T02:56:37Z
OBS_002752,external:youngerarchive,external_csv,ZA 21,b.1_stmt,2549,I DA[,,I DA[,I DA[,I DA[,https://web.archive.org/web/20190416192926/http://www.people.ku.edu/~jyounger/LinearA/misctexts.html,younger_table_statement | source=YoungerArchive | ingested=2026-02-24T02:56:37Z
OBS_002753,external:youngerarchive,external_csv,ZA 21,b.3_stmt,2550,SA RI,,SA RI,SA RI,SA RI,https://web.archive.org/web/20190416192926/http://www.people.ku.edu/~jyounger/LinearA/misctexts.html,younger_table_statement | source=YoungerArchive | ingested=2026-02-24T02:56:37Z
OBS_002754,external:sigla,external_csv,ZA 21A,word_1,2551,[?] AB13,,[?] AB13,[?] AB13,[?] AB13,http://sigla.phis.me/document/ZA%2021a/index-word.html,sigla_word_seq_pattern | source=SigLA | ingested=2026-02-24T02:56:37Z
OBS_002755,external:sigla,external_csv,ZA 21A,word_2,2552,AB39 AB23,,AB39 AB23,AB39 AB23,AB39 AB23,http://sigla.phis.me/document/ZA%2021a/index-word.html,sigla_word_seq_pattern | source=SigLA | ingested=2026-02-24T02:56:37Z
OBS_002756,external:sigla,external_csv,ZA 21A,word_3,2553,AB80,,AB80,AB80,AB80,http://sigla.phis.me/document/ZA%2021a/index-word.html,sigla_word_seq_pattern | source=SigLA | ingested=2026-02-24T02:56:37Z
OBS_002757,external:sigla,external_csv,ZA 21A,word_4,2554,AB04,,AB04,AB04,AB04,http://sigla.phis.me/document/ZA%2021a/index-word.html,sigla_word_seq_pattern | source=SigLA | ingested=2026-02-24T02:56:37Z
OBS_002758,external:sigla,external_csv,ZA 21A,word_5,2555,AB59 AB44,,AB59 AB44,AB59 AB44,AB59 AB44,http://sigla.phis.me/document/ZA%2021a/index-word.html,sigla_word_seq_pattern | source=SigLA | ingested=2026-02-24T02:56:37Z
OBS_002759,external:sigla,external_csv,ZA 21A,word_6,2556,AB03,,AB03,AB03,AB03,http://sigla.phis.me/document/ZA%2021a/index-word.html,sigla_word_seq_pattern | source=SigLA | ingested=2026-02-24T02:56:37Z
OBS_002760,external:sigla,external_csv,ZA 21A,word_7,2557,AB59 AB80 AB39,,AB59 AB80 AB39,AB59 AB80 AB39,AB59 AB80 AB39,http://sigla.phis.me/document/ZA%2021a/index-word.html,sigla_word_seq_pattern | source=SigLA | ingested=2026-02-24T02:56:37Z
OBS_002761,external:sigla,external_csv,ZA 21A,word_8,2558,AB08,,AB08,AB08,AB08,http://sigla.phis.me/document/ZA%2021a/index-word.html,sigla_word_seq_pattern | source=SigLA | ingested=2026-02-24T02:56:37Z
OBS_002762,external:sigla,external_csv,ZA 21A,word_9,2559,AB118 AB73,,AB118 AB73,AB118 AB73,AB118 AB73,http://sigla.phis.me/document/ZA%2021a/index-word.html,sigla_word_seq_pattern | source=SigLA | ingested=2026-02-24T02:56:37Z
OBS_002763,external:sigla,external_csv,ZA 21B,word_1,2560,AB28 AB01,,AB28 AB01,AB28 AB01,AB28 AB01,http://sigla.phis.me/document/ZA%2021b/index-word.html,sigla_word_seq_pattern | source=SigLA | ingested=2026-02-24T02:56:37Z
OBS_002764,external:sigla,external_csv,ZA 21B,word_2,2561,AB67,,AB67,AB67,AB67,http://sigla.phis.me/document/ZA%2021b/index-word.html,sigla_word_seq_pattern | source=SigLA | ingested=2026-02-24T02:56:37Z
OBS_002765,external:sigla,external_csv,ZA 21B,word_3,2562,AB31 AB53,,AB31 AB53,AB31 AB53,AB31 AB53,http://sigla.phis.me/document/ZA%2021b/index-word.html,sigla_word_seq_pattern | source=SigLA | ingested=2026-02-24T02:56:37Z
OBS_002766,external:sigla,external_csv,ZA 21B,word_6,2563,AB13,,AB13,AB13,AB13,http://sigla.phis.me/document/ZA%2021b/index-word.html,sigla_word_seq_pattern | source=SigLA | ingested=2026-02-24T02:56:37Z
OBS_002767,external:youngerarchive,external_csv,ZA 22,.1_log,2564,]OVISF[,,]OVISF[,]OVISF[,]OVISF[,https://web.archive.org/web/20190416192926/http://www.people.ku.edu/~jyounger/LinearA/misctexts.html,younger_table_logogram | source=YoungerArchive | ingested=2026-02-24T02:56:37Z
OBS_002768,external:youngerarchive,external_csv,ZA 22,.2_log,2565,OVISM,,OVISM,OVISM,OVISM,https://web.archive.org/web/20190416192926/http://www.people.ku.edu/~jyounger/LinearA/misctexts.html,younger_table_logogram | source=YoungerArchive | ingested=2026-02-24T02:56:37Z
OBS_002769,external:youngerarchive,external_csv,ZA 22,.3_log,2566,OVISF,,OVISF,OVISF,OVISF,https://web.archive.org/web/20190416192926/http://www.people.ku.edu/~jyounger/LinearA/misctexts.html,younger_table_logogram | source=YoungerArchive | ingested=2026-02-24T02:56:37Z
OBS_002770,external:youngerarchive,external_csv,ZA 22,.4_stmt,2567,DU JU,,DU JU,DU JU,DU JU,https://web.archive.org/web/20190416192926/http://www.people.ku.edu/~jyounger/LinearA/misctexts.html,younger_table_statement | source=YoungerArchive | ingested=2026-02-24T02:56:37Z
OBS_002771,external:youngerarchive,external_csv,ZA 22,.5_log,2568,OVISF,,OVISF,OVISF,OVISF,https://web.archive.org/web/20190416192926/http://www.people.ku.edu/~jyounger/LinearA/misctexts.html,younger_table_logogram | source=YoungerArchive | ingested=2026-02-24T02:56:37Z
OBS_002772,external:sigla,external_csv,ZA 22,word_1,2569,AB60,,AB60,AB60,AB60,http://sigla.phis.me/document/ZA%2022/index-word.html,sigla_word_seq_pattern | source=SigLA | ingested=2026-02-24T02:56:37Z
OBS_002773,external:sigla,external_csv,ZA 22,word_2,2570,AB51 AB65,,AB51 AB65,AB51 AB65,AB51 AB65,http://sigla.phis.me/document/ZA%2022/index-word.html,sigla_word_seq_pattern | source=SigLA | ingested=2026-02-24T02:56:37Z
OBS_002774,external:youngerarchive,external_csv,ZA 23,.1_stmt,2571,]TE TE,,]TE TE,]TE TE,]TE TE,https://web.archive.org/web/20190416192926/http://www.people.ku.edu/~jyounger/LinearA/misctexts.html,younger_table_statement | source=YoungerArchive | ingested=2026-02-24T02:56:37Z
OBS_002775,external:youngerarchive,external_csv,ZA 23,.2_stmt,2572,]MI RE[,,]MI RE[,]MI RE[,]MI RE[,https://web.archive.org/web/20190416192926/http://www.people.ku.edu/~jyounger/LinearA/misctexts.html,younger_table_statement | source=YoungerArchive | ingested=2026-02-24T02:56:37Z
OBS_002776,external:sigla,external_csv,ZA 23,word_1,2573,AB04 AB04,,AB04 AB04,AB04 AB04,AB04 AB04,http://sigla.phis.me/document/ZA%2023/index-word.html,sigla_word_seq_pattern | source=SigLA | ingested=2026-02-24T02:56:37Z
OBS_002777,external:sigla,external_csv,ZA 23,word_2,2574,AB73 AB27,,AB73 AB27,AB73 AB27,AB73 AB27,http://sigla.phis.me/document/ZA%2023/index-word.html,sigla_word_seq_pattern | source=SigLA | ingested=2026-02-24T02:56:37Z
OBS_002778,external:youngerarchive,external_csv,ZA 24,a.1_stmt,2575,I DA,,I DA,I DA,I DA,https://web.archive.org/web/20190416192926/http://www.people.ku.edu/~jyounger/LinearA/misctexts.html,younger_table_statement | source=YoungerArchive | ingested=2026-02-24T02:56:37Z
OBS_002779,external:sigla,external_csv,ZA 24A,word_1,2576,AB28 AB01,,AB28 AB01,AB28 AB01,AB28 AB01,http://sigla.phis.me/document/ZA%2024a/index-word.html,sigla_word_seq_pattern | source=SigLA | ingested=2026-02-24T02:56:37Z
OBS_002780,external:sigla,external_csv,ZA 24B,word_1,2577,AB59,,AB59,AB59,AB59,http://sigla.phis.me/document/ZA%2024b/index-word.html,sigla_word_seq_pattern | source=SigLA | ingested=2026-02-24T02:56:37Z
OBS_002781,external:youngerarchive,external_csv,ZA 26,a.1_stmt,2578,SI TE DI DI,,SI TE DI DI,SI TE DI DI,SI TE DI DI,https://web.archive.org/web/20190416192926/http://www.people.ku.edu/~jyounger/LinearA/misctexts.html,younger_table_statement | source=YoungerArchive | ingested=2026-02-24T02:56:37Z
OBS_002782,external:youngerarchive,external_csv,ZA 26,a.2_log,2579,]OVISF,,]OVISF,]OVISF,]OVISF,https://web.archive.org/web/20190416192926/http://www.people.ku.edu/~jyounger/LinearA/misctexts.html,younger_table_logogram | source=YoungerArchive | ingested=2026-02-24T02:56:37Z
OBS_002783,external:youngerarchive,external_csv,ZA 26,a.2_stmt,2580,JA KI[,,JA KI[,JA KI[,JA KI[,https://web.archive.org/web/20190416192926/http://www.people.ku.edu/~jyounger/LinearA/misctexts.html,younger_table_statement | source=YoungerArchive | ingested=2026-02-24T02:56:37Z
OBS_002784,external:youngerarchive,external_csv,ZA 26,b.1_log,2581,]OVISF,,]OVISF,]OVISF,]OVISF,https://web.archive.org/web/20190416192926/http://www.people.ku.edu/~jyounger/LinearA/misctexts.html,younger_table_logogram | source=YoungerArchive | ingested=2026-02-24T02:56:37Z
OBS_002785,external:sigla,external_csv,ZA 26A,word_1,2582,AB41 AB04,,AB41 AB04,AB41 AB04,AB41 AB04,http://sigla.phis.me/document/ZA%2026a/index-word.html,sigla_word_seq_pattern | source=SigLA | ingested=2026-02-24T02:56:37Z
OBS_002786,external:sigla,external_csv,ZA 26A,word_2,2583,AB07 AB07,,AB07 AB07,AB07 AB07,AB07 AB07,http://sigla.phis.me/document/ZA%2026a/index-word.html,sigla_word_seq_pattern | source=SigLA | ingested=2026-02-24T02:56:37Z
OBS_002787,external:sigla,external_csv,ZA 26A,word_3,2584,AB57 AB67,,AB57 AB67,AB57 AB67,AB57 AB67,http://sigla.phis.me/document/ZA%2026a/index-word.html,sigla_word_seq_pattern | source=SigLA | ingested=2026-02-24T02:56:37Z
OBS_002788,external:youngerarchive,external_csv,ZA 27,.2_stmt,2585,O MI[,,O MI[,O MI[,O MI[,https://web.archive.org/web/20190416192926/http://www.people.ku.edu/~jyounger/LinearA/misctexts.html,younger_table_statement | source=YoungerArchive | ingested=2026-02-24T02:56:37Z
OBS_002789,external:youngerarchive,external_csv,ZA 27,.2_stmt,2586,]DI KI,,]DI KI,]DI KI,]DI KI,https://web.archive.org/web/20190416192926/http://www.people.ku.edu/~jyounger/LinearA/misctexts.html,younger_table_statement | source=YoungerArchive | ingested=2026-02-24T02:56:37Z
OBS_002790,external:sigla,external_csv,ZA 27,word_1,2587,AB07 AB67,,AB07 AB67,AB07 AB67,AB07 AB67,http://sigla.phis.me/document/ZA%2027/index-word.html,sigla_word_seq_pattern | source=SigLA | ingested=2026-02-24T02:56:37Z
OBS_002791,external:sigla,external_csv,ZA 27,word_2,2588,AB61 AB73,,AB61 AB73,AB61 AB73,AB61 AB73,http://sigla.phis.me/document/ZA%2027/index-word.html,sigla_word_seq_pattern | source=SigLA | ingested=2026-02-24T02:56:37Z
OBS_002792,external:youngerarchive,external_csv,ZA 28,table1_row3_log,2589,GRA PA,,GRA PA,GRA PA,GRA PA,https://web.archive.org/web/20190416192926/http://www.people.ku.edu/~jyounger/LinearA/misctexts.html,younger_table_logogram | source=YoungerArchive | ingested=2026-02-24T02:56:37Z
OBS_002793,external:sigla,external_csv,ZA 29,word_1,2590,AB80,,AB80,AB80,AB80,http://sigla.phis.me/document/ZA%2029/index-word.html,sigla_word_seq_pattern | source=SigLA | ingested=2026-02-24T02:56:37Z
OBS_002794,external:sigla,external_csv,ZA 29,word_2,2591,AB04,,AB04,AB04,AB04,http://sigla.phis.me/document/ZA%2029/index-word.html,sigla_word_seq_pattern | source=SigLA | ingested=2026-02-24T02:56:37Z
OBS_002795,external:sigla,external_csv,ZA 31,word_1,2592,AB51?,,AB51?,AB51?,AB51?,http://sigla.phis.me/document/ZA%2031/index-word.html,sigla_word_seq_pattern | source=SigLA | ingested=2026-02-24T02:56:37Z
OBS_002796,external:sigla,external_csv,ZA 32,word_1,2593,AB57?,,AB57?,AB57?,AB57?,http://sigla.phis.me/document/ZA%2032/index-word.html,sigla_word_seq_pattern | source=SigLA | ingested=2026-02-24T02:56:37Z
OBS_002797,external:youngerarchive,external_csv,ZA 4,a.2-3_stmt,2594,JA TO JA[,,JA TO JA[,JA TO JA[,JA TO JA[,https://web.archive.org/web/20190416192926/http://www.people.ku.edu/~jyounger/LinearA/misctexts.html,younger_table_statement | source=YoungerArchive | ingested=2026-02-24T02:56:37Z
OBS_002798,external:youngerarchive,external_csv,ZA 4,a.3-4_stmt,2595,JA PA,,JA PA,JA PA,JA PA,https://web.archive.org/web/20190416192926/http://www.people.ku.edu/~jyounger/LinearA/misctexts.html,younger_table_statement | source=YoungerArchive | ingested=2026-02-24T02:56:37Z
OBS_002799,external:youngerarchive,external_csv,ZA 4,a.3_stmt,2596,A TI RU,,A TI RU,A TI RU,A TI RU,https://web.archive.org/web/20190416192926/http://www.people.ku.edu/~jyounger/LinearA/misctexts.html,younger_table_statement | source=YoungerArchive | ingested=2026-02-24T02:56:37Z
OBS_002800,external:youngerarchive,external_csv,ZA 4,a.4_stmt,2597,TU ME SE,,TU ME SE,TU ME SE,TU ME SE,https://web.archive.org/web/20190416192926/http://www.people.ku.edu/~jyounger/LinearA/misctexts.html,younger_table_statement | source=YoungerArchive | ingested=2026-02-24T02:56:37Z
OBS_002801,external:youngerarchive,external_csv,ZA 4,a.5-6_stmt,2598,IB NU MA RE,,IB NU MA RE,IB NU MA RE,IB NU MA RE,https://web.archive.org/web/20190416192926/http://www.people.ku.edu/~jyounger/LinearA/misctexts.html,younger_table_statement | source=YoungerArchive | ingested=2026-02-24T02:56:37Z
OBS_002802,external:youngerarchive,external_csv,ZA 4,a.5_stmt,2599,QE SI ZU E,,QE SI ZU E,QE SI ZU E,QE SI ZU E,https://web.archive.org/web/20190416192926/http://www.people.ku.edu/~jyounger/LinearA/misctexts.html,younger_table_statement | source=YoungerArchive | ingested=2026-02-24T02:56:37Z
OBS_002803,external:youngerarchive,external_csv,ZA 4,a.6-7_stmt,2600,SI PI KI,,SI PI KI,SI PI KI,SI PI KI,https://web.archive.org/web/20190416192926/http://www.people.ku.edu/~jyounger/LinearA/misctexts.html,younger_table_statement | source=YoungerArchive | ingested=2026-02-24T02:56:37Z
OBS_002804,external:youngerarchive,external_csv,ZA 4,a.8_stmt,2601,KA DI,,KA DI,KA DI,KA DI,https://web.archive.org/web/20190416192926/http://www.people.ku.edu/~jyounger/LinearA/misctexts.html,younger_table_statement | source=YoungerArchive | ingested=2026-02-24T02:56:37Z
OBS_002805,external:sigla,external_csv,ZA 4A,word_1,2602,AB39 [?] AB09,,AB39 [?] AB09,AB39 [?] AB09,AB39 [?] AB09,http://sigla.phis.me/document/ZA%204a/index-word.html,sigla_word_seq_pattern | source=SigLA | ingested=2026-02-24T02:56:37Z
OBS_002806,external:sigla,external_csv,ZA 4A,word_10,2603,AB77 AB07,,AB77 AB07,AB77 AB07,AB77 AB07,http://sigla.phis.me/document/ZA%204a/index-word.html,sigla_word_seq_pattern | source=SigLA | ingested=2026-02-24T02:56:37Z
OBS_002807,external:sigla,external_csv,ZA 4A,word_2,2604,AB57 AB05 AB57,,AB57 AB05 AB57,AB57 AB05 AB57,AB57 AB05 AB57,http://sigla.phis.me/document/ZA%204a/index-word.html,sigla_word_seq_pattern | source=SigLA | ingested=2026-02-24T02:56:37Z
OBS_002808,external:sigla,external_csv,ZA 4A,word_3,2605,AB08 AB37 AB26,,AB08 AB37 AB26,AB08 AB37 AB26,AB08 AB37 AB26,http://sigla.phis.me/document/ZA%204a/index-word.html,sigla_word_seq_pattern | source=SigLA | ingested=2026-02-24T02:56:37Z
OBS_002809,external:sigla,external_csv,ZA 4A,word_4,2606,AB57 AB03,,AB57 AB03,AB57 AB03,AB57 AB03,http://sigla.phis.me/document/ZA%204a/index-word.html,sigla_word_seq_pattern | source=SigLA | ingested=2026-02-24T02:56:37Z
OBS_002810,external:sigla,external_csv,ZA 4A,word_5,2607,AB69 AB13 AB09,,AB69 AB13 AB09,AB69 AB13 AB09,AB69 AB13 AB09,http://sigla.phis.me/document/ZA%204a/index-word.html,sigla_word_seq_pattern | source=SigLA | ingested=2026-02-24T02:56:37Z
OBS_002811,external:sigla,external_csv,ZA 4A,word_6,2608,AB78 AB41 AB79 AB38,,AB78 AB41 AB79 AB38,AB78 AB41 AB79 AB38,AB78 AB41 AB79 AB38,http://sigla.phis.me/document/ZA%204a/index-word.html,sigla_word_seq_pattern | source=SigLA | ingested=2026-02-24T02:56:37Z
OBS_002812,external:sigla,external_csv,ZA 4A,word_7,2609,AB28B AB55 AB80 AB27,,AB28B AB55 AB80 AB27,AB28B AB55 AB80 AB27,AB28B AB55 AB80 AB27,http://sigla.phis.me/document/ZA%204a/index-word.html,sigla_word_seq_pattern | source=SigLA | ingested=2026-02-24T02:56:37Z
OBS_002813,external:sigla,external_csv,ZA 4A,word_8,2610,AB41 AB39 AB67,,AB41 AB39 AB67,AB41 AB39 AB67,AB41 AB39 AB67,http://sigla.phis.me/document/ZA%204a/index-word.html,sigla_word_seq_pattern | source=SigLA | ingested=2026-02-24T02:56:37Z
OBS_002814,external:sigla,external_csv,ZA 4A,word_9,2611,AB38 AB82,,AB38 AB82,AB38 AB82,AB38 AB82,http://sigla.phis.me/document/ZA%204a/index-word.html,sigla_word_seq_pattern | source=SigLA | ingested=2026-02-24T02:56:37Z
OBS_002815,external:youngerarchive,external_csv,ZA 5,a.1-2_stmt,2612,KI NI MA,,KI NI MA,KI NI MA,KI NI MA,https://web.archive.org/web/20190416192926/http://www.people.ku.edu/~jyounger/LinearA/misctexts.html,younger_table_statement | source=YoungerArchive | ingested=2026-02-24T02:56:37Z
OBS_002816,external:youngerarchive,external_csv,ZA 5,a.1_log,2613,VINA SU,,VINA SU,VINA SU,VINA SU,https://web.archive.org/web/20190416192926/http://www.people.ku.edu/~jyounger/LinearA/misctexts.html,younger_table_logogram | source=YoungerArchive | ingested=2026-02-24T02:56:37Z
OBS_002817,external:youngerarchive,external_csv,ZA 5,a.2-3_stmt,2614,O TA NI ZA SE,,O TA NI ZA SE,O TA NI ZA SE,O TA NI ZA SE,https://web.archive.org/web/20190416192926/http://www.people.ku.edu/~jyounger/LinearA/misctexts.html,younger_table_statement | source=YoungerArchive | ingested=2026-02-24T02:56:37Z
OBS_002818,external:youngerarchive,external_csv,ZA 5,a.3_stmt,2615,SA MI DA E[,,SA MI DA E[,SA MI DA E[,SA MI DA E[,https://web.archive.org/web/20190416192926/http://www.people.ku.edu/~jyounger/LinearA/misctexts.html,younger_table_statement | source=YoungerArchive | ingested=2026-02-24T02:56:37Z
OBS_002819,external:youngerarchive,external_csv,ZA 5,a.5-6_stmt,2616,DESUNT,,DESUNT,DESUNT,DESUNT,https://web.archive.org/web/20190416192926/http://www.people.ku.edu/~jyounger/LinearA/misctexts.html,younger_table_statement | source=YoungerArchive | ingested=2026-02-24T02:56:37Z
OBS_002820,external:youngerarchive,external_csv,ZA 5,b.1_stmt,2617,IB NU MA RE,,IB NU MA RE,IB NU MA RE,IB NU MA RE,https://web.archive.org/web/20190416192926/http://www.people.ku.edu/~jyounger/LinearA/misctexts.html,younger_table_statement | source=YoungerArchive | ingested=2026-02-24T02:56:37Z
OBS_002821,external:youngerarchive,external_csv,ZA 5,b.2-3_stmt,2618,MA KA I TA,,MA KA I TA,MA KA I TA,MA KA I TA,https://web.archive.org/web/20190416192926/http://www.people.ku.edu/~jyounger/LinearA/misctexts.html,younger_table_statement | source=YoungerArchive | ingested=2026-02-24T02:56:37Z
OBS_002822,external:youngerarchive,external_csv,ZA 5,b.2_stmt,2619,SI PI KI,,SI PI KI,SI PI KI,SI PI KI,https://web.archive.org/web/20190416192926/http://www.people.ku.edu/~jyounger/LinearA/misctexts.html,younger_table_statement | source=YoungerArchive | ingested=2026-02-24T02:56:37Z
OBS_002823,external:sigla,external_csv,ZA 5A,word_1,2620,AB21F AB118,,AB21F AB118,AB21F AB118,AB21F AB118,http://sigla.phis.me/document/ZA%205a/index-word.html,sigla_word_seq_pattern | source=SigLA | ingested=2026-02-24T02:56:37Z
OBS_002824,external:sigla,external_csv,ZA 5A,word_2,2621,AB67 AB30 AB80,,AB67 AB30 AB80,AB67 AB30 AB80,AB67 AB30 AB80,http://sigla.phis.me/document/ZA%205a/index-word.html,sigla_word_seq_pattern | source=SigLA | ingested=2026-02-24T02:56:37Z
OBS_002825,external:sigla,external_csv,ZA 5A,word_3,2622,AB61 AB59 AB30 AB17 AB09,,AB61 AB59 AB30 AB17 AB09,AB61 AB59 AB30 AB17 AB09,AB61 AB59 AB30 AB17 AB09,http://sigla.phis.me/document/ZA%205a/index-word.html,sigla_word_seq_pattern | source=SigLA | ingested=2026-02-24T02:56:37Z
OBS_002826,external:sigla,external_csv,ZA 5A,word_4,2623,AB31 AB73 AB01 AB38,,AB31 AB73 AB01 AB38,AB31 AB73 AB01 AB38,AB31 AB73 AB01 AB38,http://sigla.phis.me/document/ZA%205a/index-word.html,sigla_word_seq_pattern | source=SigLA | ingested=2026-02-24T02:56:37Z
OBS_002827,external:sigla,external_csv,ZA 5B,word_1,2624,AB28B AB55 AB80 AB27,,AB28B AB55 AB80 AB27,AB28B AB55 AB80 AB27,AB28B AB55 AB80 AB27,http://sigla.phis.me/document/ZA%205b/index-word.html,sigla_word_seq_pattern | source=SigLA | ingested=2026-02-24T02:56:37Z
OBS_002828,external:sigla,external_csv,ZA 5B,word_2,2625,AB41 AB39 AB67,,AB41 AB39 AB67,AB41 AB39 AB67,AB41 AB39 AB67,http://sigla.phis.me/document/ZA%205b/index-word.html,sigla_word_seq_pattern | source=SigLA | ingested=2026-02-24T02:56:37Z
OBS_002829,external:sigla,external_csv,ZA 5B,word_3,2626,AB80 AB77 AB28 AB59,,AB80 AB77 AB28 AB59,AB80 AB77 AB28 AB59,AB80 AB77 AB28 AB59,http://sigla.phis.me/document/ZA%205b/index-word.html,sigla_word_seq_pattern | source=SigLA | ingested=2026-02-24T02:56:37Z
OBS_002830,external:youngerarchive,external_csv,ZA 6,a.1-2_stmt,2627,JU TE MI[,,JU TE MI[,JU TE MI[,JU TE MI[,https://web.archive.org/web/20190416192926/http://www.people.ku.edu/~jyounger/LinearA/misctexts.html,younger_table_statement | source=YoungerArchive | ingested=2026-02-24T02:56:37Z
OBS_002831,external:youngerarchive,external_csv,ZA 6,a.1_stmt,2628,WA NA,,WA NA,WA NA,WA NA,https://web.archive.org/web/20190416192926/http://www.people.ku.edu/~jyounger/LinearA/misctexts.html,younger_table_statement | source=YoungerArchive | ingested=2026-02-24T02:56:37Z
OBS_002832,external:youngerarchive,external_csv,ZA 6,a.3-4_log,2629,]OLIV,,]OLIV,]OLIV,]OLIV,https://web.archive.org/web/20190416192926/http://www.people.ku.edu/~jyounger/LinearA/misctexts.html,younger_table_logogram | source=YoungerArchive | ingested=2026-02-24T02:56:37Z
OBS_002833,external:youngerarchive,external_csv,ZA 6,a.3_stmt,2630,I SE,,I SE,I SE,I SE,https://web.archive.org/web/20190416192926/http://www.people.ku.edu/~jyounger/LinearA/misctexts.html,younger_table_statement | source=YoungerArchive | ingested=2026-02-24T02:56:37Z
OBS_002834,external:youngerarchive,external_csv,ZA 6,a.4_log,2631,]OLIV,,]OLIV,]OLIV,]OLIV,https://web.archive.org/web/20190416192926/http://www.people.ku.edu/~jyounger/LinearA/misctexts.html,younger_table_logogram | source=YoungerArchive | ingested=2026-02-24T02:56:37Z
OBS_002835,external:youngerarchive,external_csv,ZA 6,a.6_log,2632,GRA PA,,GRA PA,GRA PA,GRA PA,https://web.archive.org/web/20190416192926/http://www.people.ku.edu/~jyounger/LinearA/misctexts.html,younger_table_logogram | source=YoungerArchive | ingested=2026-02-24T02:56:37Z
OBS_002836,external:youngerarchive,external_csv,ZA 6,a.6_stmt,2633,]PU2 RA2,,]PU2 RA2,]PU2 RA2,]PU2 RA2,https://web.archive.org/web/20190416192926/http://www.people.ku.edu/~jyounger/LinearA/misctexts.html,younger_table_statement | source=YoungerArchive | ingested=2026-02-24T02:56:37Z
OBS_002837,external:youngerarchive,external_csv,ZA 6,a.7_log,2634,OLIV[,,OLIV[,OLIV[,OLIV[,https://web.archive.org/web/20190416192926/http://www.people.ku.edu/~jyounger/LinearA/misctexts.html,younger_table_logogram | source=YoungerArchive | ingested=2026-02-24T02:56:37Z
OBS_002838,external:youngerarchive,external_csv,ZA 6,a.9-10_stmt,2635,I SE,,I SE,I SE,I SE,https://web.archive.org/web/20190416192926/http://www.people.ku.edu/~jyounger/LinearA/misctexts.html,younger_table_statement | source=YoungerArchive | ingested=2026-02-24T02:56:37Z
OBS_002839,external:youngerarchive,external_csv,ZA 6,b.1_log,2636,GRA PA,,GRA PA,GRA PA,GRA PA,https://web.archive.org/web/20190416192926/http://www.people.ku.edu/~jyounger/LinearA/misctexts.html,younger_table_logogram | source=YoungerArchive | ingested=2026-02-24T02:56:37Z
OBS_002840,external:youngerarchive,external_csv,ZA 6,b.1_stmt,2637,I KU JU TI IB,,I KU JU TI IB,I KU JU TI IB,I KU JU TI IB,https://web.archive.org/web/20190416192926/http://www.people.ku.edu/~jyounger/LinearA/misctexts.html,younger_table_statement | source=YoungerArchive | ingested=2026-02-24T02:56:37Z
OBS_002841,external:youngerarchive,external_csv,ZA 6,b.2-3_log,2638,GRA PA,,GRA PA,GRA PA,GRA PA,https://web.archive.org/web/20190416192926/http://www.people.ku.edu/~jyounger/LinearA/misctexts.html,younger_table_logogram | source=YoungerArchive | ingested=2026-02-24T02:56:37Z
OBS_002842,external:youngerarchive,external_csv,ZA 6,b.2_log,2639,VINA KA,,VINA KA,VINA KA,VINA KA,https://web.archive.org/web/20190416192926/http://www.people.ku.edu/~jyounger/LinearA/misctexts.html,younger_table_logogram | source=YoungerArchive | ingested=2026-02-24T02:56:37Z
OBS_002843,external:youngerarchive,external_csv,ZA 6,b.2_log,2640,VINA RA,,VINA RA,VINA RA,VINA RA,https://web.archive.org/web/20190416192926/http://www.people.ku.edu/~jyounger/LinearA/misctexts.html,younger_table_logogram | source=YoungerArchive | ingested=2026-02-24T02:56:37Z
OBS_002844,external:youngerarchive,external_csv,ZA 6,b.4_stmt,2641,PA ZA,,PA ZA,PA ZA,PA ZA,https://web.archive.org/web/20190416192926/http://www.people.ku.edu/~jyounger/LinearA/misctexts.html,younger_table_statement | source=YoungerArchive | ingested=2026-02-24T02:56:37Z
OBS_002845,external:youngerarchive,external_csv,ZA 6,b.5_stmt,2642,]I MA[,,]I MA[,]I MA[,]I MA[,https://web.archive.org/web/20190416192926/http://www.people.ku.edu/~jyounger/LinearA/misctexts.html,younger_table_statement | source=YoungerArchive | ingested=2026-02-24T02:56:37Z
OBS_002846,external:sigla,external_csv,ZA 6A,word_1,2643,A305 AB54 AB06,,A305 AB54 AB06,A305 AB54 AB06,A305 AB54 AB06,http://sigla.phis.me/document/ZA%206a/index-word.html,sigla_word_seq_pattern | source=SigLA | ingested=2026-02-24T02:56:37Z
OBS_002847,external:sigla,external_csv,ZA 6A,word_2,2644,AB34 AB65 AB04 AB73,,AB34 AB65 AB04 AB73,AB34 AB65 AB04 AB73,AB34 AB65 AB04 AB73,http://sigla.phis.me/document/ZA%206a/index-word.html,sigla_word_seq_pattern | source=SigLA | ingested=2026-02-24T02:56:37Z
OBS_002848,external:sigla,external_csv,ZA 6A,word_3,2645,AB28 AB09,,AB28 AB09,AB28 AB09,AB28 AB09,http://sigla.phis.me/document/ZA%206a/index-word.html,sigla_word_seq_pattern | source=SigLA | ingested=2026-02-24T02:56:37Z
OBS_002849,external:sigla,external_csv,ZA 6A,word_4,2646,AB28,,AB28,AB28,AB28,http://sigla.phis.me/document/ZA%206a/index-word.html,sigla_word_seq_pattern | source=SigLA | ingested=2026-02-24T02:56:37Z
OBS_002850,external:sigla,external_csv,ZA 6A,word_5,2647,AB29 AB76,,AB29 AB76,AB29 AB76,AB29 AB76,http://sigla.phis.me/document/ZA%206a/index-word.html,sigla_word_seq_pattern | source=SigLA | ingested=2026-02-24T02:56:37Z
OBS_002851,external:sigla,external_csv,ZA 6A,word_6,2648,AB28 AB09,,AB28 AB09,AB28 AB09,AB28 AB09,http://sigla.phis.me/document/ZA%206a/index-word.html,sigla_word_seq_pattern | source=SigLA | ingested=2026-02-24T02:56:37Z
OBS_002852,external:sigla,external_csv,ZA 6B,word_1,2649,AB28 AB81 AB65 AB37 AB28B,,AB28 AB81 AB65 AB37 AB28B,AB28 AB81 AB65 AB37 AB28B,AB28 AB81 AB65 AB37 AB28B,http://sigla.phis.me/document/ZA%206b/index-word.html,sigla_word_seq_pattern | source=SigLA | ingested=2026-02-24T02:56:37Z
OBS_002853,external:sigla,external_csv,ZA 6B,word_2,2650,A312 AB66,,A312 AB66,A312 AB66,A312 AB66,http://sigla.phis.me/document/ZA%206b/index-word.html,sigla_word_seq_pattern | source=SigLA | ingested=2026-02-24T02:56:37Z
OBS_002854,external:sigla,external_csv,ZA 6B,word_3,2651,AB03 AB17,,AB03 AB17,AB03 AB17,AB03 AB17,http://sigla.phis.me/document/ZA%206b/index-word.html,sigla_word_seq_pattern | source=SigLA | ingested=2026-02-24T02:56:37Z
OBS_002855,external:sigla,external_csv,ZA 6B,word_4,2652,AB28 AB80,,AB28 AB80,AB28 AB80,AB28 AB80,http://sigla.phis.me/document/ZA%206b/index-word.html,sigla_word_seq_pattern | source=SigLA | ingested=2026-02-24T02:56:37Z
OBS_002856,external:youngerarchive,external_csv,ZA 7,a.1-2_stmt,2653,A RA TU,,A RA TU,A RA TU,A RA TU,https://web.archive.org/web/20190416192926/http://www.people.ku.edu/~jyounger/LinearA/misctexts.html,younger_table_statement | source=YoungerArchive | ingested=2026-02-24T02:56:37Z
OBS_002857,external:youngerarchive,external_csv,ZA 7,a.1_stmt,2654,U JU,,U JU,U JU,U JU,https://web.archive.org/web/20190416192926/http://www.people.ku.edu/~jyounger/LinearA/misctexts.html,younger_table_statement | source=YoungerArchive | ingested=2026-02-24T02:56:37Z
OBS_002858,external:youngerarchive,external_csv,ZA 7,a.2-3_stmt,2655,A RE TU MI[,,A RE TU MI[,A RE TU MI[,A RE TU MI[,https://web.archive.org/web/20190416192926/http://www.people.ku.edu/~jyounger/LinearA/misctexts.html,younger_table_statement | source=YoungerArchive | ingested=2026-02-24T02:56:37Z
OBS_002859,external:youngerarchive,external_csv,ZA 7,a.4-6_stmt,2656,DESUNT,,DESUNT,DESUNT,DESUNT,https://web.archive.org/web/20190416192926/http://www.people.ku.edu/~jyounger/LinearA/misctexts.html,younger_table_statement | source=YoungerArchive | ingested=2026-02-24T02:56:37Z
OBS_002860,external:youngerarchive,external_csv,ZA 7,b.1_stmt,2657,A MA[,,A MA[,A MA[,A MA[,https://web.archive.org/web/20190416192926/http://www.people.ku.edu/~jyounger/LinearA/misctexts.html,younger_table_statement | source=YoungerArchive | ingested=2026-02-24T02:56:37Z
OBS_002861,external:youngerarchive,external_csv,ZA 7,b.2-7_stmt,2658,DESUNT,,DESUNT,DESUNT,DESUNT,https://web.archive.org/web/20190416192926/http://www.people.ku.edu/~jyounger/LinearA/misctexts.html,younger_table_statement | source=YoungerArchive | ingested=2026-02-24T02:56:37Z
OBS_002862,external:sigla,external_csv,ZA 7A,word_1,2659,AB10 AB65,,AB10 AB65,AB10 AB65,AB10 AB65,http://sigla.phis.me/document/ZA%207a/index-word.html,sigla_word_seq_pattern | source=SigLA | ingested=2026-02-24T02:56:37Z
OBS_002863,external:sigla,external_csv,ZA 7A,word_2,2660,AB08 AB60 AB69,,AB08 AB60 AB69,AB08 AB60 AB69,AB08 AB60 AB69,http://sigla.phis.me/document/ZA%207a/index-word.html,sigla_word_seq_pattern | source=SigLA | ingested=2026-02-24T02:56:37Z
OBS_002864,external:sigla,external_csv,ZA 7A,word_3,2661,AB08 AB27 AB69 AB73,,AB08 AB27 AB69 AB73,AB08 AB27 AB69 AB73,AB08 AB27 AB69 AB73,http://sigla.phis.me/document/ZA%207a/index-word.html,sigla_word_seq_pattern | source=SigLA | ingested=2026-02-24T02:56:37Z
OBS_002865,external:sigla,external_csv,ZA 7B,word_1,2662,AB08 AB80,,AB08 AB80,AB08 AB80,AB08 AB80,http://sigla.phis.me/document/ZA%207b/index-word.html,sigla_word_seq_pattern | source=SigLA | ingested=2026-02-24T02:56:37Z
OBS_002866,external:youngerarchive,external_csv,ZA 8,.1_log,2663,FIC,,FIC,FIC,FIC,https://web.archive.org/web/20190416192926/http://www.people.ku.edu/~jyounger/LinearA/misctexts.html,younger_table_logogram | source=YoungerArchive | ingested=2026-02-24T02:56:37Z
OBS_002867,external:youngerarchive,external_csv,ZA 8,.1_stmt,2664,A TA RE,,A TA RE,A TA RE,A TA RE,https://web.archive.org/web/20190416192926/http://www.people.ku.edu/~jyounger/LinearA/misctexts.html,younger_table_statement | source=YoungerArchive | ingested=2026-02-24T02:56:37Z
OBS_002868,external:youngerarchive,external_csv,ZA 8,.1_stmt,2665,KI RA,,KI RA,KI RA,KI RA,https://web.archive.org/web/20190416192926/http://www.people.ku.edu/~jyounger/LinearA/misctexts.html,younger_table_statement | source=YoungerArchive | ingested=2026-02-24T02:56:37Z
OBS_002869,external:youngerarchive,external_csv,ZA 8,.2-3_stmt,2666,A RI NI TA,,A RI NI TA,A RI NI TA,A RI NI TA,https://web.archive.org/web/20190416192926/http://www.people.ku.edu/~jyounger/LinearA/misctexts.html,younger_table_statement | source=YoungerArchive | ingested=2026-02-24T02:56:37Z
OBS_002870,external:youngerarchive,external_csv,ZA 8,.2_stmt,2667,KU TU KO RE,,KU TU KO RE,KU TU KO RE,KU TU KO RE,https://web.archive.org/web/20190416192926/http://www.people.ku.edu/~jyounger/LinearA/misctexts.html,younger_table_statement | source=YoungerArchive | ingested=2026-02-24T02:56:37Z
OBS_002871,external:youngerarchive,external_csv,ZA 8,.3-4_stmt,2668,TA I NU MA PA,,TA I NU MA PA,TA I NU MA PA,TA I NU MA PA,https://web.archive.org/web/20190416192926/http://www.people.ku.edu/~jyounger/LinearA/misctexts.html,younger_table_statement | source=YoungerArchive | ingested=2026-02-24T02:56:37Z
OBS_002872,external:youngerarchive,external_csv,ZA 8,.4_stmt,2669,MA KA I SE,,MA KA I SE,MA KA I SE,MA KA I SE,https://web.archive.org/web/20190416192926/http://www.people.ku.edu/~jyounger/LinearA/misctexts.html,younger_table_statement | source=YoungerArchive | ingested=2026-02-24T02:56:37Z
OBS_002873,external:youngerarchive,external_csv,ZA 8,.5_stmt,2670,DA I PI TA,,DA I PI TA,DA I PI TA,DA I PI TA,https://web.archive.org/web/20190416192926/http://www.people.ku.edu/~jyounger/LinearA/misctexts.html,younger_table_statement | source=YoungerArchive | ingested=2026-02-24T02:56:37Z
OBS_002874,external:youngerarchive,external_csv,ZA 8,.6_stmt,2671,KA I RO,,KA I RO,KA I RO,KA I RO,https://web.archive.org/web/20190416192926/http://www.people.ku.edu/~jyounger/LinearA/misctexts.html,younger_table_statement | source=YoungerArchive | ingested=2026-02-24T02:56:37Z
OBS_002875,external:sigla,external_csv,ZA 8,word_1,2672,AB67 AB60,,AB67 AB60,AB67 AB60,AB67 AB60,http://sigla.phis.me/document/ZA%208/index-word.html,sigla_word_seq_pattern | source=SigLA | ingested=2026-02-24T02:56:37Z
OBS_002876,external:sigla,external_csv,ZA 8,word_2,2673,AB08 AB59 AB27,,AB08 AB59 AB27,AB08 AB59 AB27,AB08 AB59 AB27,http://sigla.phis.me/document/ZA%208/index-word.html,sigla_word_seq_pattern | source=SigLA | ingested=2026-02-24T02:56:37Z
OBS_002877,external:sigla,external_csv,ZA 8,word_3,2674,AB81 AB69 AB70 AB27,,AB81 AB69 AB70 AB27,AB81 AB69 AB70 AB27,AB81 AB69 AB70 AB27,http://sigla.phis.me/document/ZA%208/index-word.html,sigla_word_seq_pattern | source=SigLA | ingested=2026-02-24T02:56:37Z
OBS_002878,external:sigla,external_csv,ZA 8,word_4,2675,AB08 AB53 AB30 AB59,,AB08 AB53 AB30 AB59,AB08 AB53 AB30 AB59,AB08 AB53 AB30 AB59,http://sigla.phis.me/document/ZA%208/index-word.html,sigla_word_seq_pattern | source=SigLA | ingested=2026-02-24T02:56:37Z
OBS_002879,external:sigla,external_csv,ZA 8,word_5,2676,AB59 AB28 AB55 AB80 AB03,,AB59 AB28 AB55 AB80 AB03,AB59 AB28 AB55 AB80 AB03,AB59 AB28 AB55 AB80 AB03,http://sigla.phis.me/document/ZA%208/index-word.html,sigla_word_seq_pattern | source=SigLA | ingested=2026-02-24T02:56:37Z
OBS_002880,external:sigla,external_csv,ZA 8,word_6,2677,AB80 AB77 AB28 AB09,,AB80 AB77 AB28 AB09,AB80 AB77 AB28 AB09,AB80 AB77 AB28 AB09,http://sigla.phis.me/document/ZA%208/index-word.html,sigla_word_seq_pattern | source=SigLA | ingested=2026-02-24T02:56:37Z
OBS_002881,external:sigla,external_csv,ZA 8,word_7,2678,AB01 AB28 AB39 AB59,,AB01 AB28 AB39 AB59,AB01 AB28 AB39 AB59,AB01 AB28 AB39 AB59,http://sigla.phis.me/document/ZA%208/index-word.html,sigla_word_seq_pattern | source=SigLA | ingested=2026-02-24T02:56:37Z
OBS_002882,external:sigla,external_csv,ZA 8,word_8,2679,AB77 AB28 AB02,,AB77 AB28 AB02,AB77 AB28 AB02,AB77 AB28 AB02,http://sigla.phis.me/document/ZA%208/index-word.html,sigla_word_seq_pattern | source=SigLA | ingested=2026-02-24T02:56:37Z
OBS_002883,external:youngerarchive,external_csv,ZA 9,.1_stmt,2680,NU TI,,NU TI,NU TI,NU TI,https://web.archive.org/web/20190416192926/http://www.people.ku.edu/~jyounger/LinearA/misctexts.html,younger_table_statement | source=YoungerArchive | ingested=2026-02-24T02:56:37Z
OBS_002884,external:youngerarchive,external_csv,ZA 9,.2_log,2681,OVIS SI,,OVIS SI,OVIS SI,OVIS SI,https://web.archive.org/web/20190416192926/http://www.people.ku.edu/~jyounger/LinearA/misctexts.html,younger_table_logogram | source=YoungerArchive | ingested=2026-02-24T02:56:37Z
OBS_002885,external:youngerarchive,external_csv,ZA 9,.3-4_log,2682,OVIS SI,,OVIS SI,OVIS SI,OVIS SI,https://web.archive.org/web/20190416192926/http://www.people.ku.edu/~jyounger/LinearA/misctexts.html,younger_table_logogram | source=YoungerArchive | ingested=2026-02-24T02:56:37Z
OBS_002886,external:youngerarchive,external_csv,ZA 9,.3-4_stmt,2683,RO SI RA[,,RO SI RA[,RO SI RA[,RO SI RA[,https://web.archive.org/web/20190416192926/http://www.people.ku.edu/~jyounger/LinearA/misctexts.html,younger_table_statement | source=YoungerArchive | ingested=2026-02-24T02:56:37Z
OBS_002887,external:youngerarchive,external_csv,ZA 9,.4-5_log,2684,OVIS SI,,OVIS SI,OVIS SI,OVIS SI,https://web.archive.org/web/20190416192926/http://www.people.ku.edu/~jyounger/LinearA/misctexts.html,younger_table_logogram | source=YoungerArchive | ingested=2026-02-24T02:56:37Z
OBS_002888,external:youngerarchive,external_csv,ZA 9,.4-5_stmt,2685,A TA NA,,A TA NA,A TA NA,A TA NA,https://web.archive.org/web/20190416192926/http://www.people.ku.edu/~jyounger/LinearA/misctexts.html,younger_table_statement | source=YoungerArchive | ingested=2026-02-24T02:56:37Z
OBS_002889,external:youngerarchive,external_csv,ZA 9,.5_log,2686,OVISF,,OVISF,OVISF,OVISF,https://web.archive.org/web/20190416192926/http://www.people.ku.edu/~jyounger/LinearA/misctexts.html,younger_table_logogram | source=YoungerArchive | ingested=2026-02-24T02:56:37Z
OBS_002890,external:youngerarchive,external_csv,ZA 9,.6_log,2687,OVISF,,OVISF,OVISF,OVISF,https://web.archive.org/web/20190416192926/http://www.people.ku.edu/~jyounger/LinearA/misctexts.html,younger_table_logogram | source=YoungerArchive | ingested=2026-02-24T02:56:37Z
OBS_002891,external:youngerarchive,external_csv,ZA 9,.6_stmt,2688,WI RA RE MI TE,,WI RA RE MI TE,WI RA RE MI TE,WI RA RE MI TE,https://web.archive.org/web/20190416192926/http://www.people.ku.edu/~jyounger/LinearA/misctexts.html,younger_table_statement | source=YoungerArchive | ingested=2026-02-24T02:56:37Z
OBS_002892,external:sigla,external_csv,ZA 9,word_1,2689,[?] AB55 AB37,,[?] AB55 AB37,[?] AB55 AB37,[?] AB55 AB37,http://sigla.phis.me/document/ZA%209/index-word.html,sigla_word_seq_pattern | source=SigLA | ingested=2026-02-24T02:56:37Z
OBS_002893,external:sigla,external_csv,ZA 9,word_2,2690,AB17 [?],,AB17 [?],AB17 [?],AB17 [?],http://sigla.phis.me/document/ZA%209/index-word.html,sigla_word_seq_pattern | source=SigLA | ingested=2026-02-24T02:56:37Z
OBS_002894,external:sigla,external_csv,ZA 9,word_3,2691,[?] AB60,,[?] AB60,[?] AB60,[?] AB60,http://sigla.phis.me/document/ZA%209/index-word.html,sigla_word_seq_pattern | source=SigLA | ingested=2026-02-24T02:56:37Z
OBS_002895,external:sigla,external_csv,ZA 9,word_5,2692,AB02 AB41 AB60,,AB02 AB41 AB60,AB02 AB41 AB60,AB02 AB41 AB60,http://sigla.phis.me/document/ZA%209/index-word.html,sigla_word_seq_pattern | source=SigLA | ingested=2026-02-24T02:56:37Z
OBS_002896,external:sigla,external_csv,ZA 9,word_6,2693,AB08 AB59 AB06 [?],,AB08 AB59 AB06 [?],AB08 AB59 AB06 [?],AB08 AB59 AB06 [?],http://sigla.phis.me/document/ZA%209/index-word.html,sigla_word_seq_pattern | source=SigLA | ingested=2026-02-24T02:56:37Z
OBS_002897,external:sigla,external_csv,ZA 9,word_7,2694,[?] AB80 AB65,,[?] AB80 AB65,[?] AB80 AB65,[?] AB80 AB65,http://sigla.phis.me/document/ZA%209/index-word.html,sigla_word_seq_pattern | source=SigLA | ingested=2026-02-24T02:56:37Z
OBS_002898,external:sigla,external_csv,ZA 9,word_8,2695,AB40 AB60 AB27 AB73 AB04,,AB40 AB60 AB27 AB73 AB04,AB40 AB60 AB27 AB73 AB04,AB40 AB60 AB27 AB73 AB04,http://sigla.phis.me/document/ZA%209/index-word.html,sigla_word_seq_pattern | source=SigLA | ingested=2026-02-24T02:56:37Z
OBS_002899,external:sigla,external_csv,ZA WC 2,word_1,2696,AB08 AB37 AB77,,AB08 AB37 AB77,AB08 AB37 AB77,AB08 AB37 AB77,http://sigla.phis.me/document/ZA%20Wc%202/index-word.html,sigla_word_seq_pattern | source=SigLA | ingested=2026-02-24T02:56:37Z
OBS_002900,external:sigla,external_csv,ZA WC 2,word_2,2697,AB08 AB51 AB70 AB73,,AB08 AB51 AB70 AB73,AB08 AB51 AB70 AB73,AB08 AB51 AB70 AB73,http://sigla.phis.me/document/ZA%20Wc%202/index-word.html,sigla_word_seq_pattern | source=SigLA | ingested=2026-02-24T02:56:37Z
OBS_002901,external:youngerarchive,external_csv,ZA ZB 34,.a-.b_stmt,2698,TELA,,TELA,TELA,TELA,https://web.archive.org/web/20190416192926/http://www.people.ku.edu/~jyounger/LinearA/misctexts.html,younger_table_statement | source=YoungerArchive | ingested=2026-02-24T02:56:37Z
