source_id,artifact_id,line_id,sign_sequence,provenance,notes,ingestion_timestamp,source_name,provenance_url
youngerarchive,ARKH 1,a.1_stmt,]TA PI,https://web.archive.org/web/20190416192926/http://www.people.ku.edu/~jyounger/LinearA/misctexts.html,younger_table_statement,2026-02-24T02:56:37Z,YoungerArchive,https://web.archive.org/web/20190416192926/http://www.people.ku.edu/~jyounger/LinearA/misctexts.html
youngerarchive,ARKH 1,a.2_stmt,A RA[,https://web.archive.org/web/20190416192926/http://www.people.ku.edu/~jyounger/LinearA/misctexts.html,younger_table_statement,2026-02-24T02:56:37Z,YoungerArchive,https://web.archive.org/web/20190416192926/http://www.people.ku.edu/~jyounger/LinearA/misctexts.html
youngerarchive,ARKH 1,a.4_stmt,]A SU MI,https://web.archive.org/web/20190416192926/http://www.people.ku.edu/~jyounger/LinearA/misctexts.html,younger_table_statement,2026-02-24T02:56:37Z,YoungerArchive,https://web.archive.org/web/20190416192926/http://www.people.ku.edu/~jyounger/LinearA/misctexts.html
youngerarchive,ARKH 1,a.5_stmt,A PA,https://web.archive.org/web/20190416192926/http://www.people.ku.edu/~jyounger/LinearA/misctexts.html,younger_table_statement,2026-02-24T02:56:37Z,YoungerArchive,https://web.archive.org/web/20190416192926/http://www.people.ku.edu/~jyounger/LinearA/misctexts.html
youngerarchive,ARKH 1,a.6_stmt,]MI KI SA NE[,https://web.archive.org/web/20190416192926/http://www.people.ku.edu/~jyounger/LinearA/misctexts.html,younger_table_statement,2026-02-24T02:56:37Z,YoungerArchive,https://web.archive.org/web/20190416192926/http://www.people.ku.edu/~jyounger/LinearA/misctexts.html
youngerarchive,ARKH 1,b.1_stmt,PA RE,https://web.archive.org/web/20190416192926/http://www.people.ku.edu/~jyounger/LinearA/misctexts.html,younger_table_statement,2026-02-24T02:56:37Z,YoungerArchive,https://web.archive.org/web/20190416192926/http://www.people.ku.edu/~jyounger/LinearA/misctexts.html
youngerarchive,ARKH 1,b.2_log,]PA3[,https://web.archive.org/web/20190416192926/http://www.people.ku.edu/~jyounger/LinearA/misctexts.html,younger_table_logogram,2026-02-24T02:56:37Z,YoungerArchive,https://web.archive.org/web/20190416192926/http://www.people.ku.edu/~jyounger/LinearA/misctexts.html
sigla,ARKH 1A,word_1,AB59 AB39,http://sigla.phis.me/document/ARKH%201a/index-word.html,sigla_word_seq_pattern,2026-02-24T02:56:37Z,SigLA,http://sigla.phis.me/document/ARKH%201a/index-word.html
sigla,ARKH 1A,word_2,AB67,http://sigla.phis.me/document/ARKH%201a/index-word.html,sigla_word_seq_pattern,2026-02-24T02:56:37Z,SigLA,http://sigla.phis.me/document/ARKH%201a/index-word.html
sigla,ARKH 1A,word_3,AB08 AB60,http://sigla.phis.me/document/ARKH%201a/index-word.html,sigla_word_seq_pattern,2026-02-24T02:56:37Z,SigLA,http://sigla.phis.me/document/ARKH%201a/index-word.html
sigla,ARKH 1A,word_4,AB08 AB58 AB73 AB118,http://sigla.phis.me/document/ARKH%201a/index-word.html,sigla_word_seq_pattern,2026-02-24T02:56:37Z,SigLA,http://sigla.phis.me/document/ARKH%201a/index-word.html
sigla,ARKH 1A,word_5,AB08 AB03 [?],http://sigla.phis.me/document/ARKH%201a/index-word.html,sigla_word_seq_pattern,2026-02-24T02:56:37Z,SigLA,http://sigla.phis.me/document/ARKH%201a/index-word.html
sigla,ARKH 1A,word_6,AB73 AB67 AB31 AB24,http://sigla.phis.me/document/ARKH%201a/index-word.html,sigla_word_seq_pattern,2026-02-24T02:56:37Z,SigLA,http://sigla.phis.me/document/ARKH%201a/index-word.html
sigla,ARKH 1B,word_1,AB08,http://sigla.phis.me/document/ARKH%201b/index-word.html,sigla_word_seq_pattern,2026-02-24T02:56:37Z,SigLA,http://sigla.phis.me/document/ARKH%201b/index-word.html
sigla,ARKH 1B,word_2,AB57 AB27,http://sigla.phis.me/document/ARKH%201b/index-word.html,sigla_word_seq_pattern,2026-02-24T02:56:37Z,SigLA,http://sigla.phis.me/document/ARKH%201b/index-word.html
sigla,ARKH 1B,word_3,AB56,http://sigla.phis.me/document/ARKH%201b/index-word.html,sigla_word_seq_pattern,2026-02-24T02:56:37Z,SigLA,http://sigla.phis.me/document/ARKH%201b/index-word.html
sigla,ARKH 1B,word_4,AB06,http://sigla.phis.me/document/ARKH%201b/index-word.html,sigla_word_seq_pattern,2026-02-24T02:56:37Z,SigLA,http://sigla.phis.me/document/ARKH%201b/index-word.html
youngerarchive,ARKH 2,.1-2_log,VINB,https://web.archive.org/web/20190416192926/http://www.people.ku.edu/~jyounger/LinearA/misctexts.html,younger_table_logogram,2026-02-24T02:56:37Z,YoungerArchive,https://web.archive.org/web/20190416192926/http://www.people.ku.edu/~jyounger/LinearA/misctexts.html
youngerarchive,ARKH 2,.1-2_stmt,KU RA,https://web.archive.org/web/20190416192926/http://www.people.ku.edu/~jyounger/LinearA/misctexts.html,younger_table_statement,2026-02-24T02:56:37Z,YoungerArchive,https://web.archive.org/web/20190416192926/http://www.people.ku.edu/~jyounger/LinearA/misctexts.html
youngerarchive,ARKH 2,.1_stmt,SI DA TE,https://web.archive.org/web/20190416192926/http://www.people.ku.edu/~jyounger/LinearA/misctexts.html,younger_table_statement,2026-02-24T02:56:37Z,YoungerArchive,https://web.archive.org/web/20190416192926/http://www.people.ku.edu/~jyounger/LinearA/misctexts.html
youngerarchive,ARKH 2,.2-3_stmt,A SI DA TO I,https://web.archive.org/web/20190416192926/http://www.people.ku.edu/~jyounger/LinearA/misctexts.html,younger_table_statement,2026-02-24T02:56:37Z,YoungerArchive,https://web.archive.org/web/20190416192926/http://www.people.ku.edu/~jyounger/LinearA/misctexts.html
youngerarchive,ARKH 2,.3-4_stmt,ZU SE DE QIF,https://web.archive.org/web/20190416192926/http://www.people.ku.edu/~jyounger/LinearA/misctexts.html,younger_table_statement,2026-02-24T02:56:37Z,YoungerArchive,https://web.archive.org/web/20190416192926/http://www.people.ku.edu/~jyounger/LinearA/misctexts.html
youngerarchive,ARKH 2,.5-6_stmt,A SU PU WA,https://web.archive.org/web/20190416192926/http://www.people.ku.edu/~jyounger/LinearA/misctexts.html,younger_table_statement,2026-02-24T02:56:37Z,YoungerArchive,https://web.archive.org/web/20190416192926/http://www.people.ku.edu/~jyounger/LinearA/misctexts.html
youngerarchive,ARKH 2,.6_stmt,RU MI,https://web.archive.org/web/20190416192926/http://www.people.ku.edu/~jyounger/LinearA/misctexts.html,younger_table_statement,2026-02-24T02:56:37Z,YoungerArchive,https://web.archive.org/web/20190416192926/http://www.people.ku.edu/~jyounger/LinearA/misctexts.html
sigla,ARKH 2,word_1,AB41 AB01 AB04,http://sigla.phis.me/document/ARKH%202/index-word.html,sigla_word_seq_pattern,2026-02-24T02:56:37Z,SigLA,http://sigla.phis.me/document/ARKH%202/index-word.html
sigla,ARKH 2,word_2,AB81 AB60 AB131B,http://sigla.phis.me/document/ARKH%202/index-word.html,sigla_word_seq_pattern,2026-02-24T02:56:37Z,SigLA,http://sigla.phis.me/document/ARKH%202/index-word.html
sigla,ARKH 2,word_3,AB08 AB41 AB01 AB05 AB28,http://sigla.phis.me/document/ARKH%202/index-word.html,sigla_word_seq_pattern,2026-02-24T02:56:37Z,SigLA,http://sigla.phis.me/document/ARKH%202/index-word.html
sigla,ARKH 2,word_4,AB79 A301 AB09 AB45 AB21F AB118,http://sigla.phis.me/document/ARKH%202/index-word.html,sigla_word_seq_pattern,2026-02-24T02:56:37Z,SigLA,http://sigla.phis.me/document/ARKH%202/index-word.html
sigla,ARKH 2,word_5,AB08 AB58 AB50 AB54,http://sigla.phis.me/document/ARKH%202/index-word.html,sigla_word_seq_pattern,2026-02-24T02:56:37Z,SigLA,http://sigla.phis.me/document/ARKH%202/index-word.html
sigla,ARKH 2,word_6,AB26 AB73,http://sigla.phis.me/document/ARKH%202/index-word.html,sigla_word_seq_pattern,2026-02-24T02:56:37Z,SigLA,http://sigla.phis.me/document/ARKH%202/index-word.html
youngerarchive,ARKH 3,a.1_log,GRA[,https://web.archive.org/web/20190416192926/http://www.people.ku.edu/~jyounger/LinearA/misctexts.html,younger_table_logogram,2026-02-24T02:56:37Z,YoungerArchive,https://web.archive.org/web/20190416192926/http://www.people.ku.edu/~jyounger/LinearA/misctexts.html
youngerarchive,ARKH 3,a.1_stmt,KA NE,https://web.archive.org/web/20190416192926/http://www.people.ku.edu/~jyounger/LinearA/misctexts.html,younger_table_statement,2026-02-24T02:56:37Z,YoungerArchive,https://web.archive.org/web/20190416192926/http://www.people.ku.edu/~jyounger/LinearA/misctexts.html
youngerarchive,ARKH 3,a.2_log,OLIV,https://web.archive.org/web/20190416192926/http://www.people.ku.edu/~jyounger/LinearA/misctexts.html,younger_table_logogram,2026-02-24T02:56:37Z,YoungerArchive,https://web.archive.org/web/20190416192926/http://www.people.ku.edu/~jyounger/LinearA/misctexts.html
youngerarchive,ARKH 3,a.2_log,VINB,https://web.archive.org/web/20190416192926/http://www.people.ku.edu/~jyounger/LinearA/misctexts.html,younger_table_logogram,2026-02-24T02:56:37Z,YoungerArchive,https://web.archive.org/web/20190416192926/http://www.people.ku.edu/~jyounger/LinearA/misctexts.html
youngerarchive,ARKH 3,a.4_log,GRA,https://web.archive.org/web/20190416192926/http://www.people.ku.edu/~jyounger/LinearA/misctexts.html,younger_table_logogram,2026-02-24T02:56:37Z,YoungerArchive,https://web.archive.org/web/20190416192926/http://www.people.ku.edu/~jyounger/LinearA/misctexts.html
youngerarchive,ARKH 3,a.4_stmt,]KI NU,https://web.archive.org/web/20190416192926/http://www.people.ku.edu/~jyounger/LinearA/misctexts.html,younger_table_statement,2026-02-24T02:56:37Z,YoungerArchive,https://web.archive.org/web/20190416192926/http://www.people.ku.edu/~jyounger/LinearA/misctexts.html
youngerarchive,ARKH 3,b.1_log,GRA,https://web.archive.org/web/20190416192926/http://www.people.ku.edu/~jyounger/LinearA/misctexts.html,younger_table_logogram,2026-02-24T02:56:37Z,YoungerArchive,https://web.archive.org/web/20190416192926/http://www.people.ku.edu/~jyounger/LinearA/misctexts.html
youngerarchive,ARKH 3,b.1_stmt,JA PI,https://web.archive.org/web/20190416192926/http://www.people.ku.edu/~jyounger/LinearA/misctexts.html,younger_table_statement,2026-02-24T02:56:37Z,YoungerArchive,https://web.archive.org/web/20190416192926/http://www.people.ku.edu/~jyounger/LinearA/misctexts.html
youngerarchive,ARKH 3,b.2_log,GRA,https://web.archive.org/web/20190416192926/http://www.people.ku.edu/~jyounger/LinearA/misctexts.html,younger_table_logogram,2026-02-24T02:56:37Z,YoungerArchive,https://web.archive.org/web/20190416192926/http://www.people.ku.edu/~jyounger/LinearA/misctexts.html
youngerarchive,ARKH 3,b.2_stmt,]PI PU3,https://web.archive.org/web/20190416192926/http://www.people.ku.edu/~jyounger/LinearA/misctexts.html,younger_table_statement,2026-02-24T02:56:37Z,YoungerArchive,https://web.archive.org/web/20190416192926/http://www.people.ku.edu/~jyounger/LinearA/misctexts.html
youngerarchive,ARKH 3,b.4_log,OLE,https://web.archive.org/web/20190416192926/http://www.people.ku.edu/~jyounger/LinearA/misctexts.html,younger_table_logogram,2026-02-24T02:56:37Z,YoungerArchive,https://web.archive.org/web/20190416192926/http://www.people.ku.edu/~jyounger/LinearA/misctexts.html
youngerarchive,ARKH 3,b.5_log,]VINA,https://web.archive.org/web/20190416192926/http://www.people.ku.edu/~jyounger/LinearA/misctexts.html,younger_table_logogram,2026-02-24T02:56:37Z,YoungerArchive,https://web.archive.org/web/20190416192926/http://www.people.ku.edu/~jyounger/LinearA/misctexts.html
sigla,ARKH 3A,word_1,AB77 AB24,http://sigla.phis.me/document/ARKH%203a/index-word.html,sigla_word_seq_pattern,2026-02-24T02:56:37Z,SigLA,http://sigla.phis.me/document/ARKH%203a/index-word.html
sigla,ARKH 3A,word_2,AB67 AB55,http://sigla.phis.me/document/ARKH%203a/index-word.html,sigla_word_seq_pattern,2026-02-24T02:56:37Z,SigLA,http://sigla.phis.me/document/ARKH%203a/index-word.html
sigla,ARKH 3A,word_3,AB81,http://sigla.phis.me/document/ARKH%203a/index-word.html,sigla_word_seq_pattern,2026-02-24T02:56:37Z,SigLA,http://sigla.phis.me/document/ARKH%203a/index-word.html
sigla,ARKH 3B,word_1,[?] AB57 AB39,http://sigla.phis.me/document/ARKH%203b/index-word.html,sigla_word_seq_pattern,2026-02-24T02:56:37Z,SigLA,http://sigla.phis.me/document/ARKH%203b/index-word.html
sigla,ARKH 3B,word_2,AB39 A314,http://sigla.phis.me/document/ARKH%203b/index-word.html,sigla_word_seq_pattern,2026-02-24T02:56:37Z,SigLA,http://sigla.phis.me/document/ARKH%203b/index-word.html
youngerarchive,ARKH 4,a.4-5_stmt,PI TI NE A,https://web.archive.org/web/20190416192926/http://www.people.ku.edu/~jyounger/LinearA/misctexts.html,younger_table_statement,2026-02-24T02:56:37Z,YoungerArchive,https://web.archive.org/web/20190416192926/http://www.people.ku.edu/~jyounger/LinearA/misctexts.html
youngerarchive,ARKH 4,b.3_stmt,]DE MI,https://web.archive.org/web/20190416192926/http://www.people.ku.edu/~jyounger/LinearA/misctexts.html,younger_table_statement,2026-02-24T02:56:37Z,YoungerArchive,https://web.archive.org/web/20190416192926/http://www.people.ku.edu/~jyounger/LinearA/misctexts.html
youngerarchive,ARKH 4,b.4_stmt,A KI RO,https://web.archive.org/web/20190416192926/http://www.people.ku.edu/~jyounger/LinearA/misctexts.html,younger_table_statement,2026-02-24T02:56:37Z,YoungerArchive,https://web.archive.org/web/20190416192926/http://www.people.ku.edu/~jyounger/LinearA/misctexts.html
youngerarchive,ARKH 4,b.5_stmt,ZA SI ZU,https://web.archive.org/web/20190416192926/http://www.people.ku.edu/~jyounger/LinearA/misctexts.html,younger_table_statement,2026-02-24T02:56:37Z,YoungerArchive,https://web.archive.org/web/20190416192926/http://www.people.ku.edu/~jyounger/LinearA/misctexts.html
sigla,ARKH 4A,word_1,[?] AB30 AB59,http://sigla.phis.me/document/ARKH%204a/index-word.html,sigla_word_seq_pattern,2026-02-24T02:56:37Z,SigLA,http://sigla.phis.me/document/ARKH%204a/index-word.html
sigla,ARKH 4A,word_2,AB59,http://sigla.phis.me/document/ARKH%204a/index-word.html,sigla_word_seq_pattern,2026-02-24T02:56:37Z,SigLA,http://sigla.phis.me/document/ARKH%204a/index-word.html
sigla,ARKH 4A,word_3,AB08 [?] [?] AB65,http://sigla.phis.me/document/ARKH%204a/index-word.html,sigla_word_seq_pattern,2026-02-24T02:56:37Z,SigLA,http://sigla.phis.me/document/ARKH%204a/index-word.html
sigla,ARKH 4A,word_4,AB45 AB58 [?] AB47 AB04,http://sigla.phis.me/document/ARKH%204a/index-word.html,sigla_word_seq_pattern,2026-02-24T02:56:37Z,SigLA,http://sigla.phis.me/document/ARKH%204a/index-word.html
sigla,ARKH 4A,word_5,AB39 AB37 AB24 AB08 [?],http://sigla.phis.me/document/ARKH%204a/index-word.html,sigla_word_seq_pattern,2026-02-24T02:56:37Z,SigLA,http://sigla.phis.me/document/ARKH%204a/index-word.html
sigla,ARKH 4B,word_1,[?] AB27,http://sigla.phis.me/document/ARKH%204b/index-word.html,sigla_word_seq_pattern,2026-02-24T02:56:37Z,SigLA,http://sigla.phis.me/document/ARKH%204b/index-word.html
sigla,ARKH 4B,word_2,AB10,http://sigla.phis.me/document/ARKH%204b/index-word.html,sigla_word_seq_pattern,2026-02-24T02:56:37Z,SigLA,http://sigla.phis.me/document/ARKH%204b/index-word.html
sigla,ARKH 4B,word_3,AB45 AB73,http://sigla.phis.me/document/ARKH%204b/index-word.html,sigla_word_seq_pattern,2026-02-24T02:56:37Z,SigLA,http://sigla.phis.me/document/ARKH%204b/index-word.html
sigla,ARKH 4B,word_4,AB28 AB47,http://sigla.phis.me/document/ARKH%204b/index-word.html,sigla_word_seq_pattern,2026-02-24T02:56:37Z,SigLA,http://sigla.phis.me/document/ARKH%204b/index-word.html
sigla,ARKH 4B,word_5,AB08 AB67 AB02,http://sigla.phis.me/document/ARKH%204b/index-word.html,sigla_word_seq_pattern,2026-02-24T02:56:37Z,SigLA,http://sigla.phis.me/document/ARKH%204b/index-word.html
sigla,ARKH 4B,word_6,AB17? AB41 AB79,http://sigla.phis.me/document/ARKH%204b/index-word.html,sigla_word_seq_pattern,2026-02-24T02:56:37Z,SigLA,http://sigla.phis.me/document/ARKH%204b/index-word.html
youngerarchive,ARKH 5,.1_stmt,A DU NI TA NA,https://web.archive.org/web/20190416192926/http://www.people.ku.edu/~jyounger/LinearA/misctexts.html,younger_table_statement,2026-02-24T02:56:37Z,YoungerArchive,https://web.archive.org/web/20190416192926/http://www.people.ku.edu/~jyounger/LinearA/misctexts.html
youngerarchive,ARKH 5,.2_log,GRA,https://web.archive.org/web/20190416192926/http://www.people.ku.edu/~jyounger/LinearA/misctexts.html,younger_table_logogram,2026-02-24T02:56:37Z,YoungerArchive,https://web.archive.org/web/20190416192926/http://www.people.ku.edu/~jyounger/LinearA/misctexts.html
youngerarchive,ARKH 5,.2_stmt,A DA RO,https://web.archive.org/web/20190416192926/http://www.people.ku.edu/~jyounger/LinearA/misctexts.html,younger_table_statement,2026-02-24T02:56:37Z,YoungerArchive,https://web.archive.org/web/20190416192926/http://www.people.ku.edu/~jyounger/LinearA/misctexts.html
youngerarchive,ARKH 5,.3_log,VINB,https://web.archive.org/web/20190416192926/http://www.people.ku.edu/~jyounger/LinearA/misctexts.html,younger_table_logogram,2026-02-24T02:56:37Z,YoungerArchive,https://web.archive.org/web/20190416192926/http://www.people.ku.edu/~jyounger/LinearA/misctexts.html
sigla,ARKH 5,word_1,AB08 AB51 AB30 AB59 AB06,http://sigla.phis.me/document/ARKH%205/index-word.html,sigla_word_seq_pattern,2026-02-24T02:56:37Z,SigLA,http://sigla.phis.me/document/ARKH%205/index-word.html
sigla,ARKH 5,word_2,AB08 AB01 AB02,http://sigla.phis.me/document/ARKH%205/index-word.html,sigla_word_seq_pattern,2026-02-24T02:56:37Z,SigLA,http://sigla.phis.me/document/ARKH%205/index-word.html
sigla,ARKH 5,word_3,AB08,http://sigla.phis.me/document/ARKH%205/index-word.html,sigla_word_seq_pattern,2026-02-24T02:56:37Z,SigLA,http://sigla.phis.me/document/ARKH%205/index-word.html
youngerarchive,ARKH 6,.1_stmt,DA NA TU,https://web.archive.org/web/20190416192926/http://www.people.ku.edu/~jyounger/LinearA/misctexts.html,younger_table_statement,2026-02-24T02:56:37Z,YoungerArchive,https://web.archive.org/web/20190416192926/http://www.people.ku.edu/~jyounger/LinearA/misctexts.html
sigla,ARKH 6,word_1,AB01 AB06 AB69,http://sigla.phis.me/document/ARKH%206/index-word.html,sigla_word_seq_pattern,2026-02-24T02:56:37Z,SigLA,http://sigla.phis.me/document/ARKH%206/index-word.html
sigla,ARKH 6,word_2,AB81,http://sigla.phis.me/document/ARKH%206/index-word.html,sigla_word_seq_pattern,2026-02-24T02:56:37Z,SigLA,http://sigla.phis.me/document/ARKH%206/index-word.html
sigla,ARKH 6,word_3,[?] AB53,http://sigla.phis.me/document/ARKH%206/index-word.html,sigla_word_seq_pattern,2026-02-24T02:56:37Z,SigLA,http://sigla.phis.me/document/ARKH%206/index-word.html
youngerarchive,GO 2,r03._stmt,SI DA RO,https://web.archive.org/web/20190416192926/http://www.people.ku.edu/~jyounger/LinearA/misctexts.html,younger_table_statement,2026-02-24T02:56:37Z,YoungerArchive,https://web.archive.org/web/20190416192926/http://www.people.ku.edu/~jyounger/LinearA/misctexts.html
youngerarchive,GO 2,v02._stmt,SE SI[,https://web.archive.org/web/20190416192926/http://www.people.ku.edu/~jyounger/LinearA/misctexts.html,younger_table_statement,2026-02-24T02:56:37Z,YoungerArchive,https://web.archive.org/web/20190416192926/http://www.people.ku.edu/~jyounger/LinearA/misctexts.html
youngerarchive,GO WC 1,a: A-SA- SU -MA-I- SE_stmt,B BOSM,https://web.archive.org/web/20190416192926/http://www.people.ku.edu/~jyounger/LinearA/misctexts.html,younger_table_statement,2026-02-24T02:56:37Z,YoungerArchive,https://web.archive.org/web/20190416192926/http://www.people.ku.edu/~jyounger/LinearA/misctexts.html
sigla,GO WC 1A,word_1,AB08 AB31 AB58 AB80 AB28 AB09,http://sigla.phis.me/document/GO%20Wc%201a/index-word.html,sigla_word_seq_pattern,2026-02-24T02:56:37Z,SigLA,http://sigla.phis.me/document/GO%20Wc%201a/index-word.html
youngerarchive,GO WC 3,a._stmt,NEW,https://web.archive.org/web/20190416192926/http://www.people.ku.edu/~jyounger/LinearA/misctexts.html,younger_table_statement,2026-02-24T02:56:37Z,YoungerArchive,https://web.archive.org/web/20190416192926/http://www.people.ku.edu/~jyounger/LinearA/misctexts.html
sigla,HS ZG 1,word_1,AB08 AB80,http://sigla.phis.me/document/HS%20Zg%201/index-word.html,sigla_word_seq_pattern,2026-02-24T02:56:37Z,SigLA,http://sigla.phis.me/document/HS%20Zg%201/index-word.html
youngerarchive,HT 1,.1-2_stmt,QE RA2 U KI RO,https://web.archive.org/web/20190416193018/http://www.people.ku.edu/~jyounger/LinearA/HTtexts.html,younger_table_statement,2026-02-24T02:56:37Z,YoungerArchive,https://web.archive.org/web/20190416193018/http://www.people.ku.edu/~jyounger/LinearA/HTtexts.html
youngerarchive,HT 1,.2-3_stmt,DI DI ZA KE,https://web.archive.org/web/20190416193018/http://www.people.ku.edu/~jyounger/LinearA/HTtexts.html,younger_table_statement,2026-02-24T02:56:37Z,YoungerArchive,https://web.archive.org/web/20190416193018/http://www.people.ku.edu/~jyounger/LinearA/HTtexts.html
youngerarchive,HT 1,.2_stmt,ZU SU,https://web.archive.org/web/20190416193018/http://www.people.ku.edu/~jyounger/LinearA/HTtexts.html,younger_table_statement,2026-02-24T02:56:37Z,YoungerArchive,https://web.archive.org/web/20190416193018/http://www.people.ku.edu/~jyounger/LinearA/HTtexts.html
youngerarchive,HT 1,.3-4_stmt,KU PA3 NU,https://web.archive.org/web/20190416193018/http://www.people.ku.edu/~jyounger/LinearA/HTtexts.html,younger_table_statement,2026-02-24T02:56:37Z,YoungerArchive,https://web.archive.org/web/20190416193018/http://www.people.ku.edu/~jyounger/LinearA/HTtexts.html
youngerarchive,HT 1,.4_stmt,A RA NA RE,https://web.archive.org/web/20190416193018/http://www.people.ku.edu/~jyounger/LinearA/HTtexts.html,younger_table_statement,2026-02-24T02:56:37Z,YoungerArchive,https://web.archive.org/web/20190416193018/http://www.people.ku.edu/~jyounger/LinearA/HTtexts.html
sigla,HT 1,word_1,AB78 AB76 AB10,http://sigla.phis.me/document/HT%201/index-word.html,sigla_word_seq_pattern,2026-02-24T02:56:37Z,SigLA,http://sigla.phis.me/document/HT%201/index-word.html
sigla,HT 1,word_2,AB67 AB02,http://sigla.phis.me/document/HT%201/index-word.html,sigla_word_seq_pattern,2026-02-24T02:56:37Z,SigLA,http://sigla.phis.me/document/HT%201/index-word.html
sigla,HT 1,word_3,AB79 AB58,http://sigla.phis.me/document/HT%201/index-word.html,sigla_word_seq_pattern,2026-02-24T02:56:37Z,SigLA,http://sigla.phis.me/document/HT%201/index-word.html
sigla,HT 1,word_4,AB07 AB07 AB17 AB44,http://sigla.phis.me/document/HT%201/index-word.html,sigla_word_seq_pattern,2026-02-24T02:56:37Z,SigLA,http://sigla.phis.me/document/HT%201/index-word.html
sigla,HT 1,word_5,AB81 AB56 AB55,http://sigla.phis.me/document/HT%201/index-word.html,sigla_word_seq_pattern,2026-02-24T02:56:37Z,SigLA,http://sigla.phis.me/document/HT%201/index-word.html
sigla,HT 1,word_6,AB08 AB60 AB06 AB27,http://sigla.phis.me/document/HT%201/index-word.html,sigla_word_seq_pattern,2026-02-24T02:56:37Z,SigLA,http://sigla.phis.me/document/HT%201/index-word.html
youngerarchive,HT 10,a.1_stmt,KU NI SU,https://web.archive.org/web/20190416193018/http://www.people.ku.edu/~jyounger/LinearA/HTtexts.html,younger_table_statement,2026-02-24T02:56:37Z,YoungerArchive,https://web.archive.org/web/20190416193018/http://www.people.ku.edu/~jyounger/LinearA/HTtexts.html
youngerarchive,HT 10,a.1_stmt,SA MA,https://web.archive.org/web/20190416193018/http://www.people.ku.edu/~jyounger/LinearA/HTtexts.html,younger_table_statement,2026-02-24T02:56:37Z,YoungerArchive,https://web.archive.org/web/20190416193018/http://www.people.ku.edu/~jyounger/LinearA/HTtexts.html
youngerarchive,HT 10,a.2_stmt,DA RE,https://web.archive.org/web/20190416193018/http://www.people.ku.edu/~jyounger/LinearA/HTtexts.html,younger_table_statement,2026-02-24T02:56:37Z,YoungerArchive,https://web.archive.org/web/20190416193018/http://www.people.ku.edu/~jyounger/LinearA/HTtexts.html
youngerarchive,HT 10,a.2a_stmt,U ZA,https://web.archive.org/web/20190416193018/http://www.people.ku.edu/~jyounger/LinearA/HTtexts.html,younger_table_statement,2026-02-24T02:56:37Z,YoungerArchive,https://web.archive.org/web/20190416193018/http://www.people.ku.edu/~jyounger/LinearA/HTtexts.html
youngerarchive,HT 10,a.3_stmt,U ZA,https://web.archive.org/web/20190416193018/http://www.people.ku.edu/~jyounger/LinearA/HTtexts.html,younger_table_statement,2026-02-24T02:56:37Z,YoungerArchive,https://web.archive.org/web/20190416193018/http://www.people.ku.edu/~jyounger/LinearA/HTtexts.html
youngerarchive,HT 10,a.4_stmt,DA RI DA,https://web.archive.org/web/20190416193018/http://www.people.ku.edu/~jyounger/LinearA/HTtexts.html,younger_table_statement,2026-02-24T02:56:37Z,YoungerArchive,https://web.archive.org/web/20190416193018/http://www.people.ku.edu/~jyounger/LinearA/HTtexts.html
youngerarchive,HT 10,a.4_stmt,ME ZA,https://web.archive.org/web/20190416193018/http://www.people.ku.edu/~jyounger/LinearA/HTtexts.html,younger_table_statement,2026-02-24T02:56:37Z,YoungerArchive,https://web.archive.org/web/20190416193018/http://www.people.ku.edu/~jyounger/LinearA/HTtexts.html
youngerarchive,HT 10,b.1-2_stmt,TA RI NA,https://web.archive.org/web/20190416193018/http://www.people.ku.edu/~jyounger/LinearA/HTtexts.html,younger_table_statement,2026-02-24T02:56:37Z,YoungerArchive,https://web.archive.org/web/20190416193018/http://www.people.ku.edu/~jyounger/LinearA/HTtexts.html
youngerarchive,HT 10,b.1_stmt,DA RE,https://web.archive.org/web/20190416193018/http://www.people.ku.edu/~jyounger/LinearA/HTtexts.html,younger_table_statement,2026-02-24T02:56:37Z,YoungerArchive,https://web.archive.org/web/20190416193018/http://www.people.ku.edu/~jyounger/LinearA/HTtexts.html
youngerarchive,HT 10,b.1_stmt,U TI,https://web.archive.org/web/20190416193018/http://www.people.ku.edu/~jyounger/LinearA/HTtexts.html,younger_table_statement,2026-02-24T02:56:37Z,YoungerArchive,https://web.archive.org/web/20190416193018/http://www.people.ku.edu/~jyounger/LinearA/HTtexts.html
youngerarchive,HT 10,b.3_stmt,KA SA RU,https://web.archive.org/web/20190416193018/http://www.people.ku.edu/~jyounger/LinearA/HTtexts.html,younger_table_statement,2026-02-24T02:56:37Z,YoungerArchive,https://web.archive.org/web/20190416193018/http://www.people.ku.edu/~jyounger/LinearA/HTtexts.html
youngerarchive,HT 10,b.4_stmt,TA NA TI,https://web.archive.org/web/20190416193018/http://www.people.ku.edu/~jyounger/LinearA/HTtexts.html,younger_table_statement,2026-02-24T02:56:37Z,YoungerArchive,https://web.archive.org/web/20190416193018/http://www.people.ku.edu/~jyounger/LinearA/HTtexts.html
youngerarchive,HT 100,.1_log,]VIR KA,https://web.archive.org/web/20190416193018/http://www.people.ku.edu/~jyounger/LinearA/HTtexts.html,younger_table_logogram,2026-02-24T02:56:37Z,YoungerArchive,https://web.archive.org/web/20190416193018/http://www.people.ku.edu/~jyounger/LinearA/HTtexts.html
youngerarchive,HT 100,.2-3_log,VIR *313A,https://web.archive.org/web/20190416193018/http://www.people.ku.edu/~jyounger/LinearA/HTtexts.html,younger_table_logogram,2026-02-24T02:56:37Z,YoungerArchive,https://web.archive.org/web/20190416193018/http://www.people.ku.edu/~jyounger/LinearA/HTtexts.html
youngerarchive,HT 100,.2_log,TI A,https://web.archive.org/web/20190416193018/http://www.people.ku.edu/~jyounger/LinearA/HTtexts.html,younger_table_logogram,2026-02-24T02:56:37Z,YoungerArchive,https://web.archive.org/web/20190416193018/http://www.people.ku.edu/~jyounger/LinearA/HTtexts.html
youngerarchive,HT 100,.3_stmt,KU RO,https://web.archive.org/web/20190416193018/http://www.people.ku.edu/~jyounger/LinearA/HTtexts.html,younger_table_statement,2026-02-24T02:56:37Z,YoungerArchive,https://web.archive.org/web/20190416193018/http://www.people.ku.edu/~jyounger/LinearA/HTtexts.html
youngerarchive,HT 100,.4_log,FIC,https://web.archive.org/web/20190416193018/http://www.people.ku.edu/~jyounger/LinearA/HTtexts.html,younger_table_logogram,2026-02-24T02:56:37Z,YoungerArchive,https://web.archive.org/web/20190416193018/http://www.people.ku.edu/~jyounger/LinearA/HTtexts.html
youngerarchive,HT 100,.4_log,VINA,https://web.archive.org/web/20190416193018/http://www.people.ku.edu/~jyounger/LinearA/HTtexts.html,younger_table_logogram,2026-02-24T02:56:37Z,YoungerArchive,https://web.archive.org/web/20190416193018/http://www.people.ku.edu/~jyounger/LinearA/HTtexts.html
youngerarchive,HT 100,.4_stmt,SA RA2,https://web.archive.org/web/20190416193018/http://www.people.ku.edu/~jyounger/LinearA/HTtexts.html,younger_table_statement,2026-02-24T02:56:37Z,YoungerArchive,https://web.archive.org/web/20190416193018/http://www.people.ku.edu/~jyounger/LinearA/HTtexts.html
youngerarchive,HT 100,.5_log,OLE MI,https://web.archive.org/web/20190416193018/http://www.people.ku.edu/~jyounger/LinearA/HTtexts.html,younger_table_logogram,2026-02-24T02:56:37Z,YoungerArchive,https://web.archive.org/web/20190416193018/http://www.people.ku.edu/~jyounger/LinearA/HTtexts.html
youngerarchive,HT 100,.5_log,OLE NE,https://web.archive.org/web/20190416193018/http://www.people.ku.edu/~jyounger/LinearA/HTtexts.html,younger_table_logogram,2026-02-24T02:56:37Z,YoungerArchive,https://web.archive.org/web/20190416193018/http://www.people.ku.edu/~jyounger/LinearA/HTtexts.html
youngerarchive,HT 100,.5_log,OLE U,https://web.archive.org/web/20190416193018/http://www.people.ku.edu/~jyounger/LinearA/HTtexts.html,younger_table_logogram,2026-02-24T02:56:37Z,YoungerArchive,https://web.archive.org/web/20190416193018/http://www.people.ku.edu/~jyounger/LinearA/HTtexts.html
sigla,HT 100,word_1,AB81 AB02,http://sigla.phis.me/document/HT%20100/index-word.html,sigla_word_seq_pattern,2026-02-24T02:56:37Z,SigLA,http://sigla.phis.me/document/HT%20100/index-word.html
sigla,HT 100,word_2,AB31 AB76,http://sigla.phis.me/document/HT%20100/index-word.html,sigla_word_seq_pattern,2026-02-24T02:56:37Z,SigLA,http://sigla.phis.me/document/HT%20100/index-word.html
youngerarchive,HT 101,.1_log,GRA QE,https://web.archive.org/web/20190416193018/http://www.people.ku.edu/~jyounger/LinearA/HTtexts.html,younger_table_logogram,2026-02-24T02:56:37Z,YoungerArchive,https://web.archive.org/web/20190416193018/http://www.people.ku.edu/~jyounger/LinearA/HTtexts.html
youngerarchive,HT 101,.1_stmt,ZU 22F DI,https://web.archive.org/web/20190416193018/http://www.people.ku.edu/~jyounger/LinearA/HTtexts.html,younger_table_statement,2026-02-24T02:56:37Z,YoungerArchive,https://web.archive.org/web/20190416193018/http://www.people.ku.edu/~jyounger/LinearA/HTtexts.html
youngerarchive,HT 101,.2_log,OLE KI,https://web.archive.org/web/20190416193018/http://www.people.ku.edu/~jyounger/LinearA/HTtexts.html,younger_table_logogram,2026-02-24T02:56:37Z,YoungerArchive,https://web.archive.org/web/20190416193018/http://www.people.ku.edu/~jyounger/LinearA/HTtexts.html
youngerarchive,HT 101,.2_log,OLE MI,https://web.archive.org/web/20190416193018/http://www.people.ku.edu/~jyounger/LinearA/HTtexts.html,younger_table_logogram,2026-02-24T02:56:37Z,YoungerArchive,https://web.archive.org/web/20190416193018/http://www.people.ku.edu/~jyounger/LinearA/HTtexts.html
youngerarchive,HT 101,.2_log,OLE U,https://web.archive.org/web/20190416193018/http://www.people.ku.edu/~jyounger/LinearA/HTtexts.html,younger_table_logogram,2026-02-24T02:56:37Z,YoungerArchive,https://web.archive.org/web/20190416193018/http://www.people.ku.edu/~jyounger/LinearA/HTtexts.html
youngerarchive,HT 101,.3_log,DI QE,https://web.archive.org/web/20190416193018/http://www.people.ku.edu/~jyounger/LinearA/HTtexts.html,younger_table_logogram,2026-02-24T02:56:37Z,YoungerArchive,https://web.archive.org/web/20190416193018/http://www.people.ku.edu/~jyounger/LinearA/HTtexts.html
youngerarchive,HT 101,.3_log,GRA,https://web.archive.org/web/20190416193018/http://www.people.ku.edu/~jyounger/LinearA/HTtexts.html,younger_table_logogram,2026-02-24T02:56:37Z,YoungerArchive,https://web.archive.org/web/20190416193018/http://www.people.ku.edu/~jyounger/LinearA/HTtexts.html
youngerarchive,HT 101,.3_log,OLE,https://web.archive.org/web/20190416193018/http://www.people.ku.edu/~jyounger/LinearA/HTtexts.html,younger_table_logogram,2026-02-24T02:56:37Z,YoungerArchive,https://web.archive.org/web/20190416193018/http://www.people.ku.edu/~jyounger/LinearA/HTtexts.html
youngerarchive,HT 101,.3_stmt,SA RA2,https://web.archive.org/web/20190416193018/http://www.people.ku.edu/~jyounger/LinearA/HTtexts.html,younger_table_statement,2026-02-24T02:56:37Z,YoungerArchive,https://web.archive.org/web/20190416193018/http://www.people.ku.edu/~jyounger/LinearA/HTtexts.html
youngerarchive,HT 101,.4_log,OLE U,https://web.archive.org/web/20190416193018/http://www.people.ku.edu/~jyounger/LinearA/HTtexts.html,younger_table_logogram,2026-02-24T02:56:37Z,YoungerArchive,https://web.archive.org/web/20190416193018/http://www.people.ku.edu/~jyounger/LinearA/HTtexts.html
youngerarchive,HT 101,.4_stmt,KU PA3,https://web.archive.org/web/20190416193018/http://www.people.ku.edu/~jyounger/LinearA/HTtexts.html,younger_table_statement,2026-02-24T02:56:37Z,YoungerArchive,https://web.archive.org/web/20190416193018/http://www.people.ku.edu/~jyounger/LinearA/HTtexts.html
youngerarchive,HT 101,.5_log,OLE KI,https://web.archive.org/web/20190416193018/http://www.people.ku.edu/~jyounger/LinearA/HTtexts.html,younger_table_logogram,2026-02-24T02:56:37Z,YoungerArchive,https://web.archive.org/web/20190416193018/http://www.people.ku.edu/~jyounger/LinearA/HTtexts.html
youngerarchive,HT 101,.6_log,OLIV,https://web.archive.org/web/20190416193018/http://www.people.ku.edu/~jyounger/LinearA/HTtexts.html,younger_table_logogram,2026-02-24T02:56:37Z,YoungerArchive,https://web.archive.org/web/20190416193018/http://www.people.ku.edu/~jyounger/LinearA/HTtexts.html
youngerarchive,HT 101,.6_log,OLIV TU,https://web.archive.org/web/20190416193018/http://www.people.ku.edu/~jyounger/LinearA/HTtexts.html,younger_table_logogram,2026-02-24T02:56:37Z,YoungerArchive,https://web.archive.org/web/20190416193018/http://www.people.ku.edu/~jyounger/LinearA/HTtexts.html
sigla,HT 101,word_1,AB79 AB22F AB07,http://sigla.phis.me/document/HT%20101/index-word.html,sigla_word_seq_pattern,2026-02-24T02:56:37Z,SigLA,http://sigla.phis.me/document/HT%20101/index-word.html
sigla,HT 101,word_2,AB31 AB76,http://sigla.phis.me/document/HT%20101/index-word.html,sigla_word_seq_pattern,2026-02-24T02:56:37Z,SigLA,http://sigla.phis.me/document/HT%20101/index-word.html
sigla,HT 101,word_3,AB81,http://sigla.phis.me/document/HT%20101/index-word.html,sigla_word_seq_pattern,2026-02-24T02:56:37Z,SigLA,http://sigla.phis.me/document/HT%20101/index-word.html
sigla,HT 101,word_4,AB56,http://sigla.phis.me/document/HT%20101/index-word.html,sigla_word_seq_pattern,2026-02-24T02:56:37Z,SigLA,http://sigla.phis.me/document/HT%20101/index-word.html
youngerarchive,HT 102,.1-2_log,GRA,https://web.archive.org/web/20190416193018/http://www.people.ku.edu/~jyounger/LinearA/HTtexts.html,younger_table_logogram,2026-02-24T02:56:37Z,YoungerArchive,https://web.archive.org/web/20190416193018/http://www.people.ku.edu/~jyounger/LinearA/HTtexts.html
youngerarchive,HT 102,.1-2_stmt,SA RA2,https://web.archive.org/web/20190416193018/http://www.people.ku.edu/~jyounger/LinearA/HTtexts.html,younger_table_statement,2026-02-24T02:56:37Z,YoungerArchive,https://web.archive.org/web/20190416193018/http://www.people.ku.edu/~jyounger/LinearA/HTtexts.html
youngerarchive,HT 102,.1_stmt,KA PA,https://web.archive.org/web/20190416193018/http://www.people.ku.edu/~jyounger/LinearA/HTtexts.html,younger_table_statement,2026-02-24T02:56:37Z,YoungerArchive,https://web.archive.org/web/20190416193018/http://www.people.ku.edu/~jyounger/LinearA/HTtexts.html
youngerarchive,HT 102,.2_log,GRA PA,https://web.archive.org/web/20190416193018/http://www.people.ku.edu/~jyounger/LinearA/HTtexts.html,younger_table_logogram,2026-02-24T02:56:37Z,YoungerArchive,https://web.archive.org/web/20190416193018/http://www.people.ku.edu/~jyounger/LinearA/HTtexts.html
youngerarchive,HT 102,.2_stmt,PA3 NI,https://web.archive.org/web/20190416193018/http://www.people.ku.edu/~jyounger/LinearA/HTtexts.html,younger_table_statement,2026-02-24T02:56:37Z,YoungerArchive,https://web.archive.org/web/20190416193018/http://www.people.ku.edu/~jyounger/LinearA/HTtexts.html
youngerarchive,HT 102,.3-4_stmt,MA ZU,https://web.archive.org/web/20190416193018/http://www.people.ku.edu/~jyounger/LinearA/HTtexts.html,younger_table_statement,2026-02-24T02:56:37Z,YoungerArchive,https://web.archive.org/web/20190416193018/http://www.people.ku.edu/~jyounger/LinearA/HTtexts.html
youngerarchive,HT 102,.3_log,]VIR GRA PA,https://web.archive.org/web/20190416193018/http://www.people.ku.edu/~jyounger/LinearA/HTtexts.html,younger_table_logogram,2026-02-24T02:56:37Z,YoungerArchive,https://web.archive.org/web/20190416193018/http://www.people.ku.edu/~jyounger/LinearA/HTtexts.html
youngerarchive,HT 102,.3_stmt,DI RI NA,https://web.archive.org/web/20190416193018/http://www.people.ku.edu/~jyounger/LinearA/HTtexts.html,younger_table_statement,2026-02-24T02:56:37Z,YoungerArchive,https://web.archive.org/web/20190416193018/http://www.people.ku.edu/~jyounger/LinearA/HTtexts.html
youngerarchive,HT 102,.4_stmt,I KA,https://web.archive.org/web/20190416193018/http://www.people.ku.edu/~jyounger/LinearA/HTtexts.html,younger_table_statement,2026-02-24T02:56:37Z,YoungerArchive,https://web.archive.org/web/20190416193018/http://www.people.ku.edu/~jyounger/LinearA/HTtexts.html
youngerarchive,HT 102,.5_stmt,KU RO,https://web.archive.org/web/20190416193018/http://www.people.ku.edu/~jyounger/LinearA/HTtexts.html,younger_table_statement,2026-02-24T02:56:37Z,YoungerArchive,https://web.archive.org/web/20190416193018/http://www.people.ku.edu/~jyounger/LinearA/HTtexts.html
sigla,HT 102,word_1,AB77 AB03,http://sigla.phis.me/document/HT%20102/index-word.html,sigla_word_seq_pattern,2026-02-24T02:56:37Z,SigLA,http://sigla.phis.me/document/HT%20102/index-word.html
sigla,HT 102,word_2,AB31 AB76,http://sigla.phis.me/document/HT%20102/index-word.html,sigla_word_seq_pattern,2026-02-24T02:56:37Z,SigLA,http://sigla.phis.me/document/HT%20102/index-word.html
sigla,HT 102,word_3,AB56 AB30,http://sigla.phis.me/document/HT%20102/index-word.html,sigla_word_seq_pattern,2026-02-24T02:56:37Z,SigLA,http://sigla.phis.me/document/HT%20102/index-word.html
sigla,HT 102,word_4,AB07 AB53 AB06,http://sigla.phis.me/document/HT%20102/index-word.html,sigla_word_seq_pattern,2026-02-24T02:56:37Z,SigLA,http://sigla.phis.me/document/HT%20102/index-word.html
sigla,HT 102,word_5,AB80 AB79,http://sigla.phis.me/document/HT%20102/index-word.html,sigla_word_seq_pattern,2026-02-24T02:56:37Z,SigLA,http://sigla.phis.me/document/HT%20102/index-word.html
sigla,HT 102,word_6,AB28 AB77,http://sigla.phis.me/document/HT%20102/index-word.html,sigla_word_seq_pattern,2026-02-24T02:56:37Z,SigLA,http://sigla.phis.me/document/HT%20102/index-word.html
sigla,HT 102,word_7,AB81 AB02,http://sigla.phis.me/document/HT%20102/index-word.html,sigla_word_seq_pattern,2026-02-24T02:56:37Z,SigLA,http://sigla.phis.me/document/HT%20102/index-word.html
youngerarchive,HT 103,.1_log,FIC,https://web.archive.org/web/20190416193018/http://www.people.ku.edu/~jyounger/LinearA/HTtexts.html,younger_table_logogram,2026-02-24T02:56:37Z,YoungerArchive,https://web.archive.org/web/20190416193018/http://www.people.ku.edu/~jyounger/LinearA/HTtexts.html
youngerarchive,HT 103,.1_stmt,U TA2,https://web.archive.org/web/20190416193018/http://www.people.ku.edu/~jyounger/LinearA/HTtexts.html,younger_table_statement,2026-02-24T02:56:37Z,YoungerArchive,https://web.archive.org/web/20190416193018/http://www.people.ku.edu/~jyounger/LinearA/HTtexts.html
youngerarchive,HT 103,.2_log,PA3,https://web.archive.org/web/20190416193018/http://www.people.ku.edu/~jyounger/LinearA/HTtexts.html,younger_table_logogram,2026-02-24T02:56:37Z,YoungerArchive,https://web.archive.org/web/20190416193018/http://www.people.ku.edu/~jyounger/LinearA/HTtexts.html
youngerarchive,HT 103,.2_stmt,DA KU SE NE[,https://web.archive.org/web/20190416193018/http://www.people.ku.edu/~jyounger/LinearA/HTtexts.html,younger_table_statement,2026-02-24T02:56:37Z,YoungerArchive,https://web.archive.org/web/20190416193018/http://www.people.ku.edu/~jyounger/LinearA/HTtexts.html
youngerarchive,HT 103,.4-5_stmt,DA KU SE NE,https://web.archive.org/web/20190416193018/http://www.people.ku.edu/~jyounger/LinearA/HTtexts.html,younger_table_statement,2026-02-24T02:56:37Z,YoungerArchive,https://web.archive.org/web/20190416193018/http://www.people.ku.edu/~jyounger/LinearA/HTtexts.html
youngerarchive,HT 103,.4_stmt,DA KU NA,https://web.archive.org/web/20190416193018/http://www.people.ku.edu/~jyounger/LinearA/HTtexts.html,younger_table_statement,2026-02-24T02:56:37Z,YoungerArchive,https://web.archive.org/web/20190416193018/http://www.people.ku.edu/~jyounger/LinearA/HTtexts.html
youngerarchive,HT 103,.5_stmt,KI RA,https://web.archive.org/web/20190416193018/http://www.people.ku.edu/~jyounger/LinearA/HTtexts.html,younger_table_statement,2026-02-24T02:56:37Z,YoungerArchive,https://web.archive.org/web/20190416193018/http://www.people.ku.edu/~jyounger/LinearA/HTtexts.html
sigla,HT 103,word_1,AB10 AB66,http://sigla.phis.me/document/HT%20103/index-word.html,sigla_word_seq_pattern,2026-02-24T02:56:37Z,SigLA,http://sigla.phis.me/document/HT%20103/index-word.html
sigla,HT 103,word_2,AB56 AB01 AB81 AB09 AB24,http://sigla.phis.me/document/HT%20103/index-word.html,sigla_word_seq_pattern,2026-02-24T02:56:37Z,SigLA,http://sigla.phis.me/document/HT%20103/index-word.html
sigla,HT 103,word_3,AB01 AB81 AB06,http://sigla.phis.me/document/HT%20103/index-word.html,sigla_word_seq_pattern,2026-02-24T02:56:37Z,SigLA,http://sigla.phis.me/document/HT%20103/index-word.html
sigla,HT 103,word_4,AB01 AB81 AB09 AB24,http://sigla.phis.me/document/HT%20103/index-word.html,sigla_word_seq_pattern,2026-02-24T02:56:37Z,SigLA,http://sigla.phis.me/document/HT%20103/index-word.html
sigla,HT 103,word_5,AB67 AB60,http://sigla.phis.me/document/HT%20103/index-word.html,sigla_word_seq_pattern,2026-02-24T02:56:37Z,SigLA,http://sigla.phis.me/document/HT%20103/index-word.html
youngerarchive,HT 104,.1-2_stmt,DA KU SE NE TI,https://web.archive.org/web/20190416193018/http://www.people.ku.edu/~jyounger/LinearA/HTtexts.html,younger_table_statement,2026-02-24T02:56:37Z,YoungerArchive,https://web.archive.org/web/20190416193018/http://www.people.ku.edu/~jyounger/LinearA/HTtexts.html
youngerarchive,HT 104,.1_log,TE RO,https://web.archive.org/web/20190416193018/http://www.people.ku.edu/~jyounger/LinearA/HTtexts.html,younger_table_logogram,2026-02-24T02:56:37Z,YoungerArchive,https://web.archive.org/web/20190416193018/http://www.people.ku.edu/~jyounger/LinearA/HTtexts.html
youngerarchive,HT 104,.1_stmt,TA PA,https://web.archive.org/web/20190416193018/http://www.people.ku.edu/~jyounger/LinearA/HTtexts.html,younger_table_statement,2026-02-24T02:56:37Z,YoungerArchive,https://web.archive.org/web/20190416193018/http://www.people.ku.edu/~jyounger/LinearA/HTtexts.html
youngerarchive,HT 104,.2-3_stmt,I DU TI,https://web.archive.org/web/20190416193018/http://www.people.ku.edu/~jyounger/LinearA/HTtexts.html,younger_table_statement,2026-02-24T02:56:37Z,YoungerArchive,https://web.archive.org/web/20190416193018/http://www.people.ku.edu/~jyounger/LinearA/HTtexts.html
youngerarchive,HT 104,.3-4_stmt,PA DA SU TI,https://web.archive.org/web/20190416193018/http://www.people.ku.edu/~jyounger/LinearA/HTtexts.html,younger_table_statement,2026-02-24T02:56:37Z,YoungerArchive,https://web.archive.org/web/20190416193018/http://www.people.ku.edu/~jyounger/LinearA/HTtexts.html
youngerarchive,HT 104,.5_stmt,KU RO,https://web.archive.org/web/20190416193018/http://www.people.ku.edu/~jyounger/LinearA/HTtexts.html,younger_table_statement,2026-02-24T02:56:37Z,YoungerArchive,https://web.archive.org/web/20190416193018/http://www.people.ku.edu/~jyounger/LinearA/HTtexts.html
sigla,HT 104,word_1,AB59 AB03,http://sigla.phis.me/document/HT%20104/index-word.html,sigla_word_seq_pattern,2026-02-24T02:56:37Z,SigLA,http://sigla.phis.me/document/HT%20104/index-word.html
sigla,HT 104,word_2,AB01 AB81 AB09 AB24 AB37,http://sigla.phis.me/document/HT%20104/index-word.html,sigla_word_seq_pattern,2026-02-24T02:56:37Z,SigLA,http://sigla.phis.me/document/HT%20104/index-word.html
sigla,HT 104,word_3,AB28 AB51 AB37,http://sigla.phis.me/document/HT%20104/index-word.html,sigla_word_seq_pattern,2026-02-24T02:56:37Z,SigLA,http://sigla.phis.me/document/HT%20104/index-word.html
sigla,HT 104,word_4,AB03 AB01 AB58 AB37,http://sigla.phis.me/document/HT%20104/index-word.html,sigla_word_seq_pattern,2026-02-24T02:56:37Z,SigLA,http://sigla.phis.me/document/HT%20104/index-word.html
sigla,HT 104,word_5,AB81 AB02,http://sigla.phis.me/document/HT%20104/index-word.html,sigla_word_seq_pattern,2026-02-24T02:56:37Z,SigLA,http://sigla.phis.me/document/HT%20104/index-word.html
youngerarchive,HT 105,.1_stmt,KA PA[,https://web.archive.org/web/20190416193018/http://www.people.ku.edu/~jyounger/LinearA/HTtexts.html,younger_table_statement,2026-02-24T02:56:37Z,YoungerArchive,https://web.archive.org/web/20190416193018/http://www.people.ku.edu/~jyounger/LinearA/HTtexts.html
youngerarchive,HT 105,.2_log,]VIR,https://web.archive.org/web/20190416193018/http://www.people.ku.edu/~jyounger/LinearA/HTtexts.html,younger_table_logogram,2026-02-24T02:56:37Z,YoungerArchive,https://web.archive.org/web/20190416193018/http://www.people.ku.edu/~jyounger/LinearA/HTtexts.html
youngerarchive,HT 105,.3_log,VIR,https://web.archive.org/web/20190416193018/http://www.people.ku.edu/~jyounger/LinearA/HTtexts.html,younger_table_logogram,2026-02-24T02:56:37Z,YoungerArchive,https://web.archive.org/web/20190416193018/http://www.people.ku.edu/~jyounger/LinearA/HTtexts.html
youngerarchive,HT 105,.3_stmt,SA RA2,https://web.archive.org/web/20190416193018/http://www.people.ku.edu/~jyounger/LinearA/HTtexts.html,younger_table_statement,2026-02-24T02:56:37Z,YoungerArchive,https://web.archive.org/web/20190416193018/http://www.people.ku.edu/~jyounger/LinearA/HTtexts.html
youngerarchive,HT 106,.1_stmt,MI NU TE,https://web.archive.org/web/20190416193018/http://www.people.ku.edu/~jyounger/LinearA/HTtexts.html,younger_table_statement,2026-02-24T02:56:37Z,YoungerArchive,https://web.archive.org/web/20190416193018/http://www.people.ku.edu/~jyounger/LinearA/HTtexts.html
youngerarchive,HT 108,.1_log,GRA H,https://web.archive.org/web/20190416193018/http://www.people.ku.edu/~jyounger/LinearA/HTtexts.html,younger_table_logogram,2026-02-24T02:56:37Z,YoungerArchive,https://web.archive.org/web/20190416193018/http://www.people.ku.edu/~jyounger/LinearA/HTtexts.html
youngerarchive,HT 108,.1_log,VIR,https://web.archive.org/web/20190416193018/http://www.people.ku.edu/~jyounger/LinearA/HTtexts.html,younger_table_logogram,2026-02-24T02:56:37Z,YoungerArchive,https://web.archive.org/web/20190416193018/http://www.people.ku.edu/~jyounger/LinearA/HTtexts.html
youngerarchive,HT 108,.1_stmt,KI RE TA NA,https://web.archive.org/web/20190416193018/http://www.people.ku.edu/~jyounger/LinearA/HTtexts.html,younger_table_statement,2026-02-24T02:56:37Z,YoungerArchive,https://web.archive.org/web/20190416193018/http://www.people.ku.edu/~jyounger/LinearA/HTtexts.html
youngerarchive,HT 108,.2_stmt,DI NA RO,https://web.archive.org/web/20190416193018/http://www.people.ku.edu/~jyounger/LinearA/HTtexts.html,younger_table_statement,2026-02-24T02:56:37Z,YoungerArchive,https://web.archive.org/web/20190416193018/http://www.people.ku.edu/~jyounger/LinearA/HTtexts.html
youngerarchive,HT 108,.2_stmt,DU SU NI,https://web.archive.org/web/20190416193018/http://www.people.ku.edu/~jyounger/LinearA/HTtexts.html,younger_table_statement,2026-02-24T02:56:37Z,YoungerArchive,https://web.archive.org/web/20190416193018/http://www.people.ku.edu/~jyounger/LinearA/HTtexts.html
sigla,HT 108,word_1,AB67 AB27 AB59 AB06,http://sigla.phis.me/document/HT%20108/index-word.html,sigla_word_seq_pattern,2026-02-24T02:56:37Z,SigLA,http://sigla.phis.me/document/HT%20108/index-word.html
sigla,HT 108,word_2,AB07 AB06 AB02,http://sigla.phis.me/document/HT%20108/index-word.html,sigla_word_seq_pattern,2026-02-24T02:56:37Z,SigLA,http://sigla.phis.me/document/HT%20108/index-word.html
sigla,HT 108,word_3,AB51 AB58 AB30,http://sigla.phis.me/document/HT%20108/index-word.html,sigla_word_seq_pattern,2026-02-24T02:56:37Z,SigLA,http://sigla.phis.me/document/HT%20108/index-word.html
sigla,HT 108,word_4,[?] AB76 AB37 AB65,http://sigla.phis.me/document/HT%20108/index-word.html,sigla_word_seq_pattern,2026-02-24T02:56:37Z,SigLA,http://sigla.phis.me/document/HT%20108/index-word.html
youngerarchive,HT 109,.3_stmt,KU RO,https://web.archive.org/web/20190416193018/http://www.people.ku.edu/~jyounger/LinearA/HTtexts.html,younger_table_statement,2026-02-24T02:56:37Z,YoungerArchive,https://web.archive.org/web/20190416193018/http://www.people.ku.edu/~jyounger/LinearA/HTtexts.html
youngerarchive,HT 109,.4_stmt,A RA JU,https://web.archive.org/web/20190416193018/http://www.people.ku.edu/~jyounger/LinearA/HTtexts.html,younger_table_statement,2026-02-24T02:56:37Z,YoungerArchive,https://web.archive.org/web/20190416193018/http://www.people.ku.edu/~jyounger/LinearA/HTtexts.html
sigla,HT 109,word_1,AB27,http://sigla.phis.me/document/HT%20109/index-word.html,sigla_word_seq_pattern,2026-02-24T02:56:37Z,SigLA,http://sigla.phis.me/document/HT%20109/index-word.html
sigla,HT 109,word_3,AB59,http://sigla.phis.me/document/HT%20109/index-word.html,sigla_word_seq_pattern,2026-02-24T02:56:37Z,SigLA,http://sigla.phis.me/document/HT%20109/index-word.html
sigla,HT 109,word_4,AB81 AB02,http://sigla.phis.me/document/HT%20109/index-word.html,sigla_word_seq_pattern,2026-02-24T02:56:37Z,SigLA,http://sigla.phis.me/document/HT%20109/index-word.html
sigla,HT 109,word_5,AB08 AB60 AB65,http://sigla.phis.me/document/HT%20109/index-word.html,sigla_word_seq_pattern,2026-02-24T02:56:37Z,SigLA,http://sigla.phis.me/document/HT%20109/index-word.html
sigla,HT 10A,word_1,AB81 AB30 AB58,http://sigla.phis.me/document/HT%2010a/index-word.html,sigla_word_seq_pattern,2026-02-24T02:56:37Z,SigLA,http://sigla.phis.me/document/HT%2010a/index-word.html
sigla,HT 10A,word_2,AB31 AB80,http://sigla.phis.me/document/HT%2010a/index-word.html,sigla_word_seq_pattern,2026-02-24T02:56:37Z,SigLA,http://sigla.phis.me/document/HT%2010a/index-word.html
sigla,HT 10A,word_3,AB01 AB27,http://sigla.phis.me/document/HT%2010a/index-word.html,sigla_word_seq_pattern,2026-02-24T02:56:37Z,SigLA,http://sigla.phis.me/document/HT%2010a/index-word.html
sigla,HT 10A,word_4,AB10 A325 AB17,http://sigla.phis.me/document/HT%2010a/index-word.html,sigla_word_seq_pattern,2026-02-24T02:56:37Z,SigLA,http://sigla.phis.me/document/HT%2010a/index-word.html
sigla,HT 10A,word_5,AB10 A325 AB17,http://sigla.phis.me/document/HT%2010a/index-word.html,sigla_word_seq_pattern,2026-02-24T02:56:37Z,SigLA,http://sigla.phis.me/document/HT%2010a/index-word.html
sigla,HT 10A,word_6,A305 AB26,http://sigla.phis.me/document/HT%2010a/index-word.html,sigla_word_seq_pattern,2026-02-24T02:56:37Z,SigLA,http://sigla.phis.me/document/HT%2010a/index-word.html
sigla,HT 10A,word_7,AB01 AB53 AB01,http://sigla.phis.me/document/HT%2010a/index-word.html,sigla_word_seq_pattern,2026-02-24T02:56:37Z,SigLA,http://sigla.phis.me/document/HT%2010a/index-word.html
sigla,HT 10A,word_8,AB13 AB17,http://sigla.phis.me/document/HT%2010a/index-word.html,sigla_word_seq_pattern,2026-02-24T02:56:37Z,SigLA,http://sigla.phis.me/document/HT%2010a/index-word.html
sigla,HT 10B,word_1,AB10 AB37,http://sigla.phis.me/document/HT%2010b/index-word.html,sigla_word_seq_pattern,2026-02-24T02:56:37Z,SigLA,http://sigla.phis.me/document/HT%2010b/index-word.html
sigla,HT 10B,word_2,AB01 AB27,http://sigla.phis.me/document/HT%2010b/index-word.html,sigla_word_seq_pattern,2026-02-24T02:56:37Z,SigLA,http://sigla.phis.me/document/HT%2010b/index-word.html
sigla,HT 10B,word_3,AB59 AB53 AB06,http://sigla.phis.me/document/HT%2010b/index-word.html,sigla_word_seq_pattern,2026-02-24T02:56:37Z,SigLA,http://sigla.phis.me/document/HT%2010b/index-word.html
sigla,HT 10B,word_4,A312 AB59,http://sigla.phis.me/document/HT%2010b/index-word.html,sigla_word_seq_pattern,2026-02-24T02:56:37Z,SigLA,http://sigla.phis.me/document/HT%2010b/index-word.html
sigla,HT 10B,word_5,AB77 AB31 AB26,http://sigla.phis.me/document/HT%2010b/index-word.html,sigla_word_seq_pattern,2026-02-24T02:56:37Z,SigLA,http://sigla.phis.me/document/HT%2010b/index-word.html
sigla,HT 10B,word_6,AB59 AB06 AB37,http://sigla.phis.me/document/HT%2010b/index-word.html,sigla_word_seq_pattern,2026-02-24T02:56:37Z,SigLA,http://sigla.phis.me/document/HT%2010b/index-word.html
youngerarchive,HT 11,a.1-2_stmt,A RU RA,https://web.archive.org/web/20190416193018/http://www.people.ku.edu/~jyounger/LinearA/HTtexts.html,younger_table_statement,2026-02-24T02:56:37Z,YoungerArchive,https://web.archive.org/web/20190416193018/http://www.people.ku.edu/~jyounger/LinearA/HTtexts.html
youngerarchive,HT 11,a.2_stmt,KA RO NA,https://web.archive.org/web/20190416193018/http://www.people.ku.edu/~jyounger/LinearA/HTtexts.html,younger_table_statement,2026-02-24T02:56:37Z,YoungerArchive,https://web.archive.org/web/20190416193018/http://www.people.ku.edu/~jyounger/LinearA/HTtexts.html
youngerarchive,HT 11,a.3-4_stmt,A SU JA,https://web.archive.org/web/20190416193018/http://www.people.ku.edu/~jyounger/LinearA/HTtexts.html,younger_table_statement,2026-02-24T02:56:37Z,YoungerArchive,https://web.archive.org/web/20190416193018/http://www.people.ku.edu/~jyounger/LinearA/HTtexts.html
youngerarchive,HT 11,a.3_stmt,KU RO,https://web.archive.org/web/20190416193018/http://www.people.ku.edu/~jyounger/LinearA/HTtexts.html,younger_table_statement,2026-02-24T02:56:37Z,YoungerArchive,https://web.archive.org/web/20190416193018/http://www.people.ku.edu/~jyounger/LinearA/HTtexts.html
youngerarchive,HT 11,a.4_stmt,VIR I,https://web.archive.org/web/20190416193018/http://www.people.ku.edu/~jyounger/LinearA/HTtexts.html,younger_table_statement,2026-02-24T02:56:37Z,YoungerArchive,https://web.archive.org/web/20190416193018/http://www.people.ku.edu/~jyounger/LinearA/HTtexts.html
youngerarchive,HT 11,a.5_stmt,TA2,https://web.archive.org/web/20190416193018/http://www.people.ku.edu/~jyounger/LinearA/HTtexts.html,younger_table_statement,2026-02-24T02:56:37Z,YoungerArchive,https://web.archive.org/web/20190416193018/http://www.people.ku.edu/~jyounger/LinearA/HTtexts.html
youngerarchive,HT 11,b.1_stmt,DE NU,https://web.archive.org/web/20190416193018/http://www.people.ku.edu/~jyounger/LinearA/HTtexts.html,younger_table_statement,2026-02-24T02:56:37Z,YoungerArchive,https://web.archive.org/web/20190416193018/http://www.people.ku.edu/~jyounger/LinearA/HTtexts.html
youngerarchive,HT 11,b.1_stmt,RU RA2,https://web.archive.org/web/20190416193018/http://www.people.ku.edu/~jyounger/LinearA/HTtexts.html,younger_table_statement,2026-02-24T02:56:37Z,YoungerArchive,https://web.archive.org/web/20190416193018/http://www.people.ku.edu/~jyounger/LinearA/HTtexts.html
youngerarchive,HT 11,b.3-4_stmt,RU ZU NA,https://web.archive.org/web/20190416193018/http://www.people.ku.edu/~jyounger/LinearA/HTtexts.html,younger_table_statement,2026-02-24T02:56:37Z,YoungerArchive,https://web.archive.org/web/20190416193018/http://www.people.ku.edu/~jyounger/LinearA/HTtexts.html
youngerarchive,HT 11,b.4-5_stmt,SA QE RI,https://web.archive.org/web/20190416193018/http://www.people.ku.edu/~jyounger/LinearA/HTtexts.html,younger_table_statement,2026-02-24T02:56:37Z,YoungerArchive,https://web.archive.org/web/20190416193018/http://www.people.ku.edu/~jyounger/LinearA/HTtexts.html
youngerarchive,HT 11,b.5-6_stmt,KU RO,https://web.archive.org/web/20190416193018/http://www.people.ku.edu/~jyounger/LinearA/HTtexts.html,younger_table_statement,2026-02-24T02:56:37Z,YoungerArchive,https://web.archive.org/web/20190416193018/http://www.people.ku.edu/~jyounger/LinearA/HTtexts.html
youngerarchive,HT 110,a.1_stmt,SI DU KU MI,https://web.archive.org/web/20190416193018/http://www.people.ku.edu/~jyounger/LinearA/HTtexts.html,younger_table_statement,2026-02-24T02:56:37Z,YoungerArchive,https://web.archive.org/web/20190416193018/http://www.people.ku.edu/~jyounger/LinearA/HTtexts.html
youngerarchive,HT 110,a.2_stmt,KU PA,https://web.archive.org/web/20190416193018/http://www.people.ku.edu/~jyounger/LinearA/HTtexts.html,younger_table_statement,2026-02-24T02:56:37Z,YoungerArchive,https://web.archive.org/web/20190416193018/http://www.people.ku.edu/~jyounger/LinearA/HTtexts.html
youngerarchive,HT 110,a.3_stmt,KU RO,https://web.archive.org/web/20190416193018/http://www.people.ku.edu/~jyounger/LinearA/HTtexts.html,younger_table_statement,2026-02-24T02:56:37Z,YoungerArchive,https://web.archive.org/web/20190416193018/http://www.people.ku.edu/~jyounger/LinearA/HTtexts.html
youngerarchive,HT 110,a.4_log,]FIC,https://web.archive.org/web/20190416193018/http://www.people.ku.edu/~jyounger/LinearA/HTtexts.html,younger_table_logogram,2026-02-24T02:56:37Z,YoungerArchive,https://web.archive.org/web/20190416193018/http://www.people.ku.edu/~jyounger/LinearA/HTtexts.html
youngerarchive,HT 110,b.1-2_log,*400VAS RI,https://web.archive.org/web/20190416193018/http://www.people.ku.edu/~jyounger/LinearA/HTtexts.html,younger_table_logogram,2026-02-24T02:56:37Z,YoungerArchive,https://web.archive.org/web/20190416193018/http://www.people.ku.edu/~jyounger/LinearA/HTtexts.html
youngerarchive,HT 110,b.4_log,FIC,https://web.archive.org/web/20190416193018/http://www.people.ku.edu/~jyounger/LinearA/HTtexts.html,younger_table_logogram,2026-02-24T02:56:37Z,YoungerArchive,https://web.archive.org/web/20190416193018/http://www.people.ku.edu/~jyounger/LinearA/HTtexts.html
sigla,HT 110A,word_1,AB41 AB51 AB34 AB81 AB73,http://sigla.phis.me/document/HT%20110a/index-word.html,sigla_word_seq_pattern,2026-02-24T02:56:37Z,SigLA,http://sigla.phis.me/document/HT%20110a/index-word.html
sigla,HT 110A,word_2,AB81 AB03,http://sigla.phis.me/document/HT%20110a/index-word.html,sigla_word_seq_pattern,2026-02-24T02:56:37Z,SigLA,http://sigla.phis.me/document/HT%20110a/index-word.html
sigla,HT 110A,word_3,AB81 AB02,http://sigla.phis.me/document/HT%20110a/index-word.html,sigla_word_seq_pattern,2026-02-24T02:56:37Z,SigLA,http://sigla.phis.me/document/HT%20110a/index-word.html
sigla,HT 110B,word_2,AB02,http://sigla.phis.me/document/HT%20110b/index-word.html,sigla_word_seq_pattern,2026-02-24T02:56:37Z,SigLA,http://sigla.phis.me/document/HT%20110b/index-word.html
youngerarchive,HT 111,a.2_stmt,QA SA,https://web.archive.org/web/20190416193018/http://www.people.ku.edu/~jyounger/LinearA/HTtexts.html,younger_table_statement,2026-02-24T02:56:37Z,YoungerArchive,https://web.archive.org/web/20190416193018/http://www.people.ku.edu/~jyounger/LinearA/HTtexts.html
youngerarchive,HT 111,a.2_stmt,]QE KA,https://web.archive.org/web/20190416193018/http://www.people.ku.edu/~jyounger/LinearA/HTtexts.html,younger_table_statement,2026-02-24T02:56:37Z,YoungerArchive,https://web.archive.org/web/20190416193018/http://www.people.ku.edu/~jyounger/LinearA/HTtexts.html
youngerarchive,HT 111,a.3_stmt,QA QA RU,https://web.archive.org/web/20190416193018/http://www.people.ku.edu/~jyounger/LinearA/HTtexts.html,younger_table_statement,2026-02-24T02:56:37Z,YoungerArchive,https://web.archive.org/web/20190416193018/http://www.people.ku.edu/~jyounger/LinearA/HTtexts.html
youngerarchive,HT 111,b.1_stmt,SA DI,https://web.archive.org/web/20190416193018/http://www.people.ku.edu/~jyounger/LinearA/HTtexts.html,younger_table_statement,2026-02-24T02:56:37Z,YoungerArchive,https://web.archive.org/web/20190416193018/http://www.people.ku.edu/~jyounger/LinearA/HTtexts.html
youngerarchive,HT 111,b.3_log,]FIC,https://web.archive.org/web/20190416193018/http://www.people.ku.edu/~jyounger/LinearA/HTtexts.html,younger_table_logogram,2026-02-24T02:56:37Z,YoungerArchive,https://web.archive.org/web/20190416193018/http://www.people.ku.edu/~jyounger/LinearA/HTtexts.html
youngerarchive,HT 112,a.1_log,OVISF[,https://web.archive.org/web/20190416193018/http://www.people.ku.edu/~jyounger/LinearA/HTtexts.html,younger_table_logogram,2026-02-24T02:56:37Z,YoungerArchive,https://web.archive.org/web/20190416193018/http://www.people.ku.edu/~jyounger/LinearA/HTtexts.html
youngerarchive,HT 112,a.2_stmt,]TU PA,https://web.archive.org/web/20190416193018/http://www.people.ku.edu/~jyounger/LinearA/HTtexts.html,younger_table_statement,2026-02-24T02:56:37Z,YoungerArchive,https://web.archive.org/web/20190416193018/http://www.people.ku.edu/~jyounger/LinearA/HTtexts.html
sigla,HT 112A,word_2,AB69 AB03,http://sigla.phis.me/document/HT%20112a/index-word.html,sigla_word_seq_pattern,2026-02-24T02:56:37Z,SigLA,http://sigla.phis.me/document/HT%20112a/index-word.html
youngerarchive,HT 113,.1_stmt,RA RI DE[,https://web.archive.org/web/20190416193018/http://www.people.ku.edu/~jyounger/LinearA/HTtexts.html,younger_table_statement,2026-02-24T02:56:37Z,YoungerArchive,https://web.archive.org/web/20190416193018/http://www.people.ku.edu/~jyounger/LinearA/HTtexts.html
youngerarchive,HT 113,.2-3_stmt,]WI SA,https://web.archive.org/web/20190416193018/http://www.people.ku.edu/~jyounger/LinearA/HTtexts.html,younger_table_statement,2026-02-24T02:56:37Z,YoungerArchive,https://web.archive.org/web/20190416193018/http://www.people.ku.edu/~jyounger/LinearA/HTtexts.html
sigla,HT 113,word_1,AB60 AB53 AB45,http://sigla.phis.me/document/HT%20113/index-word.html,sigla_word_seq_pattern,2026-02-24T02:56:37Z,SigLA,http://sigla.phis.me/document/HT%20113/index-word.html
sigla,HT 113,word_2,AB40 AB31,http://sigla.phis.me/document/HT%20113/index-word.html,sigla_word_seq_pattern,2026-02-24T02:56:37Z,SigLA,http://sigla.phis.me/document/HT%20113/index-word.html
sigla,HT 113 TER,word_1,AB73 [?],http://sigla.phis.me/document/HT%20113%20ter/index-word.html,sigla_word_seq_pattern,2026-02-24T02:56:37Z,SigLA,http://sigla.phis.me/document/HT%20113%20ter/index-word.html
youngerarchive,HT 114,a.1-2_log,GRA,https://web.archive.org/web/20190416193018/http://www.people.ku.edu/~jyounger/LinearA/HTtexts.html,younger_table_logogram,2026-02-24T02:56:37Z,YoungerArchive,https://web.archive.org/web/20190416193018/http://www.people.ku.edu/~jyounger/LinearA/HTtexts.html
youngerarchive,HT 114,a.1-2_stmt,SA RA2,https://web.archive.org/web/20190416193018/http://www.people.ku.edu/~jyounger/LinearA/HTtexts.html,younger_table_statement,2026-02-24T02:56:37Z,YoungerArchive,https://web.archive.org/web/20190416193018/http://www.people.ku.edu/~jyounger/LinearA/HTtexts.html
youngerarchive,HT 114,a.1_stmt,KI RI TA2,https://web.archive.org/web/20190416193018/http://www.people.ku.edu/~jyounger/LinearA/HTtexts.html,younger_table_statement,2026-02-24T02:56:37Z,YoungerArchive,https://web.archive.org/web/20190416193018/http://www.people.ku.edu/~jyounger/LinearA/HTtexts.html
youngerarchive,HT 114,a.2_log,OLE,https://web.archive.org/web/20190416193018/http://www.people.ku.edu/~jyounger/LinearA/HTtexts.html,younger_table_logogram,2026-02-24T02:56:37Z,YoungerArchive,https://web.archive.org/web/20190416193018/http://www.people.ku.edu/~jyounger/LinearA/HTtexts.html
youngerarchive,HT 114,a.3-4_log,BOSM,https://web.archive.org/web/20190416193018/http://www.people.ku.edu/~jyounger/LinearA/HTtexts.html,younger_table_logogram,2026-02-24T02:56:37Z,YoungerArchive,https://web.archive.org/web/20190416193018/http://www.people.ku.edu/~jyounger/LinearA/HTtexts.html
youngerarchive,HT 114,a.3_log,FIC,https://web.archive.org/web/20190416193018/http://www.people.ku.edu/~jyounger/LinearA/HTtexts.html,younger_table_logogram,2026-02-24T02:56:37Z,YoungerArchive,https://web.archive.org/web/20190416193018/http://www.people.ku.edu/~jyounger/LinearA/HTtexts.html
youngerarchive,HT 114,a.3_log,VINA,https://web.archive.org/web/20190416193018/http://www.people.ku.edu/~jyounger/LinearA/HTtexts.html,younger_table_logogram,2026-02-24T02:56:37Z,YoungerArchive,https://web.archive.org/web/20190416193018/http://www.people.ku.edu/~jyounger/LinearA/HTtexts.html
youngerarchive,HT 114,b.1_log,SA VINA,https://web.archive.org/web/20190416193018/http://www.people.ku.edu/~jyounger/LinearA/HTtexts.html,younger_table_logogram,2026-02-24T02:56:37Z,YoungerArchive,https://web.archive.org/web/20190416193018/http://www.people.ku.edu/~jyounger/LinearA/HTtexts.html
sigla,HT 114A,word_1,AB67 AB53 AB66,http://sigla.phis.me/document/HT%20114a/index-word.html,sigla_word_seq_pattern,2026-02-24T02:56:37Z,SigLA,http://sigla.phis.me/document/HT%20114a/index-word.html
sigla,HT 114A,word_2,AB31 AB76,http://sigla.phis.me/document/HT%20114a/index-word.html,sigla_word_seq_pattern,2026-02-24T02:56:37Z,SigLA,http://sigla.phis.me/document/HT%20114a/index-word.html
youngerarchive,HT 115,a.1-2_stmt,RI TA MA NU WI,https://web.archive.org/web/20190416193018/http://www.people.ku.edu/~jyounger/LinearA/HTtexts.html,younger_table_statement,2026-02-24T02:56:37Z,YoungerArchive,https://web.archive.org/web/20190416193018/http://www.people.ku.edu/~jyounger/LinearA/HTtexts.html
youngerarchive,HT 115,a.1_log,I GRA *22M,https://web.archive.org/web/20190416193018/http://www.people.ku.edu/~jyounger/LinearA/HTtexts.html,younger_table_logogram,2026-02-24T02:56:37Z,YoungerArchive,https://web.archive.org/web/20190416193018/http://www.people.ku.edu/~jyounger/LinearA/HTtexts.html
youngerarchive,HT 115,a.1_stmt,NU RA JA,https://web.archive.org/web/20190416193018/http://www.people.ku.edu/~jyounger/LinearA/HTtexts.html,younger_table_statement,2026-02-24T02:56:37Z,YoungerArchive,https://web.archive.org/web/20190416193018/http://www.people.ku.edu/~jyounger/LinearA/HTtexts.html
youngerarchive,HT 115,a.2-3_stmt,NA QIF NE MI NA,https://web.archive.org/web/20190416193018/http://www.people.ku.edu/~jyounger/LinearA/HTtexts.html,younger_table_statement,2026-02-24T02:56:37Z,YoungerArchive,https://web.archive.org/web/20190416193018/http://www.people.ku.edu/~jyounger/LinearA/HTtexts.html
youngerarchive,HT 115,a.3_stmt,SE KU TU,https://web.archive.org/web/20190416193018/http://www.people.ku.edu/~jyounger/LinearA/HTtexts.html,younger_table_statement,2026-02-24T02:56:37Z,YoungerArchive,https://web.archive.org/web/20190416193018/http://www.people.ku.edu/~jyounger/LinearA/HTtexts.html
youngerarchive,HT 115,a.4_stmt,A SE JA,https://web.archive.org/web/20190416193018/http://www.people.ku.edu/~jyounger/LinearA/HTtexts.html,younger_table_statement,2026-02-24T02:56:37Z,YoungerArchive,https://web.archive.org/web/20190416193018/http://www.people.ku.edu/~jyounger/LinearA/HTtexts.html
youngerarchive,HT 115,a.4_stmt,PA RA NE,https://web.archive.org/web/20190416193018/http://www.people.ku.edu/~jyounger/LinearA/HTtexts.html,younger_table_statement,2026-02-24T02:56:37Z,YoungerArchive,https://web.archive.org/web/20190416193018/http://www.people.ku.edu/~jyounger/LinearA/HTtexts.html
youngerarchive,HT 115,a.5_stmt,KA PO RU,https://web.archive.org/web/20190416193018/http://www.people.ku.edu/~jyounger/LinearA/HTtexts.html,younger_table_statement,2026-02-24T02:56:37Z,YoungerArchive,https://web.archive.org/web/20190416193018/http://www.people.ku.edu/~jyounger/LinearA/HTtexts.html
youngerarchive,HT 115,b.1_stmt,]RU PA RA NE,https://web.archive.org/web/20190416193018/http://www.people.ku.edu/~jyounger/LinearA/HTtexts.html,younger_table_statement,2026-02-24T02:56:37Z,YoungerArchive,https://web.archive.org/web/20190416193018/http://www.people.ku.edu/~jyounger/LinearA/HTtexts.html
youngerarchive,HT 115,b.2_log,GRA,https://web.archive.org/web/20190416193018/http://www.people.ku.edu/~jyounger/LinearA/HTtexts.html,younger_table_logogram,2026-02-24T02:56:37Z,YoungerArchive,https://web.archive.org/web/20190416193018/http://www.people.ku.edu/~jyounger/LinearA/HTtexts.html
youngerarchive,HT 115,b.2_stmt,DU PA3 NA,https://web.archive.org/web/20190416193018/http://www.people.ku.edu/~jyounger/LinearA/HTtexts.html,younger_table_statement,2026-02-24T02:56:37Z,YoungerArchive,https://web.archive.org/web/20190416193018/http://www.people.ku.edu/~jyounger/LinearA/HTtexts.html
youngerarchive,HT 115,b.2_stmt,TI NU JA NU WI,https://web.archive.org/web/20190416193018/http://www.people.ku.edu/~jyounger/LinearA/HTtexts.html,younger_table_statement,2026-02-24T02:56:37Z,YoungerArchive,https://web.archive.org/web/20190416193018/http://www.people.ku.edu/~jyounger/LinearA/HTtexts.html
youngerarchive,HT 115,b.3_stmt,KU RU MA,https://web.archive.org/web/20190416193018/http://www.people.ku.edu/~jyounger/LinearA/HTtexts.html,younger_table_statement,2026-02-24T02:56:37Z,YoungerArchive,https://web.archive.org/web/20190416193018/http://www.people.ku.edu/~jyounger/LinearA/HTtexts.html
youngerarchive,HT 115,b.3_stmt,TU JA,https://web.archive.org/web/20190416193018/http://www.people.ku.edu/~jyounger/LinearA/HTtexts.html,younger_table_statement,2026-02-24T02:56:37Z,YoungerArchive,https://web.archive.org/web/20190416193018/http://www.people.ku.edu/~jyounger/LinearA/HTtexts.html
youngerarchive,HT 115,b.4_stmt,KU TA[,https://web.archive.org/web/20190416193018/http://www.people.ku.edu/~jyounger/LinearA/HTtexts.html,younger_table_statement,2026-02-24T02:56:37Z,YoungerArchive,https://web.archive.org/web/20190416193018/http://www.people.ku.edu/~jyounger/LinearA/HTtexts.html
sigla,HT 115A,word_1,AB47 AB55 AB60 AB56,http://sigla.phis.me/document/HT%20115a/index-word.html,sigla_word_seq_pattern,2026-02-24T02:56:37Z,SigLA,http://sigla.phis.me/document/HT%20115a/index-word.html
sigla,HT 115A,word_2,AB53 AB59 AB80 AB55 AB40,http://sigla.phis.me/document/HT%20115a/index-word.html,sigla_word_seq_pattern,2026-02-24T02:56:37Z,SigLA,http://sigla.phis.me/document/HT%20115a/index-word.html
sigla,HT 115A,word_3,AB06 AB21F AB24 AB73 AB06,http://sigla.phis.me/document/HT%20115a/index-word.html,sigla_word_seq_pattern,2026-02-24T02:56:37Z,SigLA,http://sigla.phis.me/document/HT%20115a/index-word.html
sigla,HT 115A,word_4,AB09 AB81 AB69,http://sigla.phis.me/document/HT%20115a/index-word.html,sigla_word_seq_pattern,2026-02-24T02:56:37Z,SigLA,http://sigla.phis.me/document/HT%20115a/index-word.html
sigla,HT 115A,word_5,AB03 AB60 AB24,http://sigla.phis.me/document/HT%20115a/index-word.html,sigla_word_seq_pattern,2026-02-24T02:56:37Z,SigLA,http://sigla.phis.me/document/HT%20115a/index-word.html
sigla,HT 115A,word_6,AB08 AB09 AB57 A718,http://sigla.phis.me/document/HT%20115a/index-word.html,sigla_word_seq_pattern,2026-02-24T02:56:37Z,SigLA,http://sigla.phis.me/document/HT%20115a/index-word.html
sigla,HT 115A,word_7,AB77 AB11 AB26,http://sigla.phis.me/document/HT%20115a/index-word.html,sigla_word_seq_pattern,2026-02-24T02:56:37Z,SigLA,http://sigla.phis.me/document/HT%20115a/index-word.html
sigla,HT 115B,word_1,AB26,http://sigla.phis.me/document/HT%20115b/index-word.html,sigla_word_seq_pattern,2026-02-24T02:56:37Z,SigLA,http://sigla.phis.me/document/HT%20115b/index-word.html
sigla,HT 115B,word_2,AB03 AB60 AB24,http://sigla.phis.me/document/HT%20115b/index-word.html,sigla_word_seq_pattern,2026-02-24T02:56:37Z,SigLA,http://sigla.phis.me/document/HT%20115b/index-word.html
sigla,HT 115B,word_3,AB37 AB55 AB57,http://sigla.phis.me/document/HT%20115b/index-word.html,sigla_word_seq_pattern,2026-02-24T02:56:37Z,SigLA,http://sigla.phis.me/document/HT%20115b/index-word.html
sigla,HT 115B,word_4,AB55 AB40,http://sigla.phis.me/document/HT%20115b/index-word.html,sigla_word_seq_pattern,2026-02-24T02:56:37Z,SigLA,http://sigla.phis.me/document/HT%20115b/index-word.html
sigla,HT 115B,word_5,AB51 AB56 AB06,http://sigla.phis.me/document/HT%20115b/index-word.html,sigla_word_seq_pattern,2026-02-24T02:56:37Z,SigLA,http://sigla.phis.me/document/HT%20115b/index-word.html
sigla,HT 115B,word_6,AB81 AB26 AB80,http://sigla.phis.me/document/HT%20115b/index-word.html,sigla_word_seq_pattern,2026-02-24T02:56:37Z,SigLA,http://sigla.phis.me/document/HT%20115b/index-word.html
sigla,HT 115B,word_7,A306 AB69 AB57,http://sigla.phis.me/document/HT%20115b/index-word.html,sigla_word_seq_pattern,2026-02-24T02:56:37Z,SigLA,http://sigla.phis.me/document/HT%20115b/index-word.html
sigla,HT 115B,word_8,AB08 AB28 [?] [?],http://sigla.phis.me/document/HT%20115b/index-word.html,sigla_word_seq_pattern,2026-02-24T02:56:37Z,SigLA,http://sigla.phis.me/document/HT%20115b/index-word.html
sigla,HT 115B,word_9,AB81 AB59,http://sigla.phis.me/document/HT%20115b/index-word.html,sigla_word_seq_pattern,2026-02-24T02:56:37Z,SigLA,http://sigla.phis.me/document/HT%20115b/index-word.html
youngerarchive,HT 116,a.1-2_stmt,KU PA JA,https://web.archive.org/web/20190416193018/http://www.people.ku.edu/~jyounger/LinearA/HTtexts.html,younger_table_statement,2026-02-24T02:56:37Z,YoungerArchive,https://web.archive.org/web/20190416193018/http://www.people.ku.edu/~jyounger/LinearA/HTtexts.html
youngerarchive,HT 116,a.1_stmt,U TA RO,https://web.archive.org/web/20190416193018/http://www.people.ku.edu/~jyounger/LinearA/HTtexts.html,younger_table_statement,2026-02-24T02:56:37Z,YoungerArchive,https://web.archive.org/web/20190416193018/http://www.people.ku.edu/~jyounger/LinearA/HTtexts.html
youngerarchive,HT 116,a.2_stmt,PU RA2,https://web.archive.org/web/20190416193018/http://www.people.ku.edu/~jyounger/LinearA/HTtexts.html,younger_table_statement,2026-02-24T02:56:37Z,YoungerArchive,https://web.archive.org/web/20190416193018/http://www.people.ku.edu/~jyounger/LinearA/HTtexts.html
youngerarchive,HT 116,a.3-4_log,SI SE,https://web.archive.org/web/20190416193018/http://www.people.ku.edu/~jyounger/LinearA/HTtexts.html,younger_table_logogram,2026-02-24T02:56:37Z,YoungerArchive,https://web.archive.org/web/20190416193018/http://www.people.ku.edu/~jyounger/LinearA/HTtexts.html
youngerarchive,HT 116,a.4_stmt,PI TE,https://web.archive.org/web/20190416193018/http://www.people.ku.edu/~jyounger/LinearA/HTtexts.html,younger_table_statement,2026-02-24T02:56:37Z,YoungerArchive,https://web.archive.org/web/20190416193018/http://www.people.ku.edu/~jyounger/LinearA/HTtexts.html
youngerarchive,HT 116,a.5-6_stmt,SI KI NE,https://web.archive.org/web/20190416193018/http://www.people.ku.edu/~jyounger/LinearA/HTtexts.html,younger_table_statement,2026-02-24T02:56:37Z,YoungerArchive,https://web.archive.org/web/20190416193018/http://www.people.ku.edu/~jyounger/LinearA/HTtexts.html
youngerarchive,HT 116,a.6-7_stmt,QA NU MA,https://web.archive.org/web/20190416193018/http://www.people.ku.edu/~jyounger/LinearA/HTtexts.html,younger_table_statement,2026-02-24T02:56:37Z,YoungerArchive,https://web.archive.org/web/20190416193018/http://www.people.ku.edu/~jyounger/LinearA/HTtexts.html
youngerarchive,HT 116,b.1_stmt,KU RO,https://web.archive.org/web/20190416193018/http://www.people.ku.edu/~jyounger/LinearA/HTtexts.html,younger_table_statement,2026-02-24T02:56:37Z,YoungerArchive,https://web.archive.org/web/20190416193018/http://www.people.ku.edu/~jyounger/LinearA/HTtexts.html
sigla,HT 116A,word_1,AB10 AB59 AB02,http://sigla.phis.me/document/HT%20116a/index-word.html,sigla_word_seq_pattern,2026-02-24T02:56:37Z,SigLA,http://sigla.phis.me/document/HT%20116a/index-word.html
sigla,HT 116A,word_2,AB81 AB03 AB57,http://sigla.phis.me/document/HT%20116a/index-word.html,sigla_word_seq_pattern,2026-02-24T02:56:37Z,SigLA,http://sigla.phis.me/document/HT%20116a/index-word.html
sigla,HT 116A,word_3,AB50 AB76,http://sigla.phis.me/document/HT%20116a/index-word.html,sigla_word_seq_pattern,2026-02-24T02:56:37Z,SigLA,http://sigla.phis.me/document/HT%20116a/index-word.html
sigla,HT 116A,word_4,AB39 AB34 AB04,http://sigla.phis.me/document/HT%20116a/index-word.html,sigla_word_seq_pattern,2026-02-24T02:56:37Z,SigLA,http://sigla.phis.me/document/HT%20116a/index-word.html
sigla,HT 116A,word_5,AB41 AB67 AB24,http://sigla.phis.me/document/HT%20116a/index-word.html,sigla_word_seq_pattern,2026-02-24T02:56:37Z,SigLA,http://sigla.phis.me/document/HT%20116a/index-word.html
sigla,HT 116A,word_6,AB16 AB55 AB80,http://sigla.phis.me/document/HT%20116a/index-word.html,sigla_word_seq_pattern,2026-02-24T02:56:37Z,SigLA,http://sigla.phis.me/document/HT%20116a/index-word.html
sigla,HT 116B,word_1,AB81 AB02,http://sigla.phis.me/document/HT%20116b/index-word.html,sigla_word_seq_pattern,2026-02-24T02:56:37Z,SigLA,http://sigla.phis.me/document/HT%20116b/index-word.html
youngerarchive,HT 117,a.1-2_stmt,MA KA RI TE KI RO U MI NA SI,https://web.archive.org/web/20190416193018/http://www.people.ku.edu/~jyounger/LinearA/HTtexts.html,younger_table_statement,2026-02-24T02:56:37Z,YoungerArchive,https://web.archive.org/web/20190416193018/http://www.people.ku.edu/~jyounger/LinearA/HTtexts.html
youngerarchive,HT 117,a.2-3_stmt,KU RA MU,https://web.archive.org/web/20190416193018/http://www.people.ku.edu/~jyounger/LinearA/HTtexts.html,younger_table_statement,2026-02-24T02:56:37Z,YoungerArchive,https://web.archive.org/web/20190416193018/http://www.people.ku.edu/~jyounger/LinearA/HTtexts.html
youngerarchive,HT 117,a.2_stmt,MI TU,https://web.archive.org/web/20190416193018/http://www.people.ku.edu/~jyounger/LinearA/HTtexts.html,younger_table_statement,2026-02-24T02:56:37Z,YoungerArchive,https://web.archive.org/web/20190416193018/http://www.people.ku.edu/~jyounger/LinearA/HTtexts.html
youngerarchive,HT 117,a.2_stmt,U SU,https://web.archive.org/web/20190416193018/http://www.people.ku.edu/~jyounger/LinearA/HTtexts.html,younger_table_statement,2026-02-24T02:56:37Z,YoungerArchive,https://web.archive.org/web/20190416193018/http://www.people.ku.edu/~jyounger/LinearA/HTtexts.html
youngerarchive,HT 117,a.3-4_stmt,TU JU MA,https://web.archive.org/web/20190416193018/http://www.people.ku.edu/~jyounger/LinearA/HTtexts.html,younger_table_statement,2026-02-24T02:56:37Z,YoungerArchive,https://web.archive.org/web/20190416193018/http://www.people.ku.edu/~jyounger/LinearA/HTtexts.html
youngerarchive,HT 117,a.3_stmt,KU PA3 NU,https://web.archive.org/web/20190416193018/http://www.people.ku.edu/~jyounger/LinearA/HTtexts.html,younger_table_statement,2026-02-24T02:56:37Z,YoungerArchive,https://web.archive.org/web/20190416193018/http://www.people.ku.edu/~jyounger/LinearA/HTtexts.html
youngerarchive,HT 117,a.3_stmt,MA RU,https://web.archive.org/web/20190416193018/http://www.people.ku.edu/~jyounger/LinearA/HTtexts.html,younger_table_statement,2026-02-24T02:56:37Z,YoungerArchive,https://web.archive.org/web/20190416193018/http://www.people.ku.edu/~jyounger/LinearA/HTtexts.html
youngerarchive,HT 117,a.4-5_stmt,MI RU TA RA RE,https://web.archive.org/web/20190416193018/http://www.people.ku.edu/~jyounger/LinearA/HTtexts.html,younger_table_statement,2026-02-24T02:56:37Z,YoungerArchive,https://web.archive.org/web/20190416193018/http://www.people.ku.edu/~jyounger/LinearA/HTtexts.html
youngerarchive,HT 117,a.4_stmt,U DI MI,https://web.archive.org/web/20190416193018/http://www.people.ku.edu/~jyounger/LinearA/HTtexts.html,younger_table_statement,2026-02-24T02:56:37Z,YoungerArchive,https://web.archive.org/web/20190416193018/http://www.people.ku.edu/~jyounger/LinearA/HTtexts.html
youngerarchive,HT 117,a.5_stmt,NA DA RE,https://web.archive.org/web/20190416193018/http://www.people.ku.edu/~jyounger/LinearA/HTtexts.html,younger_table_statement,2026-02-24T02:56:37Z,YoungerArchive,https://web.archive.org/web/20190416193018/http://www.people.ku.edu/~jyounger/LinearA/HTtexts.html
youngerarchive,HT 117,a.5_stmt,TE JA RE,https://web.archive.org/web/20190416193018/http://www.people.ku.edu/~jyounger/LinearA/HTtexts.html,younger_table_statement,2026-02-24T02:56:37Z,YoungerArchive,https://web.archive.org/web/20190416193018/http://www.people.ku.edu/~jyounger/LinearA/HTtexts.html
youngerarchive,HT 117,a.6_stmt,KU RO,https://web.archive.org/web/20190416193018/http://www.people.ku.edu/~jyounger/LinearA/HTtexts.html,younger_table_statement,2026-02-24T02:56:37Z,YoungerArchive,https://web.archive.org/web/20190416193018/http://www.people.ku.edu/~jyounger/LinearA/HTtexts.html
youngerarchive,HT 117,a.7-8_stmt,KO SA I TI,https://web.archive.org/web/20190416193018/http://www.people.ku.edu/~jyounger/LinearA/HTtexts.html,younger_table_statement,2026-02-24T02:56:37Z,YoungerArchive,https://web.archive.org/web/20190416193018/http://www.people.ku.edu/~jyounger/LinearA/HTtexts.html
youngerarchive,HT 117,a.7_stmt,KU KU DA RA,https://web.archive.org/web/20190416193018/http://www.people.ku.edu/~jyounger/LinearA/HTtexts.html,younger_table_statement,2026-02-24T02:56:37Z,YoungerArchive,https://web.archive.org/web/20190416193018/http://www.people.ku.edu/~jyounger/LinearA/HTtexts.html
youngerarchive,HT 117,a.7_stmt,SA TA,https://web.archive.org/web/20190416193018/http://www.people.ku.edu/~jyounger/LinearA/HTtexts.html,younger_table_statement,2026-02-24T02:56:37Z,YoungerArchive,https://web.archive.org/web/20190416193018/http://www.people.ku.edu/~jyounger/LinearA/HTtexts.html
youngerarchive,HT 117,a.8-9_stmt,DA NE KU TI,https://web.archive.org/web/20190416193018/http://www.people.ku.edu/~jyounger/LinearA/HTtexts.html,younger_table_statement,2026-02-24T02:56:37Z,YoungerArchive,https://web.archive.org/web/20190416193018/http://www.people.ku.edu/~jyounger/LinearA/HTtexts.html
youngerarchive,HT 117,a.8_stmt,DA MI NU,https://web.archive.org/web/20190416193018/http://www.people.ku.edu/~jyounger/LinearA/HTtexts.html,younger_table_statement,2026-02-24T02:56:37Z,YoungerArchive,https://web.archive.org/web/20190416193018/http://www.people.ku.edu/~jyounger/LinearA/HTtexts.html
youngerarchive,HT 117,a.9_stmt,KI DA RO,https://web.archive.org/web/20190416193018/http://www.people.ku.edu/~jyounger/LinearA/HTtexts.html,younger_table_statement,2026-02-24T02:56:37Z,YoungerArchive,https://web.archive.org/web/20190416193018/http://www.people.ku.edu/~jyounger/LinearA/HTtexts.html
youngerarchive,HT 117,b.1_stmt,KU RE JU,https://web.archive.org/web/20190416193018/http://www.people.ku.edu/~jyounger/LinearA/HTtexts.html,younger_table_statement,2026-02-24T02:56:37Z,YoungerArchive,https://web.archive.org/web/20190416193018/http://www.people.ku.edu/~jyounger/LinearA/HTtexts.html
youngerarchive,HT 117,b.1_stmt,QIF TU NE,https://web.archive.org/web/20190416193018/http://www.people.ku.edu/~jyounger/LinearA/HTtexts.html,younger_table_statement,2026-02-24T02:56:37Z,YoungerArchive,https://web.archive.org/web/20190416193018/http://www.people.ku.edu/~jyounger/LinearA/HTtexts.html
youngerarchive,HT 117,b.2_stmt,DI KI SE,https://web.archive.org/web/20190416193018/http://www.people.ku.edu/~jyounger/LinearA/HTtexts.html,younger_table_statement,2026-02-24T02:56:37Z,YoungerArchive,https://web.archive.org/web/20190416193018/http://www.people.ku.edu/~jyounger/LinearA/HTtexts.html
sigla,HT 117A,word_1,AB80 AB77 AB53 AB04,http://sigla.phis.me/document/HT%20117a/index-word.html,sigla_word_seq_pattern,2026-02-24T02:56:37Z,SigLA,http://sigla.phis.me/document/HT%20117a/index-word.html
sigla,HT 117A,word_10,AB10 AB07 AB73,http://sigla.phis.me/document/HT%20117a/index-word.html,sigla_word_seq_pattern,2026-02-24T02:56:37Z,SigLA,http://sigla.phis.me/document/HT%20117a/index-word.html
sigla,HT 117A,word_11,AB73 AB26 AB59 AB60 AB27,http://sigla.phis.me/document/HT%20117a/index-word.html,sigla_word_seq_pattern,2026-02-24T02:56:37Z,SigLA,http://sigla.phis.me/document/HT%20117a/index-word.html
sigla,HT 117A,word_12,AB04 AB56 AB27,http://sigla.phis.me/document/HT%20117a/index-word.html,sigla_word_seq_pattern,2026-02-24T02:56:37Z,SigLA,http://sigla.phis.me/document/HT%20117a/index-word.html
sigla,HT 117A,word_13,AB06 AB01 AB27,http://sigla.phis.me/document/HT%20117a/index-word.html,sigla_word_seq_pattern,2026-02-24T02:56:37Z,SigLA,http://sigla.phis.me/document/HT%20117a/index-word.html
sigla,HT 117A,word_14,AB81 AB02,http://sigla.phis.me/document/HT%20117a/index-word.html,sigla_word_seq_pattern,2026-02-24T02:56:37Z,SigLA,http://sigla.phis.me/document/HT%20117a/index-word.html
sigla,HT 117A,word_15,AB31 AB59,http://sigla.phis.me/document/HT%20117a/index-word.html,sigla_word_seq_pattern,2026-02-24T02:56:37Z,SigLA,http://sigla.phis.me/document/HT%20117a/index-word.html
sigla,HT 117A,word_16,AB81 AB81 AB01 AB60,http://sigla.phis.me/document/HT%20117a/index-word.html,sigla_word_seq_pattern,2026-02-24T02:56:37Z,SigLA,http://sigla.phis.me/document/HT%20117a/index-word.html
sigla,HT 117A,word_17,AB70 AB31 AB28 AB37,http://sigla.phis.me/document/HT%20117a/index-word.html,sigla_word_seq_pattern,2026-02-24T02:56:37Z,SigLA,http://sigla.phis.me/document/HT%20117a/index-word.html
sigla,HT 117A,word_18,AB01 AB73 AB55,http://sigla.phis.me/document/HT%20117a/index-word.html,sigla_word_seq_pattern,2026-02-24T02:56:37Z,SigLA,http://sigla.phis.me/document/HT%20117a/index-word.html
sigla,HT 117A,word_19,AB01 AB24 AB81 AB37,http://sigla.phis.me/document/HT%20117a/index-word.html,sigla_word_seq_pattern,2026-02-24T02:56:37Z,SigLA,http://sigla.phis.me/document/HT%20117a/index-word.html
sigla,HT 117A,word_2,AB67 AB02,http://sigla.phis.me/document/HT%20117a/index-word.html,sigla_word_seq_pattern,2026-02-24T02:56:37Z,SigLA,http://sigla.phis.me/document/HT%20117a/index-word.html
sigla,HT 117A,word_20,AB67 AB01 AB02,http://sigla.phis.me/document/HT%20117a/index-word.html,sigla_word_seq_pattern,2026-02-24T02:56:37Z,SigLA,http://sigla.phis.me/document/HT%20117a/index-word.html
sigla,HT 117A,word_3,AB10 AB73 AB06 AB41,http://sigla.phis.me/document/HT%20117a/index-word.html,sigla_word_seq_pattern,2026-02-24T02:56:37Z,SigLA,http://sigla.phis.me/document/HT%20117a/index-word.html
sigla,HT 117A,word_4,AB10 AB58,http://sigla.phis.me/document/HT%20117a/index-word.html,sigla_word_seq_pattern,2026-02-24T02:56:37Z,SigLA,http://sigla.phis.me/document/HT%20117a/index-word.html
sigla,HT 117A,word_5,AB73 AB69,http://sigla.phis.me/document/HT%20117a/index-word.html,sigla_word_seq_pattern,2026-02-24T02:56:37Z,SigLA,http://sigla.phis.me/document/HT%20117a/index-word.html
sigla,HT 117A,word_6,AB81 AB60 AB23,http://sigla.phis.me/document/HT%20117a/index-word.html,sigla_word_seq_pattern,2026-02-24T02:56:37Z,SigLA,http://sigla.phis.me/document/HT%20117a/index-word.html
sigla,HT 117A,word_7,AB80 AB26,http://sigla.phis.me/document/HT%20117a/index-word.html,sigla_word_seq_pattern,2026-02-24T02:56:37Z,SigLA,http://sigla.phis.me/document/HT%20117a/index-word.html
sigla,HT 117A,word_8,AB81 AB56 AB55,http://sigla.phis.me/document/HT%20117a/index-word.html,sigla_word_seq_pattern,2026-02-24T02:56:37Z,SigLA,http://sigla.phis.me/document/HT%20117a/index-word.html
sigla,HT 117A,word_9,AB69 AB65 AB80,http://sigla.phis.me/document/HT%20117a/index-word.html,sigla_word_seq_pattern,2026-02-24T02:56:37Z,SigLA,http://sigla.phis.me/document/HT%20117a/index-word.html
sigla,HT 117B,word_1,AB21F AB69 AB24,http://sigla.phis.me/document/HT%20117b/index-word.html,sigla_word_seq_pattern,2026-02-24T02:56:37Z,SigLA,http://sigla.phis.me/document/HT%20117b/index-word.html
sigla,HT 117B,word_2,AB81 AB27 AB65,http://sigla.phis.me/document/HT%20117b/index-word.html,sigla_word_seq_pattern,2026-02-24T02:56:37Z,SigLA,http://sigla.phis.me/document/HT%20117b/index-word.html
sigla,HT 117B,word_3,AB07 AB67 AB09,http://sigla.phis.me/document/HT%20117b/index-word.html,sigla_word_seq_pattern,2026-02-24T02:56:37Z,SigLA,http://sigla.phis.me/document/HT%20117b/index-word.html
youngerarchive,HT 118,.1_log,SUS I [?],https://web.archive.org/web/20190416193018/http://www.people.ku.edu/~jyounger/LinearA/HTtexts.html,younger_table_logogram,2026-02-24T02:56:37Z,YoungerArchive,https://web.archive.org/web/20190416193018/http://www.people.ku.edu/~jyounger/LinearA/HTtexts.html
youngerarchive,HT 118,.1_stmt,MA DI,https://web.archive.org/web/20190416193018/http://www.people.ku.edu/~jyounger/LinearA/HTtexts.html,younger_table_statement,2026-02-24T02:56:37Z,YoungerArchive,https://web.archive.org/web/20190416193018/http://www.people.ku.edu/~jyounger/LinearA/HTtexts.html
youngerarchive,HT 118,.2-3_stmt,QA QA RU,https://web.archive.org/web/20190416193018/http://www.people.ku.edu/~jyounger/LinearA/HTtexts.html,younger_table_statement,2026-02-24T02:56:37Z,YoungerArchive,https://web.archive.org/web/20190416193018/http://www.people.ku.edu/~jyounger/LinearA/HTtexts.html
youngerarchive,HT 118,.3-4_stmt,A RI SU,https://web.archive.org/web/20190416193018/http://www.people.ku.edu/~jyounger/LinearA/HTtexts.html,younger_table_statement,2026-02-24T02:56:37Z,YoungerArchive,https://web.archive.org/web/20190416193018/http://www.people.ku.edu/~jyounger/LinearA/HTtexts.html
youngerarchive,HT 118,.4_stmt,RI RU MA,https://web.archive.org/web/20190416193018/http://www.people.ku.edu/~jyounger/LinearA/HTtexts.html,younger_table_statement,2026-02-24T02:56:37Z,YoungerArchive,https://web.archive.org/web/20190416193018/http://www.people.ku.edu/~jyounger/LinearA/HTtexts.html
youngerarchive,HT 118,.5_stmt,KU RO,https://web.archive.org/web/20190416193018/http://www.people.ku.edu/~jyounger/LinearA/HTtexts.html,younger_table_statement,2026-02-24T02:56:37Z,YoungerArchive,https://web.archive.org/web/20190416193018/http://www.people.ku.edu/~jyounger/LinearA/HTtexts.html
sigla,HT 118,word_1,AB80 AB07,http://sigla.phis.me/document/HT%20118/index-word.html,sigla_word_seq_pattern,2026-02-24T02:56:37Z,SigLA,http://sigla.phis.me/document/HT%20118/index-word.html
sigla,HT 118,word_2,AB16 AB16 AB26,http://sigla.phis.me/document/HT%20118/index-word.html,sigla_word_seq_pattern,2026-02-24T02:56:37Z,SigLA,http://sigla.phis.me/document/HT%20118/index-word.html
sigla,HT 118,word_3,AB08 AB53 AB58,http://sigla.phis.me/document/HT%20118/index-word.html,sigla_word_seq_pattern,2026-02-24T02:56:37Z,SigLA,http://sigla.phis.me/document/HT%20118/index-word.html
sigla,HT 118,word_4,AB53 AB26 AB80,http://sigla.phis.me/document/HT%20118/index-word.html,sigla_word_seq_pattern,2026-02-24T02:56:37Z,SigLA,http://sigla.phis.me/document/HT%20118/index-word.html
sigla,HT 118,word_5,AB81 AB02,http://sigla.phis.me/document/HT%20118/index-word.html,sigla_word_seq_pattern,2026-02-24T02:56:37Z,SigLA,http://sigla.phis.me/document/HT%20118/index-word.html
youngerarchive,HT 119,.1_log,VIR,https://web.archive.org/web/20190416193018/http://www.people.ku.edu/~jyounger/LinearA/HTtexts.html,younger_table_logogram,2026-02-24T02:56:37Z,YoungerArchive,https://web.archive.org/web/20190416193018/http://www.people.ku.edu/~jyounger/LinearA/HTtexts.html
youngerarchive,HT 119,.2_stmt,KO JA,https://web.archive.org/web/20190416193018/http://www.people.ku.edu/~jyounger/LinearA/HTtexts.html,younger_table_statement,2026-02-24T02:56:37Z,YoungerArchive,https://web.archive.org/web/20190416193018/http://www.people.ku.edu/~jyounger/LinearA/HTtexts.html
youngerarchive,HT 119,.2_stmt,RI MI SI,https://web.archive.org/web/20190416193018/http://www.people.ku.edu/~jyounger/LinearA/HTtexts.html,younger_table_statement,2026-02-24T02:56:37Z,YoungerArchive,https://web.archive.org/web/20190416193018/http://www.people.ku.edu/~jyounger/LinearA/HTtexts.html
youngerarchive,HT 119,.3_stmt,KU PA3 NA TU,https://web.archive.org/web/20190416193018/http://www.people.ku.edu/~jyounger/LinearA/HTtexts.html,younger_table_statement,2026-02-24T02:56:37Z,YoungerArchive,https://web.archive.org/web/20190416193018/http://www.people.ku.edu/~jyounger/LinearA/HTtexts.html
youngerarchive,HT 119,.5_stmt,KU RO,https://web.archive.org/web/20190416193018/http://www.people.ku.edu/~jyounger/LinearA/HTtexts.html,younger_table_statement,2026-02-24T02:56:37Z,YoungerArchive,https://web.archive.org/web/20190416193018/http://www.people.ku.edu/~jyounger/LinearA/HTtexts.html
sigla,HT 119,word_1,AB53 AB73 AB41,http://sigla.phis.me/document/HT%20119/index-word.html,sigla_word_seq_pattern,2026-02-24T02:56:37Z,SigLA,http://sigla.phis.me/document/HT%20119/index-word.html
sigla,HT 119,word_2,AB70 AB57,http://sigla.phis.me/document/HT%20119/index-word.html,sigla_word_seq_pattern,2026-02-24T02:56:37Z,SigLA,http://sigla.phis.me/document/HT%20119/index-word.html
sigla,HT 119,word_3,AB81 AB56 AB06 AB69,http://sigla.phis.me/document/HT%20119/index-word.html,sigla_word_seq_pattern,2026-02-24T02:56:37Z,SigLA,http://sigla.phis.me/document/HT%20119/index-word.html
sigla,HT 119,word_4,AB57 A345,http://sigla.phis.me/document/HT%20119/index-word.html,sigla_word_seq_pattern,2026-02-24T02:56:37Z,SigLA,http://sigla.phis.me/document/HT%20119/index-word.html
sigla,HT 119,word_5,A306 AB69,http://sigla.phis.me/document/HT%20119/index-word.html,sigla_word_seq_pattern,2026-02-24T02:56:37Z,SigLA,http://sigla.phis.me/document/HT%20119/index-word.html
sigla,HT 119,word_6,A327 AB65,http://sigla.phis.me/document/HT%20119/index-word.html,sigla_word_seq_pattern,2026-02-24T02:56:37Z,SigLA,http://sigla.phis.me/document/HT%20119/index-word.html
sigla,HT 119,word_7,AB81 AB02,http://sigla.phis.me/document/HT%20119/index-word.html,sigla_word_seq_pattern,2026-02-24T02:56:37Z,SigLA,http://sigla.phis.me/document/HT%20119/index-word.html
sigla,HT 11A,word_1,AB08 AB26 AB60 [?],http://sigla.phis.me/document/HT%2011a/index-word.html,sigla_word_seq_pattern,2026-02-24T02:56:37Z,SigLA,http://sigla.phis.me/document/HT%2011a/index-word.html
sigla,HT 11A,word_2,AB77 AB02 AB06,http://sigla.phis.me/document/HT%2011a/index-word.html,sigla_word_seq_pattern,2026-02-24T02:56:37Z,SigLA,http://sigla.phis.me/document/HT%2011a/index-word.html
sigla,HT 11A,word_3,A322 AB53,http://sigla.phis.me/document/HT%2011a/index-word.html,sigla_word_seq_pattern,2026-02-24T02:56:37Z,SigLA,http://sigla.phis.me/document/HT%2011a/index-word.html
sigla,HT 11A,word_4,AB81 AB02,http://sigla.phis.me/document/HT%2011a/index-word.html,sigla_word_seq_pattern,2026-02-24T02:56:37Z,SigLA,http://sigla.phis.me/document/HT%2011a/index-word.html
sigla,HT 11A,word_5,AB08 AB58 AB57,http://sigla.phis.me/document/HT%2011a/index-word.html,sigla_word_seq_pattern,2026-02-24T02:56:37Z,SigLA,http://sigla.phis.me/document/HT%2011a/index-word.html
sigla,HT 11A,word_6,AB100 AB28,http://sigla.phis.me/document/HT%2011a/index-word.html,sigla_word_seq_pattern,2026-02-24T02:56:37Z,SigLA,http://sigla.phis.me/document/HT%2011a/index-word.html
sigla,HT 11B,word_1,AB45 AB55,http://sigla.phis.me/document/HT%2011b/index-word.html,sigla_word_seq_pattern,2026-02-24T02:56:37Z,SigLA,http://sigla.phis.me/document/HT%2011b/index-word.html
sigla,HT 11B,word_2,AB26 AB76,http://sigla.phis.me/document/HT%2011b/index-word.html,sigla_word_seq_pattern,2026-02-24T02:56:37Z,SigLA,http://sigla.phis.me/document/HT%2011b/index-word.html
sigla,HT 11B,word_3,AB86,http://sigla.phis.me/document/HT%2011b/index-word.html,sigla_word_seq_pattern,2026-02-24T02:56:37Z,SigLA,http://sigla.phis.me/document/HT%2011b/index-word.html
sigla,HT 11B,word_4,AB26 AB79 AB06,http://sigla.phis.me/document/HT%2011b/index-word.html,sigla_word_seq_pattern,2026-02-24T02:56:37Z,SigLA,http://sigla.phis.me/document/HT%2011b/index-word.html
sigla,HT 11B,word_5,AB31 AB78 AB53,http://sigla.phis.me/document/HT%2011b/index-word.html,sigla_word_seq_pattern,2026-02-24T02:56:37Z,SigLA,http://sigla.phis.me/document/HT%2011b/index-word.html
sigla,HT 11B,word_6,AB81 AB02,http://sigla.phis.me/document/HT%2011b/index-word.html,sigla_word_seq_pattern,2026-02-24T02:56:37Z,SigLA,http://sigla.phis.me/document/HT%2011b/index-word.html
youngerarchive,HT 12,.1-2_log,OLE DI,https://web.archive.org/web/20190416193018/http://www.people.ku.edu/~jyounger/LinearA/HTtexts.html,younger_table_logogram,2026-02-24T02:56:37Z,YoungerArchive,https://web.archive.org/web/20190416193018/http://www.people.ku.edu/~jyounger/LinearA/HTtexts.html
youngerarchive,HT 12,.1-2_stmt,QA TI DA TE,https://web.archive.org/web/20190416193018/http://www.people.ku.edu/~jyounger/LinearA/HTtexts.html,younger_table_statement,2026-02-24T02:56:37Z,YoungerArchive,https://web.archive.org/web/20190416193018/http://www.people.ku.edu/~jyounger/LinearA/HTtexts.html
youngerarchive,HT 12,.3_log,QA [?] PU,https://web.archive.org/web/20190416193018/http://www.people.ku.edu/~jyounger/LinearA/HTtexts.html,younger_table_logogram,2026-02-24T02:56:37Z,YoungerArchive,https://web.archive.org/web/20190416193018/http://www.people.ku.edu/~jyounger/LinearA/HTtexts.html
youngerarchive,HT 12,.3_stmt,QE TU NE,https://web.archive.org/web/20190416193018/http://www.people.ku.edu/~jyounger/LinearA/HTtexts.html,younger_table_statement,2026-02-24T02:56:37Z,YoungerArchive,https://web.archive.org/web/20190416193018/http://www.people.ku.edu/~jyounger/LinearA/HTtexts.html
youngerarchive,HT 12,.4-5_log,MA RU,https://web.archive.org/web/20190416193018/http://www.people.ku.edu/~jyounger/LinearA/HTtexts.html,younger_table_logogram,2026-02-24T02:56:37Z,YoungerArchive,https://web.archive.org/web/20190416193018/http://www.people.ku.edu/~jyounger/LinearA/HTtexts.html
youngerarchive,HT 12,.5_log,FIC,https://web.archive.org/web/20190416193018/http://www.people.ku.edu/~jyounger/LinearA/HTtexts.html,younger_table_logogram,2026-02-24T02:56:37Z,YoungerArchive,https://web.archive.org/web/20190416193018/http://www.people.ku.edu/~jyounger/LinearA/HTtexts.html
youngerarchive,HT 12,.6_log,QA [?] PU RE,https://web.archive.org/web/20190416193018/http://www.people.ku.edu/~jyounger/LinearA/HTtexts.html,younger_table_logogram,2026-02-24T02:56:37Z,YoungerArchive,https://web.archive.org/web/20190416193018/http://www.people.ku.edu/~jyounger/LinearA/HTtexts.html
youngerarchive,HT 12,.6_stmt,DA I,https://web.archive.org/web/20190416193018/http://www.people.ku.edu/~jyounger/LinearA/HTtexts.html,younger_table_statement,2026-02-24T02:56:37Z,YoungerArchive,https://web.archive.org/web/20190416193018/http://www.people.ku.edu/~jyounger/LinearA/HTtexts.html
sigla,HT 12,word_1,AB16 AB37 AB01 AB04,http://sigla.phis.me/document/HT%2012/index-word.html,sigla_word_seq_pattern,2026-02-24T02:56:37Z,SigLA,http://sigla.phis.me/document/HT%2012/index-word.html
sigla,HT 12,word_2,AB78 AB69 AB24,http://sigla.phis.me/document/HT%2012/index-word.html,sigla_word_seq_pattern,2026-02-24T02:56:37Z,SigLA,http://sigla.phis.me/document/HT%2012/index-word.html
sigla,HT 12,word_3,AB01 AB28,http://sigla.phis.me/document/HT%2012/index-word.html,sigla_word_seq_pattern,2026-02-24T02:56:37Z,SigLA,http://sigla.phis.me/document/HT%2012/index-word.html
youngerarchive,HT 120,.1-2_log,GRA K L2,https://web.archive.org/web/20190416193018/http://www.people.ku.edu/~jyounger/LinearA/HTtexts.html,younger_table_logogram,2026-02-24T02:56:37Z,YoungerArchive,https://web.archive.org/web/20190416193018/http://www.people.ku.edu/~jyounger/LinearA/HTtexts.html
youngerarchive,HT 120,.1-2_stmt,DA ME,https://web.archive.org/web/20190416193018/http://www.people.ku.edu/~jyounger/LinearA/HTtexts.html,younger_table_statement,2026-02-24T02:56:37Z,YoungerArchive,https://web.archive.org/web/20190416193018/http://www.people.ku.edu/~jyounger/LinearA/HTtexts.html
youngerarchive,HT 120,.1_stmt,DA QE RA,https://web.archive.org/web/20190416193018/http://www.people.ku.edu/~jyounger/LinearA/HTtexts.html,younger_table_statement,2026-02-24T02:56:37Z,YoungerArchive,https://web.archive.org/web/20190416193018/http://www.people.ku.edu/~jyounger/LinearA/HTtexts.html
youngerarchive,HT 120,.2-3_log,GRA PA,https://web.archive.org/web/20190416193018/http://www.people.ku.edu/~jyounger/LinearA/HTtexts.html,younger_table_logogram,2026-02-24T02:56:37Z,YoungerArchive,https://web.archive.org/web/20190416193018/http://www.people.ku.edu/~jyounger/LinearA/HTtexts.html
youngerarchive,HT 120,.3-4_log,I GRA PA,https://web.archive.org/web/20190416193018/http://www.people.ku.edu/~jyounger/LinearA/HTtexts.html,younger_table_logogram,2026-02-24T02:56:37Z,YoungerArchive,https://web.archive.org/web/20190416193018/http://www.people.ku.edu/~jyounger/LinearA/HTtexts.html
youngerarchive,HT 120,.3-4_stmt,DA U,https://web.archive.org/web/20190416193018/http://www.people.ku.edu/~jyounger/LinearA/HTtexts.html,younger_table_statement,2026-02-24T02:56:37Z,YoungerArchive,https://web.archive.org/web/20190416193018/http://www.people.ku.edu/~jyounger/LinearA/HTtexts.html
youngerarchive,HT 120,.4-5_log,GRA B,https://web.archive.org/web/20190416193018/http://www.people.ku.edu/~jyounger/LinearA/HTtexts.html,younger_table_logogram,2026-02-24T02:56:37Z,YoungerArchive,https://web.archive.org/web/20190416193018/http://www.people.ku.edu/~jyounger/LinearA/HTtexts.html
youngerarchive,HT 120,.4-5_stmt,KI RE TA NA,https://web.archive.org/web/20190416193018/http://www.people.ku.edu/~jyounger/LinearA/HTtexts.html,younger_table_statement,2026-02-24T02:56:37Z,YoungerArchive,https://web.archive.org/web/20190416193018/http://www.people.ku.edu/~jyounger/LinearA/HTtexts.html
youngerarchive,HT 120,.6_log,GRA PA,https://web.archive.org/web/20190416193018/http://www.people.ku.edu/~jyounger/LinearA/HTtexts.html,younger_table_logogram,2026-02-24T02:56:37Z,YoungerArchive,https://web.archive.org/web/20190416193018/http://www.people.ku.edu/~jyounger/LinearA/HTtexts.html
youngerarchive,HT 120,.6_stmt,PA I TO,https://web.archive.org/web/20190416193018/http://www.people.ku.edu/~jyounger/LinearA/HTtexts.html,younger_table_statement,2026-02-24T02:56:37Z,YoungerArchive,https://web.archive.org/web/20190416193018/http://www.people.ku.edu/~jyounger/LinearA/HTtexts.html
sigla,HT 120,word_1,AB01 AB78 AB60,http://sigla.phis.me/document/HT%20120/index-word.html,sigla_word_seq_pattern,2026-02-24T02:56:37Z,SigLA,http://sigla.phis.me/document/HT%20120/index-word.html
sigla,HT 120,word_2,AB01 AB13,http://sigla.phis.me/document/HT%20120/index-word.html,sigla_word_seq_pattern,2026-02-24T02:56:37Z,SigLA,http://sigla.phis.me/document/HT%20120/index-word.html
sigla,HT 120,word_3,AB01 AB10 AB49,http://sigla.phis.me/document/HT%20120/index-word.html,sigla_word_seq_pattern,2026-02-24T02:56:37Z,SigLA,http://sigla.phis.me/document/HT%20120/index-word.html
sigla,HT 120,word_4,AB67 AB27 AB59 AB06,http://sigla.phis.me/document/HT%20120/index-word.html,sigla_word_seq_pattern,2026-02-24T02:56:37Z,SigLA,http://sigla.phis.me/document/HT%20120/index-word.html
sigla,HT 120,word_5,AB03 AB28 AB05,http://sigla.phis.me/document/HT%20120/index-word.html,sigla_word_seq_pattern,2026-02-24T02:56:37Z,SigLA,http://sigla.phis.me/document/HT%20120/index-word.html
youngerarchive,HT 121,.1_log,OLE QE DI,https://web.archive.org/web/20190416193018/http://www.people.ku.edu/~jyounger/LinearA/HTtexts.html,younger_table_logogram,2026-02-24T02:56:37Z,YoungerArchive,https://web.archive.org/web/20190416193018/http://www.people.ku.edu/~jyounger/LinearA/HTtexts.html
youngerarchive,HT 121,.1_stmt,KI RI TA2,https://web.archive.org/web/20190416193018/http://www.people.ku.edu/~jyounger/LinearA/HTtexts.html,younger_table_statement,2026-02-24T02:56:37Z,YoungerArchive,https://web.archive.org/web/20190416193018/http://www.people.ku.edu/~jyounger/LinearA/HTtexts.html
youngerarchive,HT 121,.2_log,GRA,https://web.archive.org/web/20190416193018/http://www.people.ku.edu/~jyounger/LinearA/HTtexts.html,younger_table_logogram,2026-02-24T02:56:37Z,YoungerArchive,https://web.archive.org/web/20190416193018/http://www.people.ku.edu/~jyounger/LinearA/HTtexts.html
youngerarchive,HT 121,.2_log,OLE,https://web.archive.org/web/20190416193018/http://www.people.ku.edu/~jyounger/LinearA/HTtexts.html,younger_table_logogram,2026-02-24T02:56:37Z,YoungerArchive,https://web.archive.org/web/20190416193018/http://www.people.ku.edu/~jyounger/LinearA/HTtexts.html
youngerarchive,HT 121,.2_stmt,SA RA2,https://web.archive.org/web/20190416193018/http://www.people.ku.edu/~jyounger/LinearA/HTtexts.html,younger_table_statement,2026-02-24T02:56:37Z,YoungerArchive,https://web.archive.org/web/20190416193018/http://www.people.ku.edu/~jyounger/LinearA/HTtexts.html
youngerarchive,HT 121,.3-4_log,BOSM,https://web.archive.org/web/20190416193018/http://www.people.ku.edu/~jyounger/LinearA/HTtexts.html,younger_table_logogram,2026-02-24T02:56:37Z,YoungerArchive,https://web.archive.org/web/20190416193018/http://www.people.ku.edu/~jyounger/LinearA/HTtexts.html
youngerarchive,HT 121,.3_log,FIC,https://web.archive.org/web/20190416193018/http://www.people.ku.edu/~jyounger/LinearA/HTtexts.html,younger_table_logogram,2026-02-24T02:56:37Z,YoungerArchive,https://web.archive.org/web/20190416193018/http://www.people.ku.edu/~jyounger/LinearA/HTtexts.html
youngerarchive,HT 121,.3_log,VINA,https://web.archive.org/web/20190416193018/http://www.people.ku.edu/~jyounger/LinearA/HTtexts.html,younger_table_logogram,2026-02-24T02:56:37Z,YoungerArchive,https://web.archive.org/web/20190416193018/http://www.people.ku.edu/~jyounger/LinearA/HTtexts.html
sigla,HT 121,word_1,AB67 AB53 AB66,http://sigla.phis.me/document/HT%20121/index-word.html,sigla_word_seq_pattern,2026-02-24T02:56:37Z,SigLA,http://sigla.phis.me/document/HT%20121/index-word.html
sigla,HT 121,word_2,AB31 AB76,http://sigla.phis.me/document/HT%20121/index-word.html,sigla_word_seq_pattern,2026-02-24T02:56:37Z,SigLA,http://sigla.phis.me/document/HT%20121/index-word.html
youngerarchive,HT 122,a.1_stmt,]RA RI U DE ZA,https://web.archive.org/web/20190416193018/http://www.people.ku.edu/~jyounger/LinearA/HTtexts.html,younger_table_statement,2026-02-24T02:56:37Z,YoungerArchive,https://web.archive.org/web/20190416193018/http://www.people.ku.edu/~jyounger/LinearA/HTtexts.html
youngerarchive,HT 122,a.2_stmt,DA SI,https://web.archive.org/web/20190416193018/http://www.people.ku.edu/~jyounger/LinearA/HTtexts.html,younger_table_statement,2026-02-24T02:56:37Z,YoungerArchive,https://web.archive.org/web/20190416193018/http://www.people.ku.edu/~jyounger/LinearA/HTtexts.html
youngerarchive,HT 122,a.3_stmt,TE KI,https://web.archive.org/web/20190416193018/http://www.people.ku.edu/~jyounger/LinearA/HTtexts.html,younger_table_statement,2026-02-24T02:56:37Z,YoungerArchive,https://web.archive.org/web/20190416193018/http://www.people.ku.edu/~jyounger/LinearA/HTtexts.html
youngerarchive,HT 122,a.4_stmt,JA MI DA RE,https://web.archive.org/web/20190416193018/http://www.people.ku.edu/~jyounger/LinearA/HTtexts.html,younger_table_statement,2026-02-24T02:56:37Z,YoungerArchive,https://web.archive.org/web/20190416193018/http://www.people.ku.edu/~jyounger/LinearA/HTtexts.html
youngerarchive,HT 122,a.4_stmt,QA I,https://web.archive.org/web/20190416193018/http://www.people.ku.edu/~jyounger/LinearA/HTtexts.html,younger_table_statement,2026-02-24T02:56:37Z,YoungerArchive,https://web.archive.org/web/20190416193018/http://www.people.ku.edu/~jyounger/LinearA/HTtexts.html
youngerarchive,HT 122,a.5_stmt,DI RA,https://web.archive.org/web/20190416193018/http://www.people.ku.edu/~jyounger/LinearA/HTtexts.html,younger_table_statement,2026-02-24T02:56:37Z,YoungerArchive,https://web.archive.org/web/20190416193018/http://www.people.ku.edu/~jyounger/LinearA/HTtexts.html
youngerarchive,HT 122,a.5_stmt,PA DE,https://web.archive.org/web/20190416193018/http://www.people.ku.edu/~jyounger/LinearA/HTtexts.html,younger_table_statement,2026-02-24T02:56:37Z,YoungerArchive,https://web.archive.org/web/20190416193018/http://www.people.ku.edu/~jyounger/LinearA/HTtexts.html
youngerarchive,HT 122,a.5_stmt,SI DA RE,https://web.archive.org/web/20190416193018/http://www.people.ku.edu/~jyounger/LinearA/HTtexts.html,younger_table_statement,2026-02-24T02:56:37Z,YoungerArchive,https://web.archive.org/web/20190416193018/http://www.people.ku.edu/~jyounger/LinearA/HTtexts.html
youngerarchive,HT 122,a.6_stmt,KU PA3 NU,https://web.archive.org/web/20190416193018/http://www.people.ku.edu/~jyounger/LinearA/HTtexts.html,younger_table_statement,2026-02-24T02:56:37Z,YoungerArchive,https://web.archive.org/web/20190416193018/http://www.people.ku.edu/~jyounger/LinearA/HTtexts.html
youngerarchive,HT 122,a.6_stmt,PA TA NE,https://web.archive.org/web/20190416193018/http://www.people.ku.edu/~jyounger/LinearA/HTtexts.html,younger_table_statement,2026-02-24T02:56:37Z,YoungerArchive,https://web.archive.org/web/20190416193018/http://www.people.ku.edu/~jyounger/LinearA/HTtexts.html
youngerarchive,HT 122,a.7_stmt,DA RI DA,https://web.archive.org/web/20190416193018/http://www.people.ku.edu/~jyounger/LinearA/HTtexts.html,younger_table_statement,2026-02-24T02:56:37Z,YoungerArchive,https://web.archive.org/web/20190416193018/http://www.people.ku.edu/~jyounger/LinearA/HTtexts.html
youngerarchive,HT 122,a.7_stmt,KU PA3 NU,https://web.archive.org/web/20190416193018/http://www.people.ku.edu/~jyounger/LinearA/HTtexts.html,younger_table_statement,2026-02-24T02:56:37Z,YoungerArchive,https://web.archive.org/web/20190416193018/http://www.people.ku.edu/~jyounger/LinearA/HTtexts.html
youngerarchive,HT 122,a.8_stmt,KU DA,https://web.archive.org/web/20190416193018/http://www.people.ku.edu/~jyounger/LinearA/HTtexts.html,younger_table_statement,2026-02-24T02:56:37Z,YoungerArchive,https://web.archive.org/web/20190416193018/http://www.people.ku.edu/~jyounger/LinearA/HTtexts.html
youngerarchive,HT 122,a.8_stmt,KU RO,https://web.archive.org/web/20190416193018/http://www.people.ku.edu/~jyounger/LinearA/HTtexts.html,younger_table_statement,2026-02-24T02:56:37Z,YoungerArchive,https://web.archive.org/web/20190416193018/http://www.people.ku.edu/~jyounger/LinearA/HTtexts.html
youngerarchive,HT 122,b.1_stmt,JE DI,https://web.archive.org/web/20190416193018/http://www.people.ku.edu/~jyounger/LinearA/HTtexts.html,younger_table_statement,2026-02-24T02:56:37Z,YoungerArchive,https://web.archive.org/web/20190416193018/http://www.people.ku.edu/~jyounger/LinearA/HTtexts.html
youngerarchive,HT 122,b.2_stmt,KI TA2,https://web.archive.org/web/20190416193018/http://www.people.ku.edu/~jyounger/LinearA/HTtexts.html,younger_table_statement,2026-02-24T02:56:37Z,YoungerArchive,https://web.archive.org/web/20190416193018/http://www.people.ku.edu/~jyounger/LinearA/HTtexts.html
youngerarchive,HT 122,b.3-4_stmt,QA QA RU,https://web.archive.org/web/20190416193018/http://www.people.ku.edu/~jyounger/LinearA/HTtexts.html,younger_table_statement,2026-02-24T02:56:37Z,YoungerArchive,https://web.archive.org/web/20190416193018/http://www.people.ku.edu/~jyounger/LinearA/HTtexts.html
youngerarchive,HT 122,b.3_stmt,]A RA JU U DE ZA,https://web.archive.org/web/20190416193018/http://www.people.ku.edu/~jyounger/LinearA/HTtexts.html,younger_table_statement,2026-02-24T02:56:37Z,YoungerArchive,https://web.archive.org/web/20190416193018/http://www.people.ku.edu/~jyounger/LinearA/HTtexts.html
youngerarchive,HT 122,b.4_stmt,DA RE,https://web.archive.org/web/20190416193018/http://www.people.ku.edu/~jyounger/LinearA/HTtexts.html,younger_table_statement,2026-02-24T02:56:37Z,YoungerArchive,https://web.archive.org/web/20190416193018/http://www.people.ku.edu/~jyounger/LinearA/HTtexts.html
youngerarchive,HT 122,b.5_stmt,KU RO,https://web.archive.org/web/20190416193018/http://www.people.ku.edu/~jyounger/LinearA/HTtexts.html,younger_table_statement,2026-02-24T02:56:37Z,YoungerArchive,https://web.archive.org/web/20190416193018/http://www.people.ku.edu/~jyounger/LinearA/HTtexts.html
youngerarchive,HT 122,b.6_stmt,PO TO KU RO,https://web.archive.org/web/20190416193018/http://www.people.ku.edu/~jyounger/LinearA/HTtexts.html,younger_table_statement,2026-02-24T02:56:37Z,YoungerArchive,https://web.archive.org/web/20190416193018/http://www.people.ku.edu/~jyounger/LinearA/HTtexts.html
sigla,HT 122A,word_1,AB60 AB53,http://sigla.phis.me/document/HT%20122a/index-word.html,sigla_word_seq_pattern,2026-02-24T02:56:37Z,SigLA,http://sigla.phis.me/document/HT%20122a/index-word.html
sigla,HT 122A,word_10,A324 AB07 AB60,http://sigla.phis.me/document/HT%20122a/index-word.html,sigla_word_seq_pattern,2026-02-24T02:56:37Z,SigLA,http://sigla.phis.me/document/HT%20122a/index-word.html
sigla,HT 122A,word_11,AB03 AB45,http://sigla.phis.me/document/HT%20122a/index-word.html,sigla_word_seq_pattern,2026-02-24T02:56:37Z,SigLA,http://sigla.phis.me/document/HT%20122a/index-word.html
sigla,HT 122A,word_12,AB81 AB56 AB55,http://sigla.phis.me/document/HT%20122a/index-word.html,sigla_word_seq_pattern,2026-02-24T02:56:37Z,SigLA,http://sigla.phis.me/document/HT%20122a/index-word.html
sigla,HT 122A,word_13,AB03 AB53 AB24,http://sigla.phis.me/document/HT%20122a/index-word.html,sigla_word_seq_pattern,2026-02-24T02:56:37Z,SigLA,http://sigla.phis.me/document/HT%20122a/index-word.html
sigla,HT 122A,word_14,A306 AB69,http://sigla.phis.me/document/HT%20122a/index-word.html,sigla_word_seq_pattern,2026-02-24T02:56:37Z,SigLA,http://sigla.phis.me/document/HT%20122a/index-word.html
sigla,HT 122A,word_15,AB51,http://sigla.phis.me/document/HT%20122a/index-word.html,sigla_word_seq_pattern,2026-02-24T02:56:37Z,SigLA,http://sigla.phis.me/document/HT%20122a/index-word.html
sigla,HT 122A,word_16,AB81 AB56 AB55,http://sigla.phis.me/document/HT%20122a/index-word.html,sigla_word_seq_pattern,2026-02-24T02:56:37Z,SigLA,http://sigla.phis.me/document/HT%20122a/index-word.html
sigla,HT 122A,word_17,AB01 AB53 AB01,http://sigla.phis.me/document/HT%20122a/index-word.html,sigla_word_seq_pattern,2026-02-24T02:56:37Z,SigLA,http://sigla.phis.me/document/HT%20122a/index-word.html
sigla,HT 122A,word_18,AB81 AB02,http://sigla.phis.me/document/HT%20122a/index-word.html,sigla_word_seq_pattern,2026-02-24T02:56:37Z,SigLA,http://sigla.phis.me/document/HT%20122a/index-word.html
sigla,HT 122A,word_19,AB81 AB01,http://sigla.phis.me/document/HT%20122a/index-word.html,sigla_word_seq_pattern,2026-02-24T02:56:37Z,SigLA,http://sigla.phis.me/document/HT%20122a/index-word.html
sigla,HT 122A,word_2,AB10 AB45 AB17,http://sigla.phis.me/document/HT%20122a/index-word.html,sigla_word_seq_pattern,2026-02-24T02:56:37Z,SigLA,http://sigla.phis.me/document/HT%20122a/index-word.html
sigla,HT 122A,word_3,AB01 AB41 AB118,http://sigla.phis.me/document/HT%20122a/index-word.html,sigla_word_seq_pattern,2026-02-24T02:56:37Z,SigLA,http://sigla.phis.me/document/HT%20122a/index-word.html
sigla,HT 122A,word_4,AB03,http://sigla.phis.me/document/HT%20122a/index-word.html,sigla_word_seq_pattern,2026-02-24T02:56:37Z,SigLA,http://sigla.phis.me/document/HT%20122a/index-word.html
sigla,HT 122A,word_5,AB07,http://sigla.phis.me/document/HT%20122a/index-word.html,sigla_word_seq_pattern,2026-02-24T02:56:37Z,SigLA,http://sigla.phis.me/document/HT%20122a/index-word.html
sigla,HT 122A,word_6,AB04 AB67,http://sigla.phis.me/document/HT%20122a/index-word.html,sigla_word_seq_pattern,2026-02-24T02:56:37Z,SigLA,http://sigla.phis.me/document/HT%20122a/index-word.html
sigla,HT 122A,word_7,AB16 A310 AB28,http://sigla.phis.me/document/HT%20122a/index-word.html,sigla_word_seq_pattern,2026-02-24T02:56:37Z,SigLA,http://sigla.phis.me/document/HT%20122a/index-word.html
sigla,HT 122A,word_8,AB57 AB73 AB01 AB27,http://sigla.phis.me/document/HT%20122a/index-word.html,sigla_word_seq_pattern,2026-02-24T02:56:37Z,SigLA,http://sigla.phis.me/document/HT%20122a/index-word.html
sigla,HT 122A,word_9,AB41 AB01 AB27,http://sigla.phis.me/document/HT%20122a/index-word.html,sigla_word_seq_pattern,2026-02-24T02:56:37Z,SigLA,http://sigla.phis.me/document/HT%20122a/index-word.html
sigla,HT 122B,word_1,AB46 AB07,http://sigla.phis.me/document/HT%20122b/index-word.html,sigla_word_seq_pattern,2026-02-24T02:56:37Z,SigLA,http://sigla.phis.me/document/HT%20122b/index-word.html
sigla,HT 122B,word_2,A306 AB67 AB66,http://sigla.phis.me/document/HT%20122b/index-word.html,sigla_word_seq_pattern,2026-02-24T02:56:37Z,SigLA,http://sigla.phis.me/document/HT%20122b/index-word.html
sigla,HT 122B,word_4,AB08 AB60 AB65 AB10 AB45 AB17,http://sigla.phis.me/document/HT%20122b/index-word.html,sigla_word_seq_pattern,2026-02-24T02:56:37Z,SigLA,http://sigla.phis.me/document/HT%20122b/index-word.html
sigla,HT 122B,word_5,AB16 AB16 AB26,http://sigla.phis.me/document/HT%20122b/index-word.html,sigla_word_seq_pattern,2026-02-24T02:56:37Z,SigLA,http://sigla.phis.me/document/HT%20122b/index-word.html
sigla,HT 122B,word_6,AB01 AB27,http://sigla.phis.me/document/HT%20122b/index-word.html,sigla_word_seq_pattern,2026-02-24T02:56:37Z,SigLA,http://sigla.phis.me/document/HT%20122b/index-word.html
sigla,HT 122B,word_7,AB81 AB02,http://sigla.phis.me/document/HT%20122b/index-word.html,sigla_word_seq_pattern,2026-02-24T02:56:37Z,SigLA,http://sigla.phis.me/document/HT%20122b/index-word.html
sigla,HT 122B,word_8,AB11 AB05 AB81 AB02,http://sigla.phis.me/document/HT%20122b/index-word.html,sigla_word_seq_pattern,2026-02-24T02:56:37Z,SigLA,http://sigla.phis.me/document/HT%20122b/index-word.html
youngerarchive,HT 123 124,a.1-2_log,OLIV,https://web.archive.org/web/20190416193018/http://www.people.ku.edu/~jyounger/LinearA/HTtexts.html,younger_table_logogram,2026-02-24T02:56:37Z,YoungerArchive,https://web.archive.org/web/20190416193018/http://www.people.ku.edu/~jyounger/LinearA/HTtexts.html
youngerarchive,HT 123 124,a.1-2_stmt,KI TA I,https://web.archive.org/web/20190416193018/http://www.people.ku.edu/~jyounger/LinearA/HTtexts.html,younger_table_statement,2026-02-24T02:56:37Z,YoungerArchive,https://web.archive.org/web/20190416193018/http://www.people.ku.edu/~jyounger/LinearA/HTtexts.html
youngerarchive,HT 123 124,a.3-4_log,OLIV,https://web.archive.org/web/20190416193018/http://www.people.ku.edu/~jyounger/LinearA/HTtexts.html,younger_table_logogram,2026-02-24T02:56:37Z,YoungerArchive,https://web.archive.org/web/20190416193018/http://www.people.ku.edu/~jyounger/LinearA/HTtexts.html
youngerarchive,HT 123 124,a.3-4_stmt,PU VINA,https://web.archive.org/web/20190416193018/http://www.people.ku.edu/~jyounger/LinearA/HTtexts.html,younger_table_statement,2026-02-24T02:56:37Z,YoungerArchive,https://web.archive.org/web/20190416193018/http://www.people.ku.edu/~jyounger/LinearA/HTtexts.html
youngerarchive,HT 123 124,a.4-5_log,OLIV,https://web.archive.org/web/20190416193018/http://www.people.ku.edu/~jyounger/LinearA/HTtexts.html,younger_table_logogram,2026-02-24T02:56:37Z,YoungerArchive,https://web.archive.org/web/20190416193018/http://www.people.ku.edu/~jyounger/LinearA/HTtexts.html
youngerarchive,HT 123 124,a.4-5_stmt,SA RU,https://web.archive.org/web/20190416193018/http://www.people.ku.edu/~jyounger/LinearA/HTtexts.html,younger_table_statement,2026-02-24T02:56:37Z,YoungerArchive,https://web.archive.org/web/20190416193018/http://www.people.ku.edu/~jyounger/LinearA/HTtexts.html
youngerarchive,HT 123 124,a.6-7_log,OLIV,https://web.archive.org/web/20190416193018/http://www.people.ku.edu/~jyounger/LinearA/HTtexts.html,younger_table_logogram,2026-02-24T02:56:37Z,YoungerArchive,https://web.archive.org/web/20190416193018/http://www.people.ku.edu/~jyounger/LinearA/HTtexts.html
youngerarchive,HT 123 124,a.6-7_stmt,DA TU,https://web.archive.org/web/20190416193018/http://www.people.ku.edu/~jyounger/LinearA/HTtexts.html,younger_table_statement,2026-02-24T02:56:37Z,YoungerArchive,https://web.archive.org/web/20190416193018/http://www.people.ku.edu/~jyounger/LinearA/HTtexts.html
youngerarchive,HT 123 124,a.7-9_log,OLIV,https://web.archive.org/web/20190416193018/http://www.people.ku.edu/~jyounger/LinearA/HTtexts.html,younger_table_logogram,2026-02-24T02:56:37Z,YoungerArchive,https://web.archive.org/web/20190416193018/http://www.people.ku.edu/~jyounger/LinearA/HTtexts.html
youngerarchive,HT 123 124,a.7-9_stmt,KU RO,https://web.archive.org/web/20190416193018/http://www.people.ku.edu/~jyounger/LinearA/HTtexts.html,younger_table_statement,2026-02-24T02:56:37Z,YoungerArchive,https://web.archive.org/web/20190416193018/http://www.people.ku.edu/~jyounger/LinearA/HTtexts.html
youngerarchive,HT 123 124,a.8-9_stmt,KU RO,https://web.archive.org/web/20190416193018/http://www.people.ku.edu/~jyounger/LinearA/HTtexts.html,younger_table_statement,2026-02-24T02:56:37Z,YoungerArchive,https://web.archive.org/web/20190416193018/http://www.people.ku.edu/~jyounger/LinearA/HTtexts.html
youngerarchive,HT 123 124,b.2_stmt,PI SA,https://web.archive.org/web/20190416193018/http://www.people.ku.edu/~jyounger/LinearA/HTtexts.html,younger_table_statement,2026-02-24T02:56:37Z,YoungerArchive,https://web.archive.org/web/20190416193018/http://www.people.ku.edu/~jyounger/LinearA/HTtexts.html
youngerarchive,HT 123 124,b.2_stmt,TI DA TA,https://web.archive.org/web/20190416193018/http://www.people.ku.edu/~jyounger/LinearA/HTtexts.html,younger_table_statement,2026-02-24T02:56:37Z,YoungerArchive,https://web.archive.org/web/20190416193018/http://www.people.ku.edu/~jyounger/LinearA/HTtexts.html
youngerarchive,HT 123 124,b.3-4_stmt,TU PA DI DA,https://web.archive.org/web/20190416193018/http://www.people.ku.edu/~jyounger/LinearA/HTtexts.html,younger_table_statement,2026-02-24T02:56:37Z,YoungerArchive,https://web.archive.org/web/20190416193018/http://www.people.ku.edu/~jyounger/LinearA/HTtexts.html
youngerarchive,HT 123 124,b.4-5_stmt,]SI DU,https://web.archive.org/web/20190416193018/http://www.people.ku.edu/~jyounger/LinearA/HTtexts.html,younger_table_statement,2026-02-24T02:56:37Z,YoungerArchive,https://web.archive.org/web/20190416193018/http://www.people.ku.edu/~jyounger/LinearA/HTtexts.html
youngerarchive,HT 123 124,b.4_stmt,KA NA,https://web.archive.org/web/20190416193018/http://www.people.ku.edu/~jyounger/LinearA/HTtexts.html,younger_table_statement,2026-02-24T02:56:37Z,YoungerArchive,https://web.archive.org/web/20190416193018/http://www.people.ku.edu/~jyounger/LinearA/HTtexts.html
youngerarchive,HT 123 124,b.5_stmt,DU MA I NA,https://web.archive.org/web/20190416193018/http://www.people.ku.edu/~jyounger/LinearA/HTtexts.html,younger_table_statement,2026-02-24T02:56:37Z,YoungerArchive,https://web.archive.org/web/20190416193018/http://www.people.ku.edu/~jyounger/LinearA/HTtexts.html
youngerarchive,HT 123 124,b.6_stmt,KI RO,https://web.archive.org/web/20190416193018/http://www.people.ku.edu/~jyounger/LinearA/HTtexts.html,younger_table_statement,2026-02-24T02:56:37Z,YoungerArchive,https://web.archive.org/web/20190416193018/http://www.people.ku.edu/~jyounger/LinearA/HTtexts.html
youngerarchive,HT 123 124,b.6_stmt,KU RO,https://web.archive.org/web/20190416193018/http://www.people.ku.edu/~jyounger/LinearA/HTtexts.html,younger_table_statement,2026-02-24T02:56:37Z,YoungerArchive,https://web.archive.org/web/20190416193018/http://www.people.ku.edu/~jyounger/LinearA/HTtexts.html
sigla,HT 123A,word_1,AB67 AB59 AB28,http://sigla.phis.me/document/HT%20123a/index-word.html,sigla_word_seq_pattern,2026-02-24T02:56:37Z,SigLA,http://sigla.phis.me/document/HT%20123a/index-word.html
sigla,HT 123A,word_10,AB81 AB02,http://sigla.phis.me/document/HT%20123a/index-word.html,sigla_word_seq_pattern,2026-02-24T02:56:37Z,SigLA,http://sigla.phis.me/document/HT%20123a/index-word.html
sigla,HT 123A,word_11,AB81 AB02,http://sigla.phis.me/document/HT%20123a/index-word.html,sigla_word_seq_pattern,2026-02-24T02:56:37Z,SigLA,http://sigla.phis.me/document/HT%20123a/index-word.html
sigla,HT 123A,word_12,AB67 AB02,http://sigla.phis.me/document/HT%20123a/index-word.html,sigla_word_seq_pattern,2026-02-24T02:56:37Z,SigLA,http://sigla.phis.me/document/HT%20123a/index-word.html
sigla,HT 123A,word_2,A308,http://sigla.phis.me/document/HT%20123a/index-word.html,sigla_word_seq_pattern,2026-02-24T02:56:37Z,SigLA,http://sigla.phis.me/document/HT%20123a/index-word.html
sigla,HT 123A,word_3,AB67 AB02,http://sigla.phis.me/document/HT%20123a/index-word.html,sigla_word_seq_pattern,2026-02-24T02:56:37Z,SigLA,http://sigla.phis.me/document/HT%20123a/index-word.html
sigla,HT 123A,word_4,AB50 AB131A,http://sigla.phis.me/document/HT%20123a/index-word.html,sigla_word_seq_pattern,2026-02-24T02:56:37Z,SigLA,http://sigla.phis.me/document/HT%20123a/index-word.html
sigla,HT 123A,word_5,AB67 AB02,http://sigla.phis.me/document/HT%20123a/index-word.html,sigla_word_seq_pattern,2026-02-24T02:56:37Z,SigLA,http://sigla.phis.me/document/HT%20123a/index-word.html
sigla,HT 123A,word_6,AB31 AB26,http://sigla.phis.me/document/HT%20123a/index-word.html,sigla_word_seq_pattern,2026-02-24T02:56:37Z,SigLA,http://sigla.phis.me/document/HT%20123a/index-word.html
sigla,HT 123A,word_7,AB67 AB02,http://sigla.phis.me/document/HT%20123a/index-word.html,sigla_word_seq_pattern,2026-02-24T02:56:37Z,SigLA,http://sigla.phis.me/document/HT%20123a/index-word.html
sigla,HT 123A,word_8,AB01 AB67,http://sigla.phis.me/document/HT%20123a/index-word.html,sigla_word_seq_pattern,2026-02-24T02:56:37Z,SigLA,http://sigla.phis.me/document/HT%20123a/index-word.html
sigla,HT 123A,word_9,AB67 AB02,http://sigla.phis.me/document/HT%20123a/index-word.html,sigla_word_seq_pattern,2026-02-24T02:56:37Z,SigLA,http://sigla.phis.me/document/HT%20123a/index-word.html
sigla,HT 123B,word_1,AB37 AB01 AB59,http://sigla.phis.me/document/HT%20123b/index-word.html,sigla_word_seq_pattern,2026-02-24T02:56:37Z,SigLA,http://sigla.phis.me/document/HT%20123b/index-word.html
sigla,HT 123B,word_10,AB67 AB02,http://sigla.phis.me/document/HT%20123b/index-word.html,sigla_word_seq_pattern,2026-02-24T02:56:37Z,SigLA,http://sigla.phis.me/document/HT%20123b/index-word.html
sigla,HT 123B,word_2,AB39 AB31,http://sigla.phis.me/document/HT%20123b/index-word.html,sigla_word_seq_pattern,2026-02-24T02:56:37Z,SigLA,http://sigla.phis.me/document/HT%20123b/index-word.html
sigla,HT 123B,word_3,AB188,http://sigla.phis.me/document/HT%20123b/index-word.html,sigla_word_seq_pattern,2026-02-24T02:56:37Z,SigLA,http://sigla.phis.me/document/HT%20123b/index-word.html
sigla,HT 123B,word_4,AB51,http://sigla.phis.me/document/HT%20123b/index-word.html,sigla_word_seq_pattern,2026-02-24T02:56:37Z,SigLA,http://sigla.phis.me/document/HT%20123b/index-word.html
sigla,HT 123B,word_5,AB69 AB02 AB07 AB01,http://sigla.phis.me/document/HT%20123b/index-word.html,sigla_word_seq_pattern,2026-02-24T02:56:37Z,SigLA,http://sigla.phis.me/document/HT%20123b/index-word.html
sigla,HT 123B,word_6,AB77 AB06,http://sigla.phis.me/document/HT%20123b/index-word.html,sigla_word_seq_pattern,2026-02-24T02:56:37Z,SigLA,http://sigla.phis.me/document/HT%20123b/index-word.html
sigla,HT 123B,word_7,AB41 AB51,http://sigla.phis.me/document/HT%20123b/index-word.html,sigla_word_seq_pattern,2026-02-24T02:56:37Z,SigLA,http://sigla.phis.me/document/HT%20123b/index-word.html
sigla,HT 123B,word_8,AB51 AB80 AB28 AB06,http://sigla.phis.me/document/HT%20123b/index-word.html,sigla_word_seq_pattern,2026-02-24T02:56:37Z,SigLA,http://sigla.phis.me/document/HT%20123b/index-word.html
sigla,HT 123B,word_9,AB81 AB02,http://sigla.phis.me/document/HT%20123b/index-word.html,sigla_word_seq_pattern,2026-02-24T02:56:37Z,SigLA,http://sigla.phis.me/document/HT%20123b/index-word.html
youngerarchive,HT 125,a.2_log,OLE U,https://web.archive.org/web/20190416193018/http://www.people.ku.edu/~jyounger/LinearA/HTtexts.html,younger_table_logogram,2026-02-24T02:56:37Z,YoungerArchive,https://web.archive.org/web/20190416193018/http://www.people.ku.edu/~jyounger/LinearA/HTtexts.html
youngerarchive,HT 125,a.2_log,]OLE KI,https://web.archive.org/web/20190416193018/http://www.people.ku.edu/~jyounger/LinearA/HTtexts.html,younger_table_logogram,2026-02-24T02:56:37Z,YoungerArchive,https://web.archive.org/web/20190416193018/http://www.people.ku.edu/~jyounger/LinearA/HTtexts.html
youngerarchive,HT 125,a.3_log,]OLE MI,https://web.archive.org/web/20190416193018/http://www.people.ku.edu/~jyounger/LinearA/HTtexts.html,younger_table_logogram,2026-02-24T02:56:37Z,YoungerArchive,https://web.archive.org/web/20190416193018/http://www.people.ku.edu/~jyounger/LinearA/HTtexts.html
youngerarchive,HT 125,a.4_log,GRA,https://web.archive.org/web/20190416193018/http://www.people.ku.edu/~jyounger/LinearA/HTtexts.html,younger_table_logogram,2026-02-24T02:56:37Z,YoungerArchive,https://web.archive.org/web/20190416193018/http://www.people.ku.edu/~jyounger/LinearA/HTtexts.html
youngerarchive,HT 125,a.4_stmt,]SA RA2,https://web.archive.org/web/20190416193018/http://www.people.ku.edu/~jyounger/LinearA/HTtexts.html,younger_table_statement,2026-02-24T02:56:37Z,YoungerArchive,https://web.archive.org/web/20190416193018/http://www.people.ku.edu/~jyounger/LinearA/HTtexts.html
youngerarchive,HT 125,b.3_log,GRA PA,https://web.archive.org/web/20190416193018/http://www.people.ku.edu/~jyounger/LinearA/HTtexts.html,younger_table_logogram,2026-02-24T02:56:37Z,YoungerArchive,https://web.archive.org/web/20190416193018/http://www.people.ku.edu/~jyounger/LinearA/HTtexts.html
youngerarchive,HT 125,b.3_stmt,RE TA2,https://web.archive.org/web/20190416193018/http://www.people.ku.edu/~jyounger/LinearA/HTtexts.html,younger_table_statement,2026-02-24T02:56:37Z,YoungerArchive,https://web.archive.org/web/20190416193018/http://www.people.ku.edu/~jyounger/LinearA/HTtexts.html
youngerarchive,HT 125,b.4_log,FIC,https://web.archive.org/web/20190416193018/http://www.people.ku.edu/~jyounger/LinearA/HTtexts.html,younger_table_logogram,2026-02-24T02:56:37Z,YoungerArchive,https://web.archive.org/web/20190416193018/http://www.people.ku.edu/~jyounger/LinearA/HTtexts.html
youngerarchive,HT 125,b.4_log,GRA F,https://web.archive.org/web/20190416193018/http://www.people.ku.edu/~jyounger/LinearA/HTtexts.html,younger_table_logogram,2026-02-24T02:56:37Z,YoungerArchive,https://web.archive.org/web/20190416193018/http://www.people.ku.edu/~jyounger/LinearA/HTtexts.html
youngerarchive,HT 126,a.1_stmt,DA NA SI,https://web.archive.org/web/20190416193018/http://www.people.ku.edu/~jyounger/LinearA/HTtexts.html,younger_table_statement,2026-02-24T02:56:37Z,YoungerArchive,https://web.archive.org/web/20190416193018/http://www.people.ku.edu/~jyounger/LinearA/HTtexts.html
youngerarchive,HT 126,a.3_stmt,SI DI JA,https://web.archive.org/web/20190416193018/http://www.people.ku.edu/~jyounger/LinearA/HTtexts.html,younger_table_statement,2026-02-24T02:56:37Z,YoungerArchive,https://web.archive.org/web/20190416193018/http://www.people.ku.edu/~jyounger/LinearA/HTtexts.html
youngerarchive,HT 126,b.2_log,OVISF[,https://web.archive.org/web/20190416193018/http://www.people.ku.edu/~jyounger/LinearA/HTtexts.html,younger_table_logogram,2026-02-24T02:56:37Z,YoungerArchive,https://web.archive.org/web/20190416193018/http://www.people.ku.edu/~jyounger/LinearA/HTtexts.html
youngerarchive,HT 126,b.2_log,TWE,https://web.archive.org/web/20190416193018/http://www.people.ku.edu/~jyounger/LinearA/HTtexts.html,younger_table_logogram,2026-02-24T02:56:37Z,YoungerArchive,https://web.archive.org/web/20190416193018/http://www.people.ku.edu/~jyounger/LinearA/HTtexts.html
sigla,HT 126A,word_1,AB01 AB06 AB41,http://sigla.phis.me/document/HT%20126a/index-word.html,sigla_word_seq_pattern,2026-02-24T02:56:37Z,SigLA,http://sigla.phis.me/document/HT%20126a/index-word.html
sigla,HT 126A,word_2,AB08 AB06 [?],http://sigla.phis.me/document/HT%20126a/index-word.html,sigla_word_seq_pattern,2026-02-24T02:56:37Z,SigLA,http://sigla.phis.me/document/HT%20126a/index-word.html
sigla,HT 126A,word_3,AB10,http://sigla.phis.me/document/HT%20126a/index-word.html,sigla_word_seq_pattern,2026-02-24T02:56:37Z,SigLA,http://sigla.phis.me/document/HT%20126a/index-word.html
sigla,HT 126A,word_4,AB41 AB07 AB57,http://sigla.phis.me/document/HT%20126a/index-word.html,sigla_word_seq_pattern,2026-02-24T02:56:37Z,SigLA,http://sigla.phis.me/document/HT%20126a/index-word.html
sigla,HT 126A,word_5,AB10 AB49,http://sigla.phis.me/document/HT%20126a/index-word.html,sigla_word_seq_pattern,2026-02-24T02:56:37Z,SigLA,http://sigla.phis.me/document/HT%20126a/index-word.html
sigla,HT 126A,word_6,AB39,http://sigla.phis.me/document/HT%20126a/index-word.html,sigla_word_seq_pattern,2026-02-24T02:56:37Z,SigLA,http://sigla.phis.me/document/HT%20126a/index-word.html
youngerarchive,HT 127,a.2_stmt,]DU NE MI,https://web.archive.org/web/20190416193018/http://www.people.ku.edu/~jyounger/LinearA/HTtexts.html,younger_table_statement,2026-02-24T02:56:37Z,YoungerArchive,https://web.archive.org/web/20190416193018/http://www.people.ku.edu/~jyounger/LinearA/HTtexts.html
youngerarchive,HT 127,a.3_stmt,PA DA KU[,https://web.archive.org/web/20190416193018/http://www.people.ku.edu/~jyounger/LinearA/HTtexts.html,younger_table_statement,2026-02-24T02:56:37Z,YoungerArchive,https://web.archive.org/web/20190416193018/http://www.people.ku.edu/~jyounger/LinearA/HTtexts.html
youngerarchive,HT 127,b.4_stmt,KU RO,https://web.archive.org/web/20190416193018/http://www.people.ku.edu/~jyounger/LinearA/HTtexts.html,younger_table_statement,2026-02-24T02:56:37Z,YoungerArchive,https://web.archive.org/web/20190416193018/http://www.people.ku.edu/~jyounger/LinearA/HTtexts.html
youngerarchive,HT 127,b.5_log,KI ME,https://web.archive.org/web/20190416193018/http://www.people.ku.edu/~jyounger/LinearA/HTtexts.html,younger_table_logogram,2026-02-24T02:56:37Z,YoungerArchive,https://web.archive.org/web/20190416193018/http://www.people.ku.edu/~jyounger/LinearA/HTtexts.html
youngerarchive,HT 127,b.5_log,VIR *313C,https://web.archive.org/web/20190416193018/http://www.people.ku.edu/~jyounger/LinearA/HTtexts.html,younger_table_logogram,2026-02-24T02:56:37Z,YoungerArchive,https://web.archive.org/web/20190416193018/http://www.people.ku.edu/~jyounger/LinearA/HTtexts.html
youngerarchive,HT 127,b.6_log,KI ME,https://web.archive.org/web/20190416193018/http://www.people.ku.edu/~jyounger/LinearA/HTtexts.html,younger_table_logogram,2026-02-24T02:56:37Z,YoungerArchive,https://web.archive.org/web/20190416193018/http://www.people.ku.edu/~jyounger/LinearA/HTtexts.html
youngerarchive,HT 127,b.7_stmt,KU RO,https://web.archive.org/web/20190416193018/http://www.people.ku.edu/~jyounger/LinearA/HTtexts.html,younger_table_statement,2026-02-24T02:56:37Z,YoungerArchive,https://web.archive.org/web/20190416193018/http://www.people.ku.edu/~jyounger/LinearA/HTtexts.html
sigla,HT 127A,word_1,AB51 AB24 AB73,http://sigla.phis.me/document/HT%20127a/index-word.html,sigla_word_seq_pattern,2026-02-24T02:56:37Z,SigLA,http://sigla.phis.me/document/HT%20127a/index-word.html
sigla,HT 127A,word_2,A629 AB01 AB47 AB81,http://sigla.phis.me/document/HT%20127a/index-word.html,sigla_word_seq_pattern,2026-02-24T02:56:37Z,SigLA,http://sigla.phis.me/document/HT%20127a/index-word.html
sigla,HT 127B,word_1,AB24,http://sigla.phis.me/document/HT%20127b/index-word.html,sigla_word_seq_pattern,2026-02-24T02:56:37Z,SigLA,http://sigla.phis.me/document/HT%20127b/index-word.html
sigla,HT 127B,word_2,AB81 AB02,http://sigla.phis.me/document/HT%20127b/index-word.html,sigla_word_seq_pattern,2026-02-24T02:56:37Z,SigLA,http://sigla.phis.me/document/HT%20127b/index-word.html
sigla,HT 127B,word_3,AB81 AB02,http://sigla.phis.me/document/HT%20127b/index-word.html,sigla_word_seq_pattern,2026-02-24T02:56:37Z,SigLA,http://sigla.phis.me/document/HT%20127b/index-word.html
youngerarchive,HT 128,a.1-2_stmt,TU RU NU SE ME,https://web.archive.org/web/20190416193018/http://www.people.ku.edu/~jyounger/LinearA/HTtexts.html,younger_table_statement,2026-02-24T02:56:37Z,YoungerArchive,https://web.archive.org/web/20190416193018/http://www.people.ku.edu/~jyounger/LinearA/HTtexts.html
youngerarchive,HT 128,a.1_stmt,PA RA,https://web.archive.org/web/20190416193018/http://www.people.ku.edu/~jyounger/LinearA/HTtexts.html,younger_table_statement,2026-02-24T02:56:37Z,YoungerArchive,https://web.archive.org/web/20190416193018/http://www.people.ku.edu/~jyounger/LinearA/HTtexts.html
youngerarchive,HT 128,a.2_log,GRA KU,https://web.archive.org/web/20190416193018/http://www.people.ku.edu/~jyounger/LinearA/HTtexts.html,younger_table_logogram,2026-02-24T02:56:37Z,YoungerArchive,https://web.archive.org/web/20190416193018/http://www.people.ku.edu/~jyounger/LinearA/HTtexts.html
youngerarchive,HT 128,a.2_stmt,WA TU MA RE,https://web.archive.org/web/20190416193018/http://www.people.ku.edu/~jyounger/LinearA/HTtexts.html,younger_table_statement,2026-02-24T02:56:37Z,YoungerArchive,https://web.archive.org/web/20190416193018/http://www.people.ku.edu/~jyounger/LinearA/HTtexts.html
youngerarchive,HT 128,a.3_log,GRA KU,https://web.archive.org/web/20190416193018/http://www.people.ku.edu/~jyounger/LinearA/HTtexts.html,younger_table_logogram,2026-02-24T02:56:37Z,YoungerArchive,https://web.archive.org/web/20190416193018/http://www.people.ku.edu/~jyounger/LinearA/HTtexts.html
youngerarchive,HT 128,a.3_log,GRA PA,https://web.archive.org/web/20190416193018/http://www.people.ku.edu/~jyounger/LinearA/HTtexts.html,younger_table_logogram,2026-02-24T02:56:37Z,YoungerArchive,https://web.archive.org/web/20190416193018/http://www.people.ku.edu/~jyounger/LinearA/HTtexts.html
youngerarchive,HT 128,a.3_stmt,]MI TA,https://web.archive.org/web/20190416193018/http://www.people.ku.edu/~jyounger/LinearA/HTtexts.html,younger_table_statement,2026-02-24T02:56:37Z,YoungerArchive,https://web.archive.org/web/20190416193018/http://www.people.ku.edu/~jyounger/LinearA/HTtexts.html
youngerarchive,HT 128,a.4_log,GRA KU,https://web.archive.org/web/20190416193018/http://www.people.ku.edu/~jyounger/LinearA/HTtexts.html,younger_table_logogram,2026-02-24T02:56:37Z,YoungerArchive,https://web.archive.org/web/20190416193018/http://www.people.ku.edu/~jyounger/LinearA/HTtexts.html
youngerarchive,HT 128,a.4_stmt,MA RI,https://web.archive.org/web/20190416193018/http://www.people.ku.edu/~jyounger/LinearA/HTtexts.html,younger_table_statement,2026-02-24T02:56:37Z,YoungerArchive,https://web.archive.org/web/20190416193018/http://www.people.ku.edu/~jyounger/LinearA/HTtexts.html
youngerarchive,HT 128,b.1_log,GRA KU,https://web.archive.org/web/20190416193018/http://www.people.ku.edu/~jyounger/LinearA/HTtexts.html,younger_table_logogram,2026-02-24T02:56:37Z,YoungerArchive,https://web.archive.org/web/20190416193018/http://www.people.ku.edu/~jyounger/LinearA/HTtexts.html
youngerarchive,HT 128,b.2_log,GRA KU,https://web.archive.org/web/20190416193018/http://www.people.ku.edu/~jyounger/LinearA/HTtexts.html,younger_table_logogram,2026-02-24T02:56:37Z,YoungerArchive,https://web.archive.org/web/20190416193018/http://www.people.ku.edu/~jyounger/LinearA/HTtexts.html
sigla,HT 128A,word_1,AB03 AB60,http://sigla.phis.me/document/HT%20128a/index-word.html,sigla_word_seq_pattern,2026-02-24T02:56:37Z,SigLA,http://sigla.phis.me/document/HT%20128a/index-word.html
sigla,HT 128A,word_2,AB69 AB26 AB56 AB09 AB13,http://sigla.phis.me/document/HT%20128a/index-word.html,sigla_word_seq_pattern,2026-02-24T02:56:37Z,SigLA,http://sigla.phis.me/document/HT%20128a/index-word.html
sigla,HT 128A,word_3,AB54 AB69 AB80 AB27,http://sigla.phis.me/document/HT%20128a/index-word.html,sigla_word_seq_pattern,2026-02-24T02:56:37Z,SigLA,http://sigla.phis.me/document/HT%20128a/index-word.html
sigla,HT 128A,word_4,AB73 AB59,http://sigla.phis.me/document/HT%20128a/index-word.html,sigla_word_seq_pattern,2026-02-24T02:56:37Z,SigLA,http://sigla.phis.me/document/HT%20128a/index-word.html
sigla,HT 128A,word_5,AB07,http://sigla.phis.me/document/HT%20128a/index-word.html,sigla_word_seq_pattern,2026-02-24T02:56:37Z,SigLA,http://sigla.phis.me/document/HT%20128a/index-word.html
sigla,HT 128A,word_6,A579,http://sigla.phis.me/document/HT%20128a/index-word.html,sigla_word_seq_pattern,2026-02-24T02:56:37Z,SigLA,http://sigla.phis.me/document/HT%20128a/index-word.html
sigla,HT 128A,word_7,AB80 AB53,http://sigla.phis.me/document/HT%20128a/index-word.html,sigla_word_seq_pattern,2026-02-24T02:56:37Z,SigLA,http://sigla.phis.me/document/HT%20128a/index-word.html
sigla,HT 128B,word_1,AB100 A329,http://sigla.phis.me/document/HT%20128b/index-word.html,sigla_word_seq_pattern,2026-02-24T02:56:37Z,SigLA,http://sigla.phis.me/document/HT%20128b/index-word.html
sigla,HT 128B,word_2,AB26 [?],http://sigla.phis.me/document/HT%20128b/index-word.html,sigla_word_seq_pattern,2026-02-24T02:56:37Z,SigLA,http://sigla.phis.me/document/HT%20128b/index-word.html
youngerarchive,HT 129,.1_log,GRA,https://web.archive.org/web/20190416193018/http://www.people.ku.edu/~jyounger/LinearA/HTtexts.html,younger_table_logogram,2026-02-24T02:56:37Z,YoungerArchive,https://web.archive.org/web/20190416193018/http://www.people.ku.edu/~jyounger/LinearA/HTtexts.html
youngerarchive,HT 129,.1_stmt,KI RE TA2,https://web.archive.org/web/20190416193018/http://www.people.ku.edu/~jyounger/LinearA/HTtexts.html,younger_table_statement,2026-02-24T02:56:37Z,YoungerArchive,https://web.archive.org/web/20190416193018/http://www.people.ku.edu/~jyounger/LinearA/HTtexts.html
youngerarchive,HT 129,.2-3_log,GRA,https://web.archive.org/web/20190416193018/http://www.people.ku.edu/~jyounger/LinearA/HTtexts.html,younger_table_logogram,2026-02-24T02:56:37Z,YoungerArchive,https://web.archive.org/web/20190416193018/http://www.people.ku.edu/~jyounger/LinearA/HTtexts.html
youngerarchive,HT 129,.2-3_stmt,TU QIF RI NA,https://web.archive.org/web/20190416193018/http://www.people.ku.edu/~jyounger/LinearA/HTtexts.html,younger_table_statement,2026-02-24T02:56:37Z,YoungerArchive,https://web.archive.org/web/20190416193018/http://www.people.ku.edu/~jyounger/LinearA/HTtexts.html
youngerarchive,HT 129,.2_log,FIC,https://web.archive.org/web/20190416193018/http://www.people.ku.edu/~jyounger/LinearA/HTtexts.html,younger_table_logogram,2026-02-24T02:56:37Z,YoungerArchive,https://web.archive.org/web/20190416193018/http://www.people.ku.edu/~jyounger/LinearA/HTtexts.html
youngerarchive,HT 129,.3_log,OLE DI,https://web.archive.org/web/20190416193018/http://www.people.ku.edu/~jyounger/LinearA/HTtexts.html,younger_table_logogram,2026-02-24T02:56:37Z,YoungerArchive,https://web.archive.org/web/20190416193018/http://www.people.ku.edu/~jyounger/LinearA/HTtexts.html
youngerarchive,HT 129,.4_log,]OLE KI,https://web.archive.org/web/20190416193018/http://www.people.ku.edu/~jyounger/LinearA/HTtexts.html,younger_table_logogram,2026-02-24T02:56:37Z,YoungerArchive,https://web.archive.org/web/20190416193018/http://www.people.ku.edu/~jyounger/LinearA/HTtexts.html
sigla,HT 129,word_1,AB69 AB26 AB66,http://sigla.phis.me/document/HT%20129/index-word.html,sigla_word_seq_pattern,2026-02-24T02:56:37Z,SigLA,http://sigla.phis.me/document/HT%20129/index-word.html
sigla,HT 129,word_2,AB69 AB21F AB53 AB06,http://sigla.phis.me/document/HT%20129/index-word.html,sigla_word_seq_pattern,2026-02-24T02:56:37Z,SigLA,http://sigla.phis.me/document/HT%20129/index-word.html
youngerarchive,HT 13,.1-2_log,VINA TE,https://web.archive.org/web/20190416193018/http://www.people.ku.edu/~jyounger/LinearA/HTtexts.html,younger_table_logogram,2026-02-24T02:56:37Z,YoungerArchive,https://web.archive.org/web/20190416193018/http://www.people.ku.edu/~jyounger/LinearA/HTtexts.html
youngerarchive,HT 13,.1-2_stmt,KA U DE TA,https://web.archive.org/web/20190416193018/http://www.people.ku.edu/~jyounger/LinearA/HTtexts.html,younger_table_statement,2026-02-24T02:56:37Z,YoungerArchive,https://web.archive.org/web/20190416193018/http://www.people.ku.edu/~jyounger/LinearA/HTtexts.html
youngerarchive,HT 13,.2_stmt,RE ZA,https://web.archive.org/web/20190416193018/http://www.people.ku.edu/~jyounger/LinearA/HTtexts.html,younger_table_statement,2026-02-24T02:56:37Z,YoungerArchive,https://web.archive.org/web/20190416193018/http://www.people.ku.edu/~jyounger/LinearA/HTtexts.html
youngerarchive,HT 13,.3-4_stmt,TE KI,https://web.archive.org/web/20190416193018/http://www.people.ku.edu/~jyounger/LinearA/HTtexts.html,younger_table_statement,2026-02-24T02:56:37Z,YoungerArchive,https://web.archive.org/web/20190416193018/http://www.people.ku.edu/~jyounger/LinearA/HTtexts.html
youngerarchive,HT 13,.3_stmt,TE TU,https://web.archive.org/web/20190416193018/http://www.people.ku.edu/~jyounger/LinearA/HTtexts.html,younger_table_statement,2026-02-24T02:56:37Z,YoungerArchive,https://web.archive.org/web/20190416193018/http://www.people.ku.edu/~jyounger/LinearA/HTtexts.html
youngerarchive,HT 13,.4_stmt,KU ZU NI,https://web.archive.org/web/20190416193018/http://www.people.ku.edu/~jyounger/LinearA/HTtexts.html,younger_table_statement,2026-02-24T02:56:37Z,YoungerArchive,https://web.archive.org/web/20190416193018/http://www.people.ku.edu/~jyounger/LinearA/HTtexts.html
youngerarchive,HT 13,.5-6_stmt,I DU NE SI,https://web.archive.org/web/20190416193018/http://www.people.ku.edu/~jyounger/LinearA/HTtexts.html,younger_table_statement,2026-02-24T02:56:37Z,YoungerArchive,https://web.archive.org/web/20190416193018/http://www.people.ku.edu/~jyounger/LinearA/HTtexts.html
youngerarchive,HT 13,.5_stmt,DA SI,https://web.archive.org/web/20190416193018/http://www.people.ku.edu/~jyounger/LinearA/HTtexts.html,younger_table_statement,2026-02-24T02:56:37Z,YoungerArchive,https://web.archive.org/web/20190416193018/http://www.people.ku.edu/~jyounger/LinearA/HTtexts.html
youngerarchive,HT 13,.7_stmt,KU RO,https://web.archive.org/web/20190416193018/http://www.people.ku.edu/~jyounger/LinearA/HTtexts.html,younger_table_statement,2026-02-24T02:56:37Z,YoungerArchive,https://web.archive.org/web/20190416193018/http://www.people.ku.edu/~jyounger/LinearA/HTtexts.html
sigla,HT 13,word_1,AB77 AB10 AB45 AB59,http://sigla.phis.me/document/HT%2013/index-word.html,sigla_word_seq_pattern,2026-02-24T02:56:37Z,SigLA,http://sigla.phis.me/document/HT%2013/index-word.html
sigla,HT 13,word_2,AB27 AB17,http://sigla.phis.me/document/HT%2013/index-word.html,sigla_word_seq_pattern,2026-02-24T02:56:37Z,SigLA,http://sigla.phis.me/document/HT%2013/index-word.html
sigla,HT 13,word_3,AB04 AB69,http://sigla.phis.me/document/HT%2013/index-word.html,sigla_word_seq_pattern,2026-02-24T02:56:37Z,SigLA,http://sigla.phis.me/document/HT%2013/index-word.html
sigla,HT 13,word_4,AB04 AB67,http://sigla.phis.me/document/HT%2013/index-word.html,sigla_word_seq_pattern,2026-02-24T02:56:37Z,SigLA,http://sigla.phis.me/document/HT%2013/index-word.html
sigla,HT 13,word_5,AB81 AB79 AB30,http://sigla.phis.me/document/HT%2013/index-word.html,sigla_word_seq_pattern,2026-02-24T02:56:37Z,SigLA,http://sigla.phis.me/document/HT%2013/index-word.html
sigla,HT 13,word_6,AB01 AB41 AB118,http://sigla.phis.me/document/HT%2013/index-word.html,sigla_word_seq_pattern,2026-02-24T02:56:37Z,SigLA,http://sigla.phis.me/document/HT%2013/index-word.html
sigla,HT 13,word_7,AB28 AB51 AB24 AB41,http://sigla.phis.me/document/HT%2013/index-word.html,sigla_word_seq_pattern,2026-02-24T02:56:37Z,SigLA,http://sigla.phis.me/document/HT%2013/index-word.html
sigla,HT 13,word_8,AB81 AB02,http://sigla.phis.me/document/HT%2013/index-word.html,sigla_word_seq_pattern,2026-02-24T02:56:37Z,SigLA,http://sigla.phis.me/document/HT%2013/index-word.html
youngerarchive,HT 130,.2_stmt,SA RA2,https://web.archive.org/web/20190416193018/http://www.people.ku.edu/~jyounger/LinearA/HTtexts.html,younger_table_statement,2026-02-24T02:56:37Z,YoungerArchive,https://web.archive.org/web/20190416193018/http://www.people.ku.edu/~jyounger/LinearA/HTtexts.html
youngerarchive,HT 130,.5-6_log,FIC,https://web.archive.org/web/20190416193018/http://www.people.ku.edu/~jyounger/LinearA/HTtexts.html,younger_table_logogram,2026-02-24T02:56:37Z,YoungerArchive,https://web.archive.org/web/20190416193018/http://www.people.ku.edu/~jyounger/LinearA/HTtexts.html
youngerarchive,HT 130,.6_log,VINA,https://web.archive.org/web/20190416193018/http://www.people.ku.edu/~jyounger/LinearA/HTtexts.html,younger_table_logogram,2026-02-24T02:56:37Z,YoungerArchive,https://web.archive.org/web/20190416193018/http://www.people.ku.edu/~jyounger/LinearA/HTtexts.html
sigla,HT 130,word_1,AB31 AB76,http://sigla.phis.me/document/HT%20130/index-word.html,sigla_word_seq_pattern,2026-02-24T02:56:37Z,SigLA,http://sigla.phis.me/document/HT%20130/index-word.html
sigla,HT 130,word_2,AB76,http://sigla.phis.me/document/HT%20130/index-word.html,sigla_word_seq_pattern,2026-02-24T02:56:37Z,SigLA,http://sigla.phis.me/document/HT%20130/index-word.html
sigla,HT 130,word_3,AB02,http://sigla.phis.me/document/HT%20130/index-word.html,sigla_word_seq_pattern,2026-02-24T02:56:37Z,SigLA,http://sigla.phis.me/document/HT%20130/index-word.html
youngerarchive,HT 131,a.1_log,]FIC,https://web.archive.org/web/20190416193018/http://www.people.ku.edu/~jyounger/LinearA/HTtexts.html,younger_table_logogram,2026-02-24T02:56:37Z,YoungerArchive,https://web.archive.org/web/20190416193018/http://www.people.ku.edu/~jyounger/LinearA/HTtexts.html
youngerarchive,HT 131,a.2-3_log,GRA,https://web.archive.org/web/20190416193018/http://www.people.ku.edu/~jyounger/LinearA/HTtexts.html,younger_table_logogram,2026-02-24T02:56:37Z,YoungerArchive,https://web.archive.org/web/20190416193018/http://www.people.ku.edu/~jyounger/LinearA/HTtexts.html
youngerarchive,HT 131,a.2-3_stmt,I QA,https://web.archive.org/web/20190416193018/http://www.people.ku.edu/~jyounger/LinearA/HTtexts.html,younger_table_statement,2026-02-24T02:56:37Z,YoungerArchive,https://web.archive.org/web/20190416193018/http://www.people.ku.edu/~jyounger/LinearA/HTtexts.html
youngerarchive,HT 131,b.2_log,VINA SA,https://web.archive.org/web/20190416193018/http://www.people.ku.edu/~jyounger/LinearA/HTtexts.html,younger_table_logogram,2026-02-24T02:56:37Z,YoungerArchive,https://web.archive.org/web/20190416193018/http://www.people.ku.edu/~jyounger/LinearA/HTtexts.html
youngerarchive,HT 131,b.2_log,]FIC,https://web.archive.org/web/20190416193018/http://www.people.ku.edu/~jyounger/LinearA/HTtexts.html,younger_table_logogram,2026-02-24T02:56:37Z,YoungerArchive,https://web.archive.org/web/20190416193018/http://www.people.ku.edu/~jyounger/LinearA/HTtexts.html
youngerarchive,HT 131,b.2_log,]OLIV,https://web.archive.org/web/20190416193018/http://www.people.ku.edu/~jyounger/LinearA/HTtexts.html,younger_table_logogram,2026-02-24T02:56:37Z,YoungerArchive,https://web.archive.org/web/20190416193018/http://www.people.ku.edu/~jyounger/LinearA/HTtexts.html
youngerarchive,HT 131,b.4_stmt,PO TO KU RO,https://web.archive.org/web/20190416193018/http://www.people.ku.edu/~jyounger/LinearA/HTtexts.html,younger_table_statement,2026-02-24T02:56:37Z,YoungerArchive,https://web.archive.org/web/20190416193018/http://www.people.ku.edu/~jyounger/LinearA/HTtexts.html
sigla,HT 131A,word_2,AB28 AB16 AB118,http://sigla.phis.me/document/HT%20131a/index-word.html,sigla_word_seq_pattern,2026-02-24T02:56:37Z,SigLA,http://sigla.phis.me/document/HT%20131a/index-word.html
sigla,HT 131B,word_2,AB11 AB05 AB81 AB02,http://sigla.phis.me/document/HT%20131b/index-word.html,sigla_word_seq_pattern,2026-02-24T02:56:37Z,SigLA,http://sigla.phis.me/document/HT%20131b/index-word.html
youngerarchive,HT 132,.1-2_log,OVISF,https://web.archive.org/web/20190416193018/http://www.people.ku.edu/~jyounger/LinearA/HTtexts.html,younger_table_logogram,2026-02-24T02:56:37Z,YoungerArchive,https://web.archive.org/web/20190416193018/http://www.people.ku.edu/~jyounger/LinearA/HTtexts.html
youngerarchive,HT 132,.1-2_stmt,QA RE TO,https://web.archive.org/web/20190416193018/http://www.people.ku.edu/~jyounger/LinearA/HTtexts.html,younger_table_statement,2026-02-24T02:56:37Z,YoungerArchive,https://web.archive.org/web/20190416193018/http://www.people.ku.edu/~jyounger/LinearA/HTtexts.html
youngerarchive,HT 132,.1_stmt,A SE,https://web.archive.org/web/20190416193018/http://www.people.ku.edu/~jyounger/LinearA/HTtexts.html,younger_table_statement,2026-02-24T02:56:37Z,YoungerArchive,https://web.archive.org/web/20190416193018/http://www.people.ku.edu/~jyounger/LinearA/HTtexts.html
sigla,HT 132,word_1,AB08 AB09,http://sigla.phis.me/document/HT%20132/index-word.html,sigla_word_seq_pattern,2026-02-24T02:56:37Z,SigLA,http://sigla.phis.me/document/HT%20132/index-word.html
sigla,HT 132,word_2,AB16 AB27 AB05,http://sigla.phis.me/document/HT%20132/index-word.html,sigla_word_seq_pattern,2026-02-24T02:56:37Z,SigLA,http://sigla.phis.me/document/HT%20132/index-word.html
youngerarchive,HT 133,.1-2_log,TE GRA DA,https://web.archive.org/web/20190416193018/http://www.people.ku.edu/~jyounger/LinearA/HTtexts.html,younger_table_logogram,2026-02-24T02:56:37Z,YoungerArchive,https://web.archive.org/web/20190416193018/http://www.people.ku.edu/~jyounger/LinearA/HTtexts.html
youngerarchive,HT 133,.1-2_stmt,A DU,https://web.archive.org/web/20190416193018/http://www.people.ku.edu/~jyounger/LinearA/HTtexts.html,younger_table_statement,2026-02-24T02:56:37Z,YoungerArchive,https://web.archive.org/web/20190416193018/http://www.people.ku.edu/~jyounger/LinearA/HTtexts.html
sigla,HT 133,word_1,AB08 AB51,http://sigla.phis.me/document/HT%20133/index-word.html,sigla_word_seq_pattern,2026-02-24T02:56:37Z,SigLA,http://sigla.phis.me/document/HT%20133/index-word.html
youngerarchive,HT 135,a.1_stmt,NE MI NA,https://web.archive.org/web/20190416193018/http://www.people.ku.edu/~jyounger/LinearA/HTtexts.html,younger_table_statement,2026-02-24T02:56:37Z,YoungerArchive,https://web.archive.org/web/20190416193018/http://www.people.ku.edu/~jyounger/LinearA/HTtexts.html
youngerarchive,HT 135,a.2_stmt,MI KA[,https://web.archive.org/web/20190416193018/http://www.people.ku.edu/~jyounger/LinearA/HTtexts.html,younger_table_statement,2026-02-24T02:56:37Z,YoungerArchive,https://web.archive.org/web/20190416193018/http://www.people.ku.edu/~jyounger/LinearA/HTtexts.html
youngerarchive,HT 135,a.2_stmt,MI TU,https://web.archive.org/web/20190416193018/http://www.people.ku.edu/~jyounger/LinearA/HTtexts.html,younger_table_statement,2026-02-24T02:56:37Z,YoungerArchive,https://web.archive.org/web/20190416193018/http://www.people.ku.edu/~jyounger/LinearA/HTtexts.html
youngerarchive,HT 135,a.3_stmt,NA QIF NE[,https://web.archive.org/web/20190416193018/http://www.people.ku.edu/~jyounger/LinearA/HTtexts.html,younger_table_statement,2026-02-24T02:56:37Z,YoungerArchive,https://web.archive.org/web/20190416193018/http://www.people.ku.edu/~jyounger/LinearA/HTtexts.html
sigla,HT 135A,word_1,AB24 AB73 AB06,http://sigla.phis.me/document/HT%20135a/index-word.html,sigla_word_seq_pattern,2026-02-24T02:56:37Z,SigLA,http://sigla.phis.me/document/HT%20135a/index-word.html
sigla,HT 135A,word_2,AB73 AB69,http://sigla.phis.me/document/HT%20135a/index-word.html,sigla_word_seq_pattern,2026-02-24T02:56:37Z,SigLA,http://sigla.phis.me/document/HT%20135a/index-word.html
sigla,HT 135A,word_3,AB73 AB77,http://sigla.phis.me/document/HT%20135a/index-word.html,sigla_word_seq_pattern,2026-02-24T02:56:37Z,SigLA,http://sigla.phis.me/document/HT%20135a/index-word.html
sigla,HT 135A,word_4,AB06 AB21F AB24,http://sigla.phis.me/document/HT%20135a/index-word.html,sigla_word_seq_pattern,2026-02-24T02:56:37Z,SigLA,http://sigla.phis.me/document/HT%20135a/index-word.html
sigla,HT 135A,word_5,AB73,http://sigla.phis.me/document/HT%20135a/index-word.html,sigla_word_seq_pattern,2026-02-24T02:56:37Z,SigLA,http://sigla.phis.me/document/HT%20135a/index-word.html
sigla,HT 135B,word_1,[?] AB34? AB59 AB24,http://sigla.phis.me/document/HT%20135b/index-word.html,sigla_word_seq_pattern,2026-02-24T02:56:37Z,SigLA,http://sigla.phis.me/document/HT%20135b/index-word.html
youngerarchive,HT 136,a.2_log,]OVISF,https://web.archive.org/web/20190416193018/http://www.people.ku.edu/~jyounger/LinearA/HTtexts.html,younger_table_logogram,2026-02-24T02:56:37Z,YoungerArchive,https://web.archive.org/web/20190416193018/http://www.people.ku.edu/~jyounger/LinearA/HTtexts.html
sigla,HT 136A,word_1,[?] [?],http://sigla.phis.me/document/HT%20136a/index-word.html,sigla_word_seq_pattern,2026-02-24T02:56:37Z,SigLA,http://sigla.phis.me/document/HT%20136a/index-word.html
youngerarchive,HT 137,.2_log,OLE MI,https://web.archive.org/web/20190416193018/http://www.people.ku.edu/~jyounger/LinearA/HTtexts.html,younger_table_logogram,2026-02-24T02:56:37Z,YoungerArchive,https://web.archive.org/web/20190416193018/http://www.people.ku.edu/~jyounger/LinearA/HTtexts.html
sigla,HT 137,word_3,AB66,http://sigla.phis.me/document/HT%20137/index-word.html,sigla_word_seq_pattern,2026-02-24T02:56:37Z,SigLA,http://sigla.phis.me/document/HT%20137/index-word.html
youngerarchive,HT 139,.1_stmt,PU MA KU[,https://web.archive.org/web/20190416193018/http://www.people.ku.edu/~jyounger/LinearA/HTtexts.html,younger_table_statement,2026-02-24T02:56:37Z,YoungerArchive,https://web.archive.org/web/20190416193018/http://www.people.ku.edu/~jyounger/LinearA/HTtexts.html
youngerarchive,HT 139,.2_log,OLE,https://web.archive.org/web/20190416193018/http://www.people.ku.edu/~jyounger/LinearA/HTtexts.html,younger_table_logogram,2026-02-24T02:56:37Z,YoungerArchive,https://web.archive.org/web/20190416193018/http://www.people.ku.edu/~jyounger/LinearA/HTtexts.html
youngerarchive,HT 139,.3_stmt,]KA RA2[,https://web.archive.org/web/20190416193018/http://www.people.ku.edu/~jyounger/LinearA/HTtexts.html,younger_table_statement,2026-02-24T02:56:37Z,YoungerArchive,https://web.archive.org/web/20190416193018/http://www.people.ku.edu/~jyounger/LinearA/HTtexts.html
sigla,HT 139,word_1,[?] AB50 AB80 AB81,http://sigla.phis.me/document/HT%20139/index-word.html,sigla_word_seq_pattern,2026-02-24T02:56:37Z,SigLA,http://sigla.phis.me/document/HT%20139/index-word.html
sigla,HT 139,word_2,AB77 AB76,http://sigla.phis.me/document/HT%20139/index-word.html,sigla_word_seq_pattern,2026-02-24T02:56:37Z,SigLA,http://sigla.phis.me/document/HT%20139/index-word.html
youngerarchive,HT 14,.1-2_log,TE GRA,https://web.archive.org/web/20190416193018/http://www.people.ku.edu/~jyounger/LinearA/HTtexts.html,younger_table_logogram,2026-02-24T02:56:37Z,YoungerArchive,https://web.archive.org/web/20190416193018/http://www.people.ku.edu/~jyounger/LinearA/HTtexts.html
youngerarchive,HT 14,.1-2_stmt,PU VINA,https://web.archive.org/web/20190416193018/http://www.people.ku.edu/~jyounger/LinearA/HTtexts.html,younger_table_statement,2026-02-24T02:56:37Z,YoungerArchive,https://web.archive.org/web/20190416193018/http://www.people.ku.edu/~jyounger/LinearA/HTtexts.html
youngerarchive,HT 14,.3-5_log,GRA,https://web.archive.org/web/20190416193018/http://www.people.ku.edu/~jyounger/LinearA/HTtexts.html,younger_table_logogram,2026-02-24T02:56:37Z,YoungerArchive,https://web.archive.org/web/20190416193018/http://www.people.ku.edu/~jyounger/LinearA/HTtexts.html
youngerarchive,HT 14,.3-5_stmt,A PU2 NA DU,https://web.archive.org/web/20190416193018/http://www.people.ku.edu/~jyounger/LinearA/HTtexts.html,younger_table_statement,2026-02-24T02:56:37Z,YoungerArchive,https://web.archive.org/web/20190416193018/http://www.people.ku.edu/~jyounger/LinearA/HTtexts.html
sigla,HT 14,word_1,AB50 AB131A,http://sigla.phis.me/document/HT%2014/index-word.html,sigla_word_seq_pattern,2026-02-24T02:56:37Z,SigLA,http://sigla.phis.me/document/HT%2014/index-word.html
sigla,HT 14,word_2,AB08 AB29 AB06 AB51,http://sigla.phis.me/document/HT%2014/index-word.html,sigla_word_seq_pattern,2026-02-24T02:56:37Z,SigLA,http://sigla.phis.me/document/HT%2014/index-word.html
youngerarchive,HT 140,.1-2_log,OLE KI,https://web.archive.org/web/20190416193018/http://www.people.ku.edu/~jyounger/LinearA/HTtexts.html,younger_table_logogram,2026-02-24T02:56:37Z,YoungerArchive,https://web.archive.org/web/20190416193018/http://www.people.ku.edu/~jyounger/LinearA/HTtexts.html
youngerarchive,HT 140,.1-2_stmt,JE DI,https://web.archive.org/web/20190416193018/http://www.people.ku.edu/~jyounger/LinearA/HTtexts.html,younger_table_statement,2026-02-24T02:56:37Z,YoungerArchive,https://web.archive.org/web/20190416193018/http://www.people.ku.edu/~jyounger/LinearA/HTtexts.html
youngerarchive,HT 140,.1_stmt,SI NI,https://web.archive.org/web/20190416193018/http://www.people.ku.edu/~jyounger/LinearA/HTtexts.html,younger_table_statement,2026-02-24T02:56:37Z,YoungerArchive,https://web.archive.org/web/20190416193018/http://www.people.ku.edu/~jyounger/LinearA/HTtexts.html
youngerarchive,HT 140,.1_stmt,U SI,https://web.archive.org/web/20190416193018/http://www.people.ku.edu/~jyounger/LinearA/HTtexts.html,younger_table_statement,2026-02-24T02:56:37Z,YoungerArchive,https://web.archive.org/web/20190416193018/http://www.people.ku.edu/~jyounger/LinearA/HTtexts.html
youngerarchive,HT 140,.1_stmt,U SI SI NI,https://web.archive.org/web/20190416193018/http://www.people.ku.edu/~jyounger/LinearA/HTtexts.html,younger_table_statement,2026-02-24T02:56:37Z,YoungerArchive,https://web.archive.org/web/20190416193018/http://www.people.ku.edu/~jyounger/LinearA/HTtexts.html
youngerarchive,HT 140,.4-.5_log,OLE U,https://web.archive.org/web/20190416193018/http://www.people.ku.edu/~jyounger/LinearA/HTtexts.html,younger_table_logogram,2026-02-24T02:56:37Z,YoungerArchive,https://web.archive.org/web/20190416193018/http://www.people.ku.edu/~jyounger/LinearA/HTtexts.html
youngerarchive,HT 140,.4_log,OLE U,https://web.archive.org/web/20190416193018/http://www.people.ku.edu/~jyounger/LinearA/HTtexts.html,younger_table_logogram,2026-02-24T02:56:37Z,YoungerArchive,https://web.archive.org/web/20190416193018/http://www.people.ku.edu/~jyounger/LinearA/HTtexts.html
youngerarchive,HT 140,.5_log,OLE U,https://web.archive.org/web/20190416193018/http://www.people.ku.edu/~jyounger/LinearA/HTtexts.html,younger_table_logogram,2026-02-24T02:56:37Z,YoungerArchive,https://web.archive.org/web/20190416193018/http://www.people.ku.edu/~jyounger/LinearA/HTtexts.html
youngerarchive,HT 140,.5_stmt,KA PA,https://web.archive.org/web/20190416193018/http://www.people.ku.edu/~jyounger/LinearA/HTtexts.html,younger_table_statement,2026-02-24T02:56:37Z,YoungerArchive,https://web.archive.org/web/20190416193018/http://www.people.ku.edu/~jyounger/LinearA/HTtexts.html
youngerarchive,HT 140,.6_log,]OLE U,https://web.archive.org/web/20190416193018/http://www.people.ku.edu/~jyounger/LinearA/HTtexts.html,younger_table_logogram,2026-02-24T02:56:37Z,YoungerArchive,https://web.archive.org/web/20190416193018/http://www.people.ku.edu/~jyounger/LinearA/HTtexts.html
sigla,HT 140,word_1,AB10 AB34 AB41,http://sigla.phis.me/document/HT%20140/index-word.html,sigla_word_seq_pattern,2026-02-24T02:56:37Z,SigLA,http://sigla.phis.me/document/HT%20140/index-word.html
sigla,HT 140,word_2,AB86 AB41 AB30,http://sigla.phis.me/document/HT%20140/index-word.html,sigla_word_seq_pattern,2026-02-24T02:56:37Z,SigLA,http://sigla.phis.me/document/HT%20140/index-word.html
sigla,HT 140,word_3,AB46 AB07,http://sigla.phis.me/document/HT%20140/index-word.html,sigla_word_seq_pattern,2026-02-24T02:56:37Z,SigLA,http://sigla.phis.me/document/HT%20140/index-word.html
sigla,HT 140,word_4,AB10 AB34 AB41,http://sigla.phis.me/document/HT%20140/index-word.html,sigla_word_seq_pattern,2026-02-24T02:56:37Z,SigLA,http://sigla.phis.me/document/HT%20140/index-word.html
sigla,HT 140,word_5,[?] AB118 AB77,http://sigla.phis.me/document/HT%20140/index-word.html,sigla_word_seq_pattern,2026-02-24T02:56:37Z,SigLA,http://sigla.phis.me/document/HT%20140/index-word.html
sigla,HT 140,word_6,AB77 AB80,http://sigla.phis.me/document/HT%20140/index-word.html,sigla_word_seq_pattern,2026-02-24T02:56:37Z,SigLA,http://sigla.phis.me/document/HT%20140/index-word.html
sigla,HT 140,word_7,AB77 AB03,http://sigla.phis.me/document/HT%20140/index-word.html,sigla_word_seq_pattern,2026-02-24T02:56:37Z,SigLA,http://sigla.phis.me/document/HT%20140/index-word.html
youngerarchive,HT 141,.1_stmt,A RI,https://web.archive.org/web/20190416193018/http://www.people.ku.edu/~jyounger/LinearA/HTtexts.html,younger_table_statement,2026-02-24T02:56:37Z,YoungerArchive,https://web.archive.org/web/20190416193018/http://www.people.ku.edu/~jyounger/LinearA/HTtexts.html
youngerarchive,HT 141,.2_stmt,]RU DI,https://web.archive.org/web/20190416193018/http://www.people.ku.edu/~jyounger/LinearA/HTtexts.html,younger_table_statement,2026-02-24T02:56:37Z,YoungerArchive,https://web.archive.org/web/20190416193018/http://www.people.ku.edu/~jyounger/LinearA/HTtexts.html
sigla,HT 141,word_1,[?] AB08 AB53,http://sigla.phis.me/document/HT%20141/index-word.html,sigla_word_seq_pattern,2026-02-24T02:56:37Z,SigLA,http://sigla.phis.me/document/HT%20141/index-word.html
sigla,HT 141,word_2,AB26 AB07,http://sigla.phis.me/document/HT%20141/index-word.html,sigla_word_seq_pattern,2026-02-24T02:56:37Z,SigLA,http://sigla.phis.me/document/HT%20141/index-word.html
sigla,HT 144,word_2,AB61,http://sigla.phis.me/document/HT%20144/index-word.html,sigla_word_seq_pattern,2026-02-24T02:56:37Z,SigLA,http://sigla.phis.me/document/HT%20144/index-word.html
youngerarchive,HT 146,.4_stmt,RI KA TA,https://web.archive.org/web/20190416193018/http://www.people.ku.edu/~jyounger/LinearA/HTtexts.html,younger_table_statement,2026-02-24T02:56:37Z,YoungerArchive,https://web.archive.org/web/20190416193018/http://www.people.ku.edu/~jyounger/LinearA/HTtexts.html
sigla,HT 146,word_1,AB78,http://sigla.phis.me/document/HT%20146/index-word.html,sigla_word_seq_pattern,2026-02-24T02:56:37Z,SigLA,http://sigla.phis.me/document/HT%20146/index-word.html
sigla,HT 146,word_2,AB53 A305,http://sigla.phis.me/document/HT%20146/index-word.html,sigla_word_seq_pattern,2026-02-24T02:56:37Z,SigLA,http://sigla.phis.me/document/HT%20146/index-word.html
sigla,HT 146,word_3,AB53 AB77 AB59,http://sigla.phis.me/document/HT%20146/index-word.html,sigla_word_seq_pattern,2026-02-24T02:56:37Z,SigLA,http://sigla.phis.me/document/HT%20146/index-word.html
sigla,HT 147,word_1,AB60,http://sigla.phis.me/document/HT%20147/index-word.html,sigla_word_seq_pattern,2026-02-24T02:56:37Z,SigLA,http://sigla.phis.me/document/HT%20147/index-word.html
youngerarchive,HT 15,.1-2_stmt,DU A,https://web.archive.org/web/20190416193018/http://www.people.ku.edu/~jyounger/LinearA/HTtexts.html,younger_table_statement,2026-02-24T02:56:37Z,YoungerArchive,https://web.archive.org/web/20190416193018/http://www.people.ku.edu/~jyounger/LinearA/HTtexts.html
youngerarchive,HT 15,.1_log,GRA,https://web.archive.org/web/20190416193018/http://www.people.ku.edu/~jyounger/LinearA/HTtexts.html,younger_table_logogram,2026-02-24T02:56:37Z,YoungerArchive,https://web.archive.org/web/20190416193018/http://www.people.ku.edu/~jyounger/LinearA/HTtexts.html
youngerarchive,HT 15,.1_stmt,U SI,https://web.archive.org/web/20190416193018/http://www.people.ku.edu/~jyounger/LinearA/HTtexts.html,younger_table_statement,2026-02-24T02:56:37Z,YoungerArchive,https://web.archive.org/web/20190416193018/http://www.people.ku.edu/~jyounger/LinearA/HTtexts.html
youngerarchive,HT 15,.2-3_log,GRA L3L3,https://web.archive.org/web/20190416193018/http://www.people.ku.edu/~jyounger/LinearA/HTtexts.html,younger_table_logogram,2026-02-24T02:56:37Z,YoungerArchive,https://web.archive.org/web/20190416193018/http://www.people.ku.edu/~jyounger/LinearA/HTtexts.html
youngerarchive,HT 15,.4_stmt,KI RO,https://web.archive.org/web/20190416193018/http://www.people.ku.edu/~jyounger/LinearA/HTtexts.html,younger_table_statement,2026-02-24T02:56:37Z,YoungerArchive,https://web.archive.org/web/20190416193018/http://www.people.ku.edu/~jyounger/LinearA/HTtexts.html
sigla,HT 15,word_1,AB10 AB34 AB41,http://sigla.phis.me/document/HT%2015/index-word.html,sigla_word_seq_pattern,2026-02-24T02:56:37Z,SigLA,http://sigla.phis.me/document/HT%2015/index-word.html
sigla,HT 15,word_2,AB51 AB123 AB08,http://sigla.phis.me/document/HT%2015/index-word.html,sigla_word_seq_pattern,2026-02-24T02:56:37Z,SigLA,http://sigla.phis.me/document/HT%2015/index-word.html
sigla,HT 15,word_3,AB67 AB02,http://sigla.phis.me/document/HT%2015/index-word.html,sigla_word_seq_pattern,2026-02-24T02:56:37Z,SigLA,http://sigla.phis.me/document/HT%2015/index-word.html
youngerarchive,HT 154,.1_log,I [?],https://web.archive.org/web/20190416193018/http://www.people.ku.edu/~jyounger/LinearA/HTtexts.html,younger_table_logogram,2026-02-24T02:56:37Z,YoungerArchive,https://web.archive.org/web/20190416193018/http://www.people.ku.edu/~jyounger/LinearA/HTtexts.html
youngerarchive,HT 154,.4-5_stmt,DESUNT,https://web.archive.org/web/20190416193018/http://www.people.ku.edu/~jyounger/LinearA/HTtexts.html,younger_table_statement,2026-02-24T02:56:37Z,YoungerArchive,https://web.archive.org/web/20190416193018/http://www.people.ku.edu/~jyounger/LinearA/HTtexts.html
sigla,HT 154,word_1,AB37,http://sigla.phis.me/document/HT%20154/index-word.html,sigla_word_seq_pattern,2026-02-24T02:56:37Z,SigLA,http://sigla.phis.me/document/HT%20154/index-word.html
sigla,HT 154,word_2,AB67,http://sigla.phis.me/document/HT%20154/index-word.html,sigla_word_seq_pattern,2026-02-24T02:56:37Z,SigLA,http://sigla.phis.me/document/HT%20154/index-word.html
youngerarchive,HT 154A,.1_stmt,TU ME PA JA,https://web.archive.org/web/20190416193018/http://www.people.ku.edu/~jyounger/LinearA/HTtexts.html,younger_table_statement,2026-02-24T02:56:37Z,YoungerArchive,https://web.archive.org/web/20190416193018/http://www.people.ku.edu/~jyounger/LinearA/HTtexts.html
youngerarchive,HT 154A,.2_log,]GRA[,https://web.archive.org/web/20190416193018/http://www.people.ku.edu/~jyounger/LinearA/HTtexts.html,younger_table_logogram,2026-02-24T02:56:37Z,YoungerArchive,https://web.archive.org/web/20190416193018/http://www.people.ku.edu/~jyounger/LinearA/HTtexts.html
sigla,HT 154A,word_1,AB69 AB13 AB03 AB57,http://sigla.phis.me/document/HT%20154A/index-word.html,sigla_word_seq_pattern,2026-02-24T02:56:37Z,SigLA,http://sigla.phis.me/document/HT%20154A/index-word.html
sigla,HT 154C,word_1,AB06 AB73,http://sigla.phis.me/document/HT%20154C/index-word.html,sigla_word_seq_pattern,2026-02-24T02:56:37Z,SigLA,http://sigla.phis.me/document/HT%20154C/index-word.html
youngerarchive,HT 154E,a._log,]FIC,https://web.archive.org/web/20190416193018/http://www.people.ku.edu/~jyounger/LinearA/HTtexts.html,younger_table_logogram,2026-02-24T02:56:37Z,YoungerArchive,https://web.archive.org/web/20190416193018/http://www.people.ku.edu/~jyounger/LinearA/HTtexts.html
sigla,HT 154E,word_1,[?] [?],http://sigla.phis.me/document/HT%20154E/index-word.html,sigla_word_seq_pattern,2026-02-24T02:56:37Z,SigLA,http://sigla.phis.me/document/HT%20154E/index-word.html
sigla,HT 154JA,word_1,AB55 AB27,http://sigla.phis.me/document/HT%20154Ja/index-word.html,sigla_word_seq_pattern,2026-02-24T02:56:37Z,SigLA,http://sigla.phis.me/document/HT%20154Ja/index-word.html
sigla,HT 154N,word_1,AB41,http://sigla.phis.me/document/HT%20154N/index-word.html,sigla_word_seq_pattern,2026-02-24T02:56:37Z,SigLA,http://sigla.phis.me/document/HT%20154N/index-word.html
sigla,HT 154N,word_2,AB41,http://sigla.phis.me/document/HT%20154N/index-word.html,sigla_word_seq_pattern,2026-02-24T02:56:37Z,SigLA,http://sigla.phis.me/document/HT%20154N/index-word.html
youngerarchive,HT 16,.1-2_stmt,KA KU PA DI NA U,https://web.archive.org/web/20190416193018/http://www.people.ku.edu/~jyounger/LinearA/HTtexts.html,younger_table_statement,2026-02-24T02:56:37Z,YoungerArchive,https://web.archive.org/web/20190416193018/http://www.people.ku.edu/~jyounger/LinearA/HTtexts.html
youngerarchive,HT 16,.4_stmt,SA PO,https://web.archive.org/web/20190416193018/http://www.people.ku.edu/~jyounger/LinearA/HTtexts.html,younger_table_statement,2026-02-24T02:56:37Z,YoungerArchive,https://web.archive.org/web/20190416193018/http://www.people.ku.edu/~jyounger/LinearA/HTtexts.html
sigla,HT 16,word_1,AB77 AB81 AB03,http://sigla.phis.me/document/HT%2016/index-word.html,sigla_word_seq_pattern,2026-02-24T02:56:37Z,SigLA,http://sigla.phis.me/document/HT%2016/index-word.html
sigla,HT 16,word_2,AB07 AB06 AB10,http://sigla.phis.me/document/HT%2016/index-word.html,sigla_word_seq_pattern,2026-02-24T02:56:37Z,SigLA,http://sigla.phis.me/document/HT%2016/index-word.html
sigla,HT 16,word_3,AB31 AB11,http://sigla.phis.me/document/HT%2016/index-word.html,sigla_word_seq_pattern,2026-02-24T02:56:37Z,SigLA,http://sigla.phis.me/document/HT%2016/index-word.html
youngerarchive,HT 17,.1_log,TE VIN,https://web.archive.org/web/20190416193018/http://www.people.ku.edu/~jyounger/LinearA/HTtexts.html,younger_table_logogram,2026-02-24T02:56:37Z,YoungerArchive,https://web.archive.org/web/20190416193018/http://www.people.ku.edu/~jyounger/LinearA/HTtexts.html
youngerarchive,HT 17,.1_stmt,RA *164A TI,https://web.archive.org/web/20190416193018/http://www.people.ku.edu/~jyounger/LinearA/HTtexts.html,younger_table_statement,2026-02-24T02:56:37Z,YoungerArchive,https://web.archive.org/web/20190416193018/http://www.people.ku.edu/~jyounger/LinearA/HTtexts.html
youngerarchive,HT 17,.2_stmt,SA RO,https://web.archive.org/web/20190416193018/http://www.people.ku.edu/~jyounger/LinearA/HTtexts.html,younger_table_statement,2026-02-24T02:56:37Z,YoungerArchive,https://web.archive.org/web/20190416193018/http://www.people.ku.edu/~jyounger/LinearA/HTtexts.html
youngerarchive,HT 17,.3_stmt,SI DA RE,https://web.archive.org/web/20190416193018/http://www.people.ku.edu/~jyounger/LinearA/HTtexts.html,younger_table_statement,2026-02-24T02:56:37Z,YoungerArchive,https://web.archive.org/web/20190416193018/http://www.people.ku.edu/~jyounger/LinearA/HTtexts.html
sigla,HT 17,word_1,AB60 AB164A AB37,http://sigla.phis.me/document/HT%2017/index-word.html,sigla_word_seq_pattern,2026-02-24T02:56:37Z,SigLA,http://sigla.phis.me/document/HT%2017/index-word.html
sigla,HT 17,word_2,AB31 AB02,http://sigla.phis.me/document/HT%2017/index-word.html,sigla_word_seq_pattern,2026-02-24T02:56:37Z,SigLA,http://sigla.phis.me/document/HT%2017/index-word.html
sigla,HT 17,word_3,AB41 AB01 AB27,http://sigla.phis.me/document/HT%2017/index-word.html,sigla_word_seq_pattern,2026-02-24T02:56:37Z,SigLA,http://sigla.phis.me/document/HT%2017/index-word.html
youngerarchive,HT 18,.1_log,GRA QE,https://web.archive.org/web/20190416193018/http://www.people.ku.edu/~jyounger/LinearA/HTtexts.html,younger_table_logogram,2026-02-24T02:56:37Z,YoungerArchive,https://web.archive.org/web/20190416193018/http://www.people.ku.edu/~jyounger/LinearA/HTtexts.html
youngerarchive,HT 18,.1_log,OLE KI,https://web.archive.org/web/20190416193018/http://www.people.ku.edu/~jyounger/LinearA/HTtexts.html,younger_table_logogram,2026-02-24T02:56:37Z,YoungerArchive,https://web.archive.org/web/20190416193018/http://www.people.ku.edu/~jyounger/LinearA/HTtexts.html
youngerarchive,HT 18,.1_stmt,PA SE,https://web.archive.org/web/20190416193018/http://www.people.ku.edu/~jyounger/LinearA/HTtexts.html,younger_table_statement,2026-02-24T02:56:37Z,YoungerArchive,https://web.archive.org/web/20190416193018/http://www.people.ku.edu/~jyounger/LinearA/HTtexts.html
youngerarchive,HT 18,.2-3_log,FIC,https://web.archive.org/web/20190416193018/http://www.people.ku.edu/~jyounger/LinearA/HTtexts.html,younger_table_logogram,2026-02-24T02:56:37Z,YoungerArchive,https://web.archive.org/web/20190416193018/http://www.people.ku.edu/~jyounger/LinearA/HTtexts.html
youngerarchive,HT 18,.2_log,GRA,https://web.archive.org/web/20190416193018/http://www.people.ku.edu/~jyounger/LinearA/HTtexts.html,younger_table_logogram,2026-02-24T02:56:37Z,YoungerArchive,https://web.archive.org/web/20190416193018/http://www.people.ku.edu/~jyounger/LinearA/HTtexts.html
youngerarchive,HT 18,.2_stmt,SA RA2,https://web.archive.org/web/20190416193018/http://www.people.ku.edu/~jyounger/LinearA/HTtexts.html,younger_table_statement,2026-02-24T02:56:37Z,YoungerArchive,https://web.archive.org/web/20190416193018/http://www.people.ku.edu/~jyounger/LinearA/HTtexts.html
sigla,HT 18,word_1,AB03 AB09,http://sigla.phis.me/document/HT%2018/index-word.html,sigla_word_seq_pattern,2026-02-24T02:56:37Z,SigLA,http://sigla.phis.me/document/HT%2018/index-word.html
sigla,HT 18,word_2,AB31 AB76,http://sigla.phis.me/document/HT%2018/index-word.html,sigla_word_seq_pattern,2026-02-24T02:56:37Z,SigLA,http://sigla.phis.me/document/HT%2018/index-word.html
youngerarchive,HT 19,.1-2_log,TE VINA,https://web.archive.org/web/20190416193018/http://www.people.ku.edu/~jyounger/LinearA/HTtexts.html,younger_table_logogram,2026-02-24T02:56:37Z,YoungerArchive,https://web.archive.org/web/20190416193018/http://www.people.ku.edu/~jyounger/LinearA/HTtexts.html
youngerarchive,HT 19,.1-2_stmt,RA *164A TI,https://web.archive.org/web/20190416193018/http://www.people.ku.edu/~jyounger/LinearA/HTtexts.html,younger_table_statement,2026-02-24T02:56:37Z,YoungerArchive,https://web.archive.org/web/20190416193018/http://www.people.ku.edu/~jyounger/LinearA/HTtexts.html
youngerarchive,HT 19,.2-3_stmt,SA RO,https://web.archive.org/web/20190416193018/http://www.people.ku.edu/~jyounger/LinearA/HTtexts.html,younger_table_statement,2026-02-24T02:56:37Z,YoungerArchive,https://web.archive.org/web/20190416193018/http://www.people.ku.edu/~jyounger/LinearA/HTtexts.html
youngerarchive,HT 19,.3-4_stmt,DU ME DI,https://web.archive.org/web/20190416193018/http://www.people.ku.edu/~jyounger/LinearA/HTtexts.html,younger_table_statement,2026-02-24T02:56:37Z,YoungerArchive,https://web.archive.org/web/20190416193018/http://www.people.ku.edu/~jyounger/LinearA/HTtexts.html
sigla,HT 19,word_1,AB60 AB164A AB37,http://sigla.phis.me/document/HT%2019/index-word.html,sigla_word_seq_pattern,2026-02-24T02:56:37Z,SigLA,http://sigla.phis.me/document/HT%2019/index-word.html
sigla,HT 19,word_2,AB31 AB02,http://sigla.phis.me/document/HT%2019/index-word.html,sigla_word_seq_pattern,2026-02-24T02:56:37Z,SigLA,http://sigla.phis.me/document/HT%2019/index-word.html
sigla,HT 19,word_3,AB51 AB13 AB07,http://sigla.phis.me/document/HT%2019/index-word.html,sigla_word_seq_pattern,2026-02-24T02:56:37Z,SigLA,http://sigla.phis.me/document/HT%2019/index-word.html
youngerarchive,HT 2,.1_log,OLE U,https://web.archive.org/web/20190416193018/http://www.people.ku.edu/~jyounger/LinearA/HTtexts.html,younger_table_logogram,2026-02-24T02:56:37Z,YoungerArchive,https://web.archive.org/web/20190416193018/http://www.people.ku.edu/~jyounger/LinearA/HTtexts.html
youngerarchive,HT 2,.1_stmt,A KA RU,https://web.archive.org/web/20190416193018/http://www.people.ku.edu/~jyounger/LinearA/HTtexts.html,younger_table_statement,2026-02-24T02:56:37Z,YoungerArchive,https://web.archive.org/web/20190416193018/http://www.people.ku.edu/~jyounger/LinearA/HTtexts.html
youngerarchive,HT 2,.2_log,OLE E,https://web.archive.org/web/20190416193018/http://www.people.ku.edu/~jyounger/LinearA/HTtexts.html,younger_table_logogram,2026-02-24T02:56:37Z,YoungerArchive,https://web.archive.org/web/20190416193018/http://www.people.ku.edu/~jyounger/LinearA/HTtexts.html
youngerarchive,HT 2,.2_log,]OLE A,https://web.archive.org/web/20190416193018/http://www.people.ku.edu/~jyounger/LinearA/HTtexts.html,younger_table_logogram,2026-02-24T02:56:37Z,YoungerArchive,https://web.archive.org/web/20190416193018/http://www.people.ku.edu/~jyounger/LinearA/HTtexts.html
youngerarchive,HT 2,.3_log,OLE U,https://web.archive.org/web/20190416193018/http://www.people.ku.edu/~jyounger/LinearA/HTtexts.html,younger_table_logogram,2026-02-24T02:56:37Z,YoungerArchive,https://web.archive.org/web/20190416193018/http://www.people.ku.edu/~jyounger/LinearA/HTtexts.html
youngerarchive,HT 2,.3_stmt,]KI RE TA NA,https://web.archive.org/web/20190416193018/http://www.people.ku.edu/~jyounger/LinearA/HTtexts.html,younger_table_statement,2026-02-24T02:56:37Z,YoungerArchive,https://web.archive.org/web/20190416193018/http://www.people.ku.edu/~jyounger/LinearA/HTtexts.html
youngerarchive,HT 2,.4_log,]OLE A,https://web.archive.org/web/20190416193018/http://www.people.ku.edu/~jyounger/LinearA/HTtexts.html,younger_table_logogram,2026-02-24T02:56:37Z,YoungerArchive,https://web.archive.org/web/20190416193018/http://www.people.ku.edu/~jyounger/LinearA/HTtexts.html
sigla,HT 2,word_1,AB08 AB77 AB26,http://sigla.phis.me/document/HT%202/index-word.html,sigla_word_seq_pattern,2026-02-24T02:56:37Z,SigLA,http://sigla.phis.me/document/HT%202/index-word.html
sigla,HT 2,word_2,AB67 AB27 AB59 AB06,http://sigla.phis.me/document/HT%202/index-word.html,sigla_word_seq_pattern,2026-02-24T02:56:37Z,SigLA,http://sigla.phis.me/document/HT%202/index-word.html
youngerarchive,HT 20,.1-2_stmt,KU MA JU,https://web.archive.org/web/20190416193018/http://www.people.ku.edu/~jyounger/LinearA/HTtexts.html,younger_table_statement,2026-02-24T02:56:37Z,YoungerArchive,https://web.archive.org/web/20190416193018/http://www.people.ku.edu/~jyounger/LinearA/HTtexts.html
youngerarchive,HT 20,.1_stmt,PA RO SU,https://web.archive.org/web/20190416193018/http://www.people.ku.edu/~jyounger/LinearA/HTtexts.html,younger_table_statement,2026-02-24T02:56:37Z,YoungerArchive,https://web.archive.org/web/20190416193018/http://www.people.ku.edu/~jyounger/LinearA/HTtexts.html
youngerarchive,HT 20,.2-3_stmt,QE KU RE,https://web.archive.org/web/20190416193018/http://www.people.ku.edu/~jyounger/LinearA/HTtexts.html,younger_table_statement,2026-02-24T02:56:37Z,YoungerArchive,https://web.archive.org/web/20190416193018/http://www.people.ku.edu/~jyounger/LinearA/HTtexts.html
youngerarchive,HT 20,.4-5_stmt,SA RE JU,https://web.archive.org/web/20190416193018/http://www.people.ku.edu/~jyounger/LinearA/HTtexts.html,younger_table_statement,2026-02-24T02:56:37Z,YoungerArchive,https://web.archive.org/web/20190416193018/http://www.people.ku.edu/~jyounger/LinearA/HTtexts.html
youngerarchive,HT 20,.4_log,CAPM,https://web.archive.org/web/20190416193018/http://www.people.ku.edu/~jyounger/LinearA/HTtexts.html,younger_table_logogram,2026-02-24T02:56:37Z,YoungerArchive,https://web.archive.org/web/20190416193018/http://www.people.ku.edu/~jyounger/LinearA/HTtexts.html
sigla,HT 20,word_1,AB03 AB02 AB58,http://sigla.phis.me/document/HT%2020/index-word.html,sigla_word_seq_pattern,2026-02-24T02:56:37Z,SigLA,http://sigla.phis.me/document/HT%2020/index-word.html
sigla,HT 20,word_2,AB81 AB80 AB65,http://sigla.phis.me/document/HT%2020/index-word.html,sigla_word_seq_pattern,2026-02-24T02:56:37Z,SigLA,http://sigla.phis.me/document/HT%2020/index-word.html
sigla,HT 20,word_3,AB78 AB81 AB27,http://sigla.phis.me/document/HT%2020/index-word.html,sigla_word_seq_pattern,2026-02-24T02:56:37Z,SigLA,http://sigla.phis.me/document/HT%2020/index-word.html
sigla,HT 20,word_4,AB31 AB27 AB65,http://sigla.phis.me/document/HT%2020/index-word.html,sigla_word_seq_pattern,2026-02-24T02:56:37Z,SigLA,http://sigla.phis.me/document/HT%2020/index-word.html
youngerarchive,HT 21,.1-2_log,TE GRA,https://web.archive.org/web/20190416193018/http://www.people.ku.edu/~jyounger/LinearA/HTtexts.html,younger_table_logogram,2026-02-24T02:56:37Z,YoungerArchive,https://web.archive.org/web/20190416193018/http://www.people.ku.edu/~jyounger/LinearA/HTtexts.html
youngerarchive,HT 21,.1-2_stmt,PI TA KA SE,https://web.archive.org/web/20190416193018/http://www.people.ku.edu/~jyounger/LinearA/HTtexts.html,younger_table_statement,2026-02-24T02:56:37Z,YoungerArchive,https://web.archive.org/web/20190416193018/http://www.people.ku.edu/~jyounger/LinearA/HTtexts.html
youngerarchive,HT 21,.2-3_log,OLE U,https://web.archive.org/web/20190416193018/http://www.people.ku.edu/~jyounger/LinearA/HTtexts.html,younger_table_logogram,2026-02-24T02:56:37Z,YoungerArchive,https://web.archive.org/web/20190416193018/http://www.people.ku.edu/~jyounger/LinearA/HTtexts.html
youngerarchive,HT 21,.3_log,OLE E,https://web.archive.org/web/20190416193018/http://www.people.ku.edu/~jyounger/LinearA/HTtexts.html,younger_table_logogram,2026-02-24T02:56:37Z,YoungerArchive,https://web.archive.org/web/20190416193018/http://www.people.ku.edu/~jyounger/LinearA/HTtexts.html
youngerarchive,HT 21,.4_log,OLIV,https://web.archive.org/web/20190416193018/http://www.people.ku.edu/~jyounger/LinearA/HTtexts.html,younger_table_logogram,2026-02-24T02:56:37Z,YoungerArchive,https://web.archive.org/web/20190416193018/http://www.people.ku.edu/~jyounger/LinearA/HTtexts.html
sigla,HT 21,word_1,AB39 AB59 AB77 AB09,http://sigla.phis.me/document/HT%2021/index-word.html,sigla_word_seq_pattern,2026-02-24T02:56:37Z,SigLA,http://sigla.phis.me/document/HT%2021/index-word.html
youngerarchive,HT 22,.1_log,GRA L2,https://web.archive.org/web/20190416193018/http://www.people.ku.edu/~jyounger/LinearA/HTtexts.html,younger_table_logogram,2026-02-24T02:56:37Z,YoungerArchive,https://web.archive.org/web/20190416193018/http://www.people.ku.edu/~jyounger/LinearA/HTtexts.html
youngerarchive,HT 23,a.1_log,OLE NE,https://web.archive.org/web/20190416193018/http://www.people.ku.edu/~jyounger/LinearA/HTtexts.html,younger_table_logogram,2026-02-24T02:56:37Z,YoungerArchive,https://web.archive.org/web/20190416193018/http://www.people.ku.edu/~jyounger/LinearA/HTtexts.html
youngerarchive,HT 23,a.1_stmt,KA NA,https://web.archive.org/web/20190416193018/http://www.people.ku.edu/~jyounger/LinearA/HTtexts.html,younger_table_statement,2026-02-24T02:56:37Z,YoungerArchive,https://web.archive.org/web/20190416193018/http://www.people.ku.edu/~jyounger/LinearA/HTtexts.html
youngerarchive,HT 23,a.2-3_log,VINA,https://web.archive.org/web/20190416193018/http://www.people.ku.edu/~jyounger/LinearA/HTtexts.html,younger_table_logogram,2026-02-24T02:56:37Z,YoungerArchive,https://web.archive.org/web/20190416193018/http://www.people.ku.edu/~jyounger/LinearA/HTtexts.html
youngerarchive,HT 23,a.2_log,MI JA RU,https://web.archive.org/web/20190416193018/http://www.people.ku.edu/~jyounger/LinearA/HTtexts.html,younger_table_logogram,2026-02-24T02:56:37Z,YoungerArchive,https://web.archive.org/web/20190416193018/http://www.people.ku.edu/~jyounger/LinearA/HTtexts.html
youngerarchive,HT 23,a.2_log,OLE RI,https://web.archive.org/web/20190416193018/http://www.people.ku.edu/~jyounger/LinearA/HTtexts.html,younger_table_logogram,2026-02-24T02:56:37Z,YoungerArchive,https://web.archive.org/web/20190416193018/http://www.people.ku.edu/~jyounger/LinearA/HTtexts.html
youngerarchive,HT 23,a.2_log,OLE TU,https://web.archive.org/web/20190416193018/http://www.people.ku.edu/~jyounger/LinearA/HTtexts.html,younger_table_logogram,2026-02-24T02:56:37Z,YoungerArchive,https://web.archive.org/web/20190416193018/http://www.people.ku.edu/~jyounger/LinearA/HTtexts.html
youngerarchive,HT 23,a.3_log,QA [?] PU,https://web.archive.org/web/20190416193018/http://www.people.ku.edu/~jyounger/LinearA/HTtexts.html,younger_table_logogram,2026-02-24T02:56:37Z,YoungerArchive,https://web.archive.org/web/20190416193018/http://www.people.ku.edu/~jyounger/LinearA/HTtexts.html
youngerarchive,HT 23,a.3_log,QA [?] RE,https://web.archive.org/web/20190416193018/http://www.people.ku.edu/~jyounger/LinearA/HTtexts.html,younger_table_logogram,2026-02-24T02:56:37Z,YoungerArchive,https://web.archive.org/web/20190416193018/http://www.people.ku.edu/~jyounger/LinearA/HTtexts.html
youngerarchive,HT 23,a.4-5_stmt,SA SA ME,https://web.archive.org/web/20190416193018/http://www.people.ku.edu/~jyounger/LinearA/HTtexts.html,younger_table_statement,2026-02-24T02:56:37Z,YoungerArchive,https://web.archive.org/web/20190416193018/http://www.people.ku.edu/~jyounger/LinearA/HTtexts.html
youngerarchive,HT 23,a.4_stmt,QIF RI TU QA,https://web.archive.org/web/20190416193018/http://www.people.ku.edu/~jyounger/LinearA/HTtexts.html,younger_table_statement,2026-02-24T02:56:37Z,YoungerArchive,https://web.archive.org/web/20190416193018/http://www.people.ku.edu/~jyounger/LinearA/HTtexts.html
youngerarchive,HT 23,a.5_log,SI ME,https://web.archive.org/web/20190416193018/http://www.people.ku.edu/~jyounger/LinearA/HTtexts.html,younger_table_logogram,2026-02-24T02:56:37Z,YoungerArchive,https://web.archive.org/web/20190416193018/http://www.people.ku.edu/~jyounger/LinearA/HTtexts.html
youngerarchive,HT 23,a.5_stmt,KO RU,https://web.archive.org/web/20190416193018/http://www.people.ku.edu/~jyounger/LinearA/HTtexts.html,younger_table_statement,2026-02-24T02:56:37Z,YoungerArchive,https://web.archive.org/web/20190416193018/http://www.people.ku.edu/~jyounger/LinearA/HTtexts.html
youngerarchive,HT 23,b.1_log,OLE[,https://web.archive.org/web/20190416193018/http://www.people.ku.edu/~jyounger/LinearA/HTtexts.html,younger_table_logogram,2026-02-24T02:56:37Z,YoungerArchive,https://web.archive.org/web/20190416193018/http://www.people.ku.edu/~jyounger/LinearA/HTtexts.html
youngerarchive,HT 23,b.1_stmt,NI RA,https://web.archive.org/web/20190416193018/http://www.people.ku.edu/~jyounger/LinearA/HTtexts.html,younger_table_statement,2026-02-24T02:56:37Z,YoungerArchive,https://web.archive.org/web/20190416193018/http://www.people.ku.edu/~jyounger/LinearA/HTtexts.html
youngerarchive,HT 23,b.2_log,MI JA RU,https://web.archive.org/web/20190416193018/http://www.people.ku.edu/~jyounger/LinearA/HTtexts.html,younger_table_logogram,2026-02-24T02:56:37Z,YoungerArchive,https://web.archive.org/web/20190416193018/http://www.people.ku.edu/~jyounger/LinearA/HTtexts.html
youngerarchive,HT 23,b.2_log,QA [?] PU,https://web.archive.org/web/20190416193018/http://www.people.ku.edu/~jyounger/LinearA/HTtexts.html,younger_table_logogram,2026-02-24T02:56:37Z,YoungerArchive,https://web.archive.org/web/20190416193018/http://www.people.ku.edu/~jyounger/LinearA/HTtexts.html
youngerarchive,HT 23,b.2_log,QA [?] RE,https://web.archive.org/web/20190416193018/http://www.people.ku.edu/~jyounger/LinearA/HTtexts.html,younger_table_logogram,2026-02-24T02:56:37Z,YoungerArchive,https://web.archive.org/web/20190416193018/http://www.people.ku.edu/~jyounger/LinearA/HTtexts.html
youngerarchive,HT 23,b.4-5_stmt,DESUNT,https://web.archive.org/web/20190416193018/http://www.people.ku.edu/~jyounger/LinearA/HTtexts.html,younger_table_statement,2026-02-24T02:56:37Z,YoungerArchive,https://web.archive.org/web/20190416193018/http://www.people.ku.edu/~jyounger/LinearA/HTtexts.html
sigla,HT 23A,word_1,AB77 AB06,http://sigla.phis.me/document/HT%2023a/index-word.html,sigla_word_seq_pattern,2026-02-24T02:56:37Z,SigLA,http://sigla.phis.me/document/HT%2023a/index-word.html
sigla,HT 23A,word_2,AB21F AB53 AB69 AB16,http://sigla.phis.me/document/HT%2023a/index-word.html,sigla_word_seq_pattern,2026-02-24T02:56:37Z,SigLA,http://sigla.phis.me/document/HT%2023a/index-word.html
sigla,HT 23A,word_3,AB31 AB31 AB13,http://sigla.phis.me/document/HT%2023a/index-word.html,sigla_word_seq_pattern,2026-02-24T02:56:37Z,SigLA,http://sigla.phis.me/document/HT%2023a/index-word.html
sigla,HT 23A,word_4,AB70 AB26,http://sigla.phis.me/document/HT%2023a/index-word.html,sigla_word_seq_pattern,2026-02-24T02:56:37Z,SigLA,http://sigla.phis.me/document/HT%2023a/index-word.html
sigla,HT 23B,word_1,AB30 AB60,http://sigla.phis.me/document/HT%2023b/index-word.html,sigla_word_seq_pattern,2026-02-24T02:56:37Z,SigLA,http://sigla.phis.me/document/HT%2023b/index-word.html
sigla,HT 23B,word_2,AB23,http://sigla.phis.me/document/HT%2023b/index-word.html,sigla_word_seq_pattern,2026-02-24T02:56:37Z,SigLA,http://sigla.phis.me/document/HT%2023b/index-word.html
sigla,HT 23B,word_3,AB50,http://sigla.phis.me/document/HT%2023b/index-word.html,sigla_word_seq_pattern,2026-02-24T02:56:37Z,SigLA,http://sigla.phis.me/document/HT%2023b/index-word.html
youngerarchive,HT 24,a.1_log,KI MA RU[,https://web.archive.org/web/20190416193018/http://www.people.ku.edu/~jyounger/LinearA/HTtexts.html,younger_table_logogram,2026-02-24T02:56:37Z,YoungerArchive,https://web.archive.org/web/20190416193018/http://www.people.ku.edu/~jyounger/LinearA/HTtexts.html
youngerarchive,HT 24,a.1_stmt,KU PA3 RI JA,https://web.archive.org/web/20190416193018/http://www.people.ku.edu/~jyounger/LinearA/HTtexts.html,younger_table_statement,2026-02-24T02:56:37Z,YoungerArchive,https://web.archive.org/web/20190416193018/http://www.people.ku.edu/~jyounger/LinearA/HTtexts.html
youngerarchive,HT 24,a.2_log,MA RU ME,https://web.archive.org/web/20190416193018/http://www.people.ku.edu/~jyounger/LinearA/HTtexts.html,younger_table_logogram,2026-02-24T02:56:37Z,YoungerArchive,https://web.archive.org/web/20190416193018/http://www.people.ku.edu/~jyounger/LinearA/HTtexts.html
youngerarchive,HT 24,a.3_log,MA RU ME,https://web.archive.org/web/20190416193018/http://www.people.ku.edu/~jyounger/LinearA/HTtexts.html,younger_table_logogram,2026-02-24T02:56:37Z,YoungerArchive,https://web.archive.org/web/20190416193018/http://www.people.ku.edu/~jyounger/LinearA/HTtexts.html
youngerarchive,HT 24,a.4_log,MA RU ME,https://web.archive.org/web/20190416193018/http://www.people.ku.edu/~jyounger/LinearA/HTtexts.html,younger_table_logogram,2026-02-24T02:56:37Z,YoungerArchive,https://web.archive.org/web/20190416193018/http://www.people.ku.edu/~jyounger/LinearA/HTtexts.html
youngerarchive,HT 24,a.4_stmt,PA SA RI JA,https://web.archive.org/web/20190416193018/http://www.people.ku.edu/~jyounger/LinearA/HTtexts.html,younger_table_statement,2026-02-24T02:56:37Z,YoungerArchive,https://web.archive.org/web/20190416193018/http://www.people.ku.edu/~jyounger/LinearA/HTtexts.html
youngerarchive,HT 24,a.5_log,MA RU,https://web.archive.org/web/20190416193018/http://www.people.ku.edu/~jyounger/LinearA/HTtexts.html,younger_table_logogram,2026-02-24T02:56:37Z,YoungerArchive,https://web.archive.org/web/20190416193018/http://www.people.ku.edu/~jyounger/LinearA/HTtexts.html
youngerarchive,HT 24,a.5_stmt,RU I KO,https://web.archive.org/web/20190416193018/http://www.people.ku.edu/~jyounger/LinearA/HTtexts.html,younger_table_statement,2026-02-24T02:56:37Z,YoungerArchive,https://web.archive.org/web/20190416193018/http://www.people.ku.edu/~jyounger/LinearA/HTtexts.html
youngerarchive,HT 24,b.1-2_log,SI ME KI,https://web.archive.org/web/20190416193018/http://www.people.ku.edu/~jyounger/LinearA/HTtexts.html,younger_table_logogram,2026-02-24T02:56:37Z,YoungerArchive,https://web.archive.org/web/20190416193018/http://www.people.ku.edu/~jyounger/LinearA/HTtexts.html
youngerarchive,HT 24,b.2_log,JA KA,https://web.archive.org/web/20190416193018/http://www.people.ku.edu/~jyounger/LinearA/HTtexts.html,younger_table_logogram,2026-02-24T02:56:37Z,YoungerArchive,https://web.archive.org/web/20190416193018/http://www.people.ku.edu/~jyounger/LinearA/HTtexts.html
sigla,HT 24A,word_1,AB81 AB56 AB53 AB57,http://sigla.phis.me/document/HT%2024a/index-word.html,sigla_word_seq_pattern,2026-02-24T02:56:37Z,SigLA,http://sigla.phis.me/document/HT%2024a/index-word.html
sigla,HT 24A,word_2,AB03 AB31 AB53 AB57,http://sigla.phis.me/document/HT%2024a/index-word.html,sigla_word_seq_pattern,2026-02-24T02:56:37Z,SigLA,http://sigla.phis.me/document/HT%2024a/index-word.html
sigla,HT 24A,word_3,AB26 AB28 AB70,http://sigla.phis.me/document/HT%2024a/index-word.html,sigla_word_seq_pattern,2026-02-24T02:56:37Z,SigLA,http://sigla.phis.me/document/HT%2024a/index-word.html
youngerarchive,HT 25,a.1_stmt,DI NA U,https://web.archive.org/web/20190416193018/http://www.people.ku.edu/~jyounger/LinearA/HTtexts.html,younger_table_statement,2026-02-24T02:56:37Z,YoungerArchive,https://web.archive.org/web/20190416193018/http://www.people.ku.edu/~jyounger/LinearA/HTtexts.html
youngerarchive,HT 25,a.2-3_stmt,DI NA U,https://web.archive.org/web/20190416193018/http://www.people.ku.edu/~jyounger/LinearA/HTtexts.html,younger_table_statement,2026-02-24T02:56:37Z,YoungerArchive,https://web.archive.org/web/20190416193018/http://www.people.ku.edu/~jyounger/LinearA/HTtexts.html
youngerarchive,HT 25,a.2_stmt,U RE WI,https://web.archive.org/web/20190416193018/http://www.people.ku.edu/~jyounger/LinearA/HTtexts.html,younger_table_statement,2026-02-24T02:56:37Z,YoungerArchive,https://web.archive.org/web/20190416193018/http://www.people.ku.edu/~jyounger/LinearA/HTtexts.html
youngerarchive,HT 25,a.2_stmt,]RU NI,https://web.archive.org/web/20190416193018/http://www.people.ku.edu/~jyounger/LinearA/HTtexts.html,younger_table_statement,2026-02-24T02:56:37Z,YoungerArchive,https://web.archive.org/web/20190416193018/http://www.people.ku.edu/~jyounger/LinearA/HTtexts.html
youngerarchive,HT 25,a.3_stmt,A RI NI TA,https://web.archive.org/web/20190416193018/http://www.people.ku.edu/~jyounger/LinearA/HTtexts.html,younger_table_statement,2026-02-24T02:56:37Z,YoungerArchive,https://web.archive.org/web/20190416193018/http://www.people.ku.edu/~jyounger/LinearA/HTtexts.html
youngerarchive,HT 25,a.3_stmt,TU QE NU[,https://web.archive.org/web/20190416193018/http://www.people.ku.edu/~jyounger/LinearA/HTtexts.html,younger_table_statement,2026-02-24T02:56:37Z,YoungerArchive,https://web.archive.org/web/20190416193018/http://www.people.ku.edu/~jyounger/LinearA/HTtexts.html
youngerarchive,HT 25,a.4_stmt,DU RU WI[,https://web.archive.org/web/20190416193018/http://www.people.ku.edu/~jyounger/LinearA/HTtexts.html,younger_table_statement,2026-02-24T02:56:37Z,YoungerArchive,https://web.archive.org/web/20190416193018/http://www.people.ku.edu/~jyounger/LinearA/HTtexts.html
youngerarchive,HT 25,a.4_stmt,ZU JU PU2,https://web.archive.org/web/20190416193018/http://www.people.ku.edu/~jyounger/LinearA/HTtexts.html,younger_table_statement,2026-02-24T02:56:37Z,YoungerArchive,https://web.archive.org/web/20190416193018/http://www.people.ku.edu/~jyounger/LinearA/HTtexts.html
youngerarchive,HT 25,a.5_stmt,I KI RA,https://web.archive.org/web/20190416193018/http://www.people.ku.edu/~jyounger/LinearA/HTtexts.html,younger_table_statement,2026-02-24T02:56:37Z,YoungerArchive,https://web.archive.org/web/20190416193018/http://www.people.ku.edu/~jyounger/LinearA/HTtexts.html
youngerarchive,HT 25,b.2_log,VIR,https://web.archive.org/web/20190416193018/http://www.people.ku.edu/~jyounger/LinearA/HTtexts.html,younger_table_logogram,2026-02-24T02:56:37Z,YoungerArchive,https://web.archive.org/web/20190416193018/http://www.people.ku.edu/~jyounger/LinearA/HTtexts.html
youngerarchive,HT 25,b.2_stmt,KU RO,https://web.archive.org/web/20190416193018/http://www.people.ku.edu/~jyounger/LinearA/HTtexts.html,younger_table_statement,2026-02-24T02:56:37Z,YoungerArchive,https://web.archive.org/web/20190416193018/http://www.people.ku.edu/~jyounger/LinearA/HTtexts.html
youngerarchive,HT 25,b.2_stmt,WI TE RO I TI,https://web.archive.org/web/20190416193018/http://www.people.ku.edu/~jyounger/LinearA/HTtexts.html,younger_table_statement,2026-02-24T02:56:37Z,YoungerArchive,https://web.archive.org/web/20190416193018/http://www.people.ku.edu/~jyounger/LinearA/HTtexts.html
youngerarchive,HT 25,b.3_log,VIR,https://web.archive.org/web/20190416193018/http://www.people.ku.edu/~jyounger/LinearA/HTtexts.html,younger_table_logogram,2026-02-24T02:56:37Z,YoungerArchive,https://web.archive.org/web/20190416193018/http://www.people.ku.edu/~jyounger/LinearA/HTtexts.html
youngerarchive,HT 25,b.4_stmt,KU RO,https://web.archive.org/web/20190416193018/http://www.people.ku.edu/~jyounger/LinearA/HTtexts.html,younger_table_statement,2026-02-24T02:56:37Z,YoungerArchive,https://web.archive.org/web/20190416193018/http://www.people.ku.edu/~jyounger/LinearA/HTtexts.html
sigla,HT 25A,word_1,AB07 AB06 AB10,http://sigla.phis.me/document/HT%2025a/index-word.html,sigla_word_seq_pattern,2026-02-24T02:56:37Z,SigLA,http://sigla.phis.me/document/HT%2025a/index-word.html
sigla,HT 25A,word_2,AB26 AB30,http://sigla.phis.me/document/HT%2025a/index-word.html,sigla_word_seq_pattern,2026-02-24T02:56:37Z,SigLA,http://sigla.phis.me/document/HT%2025a/index-word.html
sigla,HT 25A,word_3,AB10 AB27 AB40,http://sigla.phis.me/document/HT%2025a/index-word.html,sigla_word_seq_pattern,2026-02-24T02:56:37Z,SigLA,http://sigla.phis.me/document/HT%2025a/index-word.html
sigla,HT 25A,word_4,AB07 AB06 AB10,http://sigla.phis.me/document/HT%2025a/index-word.html,sigla_word_seq_pattern,2026-02-24T02:56:37Z,SigLA,http://sigla.phis.me/document/HT%2025a/index-word.html
sigla,HT 25A,word_5,AB08 AB53 AB30 AB59,http://sigla.phis.me/document/HT%2025a/index-word.html,sigla_word_seq_pattern,2026-02-24T02:56:37Z,SigLA,http://sigla.phis.me/document/HT%2025a/index-word.html
sigla,HT 25A,word_6,AB69 AB78 AB55,http://sigla.phis.me/document/HT%2025a/index-word.html,sigla_word_seq_pattern,2026-02-24T02:56:37Z,SigLA,http://sigla.phis.me/document/HT%2025a/index-word.html
sigla,HT 25A,word_7,AB79 AB65 AB29,http://sigla.phis.me/document/HT%2025a/index-word.html,sigla_word_seq_pattern,2026-02-24T02:56:37Z,SigLA,http://sigla.phis.me/document/HT%2025a/index-word.html
sigla,HT 25A,word_8,AB51 AB26 AB40,http://sigla.phis.me/document/HT%2025a/index-word.html,sigla_word_seq_pattern,2026-02-24T02:56:37Z,SigLA,http://sigla.phis.me/document/HT%2025a/index-word.html
sigla,HT 25A,word_9,AB28 AB67 AB60,http://sigla.phis.me/document/HT%2025a/index-word.html,sigla_word_seq_pattern,2026-02-24T02:56:37Z,SigLA,http://sigla.phis.me/document/HT%2025a/index-word.html
sigla,HT 25B,word_2,AB81 AB02,http://sigla.phis.me/document/HT%2025b/index-word.html,sigla_word_seq_pattern,2026-02-24T02:56:37Z,SigLA,http://sigla.phis.me/document/HT%2025b/index-word.html
sigla,HT 25B,word_3,AB40 AB04 AB02,http://sigla.phis.me/document/HT%2025b/index-word.html,sigla_word_seq_pattern,2026-02-24T02:56:37Z,SigLA,http://sigla.phis.me/document/HT%2025b/index-word.html
sigla,HT 25B,word_4,AB28 AB37,http://sigla.phis.me/document/HT%2025b/index-word.html,sigla_word_seq_pattern,2026-02-24T02:56:37Z,SigLA,http://sigla.phis.me/document/HT%2025b/index-word.html
sigla,HT 25B,word_5,AB81 AB02,http://sigla.phis.me/document/HT%2025b/index-word.html,sigla_word_seq_pattern,2026-02-24T02:56:37Z,SigLA,http://sigla.phis.me/document/HT%2025b/index-word.html
youngerarchive,HT 26,a.1_log,406VAS KE,https://web.archive.org/web/20190416193018/http://www.people.ku.edu/~jyounger/LinearA/HTtexts.html,younger_table_logogram,2026-02-24T02:56:37Z,YoungerArchive,https://web.archive.org/web/20190416193018/http://www.people.ku.edu/~jyounger/LinearA/HTtexts.html
youngerarchive,HT 26,a.1_stmt,TE TE,https://web.archive.org/web/20190416193018/http://www.people.ku.edu/~jyounger/LinearA/HTtexts.html,younger_table_statement,2026-02-24T02:56:37Z,YoungerArchive,https://web.archive.org/web/20190416193018/http://www.people.ku.edu/~jyounger/LinearA/HTtexts.html
youngerarchive,HT 26,a.2-3_stmt,MI KI SE NA,https://web.archive.org/web/20190416193018/http://www.people.ku.edu/~jyounger/LinearA/HTtexts.html,younger_table_statement,2026-02-24T02:56:37Z,YoungerArchive,https://web.archive.org/web/20190416193018/http://www.people.ku.edu/~jyounger/LinearA/HTtexts.html
youngerarchive,HT 26,a.2_stmt,TA TI,https://web.archive.org/web/20190416193018/http://www.people.ku.edu/~jyounger/LinearA/HTtexts.html,younger_table_statement,2026-02-24T02:56:37Z,YoungerArchive,https://web.archive.org/web/20190416193018/http://www.people.ku.edu/~jyounger/LinearA/HTtexts.html
youngerarchive,HT 26,a.3-4_stmt,U NU QIF,https://web.archive.org/web/20190416193018/http://www.people.ku.edu/~jyounger/LinearA/HTtexts.html,younger_table_statement,2026-02-24T02:56:37Z,YoungerArchive,https://web.archive.org/web/20190416193018/http://www.people.ku.edu/~jyounger/LinearA/HTtexts.html
youngerarchive,HT 26,b.1_log,*406VAS KE VIR,https://web.archive.org/web/20190416193018/http://www.people.ku.edu/~jyounger/LinearA/HTtexts.html,younger_table_logogram,2026-02-24T02:56:37Z,YoungerArchive,https://web.archive.org/web/20190416193018/http://www.people.ku.edu/~jyounger/LinearA/HTtexts.html
youngerarchive,HT 26,b.2-3_stmt,KA U ZU NI,https://web.archive.org/web/20190416193018/http://www.people.ku.edu/~jyounger/LinearA/HTtexts.html,younger_table_statement,2026-02-24T02:56:37Z,YoungerArchive,https://web.archive.org/web/20190416193018/http://www.people.ku.edu/~jyounger/LinearA/HTtexts.html
youngerarchive,HT 26,b.2_stmt,RO NI,https://web.archive.org/web/20190416193018/http://www.people.ku.edu/~jyounger/LinearA/HTtexts.html,younger_table_statement,2026-02-24T02:56:37Z,YoungerArchive,https://web.archive.org/web/20190416193018/http://www.people.ku.edu/~jyounger/LinearA/HTtexts.html
youngerarchive,HT 26,b.3_log,KI ME,https://web.archive.org/web/20190416193018/http://www.people.ku.edu/~jyounger/LinearA/HTtexts.html,younger_table_logogram,2026-02-24T02:56:37Z,YoungerArchive,https://web.archive.org/web/20190416193018/http://www.people.ku.edu/~jyounger/LinearA/HTtexts.html
sigla,HT 26A,word_1,A312 AB04 AB04,http://sigla.phis.me/document/HT%2026a/index-word.html,sigla_word_seq_pattern,2026-02-24T02:56:37Z,SigLA,http://sigla.phis.me/document/HT%2026a/index-word.html
sigla,HT 26A,word_2,AB59 AB37,http://sigla.phis.me/document/HT%2026a/index-word.html,sigla_word_seq_pattern,2026-02-24T02:56:37Z,SigLA,http://sigla.phis.me/document/HT%2026a/index-word.html
sigla,HT 26A,word_3,AB73 AB67 AB09 AB06,http://sigla.phis.me/document/HT%2026a/index-word.html,sigla_word_seq_pattern,2026-02-24T02:56:37Z,SigLA,http://sigla.phis.me/document/HT%2026a/index-word.html
sigla,HT 26A,word_4,AB10 AB55 AB21F,http://sigla.phis.me/document/HT%2026a/index-word.html,sigla_word_seq_pattern,2026-02-24T02:56:37Z,SigLA,http://sigla.phis.me/document/HT%2026a/index-word.html
sigla,HT 26B,word_2,AB03 AB02 AB30,http://sigla.phis.me/document/HT%2026b/index-word.html,sigla_word_seq_pattern,2026-02-24T02:56:37Z,SigLA,http://sigla.phis.me/document/HT%2026b/index-word.html
sigla,HT 26B,word_3,AB77 AB10 AB79 AB30,http://sigla.phis.me/document/HT%2026b/index-word.html,sigla_word_seq_pattern,2026-02-24T02:56:37Z,SigLA,http://sigla.phis.me/document/HT%2026b/index-word.html
sigla,HT 26B,word_4,AB28 A308,http://sigla.phis.me/document/HT%2026b/index-word.html,sigla_word_seq_pattern,2026-02-24T02:56:37Z,SigLA,http://sigla.phis.me/document/HT%2026b/index-word.html
sigla,HT 26B,word_5,AB188 AB86,http://sigla.phis.me/document/HT%2026b/index-word.html,sigla_word_seq_pattern,2026-02-24T02:56:37Z,SigLA,http://sigla.phis.me/document/HT%2026b/index-word.html
youngerarchive,HT 27,a.1_log,VIR,https://web.archive.org/web/20190416193018/http://www.people.ku.edu/~jyounger/LinearA/HTtexts.html,younger_table_logogram,2026-02-24T02:56:37Z,YoungerArchive,https://web.archive.org/web/20190416193018/http://www.people.ku.edu/~jyounger/LinearA/HTtexts.html
youngerarchive,HT 27,a.1_stmt,TI NI TA,https://web.archive.org/web/20190416193018/http://www.people.ku.edu/~jyounger/LinearA/HTtexts.html,younger_table_statement,2026-02-24T02:56:37Z,YoungerArchive,https://web.archive.org/web/20190416193018/http://www.people.ku.edu/~jyounger/LinearA/HTtexts.html
youngerarchive,HT 27,a.3_stmt,]I MI SA RA,https://web.archive.org/web/20190416193018/http://www.people.ku.edu/~jyounger/LinearA/HTtexts.html,younger_table_statement,2026-02-24T02:56:37Z,YoungerArchive,https://web.archive.org/web/20190416193018/http://www.people.ku.edu/~jyounger/LinearA/HTtexts.html
youngerarchive,HT 27,a.4_stmt,KI DA,https://web.archive.org/web/20190416193018/http://www.people.ku.edu/~jyounger/LinearA/HTtexts.html,younger_table_statement,2026-02-24T02:56:37Z,YoungerArchive,https://web.archive.org/web/20190416193018/http://www.people.ku.edu/~jyounger/LinearA/HTtexts.html
youngerarchive,HT 27,a.5_stmt,]SA RA DI,https://web.archive.org/web/20190416193018/http://www.people.ku.edu/~jyounger/LinearA/HTtexts.html,younger_table_statement,2026-02-24T02:56:37Z,YoungerArchive,https://web.archive.org/web/20190416193018/http://www.people.ku.edu/~jyounger/LinearA/HTtexts.html
youngerarchive,HT 27,a.6_log,VIR,https://web.archive.org/web/20190416193018/http://www.people.ku.edu/~jyounger/LinearA/HTtexts.html,younger_table_logogram,2026-02-24T02:56:37Z,YoungerArchive,https://web.archive.org/web/20190416193018/http://www.people.ku.edu/~jyounger/LinearA/HTtexts.html
youngerarchive,HT 27,a.7_stmt,KU RO,https://web.archive.org/web/20190416193018/http://www.people.ku.edu/~jyounger/LinearA/HTtexts.html,younger_table_statement,2026-02-24T02:56:37Z,YoungerArchive,https://web.archive.org/web/20190416193018/http://www.people.ku.edu/~jyounger/LinearA/HTtexts.html
youngerarchive,HT 27,a.8_log,FIC,https://web.archive.org/web/20190416193018/http://www.people.ku.edu/~jyounger/LinearA/HTtexts.html,younger_table_logogram,2026-02-24T02:56:37Z,YoungerArchive,https://web.archive.org/web/20190416193018/http://www.people.ku.edu/~jyounger/LinearA/HTtexts.html
youngerarchive,HT 27,a.8_log,VINA,https://web.archive.org/web/20190416193018/http://www.people.ku.edu/~jyounger/LinearA/HTtexts.html,younger_table_logogram,2026-02-24T02:56:37Z,YoungerArchive,https://web.archive.org/web/20190416193018/http://www.people.ku.edu/~jyounger/LinearA/HTtexts.html
youngerarchive,HT 27,b.1_log,VINA WA SA,https://web.archive.org/web/20190416193018/http://www.people.ku.edu/~jyounger/LinearA/HTtexts.html,younger_table_logogram,2026-02-24T02:56:37Z,YoungerArchive,https://web.archive.org/web/20190416193018/http://www.people.ku.edu/~jyounger/LinearA/HTtexts.html
youngerarchive,HT 27,b.1_stmt,]MI DA,https://web.archive.org/web/20190416193018/http://www.people.ku.edu/~jyounger/LinearA/HTtexts.html,younger_table_statement,2026-02-24T02:56:37Z,YoungerArchive,https://web.archive.org/web/20190416193018/http://www.people.ku.edu/~jyounger/LinearA/HTtexts.html
youngerarchive,HT 27,b.6_log,VINA GRA SA,https://web.archive.org/web/20190416193018/http://www.people.ku.edu/~jyounger/LinearA/HTtexts.html,younger_table_logogram,2026-02-24T02:56:37Z,YoungerArchive,https://web.archive.org/web/20190416193018/http://www.people.ku.edu/~jyounger/LinearA/HTtexts.html
sigla,HT 27A,word_1,AB37 AB30 AB59,http://sigla.phis.me/document/HT%2027a/index-word.html,sigla_word_seq_pattern,2026-02-24T02:56:37Z,SigLA,http://sigla.phis.me/document/HT%2027a/index-word.html
sigla,HT 27A,word_2,AB28 AB73 AB31 AB60,http://sigla.phis.me/document/HT%2027a/index-word.html,sigla_word_seq_pattern,2026-02-24T02:56:37Z,SigLA,http://sigla.phis.me/document/HT%2027a/index-word.html
sigla,HT 27A,word_3,AB78,http://sigla.phis.me/document/HT%2027a/index-word.html,sigla_word_seq_pattern,2026-02-24T02:56:37Z,SigLA,http://sigla.phis.me/document/HT%2027a/index-word.html
sigla,HT 27A,word_4,AB67 AB01,http://sigla.phis.me/document/HT%2027a/index-word.html,sigla_word_seq_pattern,2026-02-24T02:56:37Z,SigLA,http://sigla.phis.me/document/HT%2027a/index-word.html
sigla,HT 27A,word_5,AB67 A310,http://sigla.phis.me/document/HT%2027a/index-word.html,sigla_word_seq_pattern,2026-02-24T02:56:37Z,SigLA,http://sigla.phis.me/document/HT%2027a/index-word.html
sigla,HT 27A,word_6,AB81 A305,http://sigla.phis.me/document/HT%2027a/index-word.html,sigla_word_seq_pattern,2026-02-24T02:56:37Z,SigLA,http://sigla.phis.me/document/HT%2027a/index-word.html
sigla,HT 27A,word_7,AB31 AB60 AB07,http://sigla.phis.me/document/HT%2027a/index-word.html,sigla_word_seq_pattern,2026-02-24T02:56:37Z,SigLA,http://sigla.phis.me/document/HT%2027a/index-word.html
sigla,HT 27A,word_8,AB81 AB02,http://sigla.phis.me/document/HT%2027a/index-word.html,sigla_word_seq_pattern,2026-02-24T02:56:37Z,SigLA,http://sigla.phis.me/document/HT%2027a/index-word.html
sigla,HT 27B,word_1,AB73 AB01,http://sigla.phis.me/document/HT%2027b/index-word.html,sigla_word_seq_pattern,2026-02-24T02:56:37Z,SigLA,http://sigla.phis.me/document/HT%2027b/index-word.html
sigla,HT 27B,word_2,[?] [?],http://sigla.phis.me/document/HT%2027b/index-word.html,sigla_word_seq_pattern,2026-02-24T02:56:37Z,SigLA,http://sigla.phis.me/document/HT%2027b/index-word.html
sigla,HT 27B,word_3,AB03 AB09,http://sigla.phis.me/document/HT%2027b/index-word.html,sigla_word_seq_pattern,2026-02-24T02:56:37Z,SigLA,http://sigla.phis.me/document/HT%2027b/index-word.html
youngerarchive,HT 28,a.1-2_log,GRA QE,https://web.archive.org/web/20190416193018/http://www.people.ku.edu/~jyounger/LinearA/HTtexts.html,younger_table_logogram,2026-02-24T02:56:37Z,YoungerArchive,https://web.archive.org/web/20190416193018/http://www.people.ku.edu/~jyounger/LinearA/HTtexts.html
youngerarchive,HT 28,a.1-2_stmt,JA QIF,https://web.archive.org/web/20190416193018/http://www.people.ku.edu/~jyounger/LinearA/HTtexts.html,younger_table_statement,2026-02-24T02:56:37Z,YoungerArchive,https://web.archive.org/web/20190416193018/http://www.people.ku.edu/~jyounger/LinearA/HTtexts.html
youngerarchive,HT 28,a.1_stmt,A SI JA KA,https://web.archive.org/web/20190416193018/http://www.people.ku.edu/~jyounger/LinearA/HTtexts.html,younger_table_statement,2026-02-24T02:56:37Z,YoungerArchive,https://web.archive.org/web/20190416193018/http://www.people.ku.edu/~jyounger/LinearA/HTtexts.html
youngerarchive,HT 28,a.2-3_log,OLE TU,https://web.archive.org/web/20190416193018/http://www.people.ku.edu/~jyounger/LinearA/HTtexts.html,younger_table_logogram,2026-02-24T02:56:37Z,YoungerArchive,https://web.archive.org/web/20190416193018/http://www.people.ku.edu/~jyounger/LinearA/HTtexts.html
youngerarchive,HT 28,a.2_log,OLE KI,https://web.archive.org/web/20190416193018/http://www.people.ku.edu/~jyounger/LinearA/HTtexts.html,younger_table_logogram,2026-02-24T02:56:37Z,YoungerArchive,https://web.archive.org/web/20190416193018/http://www.people.ku.edu/~jyounger/LinearA/HTtexts.html
youngerarchive,HT 28,a.2_log,OLE MI,https://web.archive.org/web/20190416193018/http://www.people.ku.edu/~jyounger/LinearA/HTtexts.html,younger_table_logogram,2026-02-24T02:56:37Z,YoungerArchive,https://web.archive.org/web/20190416193018/http://www.people.ku.edu/~jyounger/LinearA/HTtexts.html
youngerarchive,HT 28,a.2_log,OLE U,https://web.archive.org/web/20190416193018/http://www.people.ku.edu/~jyounger/LinearA/HTtexts.html,younger_table_logogram,2026-02-24T02:56:37Z,YoungerArchive,https://web.archive.org/web/20190416193018/http://www.people.ku.edu/~jyounger/LinearA/HTtexts.html
youngerarchive,HT 28,a.3_log,FIC,https://web.archive.org/web/20190416193018/http://www.people.ku.edu/~jyounger/LinearA/HTtexts.html,younger_table_logogram,2026-02-24T02:56:37Z,YoungerArchive,https://web.archive.org/web/20190416193018/http://www.people.ku.edu/~jyounger/LinearA/HTtexts.html
youngerarchive,HT 28,a.3_log,OLE DI,https://web.archive.org/web/20190416193018/http://www.people.ku.edu/~jyounger/LinearA/HTtexts.html,younger_table_logogram,2026-02-24T02:56:37Z,YoungerArchive,https://web.archive.org/web/20190416193018/http://www.people.ku.edu/~jyounger/LinearA/HTtexts.html
youngerarchive,HT 28,a.3_stmt,SA RA2,https://web.archive.org/web/20190416193018/http://www.people.ku.edu/~jyounger/LinearA/HTtexts.html,younger_table_statement,2026-02-24T02:56:37Z,YoungerArchive,https://web.archive.org/web/20190416193018/http://www.people.ku.edu/~jyounger/LinearA/HTtexts.html
youngerarchive,HT 28,a.4_log,VINA,https://web.archive.org/web/20190416193018/http://www.people.ku.edu/~jyounger/LinearA/HTtexts.html,younger_table_logogram,2026-02-24T02:56:37Z,YoungerArchive,https://web.archive.org/web/20190416193018/http://www.people.ku.edu/~jyounger/LinearA/HTtexts.html
youngerarchive,HT 28,a.4_log,VIR KA VINA,https://web.archive.org/web/20190416193018/http://www.people.ku.edu/~jyounger/LinearA/HTtexts.html,younger_table_logogram,2026-02-24T02:56:37Z,YoungerArchive,https://web.archive.org/web/20190416193018/http://www.people.ku.edu/~jyounger/LinearA/HTtexts.html
youngerarchive,HT 28,a.5_log,GRA,https://web.archive.org/web/20190416193018/http://www.people.ku.edu/~jyounger/LinearA/HTtexts.html,younger_table_logogram,2026-02-24T02:56:37Z,YoungerArchive,https://web.archive.org/web/20190416193018/http://www.people.ku.edu/~jyounger/LinearA/HTtexts.html
youngerarchive,HT 28,a.5_stmt,A RU DA RA,https://web.archive.org/web/20190416193018/http://www.people.ku.edu/~jyounger/LinearA/HTtexts.html,younger_table_statement,2026-02-24T02:56:37Z,YoungerArchive,https://web.archive.org/web/20190416193018/http://www.people.ku.edu/~jyounger/LinearA/HTtexts.html
youngerarchive,HT 28,a.6_log,OLE DI,https://web.archive.org/web/20190416193018/http://www.people.ku.edu/~jyounger/LinearA/HTtexts.html,younger_table_logogram,2026-02-24T02:56:37Z,YoungerArchive,https://web.archive.org/web/20190416193018/http://www.people.ku.edu/~jyounger/LinearA/HTtexts.html
youngerarchive,HT 28,a.6_stmt,I TA JA,https://web.archive.org/web/20190416193018/http://www.people.ku.edu/~jyounger/LinearA/HTtexts.html,younger_table_statement,2026-02-24T02:56:37Z,YoungerArchive,https://web.archive.org/web/20190416193018/http://www.people.ku.edu/~jyounger/LinearA/HTtexts.html
youngerarchive,HT 28,b.1-2_stmt,A SI JA KA U MI NA SI,https://web.archive.org/web/20190416193018/http://www.people.ku.edu/~jyounger/LinearA/HTtexts.html,younger_table_statement,2026-02-24T02:56:37Z,YoungerArchive,https://web.archive.org/web/20190416193018/http://www.people.ku.edu/~jyounger/LinearA/HTtexts.html
youngerarchive,HT 28,b.2-3_log,OLE DI,https://web.archive.org/web/20190416193018/http://www.people.ku.edu/~jyounger/LinearA/HTtexts.html,younger_table_logogram,2026-02-24T02:56:37Z,YoungerArchive,https://web.archive.org/web/20190416193018/http://www.people.ku.edu/~jyounger/LinearA/HTtexts.html
youngerarchive,HT 28,b.2_log,GRA,https://web.archive.org/web/20190416193018/http://www.people.ku.edu/~jyounger/LinearA/HTtexts.html,younger_table_logogram,2026-02-24T02:56:37Z,YoungerArchive,https://web.archive.org/web/20190416193018/http://www.people.ku.edu/~jyounger/LinearA/HTtexts.html
youngerarchive,HT 28,b.2_stmt,SA RA2,https://web.archive.org/web/20190416193018/http://www.people.ku.edu/~jyounger/LinearA/HTtexts.html,younger_table_statement,2026-02-24T02:56:37Z,YoungerArchive,https://web.archive.org/web/20190416193018/http://www.people.ku.edu/~jyounger/LinearA/HTtexts.html
youngerarchive,HT 28,b.3-4_log,FIC,https://web.archive.org/web/20190416193018/http://www.people.ku.edu/~jyounger/LinearA/HTtexts.html,younger_table_logogram,2026-02-24T02:56:37Z,YoungerArchive,https://web.archive.org/web/20190416193018/http://www.people.ku.edu/~jyounger/LinearA/HTtexts.html
youngerarchive,HT 28,b.3-4_stmt,PU RA2,https://web.archive.org/web/20190416193018/http://www.people.ku.edu/~jyounger/LinearA/HTtexts.html,younger_table_statement,2026-02-24T02:56:37Z,YoungerArchive,https://web.archive.org/web/20190416193018/http://www.people.ku.edu/~jyounger/LinearA/HTtexts.html
youngerarchive,HT 28,b.3_log,FIC,https://web.archive.org/web/20190416193018/http://www.people.ku.edu/~jyounger/LinearA/HTtexts.html,younger_table_logogram,2026-02-24T02:56:37Z,YoungerArchive,https://web.archive.org/web/20190416193018/http://www.people.ku.edu/~jyounger/LinearA/HTtexts.html
youngerarchive,HT 28,b.3_log,VINA,https://web.archive.org/web/20190416193018/http://www.people.ku.edu/~jyounger/LinearA/HTtexts.html,younger_table_logogram,2026-02-24T02:56:37Z,YoungerArchive,https://web.archive.org/web/20190416193018/http://www.people.ku.edu/~jyounger/LinearA/HTtexts.html
youngerarchive,HT 28,b.4_log,VINA,https://web.archive.org/web/20190416193018/http://www.people.ku.edu/~jyounger/LinearA/HTtexts.html,younger_table_logogram,2026-02-24T02:56:37Z,YoungerArchive,https://web.archive.org/web/20190416193018/http://www.people.ku.edu/~jyounger/LinearA/HTtexts.html
youngerarchive,HT 28,b.4_stmt,JA QIF,https://web.archive.org/web/20190416193018/http://www.people.ku.edu/~jyounger/LinearA/HTtexts.html,younger_table_statement,2026-02-24T02:56:37Z,YoungerArchive,https://web.archive.org/web/20190416193018/http://www.people.ku.edu/~jyounger/LinearA/HTtexts.html
youngerarchive,HT 28,b.5_log,OLE DI,https://web.archive.org/web/20190416193018/http://www.people.ku.edu/~jyounger/LinearA/HTtexts.html,younger_table_logogram,2026-02-24T02:56:37Z,YoungerArchive,https://web.archive.org/web/20190416193018/http://www.people.ku.edu/~jyounger/LinearA/HTtexts.html
youngerarchive,HT 28,b.5_log,VINA,https://web.archive.org/web/20190416193018/http://www.people.ku.edu/~jyounger/LinearA/HTtexts.html,younger_table_logogram,2026-02-24T02:56:37Z,YoungerArchive,https://web.archive.org/web/20190416193018/http://www.people.ku.edu/~jyounger/LinearA/HTtexts.html
youngerarchive,HT 28,b.5_stmt,WI DI NA,https://web.archive.org/web/20190416193018/http://www.people.ku.edu/~jyounger/LinearA/HTtexts.html,younger_table_statement,2026-02-24T02:56:37Z,YoungerArchive,https://web.archive.org/web/20190416193018/http://www.people.ku.edu/~jyounger/LinearA/HTtexts.html
sigla,HT 28A,word_1,AB08 AB41 AB57 AB77,http://sigla.phis.me/document/HT%2028a/index-word.html,sigla_word_seq_pattern,2026-02-24T02:56:37Z,SigLA,http://sigla.phis.me/document/HT%2028a/index-word.html
sigla,HT 28A,word_2,AB57 AB21F,http://sigla.phis.me/document/HT%2028a/index-word.html,sigla_word_seq_pattern,2026-02-24T02:56:37Z,SigLA,http://sigla.phis.me/document/HT%2028a/index-word.html
sigla,HT 28A,word_3,AB31 AB72,http://sigla.phis.me/document/HT%2028a/index-word.html,sigla_word_seq_pattern,2026-02-24T02:56:37Z,SigLA,http://sigla.phis.me/document/HT%2028a/index-word.html
sigla,HT 28A,word_4,AB08 AB26 AB01 AB60,http://sigla.phis.me/document/HT%2028a/index-word.html,sigla_word_seq_pattern,2026-02-24T02:56:37Z,SigLA,http://sigla.phis.me/document/HT%2028a/index-word.html
sigla,HT 28A,word_5,AB28 AB59 AB57,http://sigla.phis.me/document/HT%2028a/index-word.html,sigla_word_seq_pattern,2026-02-24T02:56:37Z,SigLA,http://sigla.phis.me/document/HT%2028a/index-word.html
sigla,HT 28B,word_1,AB08 AB41 AB57 AB77,http://sigla.phis.me/document/HT%2028b/index-word.html,sigla_word_seq_pattern,2026-02-24T02:56:37Z,SigLA,http://sigla.phis.me/document/HT%2028b/index-word.html
sigla,HT 28B,word_2,AB10 AB73 AB06 AB41,http://sigla.phis.me/document/HT%2028b/index-word.html,sigla_word_seq_pattern,2026-02-24T02:56:37Z,SigLA,http://sigla.phis.me/document/HT%2028b/index-word.html
sigla,HT 28B,word_3,AB31 AB76,http://sigla.phis.me/document/HT%2028b/index-word.html,sigla_word_seq_pattern,2026-02-24T02:56:37Z,SigLA,http://sigla.phis.me/document/HT%2028b/index-word.html
sigla,HT 28B,word_4,AB50 AB76,http://sigla.phis.me/document/HT%2028b/index-word.html,sigla_word_seq_pattern,2026-02-24T02:56:37Z,SigLA,http://sigla.phis.me/document/HT%2028b/index-word.html
sigla,HT 28B,word_5,AB57 AB21F,http://sigla.phis.me/document/HT%2028b/index-word.html,sigla_word_seq_pattern,2026-02-24T02:56:37Z,SigLA,http://sigla.phis.me/document/HT%2028b/index-word.html
sigla,HT 28B,word_6,AB40 AB07 AB06,http://sigla.phis.me/document/HT%2028b/index-word.html,sigla_word_seq_pattern,2026-02-24T02:56:37Z,SigLA,http://sigla.phis.me/document/HT%2028b/index-word.html
youngerarchive,HT 29,.1_stmt,RU MA TA,https://web.archive.org/web/20190416193018/http://www.people.ku.edu/~jyounger/LinearA/HTtexts.html,younger_table_statement,2026-02-24T02:56:37Z,YoungerArchive,https://web.archive.org/web/20190416193018/http://www.people.ku.edu/~jyounger/LinearA/HTtexts.html
youngerarchive,HT 29,.2_stmt,PA JA RE,https://web.archive.org/web/20190416193018/http://www.people.ku.edu/~jyounger/LinearA/HTtexts.html,younger_table_statement,2026-02-24T02:56:37Z,YoungerArchive,https://web.archive.org/web/20190416193018/http://www.people.ku.edu/~jyounger/LinearA/HTtexts.html
youngerarchive,HT 29,.3_stmt,]DI JA I,https://web.archive.org/web/20190416193018/http://www.people.ku.edu/~jyounger/LinearA/HTtexts.html,younger_table_statement,2026-02-24T02:56:37Z,YoungerArchive,https://web.archive.org/web/20190416193018/http://www.people.ku.edu/~jyounger/LinearA/HTtexts.html
youngerarchive,HT 29,.4_stmt,SA MI,https://web.archive.org/web/20190416193018/http://www.people.ku.edu/~jyounger/LinearA/HTtexts.html,younger_table_statement,2026-02-24T02:56:37Z,YoungerArchive,https://web.archive.org/web/20190416193018/http://www.people.ku.edu/~jyounger/LinearA/HTtexts.html
youngerarchive,HT 29,.5_stmt,A RE DA I,https://web.archive.org/web/20190416193018/http://www.people.ku.edu/~jyounger/LinearA/HTtexts.html,younger_table_statement,2026-02-24T02:56:37Z,YoungerArchive,https://web.archive.org/web/20190416193018/http://www.people.ku.edu/~jyounger/LinearA/HTtexts.html
youngerarchive,HT 29,.6_stmt,KA DU MA NE,https://web.archive.org/web/20190416193018/http://www.people.ku.edu/~jyounger/LinearA/HTtexts.html,younger_table_statement,2026-02-24T02:56:37Z,YoungerArchive,https://web.archive.org/web/20190416193018/http://www.people.ku.edu/~jyounger/LinearA/HTtexts.html
sigla,HT 29,word_1,AB26 AB80 AB59,http://sigla.phis.me/document/HT%2029/index-word.html,sigla_word_seq_pattern,2026-02-24T02:56:37Z,SigLA,http://sigla.phis.me/document/HT%2029/index-word.html
sigla,HT 29,word_2,AB03 AB57 AB27,http://sigla.phis.me/document/HT%2029/index-word.html,sigla_word_seq_pattern,2026-02-24T02:56:37Z,SigLA,http://sigla.phis.me/document/HT%2029/index-word.html
sigla,HT 29,word_3,AB07 AB57 AB28,http://sigla.phis.me/document/HT%2029/index-word.html,sigla_word_seq_pattern,2026-02-24T02:56:37Z,SigLA,http://sigla.phis.me/document/HT%2029/index-word.html
sigla,HT 29,word_4,AB31 A323 AB73,http://sigla.phis.me/document/HT%2029/index-word.html,sigla_word_seq_pattern,2026-02-24T02:56:37Z,SigLA,http://sigla.phis.me/document/HT%2029/index-word.html
sigla,HT 29,word_5,A340 AB67 AB59,http://sigla.phis.me/document/HT%2029/index-word.html,sigla_word_seq_pattern,2026-02-24T02:56:37Z,SigLA,http://sigla.phis.me/document/HT%2029/index-word.html
sigla,HT 29,word_6,AB08 AB27 AB01 AB28,http://sigla.phis.me/document/HT%2029/index-word.html,sigla_word_seq_pattern,2026-02-24T02:56:37Z,SigLA,http://sigla.phis.me/document/HT%2029/index-word.html
sigla,HT 29,word_7,AB77 AB51 AB80 AB24,http://sigla.phis.me/document/HT%2029/index-word.html,sigla_word_seq_pattern,2026-02-24T02:56:37Z,SigLA,http://sigla.phis.me/document/HT%2029/index-word.html
youngerarchive,HT 3,.1_stmt,MA DI,https://web.archive.org/web/20190416193018/http://www.people.ku.edu/~jyounger/LinearA/HTtexts.html,younger_table_statement,2026-02-24T02:56:37Z,YoungerArchive,https://web.archive.org/web/20190416193018/http://www.people.ku.edu/~jyounger/LinearA/HTtexts.html
youngerarchive,HT 3,.2_stmt,QE RA2 JA[,https://web.archive.org/web/20190416193018/http://www.people.ku.edu/~jyounger/LinearA/HTtexts.html,younger_table_statement,2026-02-24T02:56:37Z,YoungerArchive,https://web.archive.org/web/20190416193018/http://www.people.ku.edu/~jyounger/LinearA/HTtexts.html
youngerarchive,HT 3,.4_stmt,MU RU,https://web.archive.org/web/20190416193018/http://www.people.ku.edu/~jyounger/LinearA/HTtexts.html,younger_table_statement,2026-02-24T02:56:37Z,YoungerArchive,https://web.archive.org/web/20190416193018/http://www.people.ku.edu/~jyounger/LinearA/HTtexts.html
youngerarchive,HT 3,.5_stmt,]SI TU RA2 RE,https://web.archive.org/web/20190416193018/http://www.people.ku.edu/~jyounger/LinearA/HTtexts.html,younger_table_statement,2026-02-24T02:56:37Z,YoungerArchive,https://web.archive.org/web/20190416193018/http://www.people.ku.edu/~jyounger/LinearA/HTtexts.html
youngerarchive,HT 3,.6_stmt,]KU PA3 NU,https://web.archive.org/web/20190416193018/http://www.people.ku.edu/~jyounger/LinearA/HTtexts.html,younger_table_statement,2026-02-24T02:56:37Z,YoungerArchive,https://web.archive.org/web/20190416193018/http://www.people.ku.edu/~jyounger/LinearA/HTtexts.html
youngerarchive,HT 3,.7_stmt,MA DI,https://web.archive.org/web/20190416193018/http://www.people.ku.edu/~jyounger/LinearA/HTtexts.html,younger_table_statement,2026-02-24T02:56:37Z,YoungerArchive,https://web.archive.org/web/20190416193018/http://www.people.ku.edu/~jyounger/LinearA/HTtexts.html
sigla,HT 3,word_1,AB80 AB07?,http://sigla.phis.me/document/HT%203/index-word.html,sigla_word_seq_pattern,2026-02-24T02:56:37Z,SigLA,http://sigla.phis.me/document/HT%203/index-word.html
sigla,HT 3,word_10,AB80 AB07,http://sigla.phis.me/document/HT%203/index-word.html,sigla_word_seq_pattern,2026-02-24T02:56:37Z,SigLA,http://sigla.phis.me/document/HT%203/index-word.html
sigla,HT 3,word_11,AB01,http://sigla.phis.me/document/HT%203/index-word.html,sigla_word_seq_pattern,2026-02-24T02:56:37Z,SigLA,http://sigla.phis.me/document/HT%203/index-word.html
sigla,HT 3,word_2,AB07 AB06,http://sigla.phis.me/document/HT%203/index-word.html,sigla_word_seq_pattern,2026-02-24T02:56:37Z,SigLA,http://sigla.phis.me/document/HT%203/index-word.html
sigla,HT 3,word_3,AB78 AB76 AB57,http://sigla.phis.me/document/HT%203/index-word.html,sigla_word_seq_pattern,2026-02-24T02:56:37Z,SigLA,http://sigla.phis.me/document/HT%203/index-word.html
sigla,HT 3,word_5,AB23 AB26,http://sigla.phis.me/document/HT%203/index-word.html,sigla_word_seq_pattern,2026-02-24T02:56:37Z,SigLA,http://sigla.phis.me/document/HT%203/index-word.html
sigla,HT 3,word_6,AB26,http://sigla.phis.me/document/HT%203/index-word.html,sigla_word_seq_pattern,2026-02-24T02:56:37Z,SigLA,http://sigla.phis.me/document/HT%203/index-word.html
sigla,HT 3,word_7,AB41 AB69 AB76 AB27,http://sigla.phis.me/document/HT%203/index-word.html,sigla_word_seq_pattern,2026-02-24T02:56:37Z,SigLA,http://sigla.phis.me/document/HT%203/index-word.html
sigla,HT 3,word_9,AB81 AB56 AB55,http://sigla.phis.me/document/HT%203/index-word.html,sigla_word_seq_pattern,2026-02-24T02:56:37Z,SigLA,http://sigla.phis.me/document/HT%203/index-word.html
youngerarchive,HT 30,.1_stmt,SA RA2,https://web.archive.org/web/20190416193018/http://www.people.ku.edu/~jyounger/LinearA/HTtexts.html,younger_table_statement,2026-02-24T02:56:37Z,YoungerArchive,https://web.archive.org/web/20190416193018/http://www.people.ku.edu/~jyounger/LinearA/HTtexts.html
youngerarchive,HT 30,.2_log,FIC,https://web.archive.org/web/20190416193018/http://www.people.ku.edu/~jyounger/LinearA/HTtexts.html,younger_table_logogram,2026-02-24T02:56:37Z,YoungerArchive,https://web.archive.org/web/20190416193018/http://www.people.ku.edu/~jyounger/LinearA/HTtexts.html
youngerarchive,HT 30,.2_log,VINA,https://web.archive.org/web/20190416193018/http://www.people.ku.edu/~jyounger/LinearA/HTtexts.html,younger_table_logogram,2026-02-24T02:56:37Z,YoungerArchive,https://web.archive.org/web/20190416193018/http://www.people.ku.edu/~jyounger/LinearA/HTtexts.html
youngerarchive,HT 30,.3-4_log,BOSM,https://web.archive.org/web/20190416193018/http://www.people.ku.edu/~jyounger/LinearA/HTtexts.html,younger_table_logogram,2026-02-24T02:56:37Z,YoungerArchive,https://web.archive.org/web/20190416193018/http://www.people.ku.edu/~jyounger/LinearA/HTtexts.html
youngerarchive,HT 30,.3_log,OLE TA,https://web.archive.org/web/20190416193018/http://www.people.ku.edu/~jyounger/LinearA/HTtexts.html,younger_table_logogram,2026-02-24T02:56:37Z,YoungerArchive,https://web.archive.org/web/20190416193018/http://www.people.ku.edu/~jyounger/LinearA/HTtexts.html
youngerarchive,HT 30,.3_log,QA [?] PU,https://web.archive.org/web/20190416193018/http://www.people.ku.edu/~jyounger/LinearA/HTtexts.html,younger_table_logogram,2026-02-24T02:56:37Z,YoungerArchive,https://web.archive.org/web/20190416193018/http://www.people.ku.edu/~jyounger/LinearA/HTtexts.html
youngerarchive,HT 30,.3_stmt,SA RA RA,https://web.archive.org/web/20190416193018/http://www.people.ku.edu/~jyounger/LinearA/HTtexts.html,younger_table_statement,2026-02-24T02:56:37Z,YoungerArchive,https://web.archive.org/web/20190416193018/http://www.people.ku.edu/~jyounger/LinearA/HTtexts.html
youngerarchive,HT 30,.4_log,FIC,https://web.archive.org/web/20190416193018/http://www.people.ku.edu/~jyounger/LinearA/HTtexts.html,younger_table_logogram,2026-02-24T02:56:37Z,YoungerArchive,https://web.archive.org/web/20190416193018/http://www.people.ku.edu/~jyounger/LinearA/HTtexts.html
youngerarchive,HT 30,.4_stmt,KI RO,https://web.archive.org/web/20190416193018/http://www.people.ku.edu/~jyounger/LinearA/HTtexts.html,younger_table_statement,2026-02-24T02:56:37Z,YoungerArchive,https://web.archive.org/web/20190416193018/http://www.people.ku.edu/~jyounger/LinearA/HTtexts.html
youngerarchive,HT 30,.5_log,BOSM,https://web.archive.org/web/20190416193018/http://www.people.ku.edu/~jyounger/LinearA/HTtexts.html,younger_table_logogram,2026-02-24T02:56:37Z,YoungerArchive,https://web.archive.org/web/20190416193018/http://www.people.ku.edu/~jyounger/LinearA/HTtexts.html
youngerarchive,HT 30,.5_log,OLE TA,https://web.archive.org/web/20190416193018/http://www.people.ku.edu/~jyounger/LinearA/HTtexts.html,younger_table_logogram,2026-02-24T02:56:37Z,YoungerArchive,https://web.archive.org/web/20190416193018/http://www.people.ku.edu/~jyounger/LinearA/HTtexts.html
youngerarchive,HT 30,.5_log,VINA,https://web.archive.org/web/20190416193018/http://www.people.ku.edu/~jyounger/LinearA/HTtexts.html,younger_table_logogram,2026-02-24T02:56:37Z,YoungerArchive,https://web.archive.org/web/20190416193018/http://www.people.ku.edu/~jyounger/LinearA/HTtexts.html
sigla,HT 30,word_1,AB31 AB76,http://sigla.phis.me/document/HT%2030/index-word.html,sigla_word_seq_pattern,2026-02-24T02:56:37Z,SigLA,http://sigla.phis.me/document/HT%2030/index-word.html
sigla,HT 30,word_2,AB31 AB60 AB60,http://sigla.phis.me/document/HT%2030/index-word.html,sigla_word_seq_pattern,2026-02-24T02:56:37Z,SigLA,http://sigla.phis.me/document/HT%2030/index-word.html
sigla,HT 30,word_3,AB67 AB02,http://sigla.phis.me/document/HT%2030/index-word.html,sigla_word_seq_pattern,2026-02-24T02:56:37Z,SigLA,http://sigla.phis.me/document/HT%2030/index-word.html
youngerarchive,HT 31,.1_log,*410VAS,https://web.archive.org/web/20190416193018/http://www.people.ku.edu/~jyounger/LinearA/HTtexts.html,younger_table_logogram,2026-02-24T02:56:37Z,YoungerArchive,https://web.archive.org/web/20190416193018/http://www.people.ku.edu/~jyounger/LinearA/HTtexts.html
youngerarchive,HT 31,.1_stmt,TI SA PU KO,https://web.archive.org/web/20190416193018/http://www.people.ku.edu/~jyounger/LinearA/HTtexts.html,younger_table_statement,2026-02-24T02:56:37Z,YoungerArchive,https://web.archive.org/web/20190416193018/http://www.people.ku.edu/~jyounger/LinearA/HTtexts.html
youngerarchive,HT 31,.2_log,*402VAS QA PA3,https://web.archive.org/web/20190416193018/http://www.people.ku.edu/~jyounger/LinearA/HTtexts.html,younger_table_logogram,2026-02-24T02:56:37Z,YoungerArchive,https://web.archive.org/web/20190416193018/http://www.people.ku.edu/~jyounger/LinearA/HTtexts.html
youngerarchive,HT 31,.2_log,*415VAS SU PU,https://web.archive.org/web/20190416193018/http://www.people.ku.edu/~jyounger/LinearA/HTtexts.html,younger_table_logogram,2026-02-24T02:56:37Z,YoungerArchive,https://web.archive.org/web/20190416193018/http://www.people.ku.edu/~jyounger/LinearA/HTtexts.html
youngerarchive,HT 31,.3_log,*416VAS KA RO PA3,https://web.archive.org/web/20190416193018/http://www.people.ku.edu/~jyounger/LinearA/HTtexts.html,younger_table_logogram,2026-02-24T02:56:37Z,YoungerArchive,https://web.archive.org/web/20190416193018/http://www.people.ku.edu/~jyounger/LinearA/HTtexts.html
youngerarchive,HT 31,.3_stmt,SA JA MA,https://web.archive.org/web/20190416193018/http://www.people.ku.edu/~jyounger/LinearA/HTtexts.html,younger_table_statement,2026-02-24T02:56:37Z,YoungerArchive,https://web.archive.org/web/20190416193018/http://www.people.ku.edu/~jyounger/LinearA/HTtexts.html
youngerarchive,HT 31,.4-5_stmt,KI DE MA NA,https://web.archive.org/web/20190416193018/http://www.people.ku.edu/~jyounger/LinearA/HTtexts.html,younger_table_statement,2026-02-24T02:56:37Z,YoungerArchive,https://web.archive.org/web/20190416193018/http://www.people.ku.edu/~jyounger/LinearA/HTtexts.html
youngerarchive,HT 31,.5_log,*402VAS SU PA3 RA,https://web.archive.org/web/20190416193018/http://www.people.ku.edu/~jyounger/LinearA/HTtexts.html,younger_table_logogram,2026-02-24T02:56:37Z,YoungerArchive,https://web.archive.org/web/20190416193018/http://www.people.ku.edu/~jyounger/LinearA/HTtexts.html
youngerarchive,HT 31,.6_log,*402VAS PA TA QE,https://web.archive.org/web/20190416193018/http://www.people.ku.edu/~jyounger/LinearA/HTtexts.html,younger_table_logogram,2026-02-24T02:56:37Z,YoungerArchive,https://web.archive.org/web/20190416193018/http://www.people.ku.edu/~jyounger/LinearA/HTtexts.html
sigla,HT 31,word_1,[?] AB37 AB31,http://sigla.phis.me/document/HT%2031/index-word.html,sigla_word_seq_pattern,2026-02-24T02:56:37Z,SigLA,http://sigla.phis.me/document/HT%2031/index-word.html
sigla,HT 31,word_2,AB50 AB70,http://sigla.phis.me/document/HT%2031/index-word.html,sigla_word_seq_pattern,2026-02-24T02:56:37Z,SigLA,http://sigla.phis.me/document/HT%2031/index-word.html
sigla,HT 31,word_3,AB16 AB56,http://sigla.phis.me/document/HT%2031/index-word.html,sigla_word_seq_pattern,2026-02-24T02:56:37Z,SigLA,http://sigla.phis.me/document/HT%2031/index-word.html
sigla,HT 31,word_4,AB58 AB50,http://sigla.phis.me/document/HT%2031/index-word.html,sigla_word_seq_pattern,2026-02-24T02:56:37Z,SigLA,http://sigla.phis.me/document/HT%2031/index-word.html
sigla,HT 31,word_5,AB77 AB02 AB56,http://sigla.phis.me/document/HT%2031/index-word.html,sigla_word_seq_pattern,2026-02-24T02:56:37Z,SigLA,http://sigla.phis.me/document/HT%2031/index-word.html
sigla,HT 31,word_6,AB31 AB57 AB80,http://sigla.phis.me/document/HT%2031/index-word.html,sigla_word_seq_pattern,2026-02-24T02:56:37Z,SigLA,http://sigla.phis.me/document/HT%2031/index-word.html
sigla,HT 31,word_7,AB67 AB45 AB80 A323 AB06,http://sigla.phis.me/document/HT%2031/index-word.html,sigla_word_seq_pattern,2026-02-24T02:56:37Z,SigLA,http://sigla.phis.me/document/HT%2031/index-word.html
sigla,HT 31,word_8,AB58 AB56 AB60,http://sigla.phis.me/document/HT%2031/index-word.html,sigla_word_seq_pattern,2026-02-24T02:56:37Z,SigLA,http://sigla.phis.me/document/HT%2031/index-word.html
sigla,HT 31,word_9,AB03 AB59 AB78,http://sigla.phis.me/document/HT%2031/index-word.html,sigla_word_seq_pattern,2026-02-24T02:56:37Z,SigLA,http://sigla.phis.me/document/HT%2031/index-word.html
youngerarchive,HT 32,.1_log,OLE NE,https://web.archive.org/web/20190416193018/http://www.people.ku.edu/~jyounger/LinearA/HTtexts.html,younger_table_logogram,2026-02-24T02:56:37Z,YoungerArchive,https://web.archive.org/web/20190416193018/http://www.people.ku.edu/~jyounger/LinearA/HTtexts.html
youngerarchive,HT 32,.1_log,QA [?] PU,https://web.archive.org/web/20190416193018/http://www.people.ku.edu/~jyounger/LinearA/HTtexts.html,younger_table_logogram,2026-02-24T02:56:37Z,YoungerArchive,https://web.archive.org/web/20190416193018/http://www.people.ku.edu/~jyounger/LinearA/HTtexts.html
youngerarchive,HT 32,.1_stmt,SA RA2,https://web.archive.org/web/20190416193018/http://www.people.ku.edu/~jyounger/LinearA/HTtexts.html,younger_table_statement,2026-02-24T02:56:37Z,YoungerArchive,https://web.archive.org/web/20190416193018/http://www.people.ku.edu/~jyounger/LinearA/HTtexts.html
youngerarchive,HT 32,.2_log,MI JA RU,https://web.archive.org/web/20190416193018/http://www.people.ku.edu/~jyounger/LinearA/HTtexts.html,younger_table_logogram,2026-02-24T02:56:37Z,YoungerArchive,https://web.archive.org/web/20190416193018/http://www.people.ku.edu/~jyounger/LinearA/HTtexts.html
youngerarchive,HT 32,.2_log,QA [?] RE,https://web.archive.org/web/20190416193018/http://www.people.ku.edu/~jyounger/LinearA/HTtexts.html,younger_table_logogram,2026-02-24T02:56:37Z,YoungerArchive,https://web.archive.org/web/20190416193018/http://www.people.ku.edu/~jyounger/LinearA/HTtexts.html
youngerarchive,HT 32,.3_stmt,SU RE,https://web.archive.org/web/20190416193018/http://www.people.ku.edu/~jyounger/LinearA/HTtexts.html,younger_table_statement,2026-02-24T02:56:37Z,YoungerArchive,https://web.archive.org/web/20190416193018/http://www.people.ku.edu/~jyounger/LinearA/HTtexts.html
youngerarchive,HT 32,.4_log,OLE NE[,https://web.archive.org/web/20190416193018/http://www.people.ku.edu/~jyounger/LinearA/HTtexts.html,younger_table_logogram,2026-02-24T02:56:37Z,YoungerArchive,https://web.archive.org/web/20190416193018/http://www.people.ku.edu/~jyounger/LinearA/HTtexts.html
sigla,HT 32,word_1,AB31 AB76,http://sigla.phis.me/document/HT%2032/index-word.html,sigla_word_seq_pattern,2026-02-24T02:56:37Z,SigLA,http://sigla.phis.me/document/HT%2032/index-word.html
sigla,HT 32,word_2,AB58 AB27,http://sigla.phis.me/document/HT%2032/index-word.html,sigla_word_seq_pattern,2026-02-24T02:56:37Z,SigLA,http://sigla.phis.me/document/HT%2032/index-word.html
youngerarchive,HT 33,.1_stmt,SA RA2,https://web.archive.org/web/20190416193018/http://www.people.ku.edu/~jyounger/LinearA/HTtexts.html,younger_table_statement,2026-02-24T02:56:37Z,YoungerArchive,https://web.archive.org/web/20190416193018/http://www.people.ku.edu/~jyounger/LinearA/HTtexts.html
youngerarchive,HT 33,.1_stmt,]VEST,https://web.archive.org/web/20190416193018/http://www.people.ku.edu/~jyounger/LinearA/HTtexts.html,younger_table_statement,2026-02-24T02:56:37Z,YoungerArchive,https://web.archive.org/web/20190416193018/http://www.people.ku.edu/~jyounger/LinearA/HTtexts.html
youngerarchive,HT 33,.2_log,QA [?] RE,https://web.archive.org/web/20190416193018/http://www.people.ku.edu/~jyounger/LinearA/HTtexts.html,younger_table_logogram,2026-02-24T02:56:37Z,YoungerArchive,https://web.archive.org/web/20190416193018/http://www.people.ku.edu/~jyounger/LinearA/HTtexts.html
youngerarchive,HT 33,.2_log,QA [?] RE PU,https://web.archive.org/web/20190416193018/http://www.people.ku.edu/~jyounger/LinearA/HTtexts.html,younger_table_logogram,2026-02-24T02:56:37Z,YoungerArchive,https://web.archive.org/web/20190416193018/http://www.people.ku.edu/~jyounger/LinearA/HTtexts.html
youngerarchive,HT 33,.3_log,E KA,https://web.archive.org/web/20190416193018/http://www.people.ku.edu/~jyounger/LinearA/HTtexts.html,younger_table_logogram,2026-02-24T02:56:37Z,YoungerArchive,https://web.archive.org/web/20190416193018/http://www.people.ku.edu/~jyounger/LinearA/HTtexts.html
youngerarchive,HT 33,.3_log,MI JA KA,https://web.archive.org/web/20190416193018/http://www.people.ku.edu/~jyounger/LinearA/HTtexts.html,younger_table_logogram,2026-02-24T02:56:37Z,YoungerArchive,https://web.archive.org/web/20190416193018/http://www.people.ku.edu/~jyounger/LinearA/HTtexts.html
youngerarchive,HT 33,.4_log,PA3 QE,https://web.archive.org/web/20190416193018/http://www.people.ku.edu/~jyounger/LinearA/HTtexts.html,younger_table_logogram,2026-02-24T02:56:37Z,YoungerArchive,https://web.archive.org/web/20190416193018/http://www.people.ku.edu/~jyounger/LinearA/HTtexts.html
sigla,HT 33,word_2,AB31 AB76,http://sigla.phis.me/document/HT%2033/index-word.html,sigla_word_seq_pattern,2026-02-24T02:56:37Z,SigLA,http://sigla.phis.me/document/HT%2033/index-word.html
youngerarchive,HT 34,.1-2_log,MI JA KA,https://web.archive.org/web/20190416193018/http://www.people.ku.edu/~jyounger/LinearA/HTtexts.html,younger_table_logogram,2026-02-24T02:56:37Z,YoungerArchive,https://web.archive.org/web/20190416193018/http://www.people.ku.edu/~jyounger/LinearA/HTtexts.html
youngerarchive,HT 34,.1-2_stmt,SA RA2,https://web.archive.org/web/20190416193018/http://www.people.ku.edu/~jyounger/LinearA/HTtexts.html,younger_table_statement,2026-02-24T02:56:37Z,YoungerArchive,https://web.archive.org/web/20190416193018/http://www.people.ku.edu/~jyounger/LinearA/HTtexts.html
youngerarchive,HT 34,.1_log,SI[ ]I [?],https://web.archive.org/web/20190416193018/http://www.people.ku.edu/~jyounger/LinearA/HTtexts.html,younger_table_logogram,2026-02-24T02:56:37Z,YoungerArchive,https://web.archive.org/web/20190416193018/http://www.people.ku.edu/~jyounger/LinearA/HTtexts.html
youngerarchive,HT 34,.1_stmt,DA JU TE,https://web.archive.org/web/20190416193018/http://www.people.ku.edu/~jyounger/LinearA/HTtexts.html,younger_table_statement,2026-02-24T02:56:37Z,YoungerArchive,https://web.archive.org/web/20190416193018/http://www.people.ku.edu/~jyounger/LinearA/HTtexts.html
youngerarchive,HT 34,.3_log,E GRA,https://web.archive.org/web/20190416193018/http://www.people.ku.edu/~jyounger/LinearA/HTtexts.html,younger_table_logogram,2026-02-24T02:56:37Z,YoungerArchive,https://web.archive.org/web/20190416193018/http://www.people.ku.edu/~jyounger/LinearA/HTtexts.html
youngerarchive,HT 34,.4_log,QA [?] PU,https://web.archive.org/web/20190416193018/http://www.people.ku.edu/~jyounger/LinearA/HTtexts.html,younger_table_logogram,2026-02-24T02:56:37Z,YoungerArchive,https://web.archive.org/web/20190416193018/http://www.people.ku.edu/~jyounger/LinearA/HTtexts.html
youngerarchive,HT 34,.4_log,QA [?] RE,https://web.archive.org/web/20190416193018/http://www.people.ku.edu/~jyounger/LinearA/HTtexts.html,younger_table_logogram,2026-02-24T02:56:37Z,YoungerArchive,https://web.archive.org/web/20190416193018/http://www.people.ku.edu/~jyounger/LinearA/HTtexts.html
youngerarchive,HT 34,.5_log,MI JA RU,https://web.archive.org/web/20190416193018/http://www.people.ku.edu/~jyounger/LinearA/HTtexts.html,younger_table_logogram,2026-02-24T02:56:37Z,YoungerArchive,https://web.archive.org/web/20190416193018/http://www.people.ku.edu/~jyounger/LinearA/HTtexts.html
youngerarchive,HT 34,.6_log,PA3,https://web.archive.org/web/20190416193018/http://www.people.ku.edu/~jyounger/LinearA/HTtexts.html,younger_table_logogram,2026-02-24T02:56:37Z,YoungerArchive,https://web.archive.org/web/20190416193018/http://www.people.ku.edu/~jyounger/LinearA/HTtexts.html
youngerarchive,HT 34,.6_log,SA MU KU,https://web.archive.org/web/20190416193018/http://www.people.ku.edu/~jyounger/LinearA/HTtexts.html,younger_table_logogram,2026-02-24T02:56:37Z,YoungerArchive,https://web.archive.org/web/20190416193018/http://www.people.ku.edu/~jyounger/LinearA/HTtexts.html
youngerarchive,HT 34,.6_stmt,KI RO,https://web.archive.org/web/20190416193018/http://www.people.ku.edu/~jyounger/LinearA/HTtexts.html,younger_table_statement,2026-02-24T02:56:37Z,YoungerArchive,https://web.archive.org/web/20190416193018/http://www.people.ku.edu/~jyounger/LinearA/HTtexts.html
youngerarchive,HT 34,.7_log,E KA,https://web.archive.org/web/20190416193018/http://www.people.ku.edu/~jyounger/LinearA/HTtexts.html,younger_table_logogram,2026-02-24T02:56:37Z,YoungerArchive,https://web.archive.org/web/20190416193018/http://www.people.ku.edu/~jyounger/LinearA/HTtexts.html
sigla,HT 34,word_1,AB01 AB65 AB04,http://sigla.phis.me/document/HT%2034/index-word.html,sigla_word_seq_pattern,2026-02-24T02:56:37Z,SigLA,http://sigla.phis.me/document/HT%2034/index-word.html
sigla,HT 34,word_2,AB41 A516,http://sigla.phis.me/document/HT%2034/index-word.html,sigla_word_seq_pattern,2026-02-24T02:56:37Z,SigLA,http://sigla.phis.me/document/HT%2034/index-word.html
sigla,HT 34,word_3,AB31 AB76,http://sigla.phis.me/document/HT%2034/index-word.html,sigla_word_seq_pattern,2026-02-24T02:56:37Z,SigLA,http://sigla.phis.me/document/HT%2034/index-word.html
sigla,HT 34,word_4,AB67 AB02,http://sigla.phis.me/document/HT%2034/index-word.html,sigla_word_seq_pattern,2026-02-24T02:56:37Z,SigLA,http://sigla.phis.me/document/HT%2034/index-word.html
youngerarchive,HT 35,.1-2_stmt,I KU TA,https://web.archive.org/web/20190416193018/http://www.people.ku.edu/~jyounger/LinearA/HTtexts.html,younger_table_statement,2026-02-24T02:56:37Z,YoungerArchive,https://web.archive.org/web/20190416193018/http://www.people.ku.edu/~jyounger/LinearA/HTtexts.html
youngerarchive,HT 35,.1_stmt,TI TI KU,https://web.archive.org/web/20190416193018/http://www.people.ku.edu/~jyounger/LinearA/HTtexts.html,younger_table_statement,2026-02-24T02:56:37Z,YoungerArchive,https://web.archive.org/web/20190416193018/http://www.people.ku.edu/~jyounger/LinearA/HTtexts.html
youngerarchive,HT 35,.2_log,MI JA RU,https://web.archive.org/web/20190416193018/http://www.people.ku.edu/~jyounger/LinearA/HTtexts.html,younger_table_logogram,2026-02-24T02:56:37Z,YoungerArchive,https://web.archive.org/web/20190416193018/http://www.people.ku.edu/~jyounger/LinearA/HTtexts.html
youngerarchive,HT 35,.2_log,OLE RI,https://web.archive.org/web/20190416193018/http://www.people.ku.edu/~jyounger/LinearA/HTtexts.html,younger_table_logogram,2026-02-24T02:56:37Z,YoungerArchive,https://web.archive.org/web/20190416193018/http://www.people.ku.edu/~jyounger/LinearA/HTtexts.html
youngerarchive,HT 35,.3_log,OLE TA,https://web.archive.org/web/20190416193018/http://www.people.ku.edu/~jyounger/LinearA/HTtexts.html,younger_table_logogram,2026-02-24T02:56:37Z,YoungerArchive,https://web.archive.org/web/20190416193018/http://www.people.ku.edu/~jyounger/LinearA/HTtexts.html
youngerarchive,HT 35,.3_log,QA [?] PU,https://web.archive.org/web/20190416193018/http://www.people.ku.edu/~jyounger/LinearA/HTtexts.html,younger_table_logogram,2026-02-24T02:56:37Z,YoungerArchive,https://web.archive.org/web/20190416193018/http://www.people.ku.edu/~jyounger/LinearA/HTtexts.html
youngerarchive,HT 35,.4_log,VINA,https://web.archive.org/web/20190416193018/http://www.people.ku.edu/~jyounger/LinearA/HTtexts.html,younger_table_logogram,2026-02-24T02:56:37Z,YoungerArchive,https://web.archive.org/web/20190416193018/http://www.people.ku.edu/~jyounger/LinearA/HTtexts.html
sigla,HT 35,word_1,AB37 AB37 AB81,http://sigla.phis.me/document/HT%2035/index-word.html,sigla_word_seq_pattern,2026-02-24T02:56:37Z,SigLA,http://sigla.phis.me/document/HT%2035/index-word.html
sigla,HT 35,word_2,AB28 AB81 AB59,http://sigla.phis.me/document/HT%2035/index-word.html,sigla_word_seq_pattern,2026-02-24T02:56:37Z,SigLA,http://sigla.phis.me/document/HT%2035/index-word.html
youngerarchive,HT 36,.1-2_stmt,JE DI,https://web.archive.org/web/20190416193018/http://www.people.ku.edu/~jyounger/LinearA/HTtexts.html,younger_table_statement,2026-02-24T02:56:37Z,YoungerArchive,https://web.archive.org/web/20190416193018/http://www.people.ku.edu/~jyounger/LinearA/HTtexts.html
youngerarchive,HT 36,.2-3_stmt,DU ZU WA,https://web.archive.org/web/20190416193018/http://www.people.ku.edu/~jyounger/LinearA/HTtexts.html,younger_table_statement,2026-02-24T02:56:37Z,YoungerArchive,https://web.archive.org/web/20190416193018/http://www.people.ku.edu/~jyounger/LinearA/HTtexts.html
sigla,HT 36,word_1,AB46 AB07,http://sigla.phis.me/document/HT%2036/index-word.html,sigla_word_seq_pattern,2026-02-24T02:56:37Z,SigLA,http://sigla.phis.me/document/HT%2036/index-word.html
sigla,HT 36,word_2,AB51 AB79 AB54,http://sigla.phis.me/document/HT%2036/index-word.html,sigla_word_seq_pattern,2026-02-24T02:56:37Z,SigLA,http://sigla.phis.me/document/HT%2036/index-word.html
youngerarchive,HT 37,.1_log,MI JA I,https://web.archive.org/web/20190416193018/http://www.people.ku.edu/~jyounger/LinearA/HTtexts.html,younger_table_logogram,2026-02-24T02:56:37Z,YoungerArchive,https://web.archive.org/web/20190416193018/http://www.people.ku.edu/~jyounger/LinearA/HTtexts.html
youngerarchive,HT 37,.1_stmt,KA KI,https://web.archive.org/web/20190416193018/http://www.people.ku.edu/~jyounger/LinearA/HTtexts.html,younger_table_statement,2026-02-24T02:56:37Z,YoungerArchive,https://web.archive.org/web/20190416193018/http://www.people.ku.edu/~jyounger/LinearA/HTtexts.html
youngerarchive,HT 37,.2_stmt,]RE SU[,https://web.archive.org/web/20190416193018/http://www.people.ku.edu/~jyounger/LinearA/HTtexts.html,younger_table_statement,2026-02-24T02:56:37Z,YoungerArchive,https://web.archive.org/web/20190416193018/http://www.people.ku.edu/~jyounger/LinearA/HTtexts.html
youngerarchive,HT 37,.4_stmt,KI RE,https://web.archive.org/web/20190416193018/http://www.people.ku.edu/~jyounger/LinearA/HTtexts.html,younger_table_statement,2026-02-24T02:56:37Z,YoungerArchive,https://web.archive.org/web/20190416193018/http://www.people.ku.edu/~jyounger/LinearA/HTtexts.html
youngerarchive,HT 37,.5_stmt,KA KI,https://web.archive.org/web/20190416193018/http://www.people.ku.edu/~jyounger/LinearA/HTtexts.html,younger_table_statement,2026-02-24T02:56:37Z,YoungerArchive,https://web.archive.org/web/20190416193018/http://www.people.ku.edu/~jyounger/LinearA/HTtexts.html
youngerarchive,HT 37,.5_stmt,KI RO,https://web.archive.org/web/20190416193018/http://www.people.ku.edu/~jyounger/LinearA/HTtexts.html,younger_table_statement,2026-02-24T02:56:37Z,YoungerArchive,https://web.archive.org/web/20190416193018/http://www.people.ku.edu/~jyounger/LinearA/HTtexts.html
sigla,HT 37,word_1,AB77 AB67,http://sigla.phis.me/document/HT%2037/index-word.html,sigla_word_seq_pattern,2026-02-24T02:56:37Z,SigLA,http://sigla.phis.me/document/HT%2037/index-word.html
sigla,HT 37,word_2,AB27 AB58 [?],http://sigla.phis.me/document/HT%2037/index-word.html,sigla_word_seq_pattern,2026-02-24T02:56:37Z,SigLA,http://sigla.phis.me/document/HT%2037/index-word.html
sigla,HT 37,word_4,AB67 A310 AB27,http://sigla.phis.me/document/HT%2037/index-word.html,sigla_word_seq_pattern,2026-02-24T02:56:37Z,SigLA,http://sigla.phis.me/document/HT%2037/index-word.html
sigla,HT 37,word_5,AB67 AB02,http://sigla.phis.me/document/HT%2037/index-word.html,sigla_word_seq_pattern,2026-02-24T02:56:37Z,SigLA,http://sigla.phis.me/document/HT%2037/index-word.html
sigla,HT 37,word_6,AB77 AB67,http://sigla.phis.me/document/HT%2037/index-word.html,sigla_word_seq_pattern,2026-02-24T02:56:37Z,SigLA,http://sigla.phis.me/document/HT%2037/index-word.html
sigla,HT 37,word_7,AB08 AB06?,http://sigla.phis.me/document/HT%2037/index-word.html,sigla_word_seq_pattern,2026-02-24T02:56:37Z,SigLA,http://sigla.phis.me/document/HT%2037/index-word.html
sigla,HT 37,word_8,[?] AB78,http://sigla.phis.me/document/HT%2037/index-word.html,sigla_word_seq_pattern,2026-02-24T02:56:37Z,SigLA,http://sigla.phis.me/document/HT%2037/index-word.html
youngerarchive,HT 38,.2-3_log,KA A,https://web.archive.org/web/20190416193018/http://www.people.ku.edu/~jyounger/LinearA/HTtexts.html,younger_table_logogram,2026-02-24T02:56:37Z,YoungerArchive,https://web.archive.org/web/20190416193018/http://www.people.ku.edu/~jyounger/LinearA/HTtexts.html
youngerarchive,HT 38,.2_log,*403VAS,https://web.archive.org/web/20190416193018/http://www.people.ku.edu/~jyounger/LinearA/HTtexts.html,younger_table_logogram,2026-02-24T02:56:37Z,YoungerArchive,https://web.archive.org/web/20190416193018/http://www.people.ku.edu/~jyounger/LinearA/HTtexts.html
youngerarchive,HT 38,.2_log,OVIS,https://web.archive.org/web/20190416193018/http://www.people.ku.edu/~jyounger/LinearA/HTtexts.html,younger_table_logogram,2026-02-24T02:56:37Z,YoungerArchive,https://web.archive.org/web/20190416193018/http://www.people.ku.edu/~jyounger/LinearA/HTtexts.html
youngerarchive,HT 38,.2_log,SUS,https://web.archive.org/web/20190416193018/http://www.people.ku.edu/~jyounger/LinearA/HTtexts.html,younger_table_logogram,2026-02-24T02:56:37Z,YoungerArchive,https://web.archive.org/web/20190416193018/http://www.people.ku.edu/~jyounger/LinearA/HTtexts.html
youngerarchive,HT 38,.2_stmt,DA RO PA,https://web.archive.org/web/20190416193018/http://www.people.ku.edu/~jyounger/LinearA/HTtexts.html,younger_table_statement,2026-02-24T02:56:37Z,YoungerArchive,https://web.archive.org/web/20190416193018/http://www.people.ku.edu/~jyounger/LinearA/HTtexts.html
youngerarchive,HT 38,.3_log,TELA KU,https://web.archive.org/web/20190416193018/http://www.people.ku.edu/~jyounger/LinearA/HTtexts.html,younger_table_logogram,2026-02-24T02:56:37Z,YoungerArchive,https://web.archive.org/web/20190416193018/http://www.people.ku.edu/~jyounger/LinearA/HTtexts.html
sigla,HT 38,word_1,AB01 AB02 AB03,http://sigla.phis.me/document/HT%2038/index-word.html,sigla_word_seq_pattern,2026-02-24T02:56:37Z,SigLA,http://sigla.phis.me/document/HT%2038/index-word.html
youngerarchive,HT 39,.1_stmt,TA I,https://web.archive.org/web/20190416193018/http://www.people.ku.edu/~jyounger/LinearA/HTtexts.html,younger_table_statement,2026-02-24T02:56:37Z,YoungerArchive,https://web.archive.org/web/20190416193018/http://www.people.ku.edu/~jyounger/LinearA/HTtexts.html
youngerarchive,HT 39,.2_stmt,]KU RE JU,https://web.archive.org/web/20190416193018/http://www.people.ku.edu/~jyounger/LinearA/HTtexts.html,younger_table_statement,2026-02-24T02:56:37Z,YoungerArchive,https://web.archive.org/web/20190416193018/http://www.people.ku.edu/~jyounger/LinearA/HTtexts.html
youngerarchive,HT 39,.3_stmt,KU RE,https://web.archive.org/web/20190416193018/http://www.people.ku.edu/~jyounger/LinearA/HTtexts.html,younger_table_statement,2026-02-24T02:56:37Z,YoungerArchive,https://web.archive.org/web/20190416193018/http://www.people.ku.edu/~jyounger/LinearA/HTtexts.html
youngerarchive,HT 39,.3_stmt,]SA MA TI,https://web.archive.org/web/20190416193018/http://www.people.ku.edu/~jyounger/LinearA/HTtexts.html,younger_table_statement,2026-02-24T02:56:37Z,YoungerArchive,https://web.archive.org/web/20190416193018/http://www.people.ku.edu/~jyounger/LinearA/HTtexts.html
youngerarchive,HT 39,.5_log,*407VAS A,https://web.archive.org/web/20190416193018/http://www.people.ku.edu/~jyounger/LinearA/HTtexts.html,younger_table_logogram,2026-02-24T02:56:37Z,YoungerArchive,https://web.archive.org/web/20190416193018/http://www.people.ku.edu/~jyounger/LinearA/HTtexts.html
youngerarchive,HT 39,.5_stmt,]KU RO,https://web.archive.org/web/20190416193018/http://www.people.ku.edu/~jyounger/LinearA/HTtexts.html,younger_table_statement,2026-02-24T02:56:37Z,YoungerArchive,https://web.archive.org/web/20190416193018/http://www.people.ku.edu/~jyounger/LinearA/HTtexts.html
sigla,HT 39,word_1,AB59 AB28 AB123,http://sigla.phis.me/document/HT%2039/index-word.html,sigla_word_seq_pattern,2026-02-24T02:56:37Z,SigLA,http://sigla.phis.me/document/HT%2039/index-word.html
sigla,HT 39,word_2,AB81 AB27 AB65,http://sigla.phis.me/document/HT%2039/index-word.html,sigla_word_seq_pattern,2026-02-24T02:56:37Z,SigLA,http://sigla.phis.me/document/HT%2039/index-word.html
sigla,HT 39,word_3,AB81,http://sigla.phis.me/document/HT%2039/index-word.html,sigla_word_seq_pattern,2026-02-24T02:56:37Z,SigLA,http://sigla.phis.me/document/HT%2039/index-word.html
sigla,HT 39,word_4,AB31 AB80 AB37,http://sigla.phis.me/document/HT%2039/index-word.html,sigla_word_seq_pattern,2026-02-24T02:56:37Z,SigLA,http://sigla.phis.me/document/HT%2039/index-word.html
sigla,HT 39,word_5,AB81 AB27?,http://sigla.phis.me/document/HT%2039/index-word.html,sigla_word_seq_pattern,2026-02-24T02:56:37Z,SigLA,http://sigla.phis.me/document/HT%2039/index-word.html
sigla,HT 39,word_6,AB81 AB02,http://sigla.phis.me/document/HT%2039/index-word.html,sigla_word_seq_pattern,2026-02-24T02:56:37Z,SigLA,http://sigla.phis.me/document/HT%2039/index-word.html
youngerarchive,HT 4,.2_stmt,DU RI TE,https://web.archive.org/web/20190416193018/http://www.people.ku.edu/~jyounger/LinearA/HTtexts.html,younger_table_statement,2026-02-24T02:56:37Z,YoungerArchive,https://web.archive.org/web/20190416193018/http://www.people.ku.edu/~jyounger/LinearA/HTtexts.html
youngerarchive,HT 4,.3_stmt,PA RE[,https://web.archive.org/web/20190416193018/http://www.people.ku.edu/~jyounger/LinearA/HTtexts.html,younger_table_statement,2026-02-24T02:56:37Z,YoungerArchive,https://web.archive.org/web/20190416193018/http://www.people.ku.edu/~jyounger/LinearA/HTtexts.html
youngerarchive,HT 4,.4_stmt,]TA PI SI DI,https://web.archive.org/web/20190416193018/http://www.people.ku.edu/~jyounger/LinearA/HTtexts.html,younger_table_statement,2026-02-24T02:56:37Z,YoungerArchive,https://web.archive.org/web/20190416193018/http://www.people.ku.edu/~jyounger/LinearA/HTtexts.html
sigla,HT 4,word_1,[?] A306 AB37 AB77 AB08 AB27?,http://sigla.phis.me/document/HT%204/index-word.html,sigla_word_seq_pattern,2026-02-24T02:56:37Z,SigLA,http://sigla.phis.me/document/HT%204/index-word.html
sigla,HT 4,word_2,[?] AB51 AB53 AB04,http://sigla.phis.me/document/HT%204/index-word.html,sigla_word_seq_pattern,2026-02-24T02:56:37Z,SigLA,http://sigla.phis.me/document/HT%204/index-word.html
sigla,HT 4,word_3,AB03 AB27,http://sigla.phis.me/document/HT%204/index-word.html,sigla_word_seq_pattern,2026-02-24T02:56:37Z,SigLA,http://sigla.phis.me/document/HT%204/index-word.html
sigla,HT 4,word_4,AB59 AB39 AB41 AB07,http://sigla.phis.me/document/HT%204/index-word.html,sigla_word_seq_pattern,2026-02-24T02:56:37Z,SigLA,http://sigla.phis.me/document/HT%204/index-word.html
youngerarchive,HT 40,.1_log,TE GRA,https://web.archive.org/web/20190416193018/http://www.people.ku.edu/~jyounger/LinearA/HTtexts.html,younger_table_logogram,2026-02-24T02:56:37Z,YoungerArchive,https://web.archive.org/web/20190416193018/http://www.people.ku.edu/~jyounger/LinearA/HTtexts.html
youngerarchive,HT 40,.1_stmt,NU DU,https://web.archive.org/web/20190416193018/http://www.people.ku.edu/~jyounger/LinearA/HTtexts.html,younger_table_statement,2026-02-24T02:56:37Z,YoungerArchive,https://web.archive.org/web/20190416193018/http://www.people.ku.edu/~jyounger/LinearA/HTtexts.html
youngerarchive,HT 40,.2_log,GRA[],https://web.archive.org/web/20190416193018/http://www.people.ku.edu/~jyounger/LinearA/HTtexts.html,younger_table_logogram,2026-02-24T02:56:37Z,YoungerArchive,https://web.archive.org/web/20190416193018/http://www.people.ku.edu/~jyounger/LinearA/HTtexts.html
youngerarchive,HT 40,.2_stmt,KI DA TA,https://web.archive.org/web/20190416193018/http://www.people.ku.edu/~jyounger/LinearA/HTtexts.html,younger_table_statement,2026-02-24T02:56:37Z,YoungerArchive,https://web.archive.org/web/20190416193018/http://www.people.ku.edu/~jyounger/LinearA/HTtexts.html
youngerarchive,HT 40,.3_stmt,KU RO,https://web.archive.org/web/20190416193018/http://www.people.ku.edu/~jyounger/LinearA/HTtexts.html,younger_table_statement,2026-02-24T02:56:37Z,YoungerArchive,https://web.archive.org/web/20190416193018/http://www.people.ku.edu/~jyounger/LinearA/HTtexts.html
sigla,HT 40,word_1,AB55 AB51 A331,http://sigla.phis.me/document/HT%2040/index-word.html,sigla_word_seq_pattern,2026-02-24T02:56:37Z,SigLA,http://sigla.phis.me/document/HT%2040/index-word.html
sigla,HT 40,word_2,AB67 AB01 AB59,http://sigla.phis.me/document/HT%2040/index-word.html,sigla_word_seq_pattern,2026-02-24T02:56:37Z,SigLA,http://sigla.phis.me/document/HT%2040/index-word.html
sigla,HT 40,word_3,AB81 AB02,http://sigla.phis.me/document/HT%2040/index-word.html,sigla_word_seq_pattern,2026-02-24T02:56:37Z,SigLA,http://sigla.phis.me/document/HT%2040/index-word.html
sigla,HT 40,word_4,AB81,http://sigla.phis.me/document/HT%2040/index-word.html,sigla_word_seq_pattern,2026-02-24T02:56:37Z,SigLA,http://sigla.phis.me/document/HT%2040/index-word.html
youngerarchive,HT 41,a.2_stmt,]QE TU,https://web.archive.org/web/20190416193018/http://www.people.ku.edu/~jyounger/LinearA/HTtexts.html,younger_table_statement,2026-02-24T02:56:37Z,YoungerArchive,https://web.archive.org/web/20190416193018/http://www.people.ku.edu/~jyounger/LinearA/HTtexts.html
youngerarchive,HT 41,a.4_stmt,MI DA NI PA JA,https://web.archive.org/web/20190416193018/http://www.people.ku.edu/~jyounger/LinearA/HTtexts.html,younger_table_statement,2026-02-24T02:56:37Z,YoungerArchive,https://web.archive.org/web/20190416193018/http://www.people.ku.edu/~jyounger/LinearA/HTtexts.html
sigla,HT 41A,word_1,AB78 AB69,http://sigla.phis.me/document/HT%2041a/index-word.html,sigla_word_seq_pattern,2026-02-24T02:56:37Z,SigLA,http://sigla.phis.me/document/HT%2041a/index-word.html
sigla,HT 41A,word_2,AB73 AB01 AB30,http://sigla.phis.me/document/HT%2041a/index-word.html,sigla_word_seq_pattern,2026-02-24T02:56:37Z,SigLA,http://sigla.phis.me/document/HT%2041a/index-word.html
sigla,HT 41A,word_3,AB03 AB57,http://sigla.phis.me/document/HT%2041a/index-word.html,sigla_word_seq_pattern,2026-02-24T02:56:37Z,SigLA,http://sigla.phis.me/document/HT%2041a/index-word.html
youngerarchive,HT 42 59,.1-2_log,SI SE TE,https://web.archive.org/web/20190416193018/http://www.people.ku.edu/~jyounger/LinearA/HTtexts.html,younger_table_logogram,2026-02-24T02:56:37Z,YoungerArchive,https://web.archive.org/web/20190416193018/http://www.people.ku.edu/~jyounger/LinearA/HTtexts.html
youngerarchive,HT 42 59,.2-3_stmt,SA RO,https://web.archive.org/web/20190416193018/http://www.people.ku.edu/~jyounger/LinearA/HTtexts.html,younger_table_statement,2026-02-24T02:56:37Z,YoungerArchive,https://web.archive.org/web/20190416193018/http://www.people.ku.edu/~jyounger/LinearA/HTtexts.html
youngerarchive,HT 42 59,.5_stmt,SU DU[,https://web.archive.org/web/20190416193018/http://www.people.ku.edu/~jyounger/LinearA/HTtexts.html,younger_table_statement,2026-02-24T02:56:37Z,YoungerArchive,https://web.archive.org/web/20190416193018/http://www.people.ku.edu/~jyounger/LinearA/HTtexts.html
youngerarchive,HT 42 59,.6-7_stmt,RE TU,https://web.archive.org/web/20190416193018/http://www.people.ku.edu/~jyounger/LinearA/HTtexts.html,younger_table_statement,2026-02-24T02:56:37Z,YoungerArchive,https://web.archive.org/web/20190416193018/http://www.people.ku.edu/~jyounger/LinearA/HTtexts.html
sigla,HT 42 59,word_1,AB59,http://sigla.phis.me/document/HT%2042%2B59/index-word.html,sigla_word_seq_pattern,2026-02-24T02:56:37Z,SigLA,http://sigla.phis.me/document/HT%2042%2B59/index-word.html
sigla,HT 42 59,word_2,AB31 AB02,http://sigla.phis.me/document/HT%2042%2B59/index-word.html,sigla_word_seq_pattern,2026-02-24T02:56:37Z,SigLA,http://sigla.phis.me/document/HT%2042%2B59/index-word.html
sigla,HT 42 59,word_3,AB81,http://sigla.phis.me/document/HT%2042%2B59/index-word.html,sigla_word_seq_pattern,2026-02-24T02:56:37Z,SigLA,http://sigla.phis.me/document/HT%2042%2B59/index-word.html
sigla,HT 42 59,word_4,AB58 AB51,http://sigla.phis.me/document/HT%2042%2B59/index-word.html,sigla_word_seq_pattern,2026-02-24T02:56:37Z,SigLA,http://sigla.phis.me/document/HT%2042%2B59/index-word.html
sigla,HT 42 59,word_5,AB27 AB69,http://sigla.phis.me/document/HT%2042%2B59/index-word.html,sigla_word_seq_pattern,2026-02-24T02:56:37Z,SigLA,http://sigla.phis.me/document/HT%2042%2B59/index-word.html
youngerarchive,HT 43,.1-2_log,I GRA PA,https://web.archive.org/web/20190416193018/http://www.people.ku.edu/~jyounger/LinearA/HTtexts.html,younger_table_logogram,2026-02-24T02:56:37Z,YoungerArchive,https://web.archive.org/web/20190416193018/http://www.people.ku.edu/~jyounger/LinearA/HTtexts.html
youngerarchive,HT 43,.1-2_stmt,MA SI DU PA I,https://web.archive.org/web/20190416193018/http://www.people.ku.edu/~jyounger/LinearA/HTtexts.html,younger_table_statement,2026-02-24T02:56:37Z,YoungerArchive,https://web.archive.org/web/20190416193018/http://www.people.ku.edu/~jyounger/LinearA/HTtexts.html
sigla,HT 43,word_1,AB80 AB41 AB51,http://sigla.phis.me/document/HT%2043/index-word.html,sigla_word_seq_pattern,2026-02-24T02:56:37Z,SigLA,http://sigla.phis.me/document/HT%2043/index-word.html
sigla,HT 43,word_2,AB03 A342 AB28,http://sigla.phis.me/document/HT%2043/index-word.html,sigla_word_seq_pattern,2026-02-24T02:56:37Z,SigLA,http://sigla.phis.me/document/HT%2043/index-word.html
youngerarchive,HT 44,a.1_stmt,I QA,https://web.archive.org/web/20190416193018/http://www.people.ku.edu/~jyounger/LinearA/HTtexts.html,younger_table_statement,2026-02-24T02:56:37Z,YoungerArchive,https://web.archive.org/web/20190416193018/http://www.people.ku.edu/~jyounger/LinearA/HTtexts.html
youngerarchive,HT 44,a.2_log,OLE U,https://web.archive.org/web/20190416193018/http://www.people.ku.edu/~jyounger/LinearA/HTtexts.html,younger_table_logogram,2026-02-24T02:56:37Z,YoungerArchive,https://web.archive.org/web/20190416193018/http://www.people.ku.edu/~jyounger/LinearA/HTtexts.html
youngerarchive,HT 44,a.2_log,]OLE KI,https://web.archive.org/web/20190416193018/http://www.people.ku.edu/~jyounger/LinearA/HTtexts.html,younger_table_logogram,2026-02-24T02:56:37Z,YoungerArchive,https://web.archive.org/web/20190416193018/http://www.people.ku.edu/~jyounger/LinearA/HTtexts.html
youngerarchive,HT 44,a.3_log,OLE RA,https://web.archive.org/web/20190416193018/http://www.people.ku.edu/~jyounger/LinearA/HTtexts.html,younger_table_logogram,2026-02-24T02:56:37Z,YoungerArchive,https://web.archive.org/web/20190416193018/http://www.people.ku.edu/~jyounger/LinearA/HTtexts.html
youngerarchive,HT 44,a.3_log,OLIV,https://web.archive.org/web/20190416193018/http://www.people.ku.edu/~jyounger/LinearA/HTtexts.html,younger_table_logogram,2026-02-24T02:56:37Z,YoungerArchive,https://web.archive.org/web/20190416193018/http://www.people.ku.edu/~jyounger/LinearA/HTtexts.html
youngerarchive,HT 44,a.4_log,VINA[,https://web.archive.org/web/20190416193018/http://www.people.ku.edu/~jyounger/LinearA/HTtexts.html,younger_table_logogram,2026-02-24T02:56:37Z,YoungerArchive,https://web.archive.org/web/20190416193018/http://www.people.ku.edu/~jyounger/LinearA/HTtexts.html
youngerarchive,HT 44,a.4_log,]FIC,https://web.archive.org/web/20190416193018/http://www.people.ku.edu/~jyounger/LinearA/HTtexts.html,younger_table_logogram,2026-02-24T02:56:37Z,YoungerArchive,https://web.archive.org/web/20190416193018/http://www.people.ku.edu/~jyounger/LinearA/HTtexts.html
youngerarchive,HT 44,b.1_log,TE GRA F,https://web.archive.org/web/20190416193018/http://www.people.ku.edu/~jyounger/LinearA/HTtexts.html,younger_table_logogram,2026-02-24T02:56:37Z,YoungerArchive,https://web.archive.org/web/20190416193018/http://www.people.ku.edu/~jyounger/LinearA/HTtexts.html
youngerarchive,HT 44,b.2_log,FIC[,https://web.archive.org/web/20190416193018/http://www.people.ku.edu/~jyounger/LinearA/HTtexts.html,younger_table_logogram,2026-02-24T02:56:37Z,YoungerArchive,https://web.archive.org/web/20190416193018/http://www.people.ku.edu/~jyounger/LinearA/HTtexts.html
sigla,HT 44A,word_1,AB28 AB16 AB118,http://sigla.phis.me/document/HT%2044a/index-word.html,sigla_word_seq_pattern,2026-02-24T02:56:37Z,SigLA,http://sigla.phis.me/document/HT%2044a/index-word.html
sigla,HT 44B,word_1,AB57?,http://sigla.phis.me/document/HT%2044b/index-word.html,sigla_word_seq_pattern,2026-02-24T02:56:37Z,SigLA,http://sigla.phis.me/document/HT%2044b/index-word.html
youngerarchive,HT 45,b.1_log,QA [?] RE PU,https://web.archive.org/web/20190416193018/http://www.people.ku.edu/~jyounger/LinearA/HTtexts.html,younger_table_logogram,2026-02-24T02:56:37Z,YoungerArchive,https://web.archive.org/web/20190416193018/http://www.people.ku.edu/~jyounger/LinearA/HTtexts.html
youngerarchive,HT 45,b.3_log,QA [?] RE PU,https://web.archive.org/web/20190416193018/http://www.people.ku.edu/~jyounger/LinearA/HTtexts.html,younger_table_logogram,2026-02-24T02:56:37Z,YoungerArchive,https://web.archive.org/web/20190416193018/http://www.people.ku.edu/~jyounger/LinearA/HTtexts.html
sigla,HT 45A,word_1,AB03,http://sigla.phis.me/document/HT%2045a/index-word.html,sigla_word_seq_pattern,2026-02-24T02:56:37Z,SigLA,http://sigla.phis.me/document/HT%2045a/index-word.html
sigla,HT 45B,word_1,AB81,http://sigla.phis.me/document/HT%2045b/index-word.html,sigla_word_seq_pattern,2026-02-24T02:56:37Z,SigLA,http://sigla.phis.me/document/HT%2045b/index-word.html
sigla,HT 45B,word_2,AB02 [?] AB08,http://sigla.phis.me/document/HT%2045b/index-word.html,sigla_word_seq_pattern,2026-02-24T02:56:37Z,SigLA,http://sigla.phis.me/document/HT%2045b/index-word.html
youngerarchive,HT 46,a.1_stmt,]MU RU,https://web.archive.org/web/20190416193018/http://www.people.ku.edu/~jyounger/LinearA/HTtexts.html,younger_table_statement,2026-02-24T02:56:37Z,YoungerArchive,https://web.archive.org/web/20190416193018/http://www.people.ku.edu/~jyounger/LinearA/HTtexts.html
youngerarchive,HT 46,a.2_stmt,]KU RO,https://web.archive.org/web/20190416193018/http://www.people.ku.edu/~jyounger/LinearA/HTtexts.html,younger_table_statement,2026-02-24T02:56:37Z,YoungerArchive,https://web.archive.org/web/20190416193018/http://www.people.ku.edu/~jyounger/LinearA/HTtexts.html
sigla,HT 46A,word_1,AB23 AB26,http://sigla.phis.me/document/HT%2046a/index-word.html,sigla_word_seq_pattern,2026-02-24T02:56:37Z,SigLA,http://sigla.phis.me/document/HT%2046a/index-word.html
sigla,HT 46A,word_3,AB81 AB02,http://sigla.phis.me/document/HT%2046a/index-word.html,sigla_word_seq_pattern,2026-02-24T02:56:37Z,SigLA,http://sigla.phis.me/document/HT%2046a/index-word.html
youngerarchive,HT 47,a.1-2_stmt,KU PA3 NA TU,https://web.archive.org/web/20190416193018/http://www.people.ku.edu/~jyounger/LinearA/HTtexts.html,younger_table_statement,2026-02-24T02:56:37Z,YoungerArchive,https://web.archive.org/web/20190416193018/http://www.people.ku.edu/~jyounger/LinearA/HTtexts.html
youngerarchive,HT 47,a.1_log,]TU RO,https://web.archive.org/web/20190416193018/http://www.people.ku.edu/~jyounger/LinearA/HTtexts.html,younger_table_logogram,2026-02-24T02:56:37Z,YoungerArchive,https://web.archive.org/web/20190416193018/http://www.people.ku.edu/~jyounger/LinearA/HTtexts.html
youngerarchive,HT 47,a.4_stmt,KI DA RO,https://web.archive.org/web/20190416193018/http://www.people.ku.edu/~jyounger/LinearA/HTtexts.html,younger_table_statement,2026-02-24T02:56:37Z,YoungerArchive,https://web.archive.org/web/20190416193018/http://www.people.ku.edu/~jyounger/LinearA/HTtexts.html
youngerarchive,HT 47,a.6_stmt,MI NU MI,https://web.archive.org/web/20190416193018/http://www.people.ku.edu/~jyounger/LinearA/HTtexts.html,younger_table_statement,2026-02-24T02:56:37Z,YoungerArchive,https://web.archive.org/web/20190416193018/http://www.people.ku.edu/~jyounger/LinearA/HTtexts.html
youngerarchive,HT 47,b.1_stmt,]RA NA RE[,https://web.archive.org/web/20190416193018/http://www.people.ku.edu/~jyounger/LinearA/HTtexts.html,younger_table_statement,2026-02-24T02:56:37Z,YoungerArchive,https://web.archive.org/web/20190416193018/http://www.people.ku.edu/~jyounger/LinearA/HTtexts.html
youngerarchive,HT 47,b.2-6_stmt,DESUNT,https://web.archive.org/web/20190416193018/http://www.people.ku.edu/~jyounger/LinearA/HTtexts.html,younger_table_statement,2026-02-24T02:56:37Z,YoungerArchive,https://web.archive.org/web/20190416193018/http://www.people.ku.edu/~jyounger/LinearA/HTtexts.html
sigla,HT 47A,word_1,AB77,http://sigla.phis.me/document/HT%2047a/index-word.html,sigla_word_seq_pattern,2026-02-24T02:56:37Z,SigLA,http://sigla.phis.me/document/HT%2047a/index-word.html
sigla,HT 47A,word_2,AB81 AB56 AB06 AB69,http://sigla.phis.me/document/HT%2047a/index-word.html,sigla_word_seq_pattern,2026-02-24T02:56:37Z,SigLA,http://sigla.phis.me/document/HT%2047a/index-word.html
sigla,HT 47A,word_3,AB51,http://sigla.phis.me/document/HT%2047a/index-word.html,sigla_word_seq_pattern,2026-02-24T02:56:37Z,SigLA,http://sigla.phis.me/document/HT%2047a/index-word.html
sigla,HT 47A,word_4,AB10,http://sigla.phis.me/document/HT%2047a/index-word.html,sigla_word_seq_pattern,2026-02-24T02:56:37Z,SigLA,http://sigla.phis.me/document/HT%2047a/index-word.html
sigla,HT 47A,word_5,AB39,http://sigla.phis.me/document/HT%2047a/index-word.html,sigla_word_seq_pattern,2026-02-24T02:56:37Z,SigLA,http://sigla.phis.me/document/HT%2047a/index-word.html
sigla,HT 47A,word_6,AB67 AB01 AB02,http://sigla.phis.me/document/HT%2047a/index-word.html,sigla_word_seq_pattern,2026-02-24T02:56:37Z,SigLA,http://sigla.phis.me/document/HT%2047a/index-word.html
sigla,HT 47A,word_8,AB73 AB55 AB73,http://sigla.phis.me/document/HT%2047a/index-word.html,sigla_word_seq_pattern,2026-02-24T02:56:37Z,SigLA,http://sigla.phis.me/document/HT%2047a/index-word.html
sigla,HT 47B,word_1,AB60 AB06 AB27,http://sigla.phis.me/document/HT%2047b/index-word.html,sigla_word_seq_pattern,2026-02-24T02:56:37Z,SigLA,http://sigla.phis.me/document/HT%2047b/index-word.html
youngerarchive,HT 49,a.2_stmt,TA NA TI,https://web.archive.org/web/20190416193018/http://www.people.ku.edu/~jyounger/LinearA/HTtexts.html,younger_table_statement,2026-02-24T02:56:37Z,YoungerArchive,https://web.archive.org/web/20190416193018/http://www.people.ku.edu/~jyounger/LinearA/HTtexts.html
youngerarchive,HT 49,a.4_stmt,TI DU NI,https://web.archive.org/web/20190416193018/http://www.people.ku.edu/~jyounger/LinearA/HTtexts.html,younger_table_statement,2026-02-24T02:56:37Z,YoungerArchive,https://web.archive.org/web/20190416193018/http://www.people.ku.edu/~jyounger/LinearA/HTtexts.html
youngerarchive,HT 49,a.5_stmt,SI RA,https://web.archive.org/web/20190416193018/http://www.people.ku.edu/~jyounger/LinearA/HTtexts.html,younger_table_statement,2026-02-24T02:56:37Z,YoungerArchive,https://web.archive.org/web/20190416193018/http://www.people.ku.edu/~jyounger/LinearA/HTtexts.html
youngerarchive,HT 49,a.6-7_stmt,KU PA3 NU,https://web.archive.org/web/20190416193018/http://www.people.ku.edu/~jyounger/LinearA/HTtexts.html,younger_table_statement,2026-02-24T02:56:37Z,YoungerArchive,https://web.archive.org/web/20190416193018/http://www.people.ku.edu/~jyounger/LinearA/HTtexts.html
youngerarchive,HT 49,a.6_stmt,A RU,https://web.archive.org/web/20190416193018/http://www.people.ku.edu/~jyounger/LinearA/HTtexts.html,younger_table_statement,2026-02-24T02:56:37Z,YoungerArchive,https://web.archive.org/web/20190416193018/http://www.people.ku.edu/~jyounger/LinearA/HTtexts.html
youngerarchive,HT 49,a.7_stmt,TU SU PU2,https://web.archive.org/web/20190416193018/http://www.people.ku.edu/~jyounger/LinearA/HTtexts.html,younger_table_statement,2026-02-24T02:56:37Z,YoungerArchive,https://web.archive.org/web/20190416193018/http://www.people.ku.edu/~jyounger/LinearA/HTtexts.html
sigla,HT 49A,word_1,[?] AB76 AB51,http://sigla.phis.me/document/HT%2049a/index-word.html,sigla_word_seq_pattern,2026-02-24T02:56:37Z,SigLA,http://sigla.phis.me/document/HT%2049a/index-word.html
sigla,HT 49A,word_10,AB08 AB26,http://sigla.phis.me/document/HT%2049a/index-word.html,sigla_word_seq_pattern,2026-02-24T02:56:37Z,SigLA,http://sigla.phis.me/document/HT%2049a/index-word.html
sigla,HT 49A,word_11,AB81 AB56 AB55,http://sigla.phis.me/document/HT%2049a/index-word.html,sigla_word_seq_pattern,2026-02-24T02:56:37Z,SigLA,http://sigla.phis.me/document/HT%2049a/index-word.html
sigla,HT 49A,word_12,AB69 AB58 AB29,http://sigla.phis.me/document/HT%2049a/index-word.html,sigla_word_seq_pattern,2026-02-24T02:56:37Z,SigLA,http://sigla.phis.me/document/HT%2049a/index-word.html
sigla,HT 49A,word_2,AB59 AB06 AB37,http://sigla.phis.me/document/HT%2049a/index-word.html,sigla_word_seq_pattern,2026-02-24T02:56:37Z,SigLA,http://sigla.phis.me/document/HT%2049a/index-word.html
sigla,HT 49A,word_4,AB53,http://sigla.phis.me/document/HT%2049a/index-word.html,sigla_word_seq_pattern,2026-02-24T02:56:37Z,SigLA,http://sigla.phis.me/document/HT%2049a/index-word.html
sigla,HT 49A,word_5,AB58 AB67?,http://sigla.phis.me/document/HT%2049a/index-word.html,sigla_word_seq_pattern,2026-02-24T02:56:37Z,SigLA,http://sigla.phis.me/document/HT%2049a/index-word.html
sigla,HT 49A,word_7,AB37 AB51 AB30,http://sigla.phis.me/document/HT%2049a/index-word.html,sigla_word_seq_pattern,2026-02-24T02:56:37Z,SigLA,http://sigla.phis.me/document/HT%2049a/index-word.html
sigla,HT 49A,word_8,[?] [?],http://sigla.phis.me/document/HT%2049a/index-word.html,sigla_word_seq_pattern,2026-02-24T02:56:37Z,SigLA,http://sigla.phis.me/document/HT%2049a/index-word.html
sigla,HT 49A,word_9,AB41 AB60,http://sigla.phis.me/document/HT%2049a/index-word.html,sigla_word_seq_pattern,2026-02-24T02:56:37Z,SigLA,http://sigla.phis.me/document/HT%2049a/index-word.html
sigla,HT 49B,word_1,AB81,http://sigla.phis.me/document/HT%2049b/index-word.html,sigla_word_seq_pattern,2026-02-24T02:56:37Z,SigLA,http://sigla.phis.me/document/HT%2049b/index-word.html
sigla,HT 49B,word_2,AB28,http://sigla.phis.me/document/HT%2049b/index-word.html,sigla_word_seq_pattern,2026-02-24T02:56:37Z,SigLA,http://sigla.phis.me/document/HT%2049b/index-word.html
sigla,HT 49B,word_3,AB59,http://sigla.phis.me/document/HT%2049b/index-word.html,sigla_word_seq_pattern,2026-02-24T02:56:37Z,SigLA,http://sigla.phis.me/document/HT%2049b/index-word.html
sigla,HT 49B,word_5,AB77,http://sigla.phis.me/document/HT%2049b/index-word.html,sigla_word_seq_pattern,2026-02-24T02:56:37Z,SigLA,http://sigla.phis.me/document/HT%2049b/index-word.html
youngerarchive,HT 5,.2_stmt,MA SI,https://web.archive.org/web/20190416193018/http://www.people.ku.edu/~jyounger/LinearA/HTtexts.html,younger_table_statement,2026-02-24T02:56:37Z,YoungerArchive,https://web.archive.org/web/20190416193018/http://www.people.ku.edu/~jyounger/LinearA/HTtexts.html
youngerarchive,HT 5,.3_stmt,WI DU,https://web.archive.org/web/20190416193018/http://www.people.ku.edu/~jyounger/LinearA/HTtexts.html,younger_table_statement,2026-02-24T02:56:37Z,YoungerArchive,https://web.archive.org/web/20190416193018/http://www.people.ku.edu/~jyounger/LinearA/HTtexts.html
sigla,HT 5,word_1,A307,http://sigla.phis.me/document/HT%205/index-word.html,sigla_word_seq_pattern,2026-02-24T02:56:37Z,SigLA,http://sigla.phis.me/document/HT%205/index-word.html
sigla,HT 5,word_2,AB80 AB41,http://sigla.phis.me/document/HT%205/index-word.html,sigla_word_seq_pattern,2026-02-24T02:56:37Z,SigLA,http://sigla.phis.me/document/HT%205/index-word.html
sigla,HT 5,word_3,[?] AB40 AB51,http://sigla.phis.me/document/HT%205/index-word.html,sigla_word_seq_pattern,2026-02-24T02:56:37Z,SigLA,http://sigla.phis.me/document/HT%205/index-word.html
youngerarchive,HT 50,a.1_log,]GRA[,https://web.archive.org/web/20190416193018/http://www.people.ku.edu/~jyounger/LinearA/HTtexts.html,younger_table_logogram,2026-02-24T02:56:37Z,YoungerArchive,https://web.archive.org/web/20190416193018/http://www.people.ku.edu/~jyounger/LinearA/HTtexts.html
youngerarchive,HT 50,a.2_log,OLE KI,https://web.archive.org/web/20190416193018/http://www.people.ku.edu/~jyounger/LinearA/HTtexts.html,younger_table_logogram,2026-02-24T02:56:37Z,YoungerArchive,https://web.archive.org/web/20190416193018/http://www.people.ku.edu/~jyounger/LinearA/HTtexts.html
youngerarchive,HT 50,a.2_log,OLE MI,https://web.archive.org/web/20190416193018/http://www.people.ku.edu/~jyounger/LinearA/HTtexts.html,younger_table_logogram,2026-02-24T02:56:37Z,YoungerArchive,https://web.archive.org/web/20190416193018/http://www.people.ku.edu/~jyounger/LinearA/HTtexts.html
youngerarchive,HT 50,a.3_log,OLE E,https://web.archive.org/web/20190416193018/http://www.people.ku.edu/~jyounger/LinearA/HTtexts.html,younger_table_logogram,2026-02-24T02:56:37Z,YoungerArchive,https://web.archive.org/web/20190416193018/http://www.people.ku.edu/~jyounger/LinearA/HTtexts.html
youngerarchive,HT 50,a.4_log,OLIV TU,https://web.archive.org/web/20190416193018/http://www.people.ku.edu/~jyounger/LinearA/HTtexts.html,younger_table_logogram,2026-02-24T02:56:37Z,YoungerArchive,https://web.archive.org/web/20190416193018/http://www.people.ku.edu/~jyounger/LinearA/HTtexts.html
youngerarchive,HT 50,a.4_log,]OLIV,https://web.archive.org/web/20190416193018/http://www.people.ku.edu/~jyounger/LinearA/HTtexts.html,younger_table_logogram,2026-02-24T02:56:37Z,YoungerArchive,https://web.archive.org/web/20190416193018/http://www.people.ku.edu/~jyounger/LinearA/HTtexts.html
youngerarchive,HT 50,b.1_log,]OLE KI[,https://web.archive.org/web/20190416193018/http://www.people.ku.edu/~jyounger/LinearA/HTtexts.html,younger_table_logogram,2026-02-24T02:56:37Z,YoungerArchive,https://web.archive.org/web/20190416193018/http://www.people.ku.edu/~jyounger/LinearA/HTtexts.html
youngerarchive,HT 50,b.3_log,]OLE DI[,https://web.archive.org/web/20190416193018/http://www.people.ku.edu/~jyounger/LinearA/HTtexts.html,younger_table_logogram,2026-02-24T02:56:37Z,YoungerArchive,https://web.archive.org/web/20190416193018/http://www.people.ku.edu/~jyounger/LinearA/HTtexts.html
youngerarchive,HT 51,a.1_log,FIC TE,https://web.archive.org/web/20190416193018/http://www.people.ku.edu/~jyounger/LinearA/HTtexts.html,younger_table_logogram,2026-02-24T02:56:37Z,YoungerArchive,https://web.archive.org/web/20190416193018/http://www.people.ku.edu/~jyounger/LinearA/HTtexts.html
youngerarchive,HT 51,a.2_stmt,TI NI[,https://web.archive.org/web/20190416193018/http://www.people.ku.edu/~jyounger/LinearA/HTtexts.html,younger_table_statement,2026-02-24T02:56:37Z,YoungerArchive,https://web.archive.org/web/20190416193018/http://www.people.ku.edu/~jyounger/LinearA/HTtexts.html
youngerarchive,HT 51,b.1_stmt,]KU ME TA,https://web.archive.org/web/20190416193018/http://www.people.ku.edu/~jyounger/LinearA/HTtexts.html,younger_table_statement,2026-02-24T02:56:37Z,YoungerArchive,https://web.archive.org/web/20190416193018/http://www.people.ku.edu/~jyounger/LinearA/HTtexts.html
youngerarchive,HT 51,b.2_stmt,ZU DU,https://web.archive.org/web/20190416193018/http://www.people.ku.edu/~jyounger/LinearA/HTtexts.html,younger_table_statement,2026-02-24T02:56:37Z,YoungerArchive,https://web.archive.org/web/20190416193018/http://www.people.ku.edu/~jyounger/LinearA/HTtexts.html
sigla,HT 51A,word_1,AB37 AB30,http://sigla.phis.me/document/HT%2051a/index-word.html,sigla_word_seq_pattern,2026-02-24T02:56:37Z,SigLA,http://sigla.phis.me/document/HT%2051a/index-word.html
sigla,HT 51A,word_2,[?] AB27,http://sigla.phis.me/document/HT%2051a/index-word.html,sigla_word_seq_pattern,2026-02-24T02:56:37Z,SigLA,http://sigla.phis.me/document/HT%2051a/index-word.html
sigla,HT 51B,word_1,AB81 AB13 AB59,http://sigla.phis.me/document/HT%2051b/index-word.html,sigla_word_seq_pattern,2026-02-24T02:56:37Z,SigLA,http://sigla.phis.me/document/HT%2051b/index-word.html
sigla,HT 51B,word_2,AB79 AB51,http://sigla.phis.me/document/HT%2051b/index-word.html,sigla_word_seq_pattern,2026-02-24T02:56:37Z,SigLA,http://sigla.phis.me/document/HT%2051b/index-word.html
sigla,HT 51B,word_3,AB41,http://sigla.phis.me/document/HT%2051b/index-word.html,sigla_word_seq_pattern,2026-02-24T02:56:37Z,SigLA,http://sigla.phis.me/document/HT%2051b/index-word.html
youngerarchive,HT 52,a.1_stmt,SA MA,https://web.archive.org/web/20190416193018/http://www.people.ku.edu/~jyounger/LinearA/HTtexts.html,younger_table_statement,2026-02-24T02:56:37Z,YoungerArchive,https://web.archive.org/web/20190416193018/http://www.people.ku.edu/~jyounger/LinearA/HTtexts.html
youngerarchive,HT 52,a.2_stmt,DI KA KI,https://web.archive.org/web/20190416193018/http://www.people.ku.edu/~jyounger/LinearA/HTtexts.html,younger_table_statement,2026-02-24T02:56:37Z,YoungerArchive,https://web.archive.org/web/20190416193018/http://www.people.ku.edu/~jyounger/LinearA/HTtexts.html
youngerarchive,HT 52,b.1_log,GRA,https://web.archive.org/web/20190416193018/http://www.people.ku.edu/~jyounger/LinearA/HTtexts.html,younger_table_logogram,2026-02-24T02:56:37Z,YoungerArchive,https://web.archive.org/web/20190416193018/http://www.people.ku.edu/~jyounger/LinearA/HTtexts.html
youngerarchive,HT 52,b.2-3_stmt,DESUNT,https://web.archive.org/web/20190416193018/http://www.people.ku.edu/~jyounger/LinearA/HTtexts.html,younger_table_statement,2026-02-24T02:56:37Z,YoungerArchive,https://web.archive.org/web/20190416193018/http://www.people.ku.edu/~jyounger/LinearA/HTtexts.html
sigla,HT 52A,word_1,AB31 AB80,http://sigla.phis.me/document/HT%2052a/index-word.html,sigla_word_seq_pattern,2026-02-24T02:56:37Z,SigLA,http://sigla.phis.me/document/HT%2052a/index-word.html
sigla,HT 52A,word_2,AB07 AB77 AB69,http://sigla.phis.me/document/HT%2052a/index-word.html,sigla_word_seq_pattern,2026-02-24T02:56:37Z,SigLA,http://sigla.phis.me/document/HT%2052a/index-word.html
sigla,HT 52B,word_1,AB24,http://sigla.phis.me/document/HT%2052b/index-word.html,sigla_word_seq_pattern,2026-02-24T02:56:37Z,SigLA,http://sigla.phis.me/document/HT%2052b/index-word.html
sigla,HT 53A,word_2,AB31 AB24,http://sigla.phis.me/document/HT%2053a/index-word.html,sigla_word_seq_pattern,2026-02-24T02:56:37Z,SigLA,http://sigla.phis.me/document/HT%2053a/index-word.html
sigla,HT 53A,word_5,AB60,http://sigla.phis.me/document/HT%2053a/index-word.html,sigla_word_seq_pattern,2026-02-24T02:56:37Z,SigLA,http://sigla.phis.me/document/HT%2053a/index-word.html
sigla,HT 53B,word_2,AB81 AB27,http://sigla.phis.me/document/HT%2053b/index-word.html,sigla_word_seq_pattern,2026-02-24T02:56:37Z,SigLA,http://sigla.phis.me/document/HT%2053b/index-word.html
youngerarchive,HT 54,a.2_stmt,]KU MI NA QE[,https://web.archive.org/web/20190416193018/http://www.people.ku.edu/~jyounger/LinearA/HTtexts.html,younger_table_statement,2026-02-24T02:56:37Z,YoungerArchive,https://web.archive.org/web/20190416193018/http://www.people.ku.edu/~jyounger/LinearA/HTtexts.html
youngerarchive,HT 54,a.3_stmt,KI MI RA2,https://web.archive.org/web/20190416193018/http://www.people.ku.edu/~jyounger/LinearA/HTtexts.html,younger_table_statement,2026-02-24T02:56:37Z,YoungerArchive,https://web.archive.org/web/20190416193018/http://www.people.ku.edu/~jyounger/LinearA/HTtexts.html
sigla,HT 54A,word_1,[?] [?],http://sigla.phis.me/document/HT%2054a/index-word.html,sigla_word_seq_pattern,2026-02-24T02:56:37Z,SigLA,http://sigla.phis.me/document/HT%2054a/index-word.html
sigla,HT 54A,word_2,AB81 AB73 AB06 AB78,http://sigla.phis.me/document/HT%2054a/index-word.html,sigla_word_seq_pattern,2026-02-24T02:56:37Z,SigLA,http://sigla.phis.me/document/HT%2054a/index-word.html
sigla,HT 54A,word_3,AB67,http://sigla.phis.me/document/HT%2054a/index-word.html,sigla_word_seq_pattern,2026-02-24T02:56:37Z,SigLA,http://sigla.phis.me/document/HT%2054a/index-word.html
sigla,HT 54A,word_4,AB73 AB76,http://sigla.phis.me/document/HT%2054a/index-word.html,sigla_word_seq_pattern,2026-02-24T02:56:37Z,SigLA,http://sigla.phis.me/document/HT%2054a/index-word.html
sigla,HT 54B,word_1,AB67,http://sigla.phis.me/document/HT%2054b/index-word.html,sigla_word_seq_pattern,2026-02-24T02:56:37Z,SigLA,http://sigla.phis.me/document/HT%2054b/index-word.html
youngerarchive,HT 55,a.1_stmt,KI RO,https://web.archive.org/web/20190416193018/http://www.people.ku.edu/~jyounger/LinearA/HTtexts.html,younger_table_statement,2026-02-24T02:56:37Z,YoungerArchive,https://web.archive.org/web/20190416193018/http://www.people.ku.edu/~jyounger/LinearA/HTtexts.html
youngerarchive,HT 55,a.1_stmt,MA RE,https://web.archive.org/web/20190416193018/http://www.people.ku.edu/~jyounger/LinearA/HTtexts.html,younger_table_statement,2026-02-24T02:56:37Z,YoungerArchive,https://web.archive.org/web/20190416193018/http://www.people.ku.edu/~jyounger/LinearA/HTtexts.html
youngerarchive,HT 55,a.2_stmt,SI RU,https://web.archive.org/web/20190416193018/http://www.people.ku.edu/~jyounger/LinearA/HTtexts.html,younger_table_statement,2026-02-24T02:56:37Z,YoungerArchive,https://web.archive.org/web/20190416193018/http://www.people.ku.edu/~jyounger/LinearA/HTtexts.html
youngerarchive,HT 55,b.2_stmt,]RI JA,https://web.archive.org/web/20190416193018/http://www.people.ku.edu/~jyounger/LinearA/HTtexts.html,younger_table_statement,2026-02-24T02:56:37Z,YoungerArchive,https://web.archive.org/web/20190416193018/http://www.people.ku.edu/~jyounger/LinearA/HTtexts.html
sigla,HT 55A,word_1,AB67 AB02,http://sigla.phis.me/document/HT%2055a/index-word.html,sigla_word_seq_pattern,2026-02-24T02:56:37Z,SigLA,http://sigla.phis.me/document/HT%2055a/index-word.html
sigla,HT 55A,word_2,AB80 AB27,http://sigla.phis.me/document/HT%2055a/index-word.html,sigla_word_seq_pattern,2026-02-24T02:56:37Z,SigLA,http://sigla.phis.me/document/HT%2055a/index-word.html
sigla,HT 55A,word_3,AB41 AB26,http://sigla.phis.me/document/HT%2055a/index-word.html,sigla_word_seq_pattern,2026-02-24T02:56:37Z,SigLA,http://sigla.phis.me/document/HT%2055a/index-word.html
sigla,HT 55A,word_4,AB24,http://sigla.phis.me/document/HT%2055a/index-word.html,sigla_word_seq_pattern,2026-02-24T02:56:37Z,SigLA,http://sigla.phis.me/document/HT%2055a/index-word.html
sigla,HT 55A,word_5,AB69,http://sigla.phis.me/document/HT%2055a/index-word.html,sigla_word_seq_pattern,2026-02-24T02:56:37Z,SigLA,http://sigla.phis.me/document/HT%2055a/index-word.html
sigla,HT 55B,word_1,AB04,http://sigla.phis.me/document/HT%2055b/index-word.html,sigla_word_seq_pattern,2026-02-24T02:56:37Z,SigLA,http://sigla.phis.me/document/HT%2055b/index-word.html
sigla,HT 55B,word_2,AB78,http://sigla.phis.me/document/HT%2055b/index-word.html,sigla_word_seq_pattern,2026-02-24T02:56:37Z,SigLA,http://sigla.phis.me/document/HT%2055b/index-word.html
sigla,HT 55B,word_3,AB53 AB57,http://sigla.phis.me/document/HT%2055b/index-word.html,sigla_word_seq_pattern,2026-02-24T02:56:37Z,SigLA,http://sigla.phis.me/document/HT%2055b/index-word.html
sigla,HT 55B,word_4,AB28,http://sigla.phis.me/document/HT%2055b/index-word.html,sigla_word_seq_pattern,2026-02-24T02:56:37Z,SigLA,http://sigla.phis.me/document/HT%2055b/index-word.html
youngerarchive,HT 56,b.1_log,]OLE KI,https://web.archive.org/web/20190416193018/http://www.people.ku.edu/~jyounger/LinearA/HTtexts.html,younger_table_logogram,2026-02-24T02:56:37Z,YoungerArchive,https://web.archive.org/web/20190416193018/http://www.people.ku.edu/~jyounger/LinearA/HTtexts.html
sigla,HT 56A,word_1,AB31,http://sigla.phis.me/document/HT%2056a/index-word.html,sigla_word_seq_pattern,2026-02-24T02:56:37Z,SigLA,http://sigla.phis.me/document/HT%2056a/index-word.html
sigla,HT 56A,word_2,AB10,http://sigla.phis.me/document/HT%2056a/index-word.html,sigla_word_seq_pattern,2026-02-24T02:56:37Z,SigLA,http://sigla.phis.me/document/HT%2056a/index-word.html
youngerarchive,HT 57,a.1_stmt,DA QE RA[,https://web.archive.org/web/20190416193018/http://www.people.ku.edu/~jyounger/LinearA/HTtexts.html,younger_table_statement,2026-02-24T02:56:37Z,YoungerArchive,https://web.archive.org/web/20190416193018/http://www.people.ku.edu/~jyounger/LinearA/HTtexts.html
sigla,HT 57A,word_1,AB01 AB78 AB60,http://sigla.phis.me/document/HT%2057a/index-word.html,sigla_word_seq_pattern,2026-02-24T02:56:37Z,SigLA,http://sigla.phis.me/document/HT%2057a/index-word.html
sigla,HT 57A,word_2,AB08,http://sigla.phis.me/document/HT%2057a/index-word.html,sigla_word_seq_pattern,2026-02-24T02:56:37Z,SigLA,http://sigla.phis.me/document/HT%2057a/index-word.html
youngerarchive,HT 58,.1_stmt,QE TI RA DU,https://web.archive.org/web/20190416193018/http://www.people.ku.edu/~jyounger/LinearA/HTtexts.html,younger_table_statement,2026-02-24T02:56:37Z,YoungerArchive,https://web.archive.org/web/20190416193018/http://www.people.ku.edu/~jyounger/LinearA/HTtexts.html
youngerarchive,HT 58,.2_log,OLE MI[,https://web.archive.org/web/20190416193018/http://www.people.ku.edu/~jyounger/LinearA/HTtexts.html,younger_table_logogram,2026-02-24T02:56:37Z,YoungerArchive,https://web.archive.org/web/20190416193018/http://www.people.ku.edu/~jyounger/LinearA/HTtexts.html
youngerarchive,HT 58,.2_log,OLE U,https://web.archive.org/web/20190416193018/http://www.people.ku.edu/~jyounger/LinearA/HTtexts.html,younger_table_logogram,2026-02-24T02:56:37Z,YoungerArchive,https://web.archive.org/web/20190416193018/http://www.people.ku.edu/~jyounger/LinearA/HTtexts.html
youngerarchive,HT 58,.3_log,OLIV,https://web.archive.org/web/20190416193018/http://www.people.ku.edu/~jyounger/LinearA/HTtexts.html,younger_table_logogram,2026-02-24T02:56:37Z,YoungerArchive,https://web.archive.org/web/20190416193018/http://www.people.ku.edu/~jyounger/LinearA/HTtexts.html
youngerarchive,HT 58,.3_log,]OLE E,https://web.archive.org/web/20190416193018/http://www.people.ku.edu/~jyounger/LinearA/HTtexts.html,younger_table_logogram,2026-02-24T02:56:37Z,YoungerArchive,https://web.archive.org/web/20190416193018/http://www.people.ku.edu/~jyounger/LinearA/HTtexts.html
youngerarchive,HT 58,.4_stmt,]U KI,https://web.archive.org/web/20190416193018/http://www.people.ku.edu/~jyounger/LinearA/HTtexts.html,younger_table_statement,2026-02-24T02:56:37Z,YoungerArchive,https://web.archive.org/web/20190416193018/http://www.people.ku.edu/~jyounger/LinearA/HTtexts.html
sigla,HT 58,word_1,AB78 AB37 AB60 AB51,http://sigla.phis.me/document/HT%2058/index-word.html,sigla_word_seq_pattern,2026-02-24T02:56:37Z,SigLA,http://sigla.phis.me/document/HT%2058/index-word.html
sigla,HT 58,word_2,AB10,http://sigla.phis.me/document/HT%2058/index-word.html,sigla_word_seq_pattern,2026-02-24T02:56:37Z,SigLA,http://sigla.phis.me/document/HT%2058/index-word.html
youngerarchive,HT 6,a.1-2_log,TE FIC,https://web.archive.org/web/20190416193018/http://www.people.ku.edu/~jyounger/LinearA/HTtexts.html,younger_table_logogram,2026-02-24T02:56:37Z,YoungerArchive,https://web.archive.org/web/20190416193018/http://www.people.ku.edu/~jyounger/LinearA/HTtexts.html
youngerarchive,HT 6,a.1-2_stmt,DA TA RA,https://web.archive.org/web/20190416193018/http://www.people.ku.edu/~jyounger/LinearA/HTtexts.html,younger_table_statement,2026-02-24T02:56:37Z,YoungerArchive,https://web.archive.org/web/20190416193018/http://www.people.ku.edu/~jyounger/LinearA/HTtexts.html
youngerarchive,HT 6,a.1_stmt,KA PA,https://web.archive.org/web/20190416193018/http://www.people.ku.edu/~jyounger/LinearA/HTtexts.html,younger_table_statement,2026-02-24T02:56:37Z,YoungerArchive,https://web.archive.org/web/20190416193018/http://www.people.ku.edu/~jyounger/LinearA/HTtexts.html
youngerarchive,HT 6,a.2-3_stmt,PI TA JA,https://web.archive.org/web/20190416193018/http://www.people.ku.edu/~jyounger/LinearA/HTtexts.html,younger_table_statement,2026-02-24T02:56:37Z,YoungerArchive,https://web.archive.org/web/20190416193018/http://www.people.ku.edu/~jyounger/LinearA/HTtexts.html
youngerarchive,HT 6,a.3_log,JA RU,https://web.archive.org/web/20190416193018/http://www.people.ku.edu/~jyounger/LinearA/HTtexts.html,younger_table_logogram,2026-02-24T02:56:37Z,YoungerArchive,https://web.archive.org/web/20190416193018/http://www.people.ku.edu/~jyounger/LinearA/HTtexts.html
youngerarchive,HT 6,a.4-5_stmt,KA PA QE,https://web.archive.org/web/20190416193018/http://www.people.ku.edu/~jyounger/LinearA/HTtexts.html,younger_table_statement,2026-02-24T02:56:37Z,YoungerArchive,https://web.archive.org/web/20190416193018/http://www.people.ku.edu/~jyounger/LinearA/HTtexts.html
youngerarchive,HT 6,a.4_stmt,O RA2 DI NE,https://web.archive.org/web/20190416193018/http://www.people.ku.edu/~jyounger/LinearA/HTtexts.html,younger_table_statement,2026-02-24T02:56:37Z,YoungerArchive,https://web.archive.org/web/20190416193018/http://www.people.ku.edu/~jyounger/LinearA/HTtexts.html
youngerarchive,HT 6,a.6-7_stmt,QE PI TA,https://web.archive.org/web/20190416193018/http://www.people.ku.edu/~jyounger/LinearA/HTtexts.html,younger_table_statement,2026-02-24T02:56:37Z,YoungerArchive,https://web.archive.org/web/20190416193018/http://www.people.ku.edu/~jyounger/LinearA/HTtexts.html
youngerarchive,HT 6,a.6_stmt,DA QE RA,https://web.archive.org/web/20190416193018/http://www.people.ku.edu/~jyounger/LinearA/HTtexts.html,younger_table_statement,2026-02-24T02:56:37Z,YoungerArchive,https://web.archive.org/web/20190416193018/http://www.people.ku.edu/~jyounger/LinearA/HTtexts.html
youngerarchive,HT 6,a.7_log,FIC,https://web.archive.org/web/20190416193018/http://www.people.ku.edu/~jyounger/LinearA/HTtexts.html,younger_table_logogram,2026-02-24T02:56:37Z,YoungerArchive,https://web.archive.org/web/20190416193018/http://www.people.ku.edu/~jyounger/LinearA/HTtexts.html
youngerarchive,HT 6,b.1-2_stmt,WA DU NI MI,https://web.archive.org/web/20190416193018/http://www.people.ku.edu/~jyounger/LinearA/HTtexts.html,younger_table_statement,2026-02-24T02:56:37Z,YoungerArchive,https://web.archive.org/web/20190416193018/http://www.people.ku.edu/~jyounger/LinearA/HTtexts.html
youngerarchive,HT 6,b.2-3_stmt,MA RI I,https://web.archive.org/web/20190416193018/http://www.people.ku.edu/~jyounger/LinearA/HTtexts.html,younger_table_statement,2026-02-24T02:56:37Z,YoungerArchive,https://web.archive.org/web/20190416193018/http://www.people.ku.edu/~jyounger/LinearA/HTtexts.html
youngerarchive,HT 6,b.2_stmt,RA TI SE,https://web.archive.org/web/20190416193018/http://www.people.ku.edu/~jyounger/LinearA/HTtexts.html,younger_table_statement,2026-02-24T02:56:37Z,YoungerArchive,https://web.archive.org/web/20190416193018/http://www.people.ku.edu/~jyounger/LinearA/HTtexts.html
youngerarchive,HT 6,b.4_stmt,DU DA MA,https://web.archive.org/web/20190416193018/http://www.people.ku.edu/~jyounger/LinearA/HTtexts.html,younger_table_statement,2026-02-24T02:56:37Z,YoungerArchive,https://web.archive.org/web/20190416193018/http://www.people.ku.edu/~jyounger/LinearA/HTtexts.html
youngerarchive,HT 6,b.5-6_stmt,SA MA,https://web.archive.org/web/20190416193018/http://www.people.ku.edu/~jyounger/LinearA/HTtexts.html,younger_table_statement,2026-02-24T02:56:37Z,YoungerArchive,https://web.archive.org/web/20190416193018/http://www.people.ku.edu/~jyounger/LinearA/HTtexts.html
youngerarchive,HT 6,b.5_stmt,DA KI,https://web.archive.org/web/20190416193018/http://www.people.ku.edu/~jyounger/LinearA/HTtexts.html,younger_table_statement,2026-02-24T02:56:37Z,YoungerArchive,https://web.archive.org/web/20190416193018/http://www.people.ku.edu/~jyounger/LinearA/HTtexts.html
youngerarchive,HT 6,b.6_stmt,PA3 NI NA,https://web.archive.org/web/20190416193018/http://www.people.ku.edu/~jyounger/LinearA/HTtexts.html,younger_table_statement,2026-02-24T02:56:37Z,YoungerArchive,https://web.archive.org/web/20190416193018/http://www.people.ku.edu/~jyounger/LinearA/HTtexts.html
youngerarchive,HT 60,.1_log,]OLE RI,https://web.archive.org/web/20190416193018/http://www.people.ku.edu/~jyounger/LinearA/HTtexts.html,younger_table_logogram,2026-02-24T02:56:37Z,YoungerArchive,https://web.archive.org/web/20190416193018/http://www.people.ku.edu/~jyounger/LinearA/HTtexts.html
youngerarchive,HT 60,.2_log,OLE,https://web.archive.org/web/20190416193018/http://www.people.ku.edu/~jyounger/LinearA/HTtexts.html,younger_table_logogram,2026-02-24T02:56:37Z,YoungerArchive,https://web.archive.org/web/20190416193018/http://www.people.ku.edu/~jyounger/LinearA/HTtexts.html
youngerarchive,HT 60,.2_log,QA [?] RE,https://web.archive.org/web/20190416193018/http://www.people.ku.edu/~jyounger/LinearA/HTtexts.html,younger_table_logogram,2026-02-24T02:56:37Z,YoungerArchive,https://web.archive.org/web/20190416193018/http://www.people.ku.edu/~jyounger/LinearA/HTtexts.html
youngerarchive,HT 60,.2_log,VINA,https://web.archive.org/web/20190416193018/http://www.people.ku.edu/~jyounger/LinearA/HTtexts.html,younger_table_logogram,2026-02-24T02:56:37Z,YoungerArchive,https://web.archive.org/web/20190416193018/http://www.people.ku.edu/~jyounger/LinearA/HTtexts.html
youngerarchive,HT 60,.3_log,QA [?] PU,https://web.archive.org/web/20190416193018/http://www.people.ku.edu/~jyounger/LinearA/HTtexts.html,younger_table_logogram,2026-02-24T02:56:37Z,YoungerArchive,https://web.archive.org/web/20190416193018/http://www.people.ku.edu/~jyounger/LinearA/HTtexts.html
youngerarchive,HT 61,.1_log,GRA KU,https://web.archive.org/web/20190416193018/http://www.people.ku.edu/~jyounger/LinearA/HTtexts.html,younger_table_logogram,2026-02-24T02:56:37Z,YoungerArchive,https://web.archive.org/web/20190416193018/http://www.people.ku.edu/~jyounger/LinearA/HTtexts.html
youngerarchive,HT 61,.1_stmt,MI TI,https://web.archive.org/web/20190416193018/http://www.people.ku.edu/~jyounger/LinearA/HTtexts.html,younger_table_statement,2026-02-24T02:56:37Z,YoungerArchive,https://web.archive.org/web/20190416193018/http://www.people.ku.edu/~jyounger/LinearA/HTtexts.html
sigla,HT 61,word_1,AB73 AB37,http://sigla.phis.me/document/HT%2061/index-word.html,sigla_word_seq_pattern,2026-02-24T02:56:37Z,SigLA,http://sigla.phis.me/document/HT%2061/index-word.html
youngerarchive,HT 62 73,.1_log,TE VINA,https://web.archive.org/web/20190416193018/http://www.people.ku.edu/~jyounger/LinearA/HTtexts.html,younger_table_logogram,2026-02-24T02:56:37Z,YoungerArchive,https://web.archive.org/web/20190416193018/http://www.people.ku.edu/~jyounger/LinearA/HTtexts.html
youngerarchive,HT 62 73,.1_stmt,]SA RA,https://web.archive.org/web/20190416193018/http://www.people.ku.edu/~jyounger/LinearA/HTtexts.html,younger_table_statement,2026-02-24T02:56:37Z,YoungerArchive,https://web.archive.org/web/20190416193018/http://www.people.ku.edu/~jyounger/LinearA/HTtexts.html
youngerarchive,HT 62 73,.2_log,GRA,https://web.archive.org/web/20190416193018/http://www.people.ku.edu/~jyounger/LinearA/HTtexts.html,younger_table_logogram,2026-02-24T02:56:37Z,YoungerArchive,https://web.archive.org/web/20190416193018/http://www.people.ku.edu/~jyounger/LinearA/HTtexts.html
youngerarchive,HT 62 73,.2_stmt,KA KU,https://web.archive.org/web/20190416193018/http://www.people.ku.edu/~jyounger/LinearA/HTtexts.html,younger_table_statement,2026-02-24T02:56:37Z,YoungerArchive,https://web.archive.org/web/20190416193018/http://www.people.ku.edu/~jyounger/LinearA/HTtexts.html
youngerarchive,HT 62 73,.2_stmt,PA I KI[,https://web.archive.org/web/20190416193018/http://www.people.ku.edu/~jyounger/LinearA/HTtexts.html,younger_table_statement,2026-02-24T02:56:37Z,YoungerArchive,https://web.archive.org/web/20190416193018/http://www.people.ku.edu/~jyounger/LinearA/HTtexts.html
youngerarchive,HT 62 73,.3_stmt,SA RO QE[,https://web.archive.org/web/20190416193018/http://www.people.ku.edu/~jyounger/LinearA/HTtexts.html,younger_table_statement,2026-02-24T02:56:37Z,YoungerArchive,https://web.archive.org/web/20190416193018/http://www.people.ku.edu/~jyounger/LinearA/HTtexts.html
youngerarchive,HT 62 73,.5_log,]VIR[,https://web.archive.org/web/20190416193018/http://www.people.ku.edu/~jyounger/LinearA/HTtexts.html,younger_table_logogram,2026-02-24T02:56:37Z,YoungerArchive,https://web.archive.org/web/20190416193018/http://www.people.ku.edu/~jyounger/LinearA/HTtexts.html
sigla,HT 62 73,word_1,[?] AB31 AB60,http://sigla.phis.me/document/HT%2062%2B73/index-word.html,sigla_word_seq_pattern,2026-02-24T02:56:37Z,SigLA,http://sigla.phis.me/document/HT%2062%2B73/index-word.html
sigla,HT 62 73,word_10,AB31 AB02 AB78,http://sigla.phis.me/document/HT%2062%2B73/index-word.html,sigla_word_seq_pattern,2026-02-24T02:56:37Z,SigLA,http://sigla.phis.me/document/HT%2062%2B73/index-word.html
sigla,HT 62 73,word_2,[?] AB06,http://sigla.phis.me/document/HT%2062%2B73/index-word.html,sigla_word_seq_pattern,2026-02-24T02:56:37Z,SigLA,http://sigla.phis.me/document/HT%2062%2B73/index-word.html
sigla,HT 62 73,word_3,AB77 AB81,http://sigla.phis.me/document/HT%2062%2B73/index-word.html,sigla_word_seq_pattern,2026-02-24T02:56:37Z,SigLA,http://sigla.phis.me/document/HT%2062%2B73/index-word.html
sigla,HT 62 73,word_4,AB28B AB37 [?],http://sigla.phis.me/document/HT%2062%2B73/index-word.html,sigla_word_seq_pattern,2026-02-24T02:56:37Z,SigLA,http://sigla.phis.me/document/HT%2062%2B73/index-word.html
sigla,HT 62 73,word_5,AB100 [?],http://sigla.phis.me/document/HT%2062%2B73/index-word.html,sigla_word_seq_pattern,2026-02-24T02:56:37Z,SigLA,http://sigla.phis.me/document/HT%2062%2B73/index-word.html
sigla,HT 62 73,word_6,AB70,http://sigla.phis.me/document/HT%2062%2B73/index-word.html,sigla_word_seq_pattern,2026-02-24T02:56:37Z,SigLA,http://sigla.phis.me/document/HT%2062%2B73/index-word.html
sigla,HT 62 73,word_7,AB55,http://sigla.phis.me/document/HT%2062%2B73/index-word.html,sigla_word_seq_pattern,2026-02-24T02:56:37Z,SigLA,http://sigla.phis.me/document/HT%2062%2B73/index-word.html
sigla,HT 62 73,word_8,AB81,http://sigla.phis.me/document/HT%2062%2B73/index-word.html,sigla_word_seq_pattern,2026-02-24T02:56:37Z,SigLA,http://sigla.phis.me/document/HT%2062%2B73/index-word.html
sigla,HT 62 73,word_9,AB03 AB28 AB67,http://sigla.phis.me/document/HT%2062%2B73/index-word.html,sigla_word_seq_pattern,2026-02-24T02:56:37Z,SigLA,http://sigla.phis.me/document/HT%2062%2B73/index-word.html
youngerarchive,HT 63,.1_stmt,KA TI,https://web.archive.org/web/20190416193018/http://www.people.ku.edu/~jyounger/LinearA/HTtexts.html,younger_table_statement,2026-02-24T02:56:37Z,YoungerArchive,https://web.archive.org/web/20190416193018/http://www.people.ku.edu/~jyounger/LinearA/HTtexts.html
youngerarchive,HT 63,.1_stmt,SU PU2[,https://web.archive.org/web/20190416193018/http://www.people.ku.edu/~jyounger/LinearA/HTtexts.html,younger_table_statement,2026-02-24T02:56:37Z,YoungerArchive,https://web.archive.org/web/20190416193018/http://www.people.ku.edu/~jyounger/LinearA/HTtexts.html
sigla,HT 63,word_1,AB77 AB37,http://sigla.phis.me/document/HT%2063/index-word.html,sigla_word_seq_pattern,2026-02-24T02:56:37Z,SigLA,http://sigla.phis.me/document/HT%2063/index-word.html
sigla,HT 63,word_2,AB58 AB29,http://sigla.phis.me/document/HT%2063/index-word.html,sigla_word_seq_pattern,2026-02-24T02:56:37Z,SigLA,http://sigla.phis.me/document/HT%2063/index-word.html
sigla,HT 63,word_3,AB79,http://sigla.phis.me/document/HT%2063/index-word.html,sigla_word_seq_pattern,2026-02-24T02:56:37Z,SigLA,http://sigla.phis.me/document/HT%2063/index-word.html
youngerarchive,HT 64,.1_stmt,]KU ZU NA[,https://web.archive.org/web/20190416193018/http://www.people.ku.edu/~jyounger/LinearA/HTtexts.html,younger_table_statement,2026-02-24T02:56:37Z,YoungerArchive,https://web.archive.org/web/20190416193018/http://www.people.ku.edu/~jyounger/LinearA/HTtexts.html
youngerarchive,HT 64,.2_stmt,RU MA[,https://web.archive.org/web/20190416193018/http://www.people.ku.edu/~jyounger/LinearA/HTtexts.html,younger_table_statement,2026-02-24T02:56:37Z,YoungerArchive,https://web.archive.org/web/20190416193018/http://www.people.ku.edu/~jyounger/LinearA/HTtexts.html
youngerarchive,HT 64,.4_log,CAPM,https://web.archive.org/web/20190416193018/http://www.people.ku.edu/~jyounger/LinearA/HTtexts.html,younger_table_logogram,2026-02-24T02:56:37Z,YoungerArchive,https://web.archive.org/web/20190416193018/http://www.people.ku.edu/~jyounger/LinearA/HTtexts.html
sigla,HT 64,word_1,AB81 AB79 AB06,http://sigla.phis.me/document/HT%2064/index-word.html,sigla_word_seq_pattern,2026-02-24T02:56:37Z,SigLA,http://sigla.phis.me/document/HT%2064/index-word.html
sigla,HT 64,word_2,AB06,http://sigla.phis.me/document/HT%2064/index-word.html,sigla_word_seq_pattern,2026-02-24T02:56:37Z,SigLA,http://sigla.phis.me/document/HT%2064/index-word.html
sigla,HT 64,word_3,AB26 AB80,http://sigla.phis.me/document/HT%2064/index-word.html,sigla_word_seq_pattern,2026-02-24T02:56:37Z,SigLA,http://sigla.phis.me/document/HT%2064/index-word.html
youngerarchive,HT 66,.1_log,ZU VIR,https://web.archive.org/web/20190416193018/http://www.people.ku.edu/~jyounger/LinearA/HTtexts.html,younger_table_logogram,2026-02-24T02:56:37Z,YoungerArchive,https://web.archive.org/web/20190416193018/http://www.people.ku.edu/~jyounger/LinearA/HTtexts.html
youngerarchive,HT 66,.3_stmt,]TA MI[,https://web.archive.org/web/20190416193018/http://www.people.ku.edu/~jyounger/LinearA/HTtexts.html,younger_table_statement,2026-02-24T02:56:37Z,YoungerArchive,https://web.archive.org/web/20190416193018/http://www.people.ku.edu/~jyounger/LinearA/HTtexts.html
sigla,HT 66,word_1,AB07,http://sigla.phis.me/document/HT%2066/index-word.html,sigla_word_seq_pattern,2026-02-24T02:56:37Z,SigLA,http://sigla.phis.me/document/HT%2066/index-word.html
sigla,HT 66,word_2,AB59,http://sigla.phis.me/document/HT%2066/index-word.html,sigla_word_seq_pattern,2026-02-24T02:56:37Z,SigLA,http://sigla.phis.me/document/HT%2066/index-word.html
sigla,HT 66,word_3,AB59 AB73,http://sigla.phis.me/document/HT%2066/index-word.html,sigla_word_seq_pattern,2026-02-24T02:56:37Z,SigLA,http://sigla.phis.me/document/HT%2066/index-word.html
sigla,HT 66,word_4,AB27,http://sigla.phis.me/document/HT%2066/index-word.html,sigla_word_seq_pattern,2026-02-24T02:56:37Z,SigLA,http://sigla.phis.me/document/HT%2066/index-word.html
youngerarchive,HT 67,.2_stmt,]KU RO,https://web.archive.org/web/20190416193018/http://www.people.ku.edu/~jyounger/LinearA/HTtexts.html,younger_table_statement,2026-02-24T02:56:37Z,YoungerArchive,https://web.archive.org/web/20190416193018/http://www.people.ku.edu/~jyounger/LinearA/HTtexts.html
youngerarchive,HT 67,.3_log,FIC TE,https://web.archive.org/web/20190416193018/http://www.people.ku.edu/~jyounger/LinearA/HTtexts.html,younger_table_logogram,2026-02-24T02:56:37Z,YoungerArchive,https://web.archive.org/web/20190416193018/http://www.people.ku.edu/~jyounger/LinearA/HTtexts.html
youngerarchive,HT 68,.1_log,VIR[,https://web.archive.org/web/20190416193018/http://www.people.ku.edu/~jyounger/LinearA/HTtexts.html,younger_table_logogram,2026-02-24T02:56:37Z,YoungerArchive,https://web.archive.org/web/20190416193018/http://www.people.ku.edu/~jyounger/LinearA/HTtexts.html
sigla,HT 68,word_1,AB65,http://sigla.phis.me/document/HT%2068/index-word.html,sigla_word_seq_pattern,2026-02-24T02:56:37Z,SigLA,http://sigla.phis.me/document/HT%2068/index-word.html
youngerarchive,HT 69,.2_stmt,]MA DI,https://web.archive.org/web/20190416193018/http://www.people.ku.edu/~jyounger/LinearA/HTtexts.html,younger_table_statement,2026-02-24T02:56:37Z,YoungerArchive,https://web.archive.org/web/20190416193018/http://www.people.ku.edu/~jyounger/LinearA/HTtexts.html
sigla,HT 69,word_1,AB80 AB07,http://sigla.phis.me/document/HT%2069/index-word.html,sigla_word_seq_pattern,2026-02-24T02:56:37Z,SigLA,http://sigla.phis.me/document/HT%2069/index-word.html
sigla,HT 6A,word_1,AB77 AB03,http://sigla.phis.me/document/HT%206a/index-word.html,sigla_word_seq_pattern,2026-02-24T02:56:37Z,SigLA,http://sigla.phis.me/document/HT%206a/index-word.html
sigla,HT 6A,word_2,AB01 AB59 AB60,http://sigla.phis.me/document/HT%206a/index-word.html,sigla_word_seq_pattern,2026-02-24T02:56:37Z,SigLA,http://sigla.phis.me/document/HT%206a/index-word.html
sigla,HT 6A,word_3,AB39 AB59 AB57,http://sigla.phis.me/document/HT%206a/index-word.html,sigla_word_seq_pattern,2026-02-24T02:56:37Z,SigLA,http://sigla.phis.me/document/HT%206a/index-word.html
sigla,HT 6A,word_4,A717,http://sigla.phis.me/document/HT%206a/index-word.html,sigla_word_seq_pattern,2026-02-24T02:56:37Z,SigLA,http://sigla.phis.me/document/HT%206a/index-word.html
sigla,HT 6A,word_5,AB80 A321,http://sigla.phis.me/document/HT%206a/index-word.html,sigla_word_seq_pattern,2026-02-24T02:56:37Z,SigLA,http://sigla.phis.me/document/HT%206a/index-word.html
sigla,HT 6A,word_6,AB61 AB76 AB07 AB24,http://sigla.phis.me/document/HT%206a/index-word.html,sigla_word_seq_pattern,2026-02-24T02:56:37Z,SigLA,http://sigla.phis.me/document/HT%206a/index-word.html
sigla,HT 6A,word_7,AB77 AB03 AB78,http://sigla.phis.me/document/HT%206a/index-word.html,sigla_word_seq_pattern,2026-02-24T02:56:37Z,SigLA,http://sigla.phis.me/document/HT%206a/index-word.html
sigla,HT 6A,word_8,AB01 AB78 AB60,http://sigla.phis.me/document/HT%206a/index-word.html,sigla_word_seq_pattern,2026-02-24T02:56:37Z,SigLA,http://sigla.phis.me/document/HT%206a/index-word.html
sigla,HT 6A,word_9,AB78 AB39 AB59,http://sigla.phis.me/document/HT%206a/index-word.html,sigla_word_seq_pattern,2026-02-24T02:56:37Z,SigLA,http://sigla.phis.me/document/HT%206a/index-word.html
sigla,HT 6B,word_1,AB54 AB51 AB30 AB73,http://sigla.phis.me/document/HT%206b/index-word.html,sigla_word_seq_pattern,2026-02-24T02:56:37Z,SigLA,http://sigla.phis.me/document/HT%206b/index-word.html
sigla,HT 6B,word_2,AB60 AB37 AB09,http://sigla.phis.me/document/HT%206b/index-word.html,sigla_word_seq_pattern,2026-02-24T02:56:37Z,SigLA,http://sigla.phis.me/document/HT%206b/index-word.html
sigla,HT 6B,word_3,AB51 AB01 AB80,http://sigla.phis.me/document/HT%206b/index-word.html,sigla_word_seq_pattern,2026-02-24T02:56:37Z,SigLA,http://sigla.phis.me/document/HT%206b/index-word.html
sigla,HT 6B,word_4,AB51? AB67,http://sigla.phis.me/document/HT%206b/index-word.html,sigla_word_seq_pattern,2026-02-24T02:56:37Z,SigLA,http://sigla.phis.me/document/HT%206b/index-word.html
sigla,HT 6B,word_5,AB31 AB80,http://sigla.phis.me/document/HT%206b/index-word.html,sigla_word_seq_pattern,2026-02-24T02:56:37Z,SigLA,http://sigla.phis.me/document/HT%206b/index-word.html
sigla,HT 6B,word_6,AB56 AB30 AB06,http://sigla.phis.me/document/HT%206b/index-word.html,sigla_word_seq_pattern,2026-02-24T02:56:37Z,SigLA,http://sigla.phis.me/document/HT%206b/index-word.html
youngerarchive,HT 7,a.1_log,VIR,https://web.archive.org/web/20190416193018/http://www.people.ku.edu/~jyounger/LinearA/HTtexts.html,younger_table_logogram,2026-02-24T02:56:37Z,YoungerArchive,https://web.archive.org/web/20190416193018/http://www.people.ku.edu/~jyounger/LinearA/HTtexts.html
youngerarchive,HT 7,a.1_stmt,QE TI,https://web.archive.org/web/20190416193018/http://www.people.ku.edu/~jyounger/LinearA/HTtexts.html,younger_table_statement,2026-02-24T02:56:37Z,YoungerArchive,https://web.archive.org/web/20190416193018/http://www.people.ku.edu/~jyounger/LinearA/HTtexts.html
youngerarchive,HT 7,a.2_stmt,I RU JA,https://web.archive.org/web/20190416193018/http://www.people.ku.edu/~jyounger/LinearA/HTtexts.html,younger_table_statement,2026-02-24T02:56:37Z,YoungerArchive,https://web.archive.org/web/20190416193018/http://www.people.ku.edu/~jyounger/LinearA/HTtexts.html
youngerarchive,HT 7,a.3_stmt,DU JA,https://web.archive.org/web/20190416193018/http://www.people.ku.edu/~jyounger/LinearA/HTtexts.html,younger_table_statement,2026-02-24T02:56:37Z,YoungerArchive,https://web.archive.org/web/20190416193018/http://www.people.ku.edu/~jyounger/LinearA/HTtexts.html
youngerarchive,HT 7,a.4-5_stmt,DA RE,https://web.archive.org/web/20190416193018/http://www.people.ku.edu/~jyounger/LinearA/HTtexts.html,younger_table_statement,2026-02-24T02:56:37Z,YoungerArchive,https://web.archive.org/web/20190416193018/http://www.people.ku.edu/~jyounger/LinearA/HTtexts.html
youngerarchive,HT 7,a.4_stmt,TA NA TI,https://web.archive.org/web/20190416193018/http://www.people.ku.edu/~jyounger/LinearA/HTtexts.html,younger_table_statement,2026-02-24T02:56:37Z,YoungerArchive,https://web.archive.org/web/20190416193018/http://www.people.ku.edu/~jyounger/LinearA/HTtexts.html
youngerarchive,HT 7,a.5_stmt,TE TU,https://web.archive.org/web/20190416193018/http://www.people.ku.edu/~jyounger/LinearA/HTtexts.html,younger_table_statement,2026-02-24T02:56:37Z,YoungerArchive,https://web.archive.org/web/20190416193018/http://www.people.ku.edu/~jyounger/LinearA/HTtexts.html
youngerarchive,HT 7,b.1_stmt,QIF TU NE,https://web.archive.org/web/20190416193018/http://www.people.ku.edu/~jyounger/LinearA/HTtexts.html,younger_table_statement,2026-02-24T02:56:37Z,YoungerArchive,https://web.archive.org/web/20190416193018/http://www.people.ku.edu/~jyounger/LinearA/HTtexts.html
youngerarchive,HT 7,b.2_stmt,DA RU,https://web.archive.org/web/20190416193018/http://www.people.ku.edu/~jyounger/LinearA/HTtexts.html,younger_table_statement,2026-02-24T02:56:37Z,YoungerArchive,https://web.archive.org/web/20190416193018/http://www.people.ku.edu/~jyounger/LinearA/HTtexts.html
youngerarchive,HT 70,.1_log,FIC TE,https://web.archive.org/web/20190416193018/http://www.people.ku.edu/~jyounger/LinearA/HTtexts.html,younger_table_logogram,2026-02-24T02:56:37Z,YoungerArchive,https://web.archive.org/web/20190416193018/http://www.people.ku.edu/~jyounger/LinearA/HTtexts.html
youngerarchive,HT 70,.2_stmt,]QA SA,https://web.archive.org/web/20190416193018/http://www.people.ku.edu/~jyounger/LinearA/HTtexts.html,younger_table_statement,2026-02-24T02:56:37Z,YoungerArchive,https://web.archive.org/web/20190416193018/http://www.people.ku.edu/~jyounger/LinearA/HTtexts.html
sigla,HT 70,word_1,AB16 AB118 AB31,http://sigla.phis.me/document/HT%2070/index-word.html,sigla_word_seq_pattern,2026-02-24T02:56:37Z,SigLA,http://sigla.phis.me/document/HT%2070/index-word.html
sigla,HT 72,word_1,[?] [?],http://sigla.phis.me/document/HT%2072/index-word.html,sigla_word_seq_pattern,2026-02-24T02:56:37Z,SigLA,http://sigla.phis.me/document/HT%2072/index-word.html
youngerarchive,HT 74,.2_stmt,]KU RO,https://web.archive.org/web/20190416193018/http://www.people.ku.edu/~jyounger/LinearA/HTtexts.html,younger_table_statement,2026-02-24T02:56:37Z,YoungerArchive,https://web.archive.org/web/20190416193018/http://www.people.ku.edu/~jyounger/LinearA/HTtexts.html
sigla,HT 74,word_1,AB81 AB02,http://sigla.phis.me/document/HT%2074/index-word.html,sigla_word_seq_pattern,2026-02-24T02:56:37Z,SigLA,http://sigla.phis.me/document/HT%2074/index-word.html
youngerarchive,HT 75,1._stmt,KA RU[,https://web.archive.org/web/20190416193018/http://www.people.ku.edu/~jyounger/LinearA/HTtexts.html,younger_table_statement,2026-02-24T02:56:37Z,YoungerArchive,https://web.archive.org/web/20190416193018/http://www.people.ku.edu/~jyounger/LinearA/HTtexts.html
sigla,HT 75,word_1,AB77 AB26,http://sigla.phis.me/document/HT%2075/index-word.html,sigla_word_seq_pattern,2026-02-24T02:56:37Z,SigLA,http://sigla.phis.me/document/HT%2075/index-word.html
sigla,HT 78,word_1,AB23 A312,http://sigla.phis.me/document/HT%2078/index-word.html,sigla_word_seq_pattern,2026-02-24T02:56:37Z,SigLA,http://sigla.phis.me/document/HT%2078/index-word.html
youngerarchive,HT 79 83,.1_stmt,DA PA3[,https://web.archive.org/web/20190416193018/http://www.people.ku.edu/~jyounger/LinearA/HTtexts.html,younger_table_statement,2026-02-24T02:56:37Z,YoungerArchive,https://web.archive.org/web/20190416193018/http://www.people.ku.edu/~jyounger/LinearA/HTtexts.html
youngerarchive,HT 79 83,.2_stmt,]TU PA RI,https://web.archive.org/web/20190416193018/http://www.people.ku.edu/~jyounger/LinearA/HTtexts.html,younger_table_statement,2026-02-24T02:56:37Z,YoungerArchive,https://web.archive.org/web/20190416193018/http://www.people.ku.edu/~jyounger/LinearA/HTtexts.html
youngerarchive,HT 79 83,.3_stmt,]KU NI[,https://web.archive.org/web/20190416193018/http://www.people.ku.edu/~jyounger/LinearA/HTtexts.html,younger_table_statement,2026-02-24T02:56:37Z,YoungerArchive,https://web.archive.org/web/20190416193018/http://www.people.ku.edu/~jyounger/LinearA/HTtexts.html
sigla,HT 79 83,word_1,AB28?,http://sigla.phis.me/document/HT%2079%2B83/index-word.html,sigla_word_seq_pattern,2026-02-24T02:56:37Z,SigLA,http://sigla.phis.me/document/HT%2079%2B83/index-word.html
sigla,HT 79 83,word_2,AB77,http://sigla.phis.me/document/HT%2079%2B83/index-word.html,sigla_word_seq_pattern,2026-02-24T02:56:37Z,SigLA,http://sigla.phis.me/document/HT%2079%2B83/index-word.html
sigla,HT 79 83,word_3,AB01 AB56,http://sigla.phis.me/document/HT%2079%2B83/index-word.html,sigla_word_seq_pattern,2026-02-24T02:56:37Z,SigLA,http://sigla.phis.me/document/HT%2079%2B83/index-word.html
sigla,HT 79 83,word_4,AB69 AB03 AB53,http://sigla.phis.me/document/HT%2079%2B83/index-word.html,sigla_word_seq_pattern,2026-02-24T02:56:37Z,SigLA,http://sigla.phis.me/document/HT%2079%2B83/index-word.html
sigla,HT 79 83,word_5,AB81 AB30,http://sigla.phis.me/document/HT%2079%2B83/index-word.html,sigla_word_seq_pattern,2026-02-24T02:56:37Z,SigLA,http://sigla.phis.me/document/HT%2079%2B83/index-word.html
sigla,HT 79 83,word_6,AB79,http://sigla.phis.me/document/HT%2079%2B83/index-word.html,sigla_word_seq_pattern,2026-02-24T02:56:37Z,SigLA,http://sigla.phis.me/document/HT%2079%2B83/index-word.html
sigla,HT 7A,word_1,AB78 AB37,http://sigla.phis.me/document/HT%207a/index-word.html,sigla_word_seq_pattern,2026-02-24T02:56:37Z,SigLA,http://sigla.phis.me/document/HT%207a/index-word.html
sigla,HT 7A,word_2,AB28 AB26 AB57,http://sigla.phis.me/document/HT%207a/index-word.html,sigla_word_seq_pattern,2026-02-24T02:56:37Z,SigLA,http://sigla.phis.me/document/HT%207a/index-word.html
sigla,HT 7A,word_3,AB51 AB57,http://sigla.phis.me/document/HT%207a/index-word.html,sigla_word_seq_pattern,2026-02-24T02:56:37Z,SigLA,http://sigla.phis.me/document/HT%207a/index-word.html
sigla,HT 7A,word_4,AB59 AB06 AB37,http://sigla.phis.me/document/HT%207a/index-word.html,sigla_word_seq_pattern,2026-02-24T02:56:37Z,SigLA,http://sigla.phis.me/document/HT%207a/index-word.html
sigla,HT 7A,word_5,AB01 AB27,http://sigla.phis.me/document/HT%207a/index-word.html,sigla_word_seq_pattern,2026-02-24T02:56:37Z,SigLA,http://sigla.phis.me/document/HT%207a/index-word.html
sigla,HT 7A,word_6,AB04 AB69,http://sigla.phis.me/document/HT%207a/index-word.html,sigla_word_seq_pattern,2026-02-24T02:56:37Z,SigLA,http://sigla.phis.me/document/HT%207a/index-word.html
sigla,HT 7B,word_1,AB21F AB69 AB24,http://sigla.phis.me/document/HT%207b/index-word.html,sigla_word_seq_pattern,2026-02-24T02:56:37Z,SigLA,http://sigla.phis.me/document/HT%207b/index-word.html
sigla,HT 7B,word_2,AB01 AB26 A329,http://sigla.phis.me/document/HT%207b/index-word.html,sigla_word_seq_pattern,2026-02-24T02:56:37Z,SigLA,http://sigla.phis.me/document/HT%207b/index-word.html
youngerarchive,HT 8,a.1 JE-DI_log,OLE KI,https://web.archive.org/web/20190416193018/http://www.people.ku.edu/~jyounger/LinearA/HTtexts.html,younger_table_logogram,2026-02-24T02:56:37Z,YoungerArchive,https://web.archive.org/web/20190416193018/http://www.people.ku.edu/~jyounger/LinearA/HTtexts.html
youngerarchive,HT 8,a.1-2_stmt,PA3 KA RA TI,https://web.archive.org/web/20190416193018/http://www.people.ku.edu/~jyounger/LinearA/HTtexts.html,younger_table_statement,2026-02-24T02:56:37Z,YoungerArchive,https://web.archive.org/web/20190416193018/http://www.people.ku.edu/~jyounger/LinearA/HTtexts.html
youngerarchive,HT 8,a.1_log,OLE KI,https://web.archive.org/web/20190416193018/http://www.people.ku.edu/~jyounger/LinearA/HTtexts.html,younger_table_logogram,2026-02-24T02:56:37Z,YoungerArchive,https://web.archive.org/web/20190416193018/http://www.people.ku.edu/~jyounger/LinearA/HTtexts.html
youngerarchive,HT 8,a.1_stmt,JE DI,https://web.archive.org/web/20190416193018/http://www.people.ku.edu/~jyounger/LinearA/HTtexts.html,younger_table_statement,2026-02-24T02:56:37Z,YoungerArchive,https://web.archive.org/web/20190416193018/http://www.people.ku.edu/~jyounger/LinearA/HTtexts.html
youngerarchive,HT 8,a.3-4_stmt,QA I,https://web.archive.org/web/20190416193018/http://www.people.ku.edu/~jyounger/LinearA/HTtexts.html,younger_table_statement,2026-02-24T02:56:37Z,YoungerArchive,https://web.archive.org/web/20190416193018/http://www.people.ku.edu/~jyounger/LinearA/HTtexts.html
youngerarchive,HT 8,a.4_stmt,SI KI RA,https://web.archive.org/web/20190416193018/http://www.people.ku.edu/~jyounger/LinearA/HTtexts.html,younger_table_statement,2026-02-24T02:56:37Z,YoungerArchive,https://web.archive.org/web/20190416193018/http://www.people.ku.edu/~jyounger/LinearA/HTtexts.html
youngerarchive,HT 8,a.5_stmt,KI RE TA NA,https://web.archive.org/web/20190416193018/http://www.people.ku.edu/~jyounger/LinearA/HTtexts.html,younger_table_statement,2026-02-24T02:56:37Z,YoungerArchive,https://web.archive.org/web/20190416193018/http://www.people.ku.edu/~jyounger/LinearA/HTtexts.html
youngerarchive,HT 8,b.1_stmt,SU PU2,https://web.archive.org/web/20190416193018/http://www.people.ku.edu/~jyounger/LinearA/HTtexts.html,younger_table_statement,2026-02-24T02:56:37Z,YoungerArchive,https://web.archive.org/web/20190416193018/http://www.people.ku.edu/~jyounger/LinearA/HTtexts.html
youngerarchive,HT 8,b.3-4_stmt,QA I,https://web.archive.org/web/20190416193018/http://www.people.ku.edu/~jyounger/LinearA/HTtexts.html,younger_table_statement,2026-02-24T02:56:37Z,YoungerArchive,https://web.archive.org/web/20190416193018/http://www.people.ku.edu/~jyounger/LinearA/HTtexts.html
youngerarchive,HT 8,b.4_stmt,KA PA,https://web.archive.org/web/20190416193018/http://www.people.ku.edu/~jyounger/LinearA/HTtexts.html,younger_table_statement,2026-02-24T02:56:37Z,YoungerArchive,https://web.archive.org/web/20190416193018/http://www.people.ku.edu/~jyounger/LinearA/HTtexts.html
youngerarchive,HT 8,b.4_stmt,PA JA RE,https://web.archive.org/web/20190416193018/http://www.people.ku.edu/~jyounger/LinearA/HTtexts.html,younger_table_statement,2026-02-24T02:56:37Z,YoungerArchive,https://web.archive.org/web/20190416193018/http://www.people.ku.edu/~jyounger/LinearA/HTtexts.html
youngerarchive,HT 8,table2_row10_log,SU PU2,https://web.archive.org/web/20190416193018/http://www.people.ku.edu/~jyounger/LinearA/HTtexts.html,younger_table_logogram,2026-02-24T02:56:37Z,YoungerArchive,https://web.archive.org/web/20190416193018/http://www.people.ku.edu/~jyounger/LinearA/HTtexts.html
youngerarchive,HT 80,.1_stmt,]JU RA[,https://web.archive.org/web/20190416193018/http://www.people.ku.edu/~jyounger/LinearA/HTtexts.html,younger_table_statement,2026-02-24T02:56:37Z,YoungerArchive,https://web.archive.org/web/20190416193018/http://www.people.ku.edu/~jyounger/LinearA/HTtexts.html
sigla,HT 80,word_1,AB65 AB60,http://sigla.phis.me/document/HT%2080/index-word.html,sigla_word_seq_pattern,2026-02-24T02:56:37Z,SigLA,http://sigla.phis.me/document/HT%2080/index-word.html
youngerarchive,HT 81,.1_log,MI JA RU,https://web.archive.org/web/20190416193018/http://www.people.ku.edu/~jyounger/LinearA/HTtexts.html,younger_table_logogram,2026-02-24T02:56:37Z,YoungerArchive,https://web.archive.org/web/20190416193018/http://www.people.ku.edu/~jyounger/LinearA/HTtexts.html
youngerarchive,HT 81,.1_stmt,A SE,https://web.archive.org/web/20190416193018/http://www.people.ku.edu/~jyounger/LinearA/HTtexts.html,younger_table_statement,2026-02-24T02:56:37Z,YoungerArchive,https://web.archive.org/web/20190416193018/http://www.people.ku.edu/~jyounger/LinearA/HTtexts.html
youngerarchive,HT 81,.2_stmt,]RI SU MA,https://web.archive.org/web/20190416193018/http://www.people.ku.edu/~jyounger/LinearA/HTtexts.html,younger_table_statement,2026-02-24T02:56:37Z,YoungerArchive,https://web.archive.org/web/20190416193018/http://www.people.ku.edu/~jyounger/LinearA/HTtexts.html
sigla,HT 81,word_1,AB08 AB09,http://sigla.phis.me/document/HT%2081/index-word.html,sigla_word_seq_pattern,2026-02-24T02:56:37Z,SigLA,http://sigla.phis.me/document/HT%2081/index-word.html
sigla,HT 81,word_2,AB53 AB58 AB80,http://sigla.phis.me/document/HT%2081/index-word.html,sigla_word_seq_pattern,2026-02-24T02:56:37Z,SigLA,http://sigla.phis.me/document/HT%2081/index-word.html
sigla,HT 81,word_3,AB67,http://sigla.phis.me/document/HT%2081/index-word.html,sigla_word_seq_pattern,2026-02-24T02:56:37Z,SigLA,http://sigla.phis.me/document/HT%2081/index-word.html
youngerarchive,HT 82,a._log,GRA OVIS F,https://web.archive.org/web/20190416193018/http://www.people.ku.edu/~jyounger/LinearA/HTtexts.html,younger_table_logogram,2026-02-24T02:56:37Z,YoungerArchive,https://web.archive.org/web/20190416193018/http://www.people.ku.edu/~jyounger/LinearA/HTtexts.html
youngerarchive,HT 84,.1_stmt,QIF JA DU,https://web.archive.org/web/20190416193018/http://www.people.ku.edu/~jyounger/LinearA/HTtexts.html,younger_table_statement,2026-02-24T02:56:37Z,YoungerArchive,https://web.archive.org/web/20190416193018/http://www.people.ku.edu/~jyounger/LinearA/HTtexts.html
youngerarchive,HT 84,.2_log,VIR[,https://web.archive.org/web/20190416193018/http://www.people.ku.edu/~jyounger/LinearA/HTtexts.html,younger_table_logogram,2026-02-24T02:56:37Z,YoungerArchive,https://web.archive.org/web/20190416193018/http://www.people.ku.edu/~jyounger/LinearA/HTtexts.html
youngerarchive,HT 84,.2_stmt,]NU TI,https://web.archive.org/web/20190416193018/http://www.people.ku.edu/~jyounger/LinearA/HTtexts.html,younger_table_statement,2026-02-24T02:56:37Z,YoungerArchive,https://web.archive.org/web/20190416193018/http://www.people.ku.edu/~jyounger/LinearA/HTtexts.html
sigla,HT 84,word_1,AB21F AB57 AB51,http://sigla.phis.me/document/HT%2084/index-word.html,sigla_word_seq_pattern,2026-02-24T02:56:37Z,SigLA,http://sigla.phis.me/document/HT%2084/index-word.html
sigla,HT 84,word_3,AB55 AB37,http://sigla.phis.me/document/HT%2084/index-word.html,sigla_word_seq_pattern,2026-02-24T02:56:37Z,SigLA,http://sigla.phis.me/document/HT%2084/index-word.html
youngerarchive,HT 85,a.1_stmt,A DU,https://web.archive.org/web/20190416193018/http://www.people.ku.edu/~jyounger/LinearA/HTtexts.html,younger_table_statement,2026-02-24T02:56:37Z,YoungerArchive,https://web.archive.org/web/20190416193018/http://www.people.ku.edu/~jyounger/LinearA/HTtexts.html
youngerarchive,HT 85,a.2_stmt,DA RI DA,https://web.archive.org/web/20190416193018/http://www.people.ku.edu/~jyounger/LinearA/HTtexts.html,younger_table_statement,2026-02-24T02:56:37Z,YoungerArchive,https://web.archive.org/web/20190416193018/http://www.people.ku.edu/~jyounger/LinearA/HTtexts.html
youngerarchive,HT 85,a.2_stmt,PA3 NI,https://web.archive.org/web/20190416193018/http://www.people.ku.edu/~jyounger/LinearA/HTtexts.html,younger_table_statement,2026-02-24T02:56:37Z,YoungerArchive,https://web.archive.org/web/20190416193018/http://www.people.ku.edu/~jyounger/LinearA/HTtexts.html
youngerarchive,HT 85,a.3-4_stmt,DA SI,https://web.archive.org/web/20190416193018/http://www.people.ku.edu/~jyounger/LinearA/HTtexts.html,younger_table_statement,2026-02-24T02:56:37Z,YoungerArchive,https://web.archive.org/web/20190416193018/http://www.people.ku.edu/~jyounger/LinearA/HTtexts.html
youngerarchive,HT 85,a.3_stmt,U ZA,https://web.archive.org/web/20190416193018/http://www.people.ku.edu/~jyounger/LinearA/HTtexts.html,younger_table_statement,2026-02-24T02:56:37Z,YoungerArchive,https://web.archive.org/web/20190416193018/http://www.people.ku.edu/~jyounger/LinearA/HTtexts.html
youngerarchive,HT 85,a.4_stmt,KU ZU NI,https://web.archive.org/web/20190416193018/http://www.people.ku.edu/~jyounger/LinearA/HTtexts.html,younger_table_statement,2026-02-24T02:56:37Z,YoungerArchive,https://web.archive.org/web/20190416193018/http://www.people.ku.edu/~jyounger/LinearA/HTtexts.html
youngerarchive,HT 85,a.5_stmt,DA RE,https://web.archive.org/web/20190416193018/http://www.people.ku.edu/~jyounger/LinearA/HTtexts.html,younger_table_statement,2026-02-24T02:56:37Z,YoungerArchive,https://web.archive.org/web/20190416193018/http://www.people.ku.edu/~jyounger/LinearA/HTtexts.html
youngerarchive,HT 85,a.5_stmt,TE KE,https://web.archive.org/web/20190416193018/http://www.people.ku.edu/~jyounger/LinearA/HTtexts.html,younger_table_statement,2026-02-24T02:56:37Z,YoungerArchive,https://web.archive.org/web/20190416193018/http://www.people.ku.edu/~jyounger/LinearA/HTtexts.html
youngerarchive,HT 85,a.6_stmt,KU RO[,https://web.archive.org/web/20190416193018/http://www.people.ku.edu/~jyounger/LinearA/HTtexts.html,younger_table_statement,2026-02-24T02:56:37Z,YoungerArchive,https://web.archive.org/web/20190416193018/http://www.people.ku.edu/~jyounger/LinearA/HTtexts.html
youngerarchive,HT 85,b.1-2_stmt,KI RE TA2,https://web.archive.org/web/20190416193018/http://www.people.ku.edu/~jyounger/LinearA/HTtexts.html,younger_table_statement,2026-02-24T02:56:37Z,YoungerArchive,https://web.archive.org/web/20190416193018/http://www.people.ku.edu/~jyounger/LinearA/HTtexts.html
youngerarchive,HT 85,b.1_stmt,KI KI RA JA,https://web.archive.org/web/20190416193018/http://www.people.ku.edu/~jyounger/LinearA/HTtexts.html,younger_table_statement,2026-02-24T02:56:37Z,YoungerArchive,https://web.archive.org/web/20190416193018/http://www.people.ku.edu/~jyounger/LinearA/HTtexts.html
youngerarchive,HT 85,b.2-3_stmt,TE TU[,https://web.archive.org/web/20190416193018/http://www.people.ku.edu/~jyounger/LinearA/HTtexts.html,younger_table_statement,2026-02-24T02:56:37Z,YoungerArchive,https://web.archive.org/web/20190416193018/http://www.people.ku.edu/~jyounger/LinearA/HTtexts.html
youngerarchive,HT 85,b.2_stmt,QE KA,https://web.archive.org/web/20190416193018/http://www.people.ku.edu/~jyounger/LinearA/HTtexts.html,younger_table_statement,2026-02-24T02:56:37Z,YoungerArchive,https://web.archive.org/web/20190416193018/http://www.people.ku.edu/~jyounger/LinearA/HTtexts.html
youngerarchive,HT 85,b.3_stmt,ME ZA,https://web.archive.org/web/20190416193018/http://www.people.ku.edu/~jyounger/LinearA/HTtexts.html,younger_table_statement,2026-02-24T02:56:37Z,YoungerArchive,https://web.archive.org/web/20190416193018/http://www.people.ku.edu/~jyounger/LinearA/HTtexts.html
youngerarchive,HT 85,b.4-5_stmt,WA DU NI MI,https://web.archive.org/web/20190416193018/http://www.people.ku.edu/~jyounger/LinearA/HTtexts.html,younger_table_statement,2026-02-24T02:56:37Z,YoungerArchive,https://web.archive.org/web/20190416193018/http://www.people.ku.edu/~jyounger/LinearA/HTtexts.html
youngerarchive,HT 85,b.4_stmt,RE DI SE,https://web.archive.org/web/20190416193018/http://www.people.ku.edu/~jyounger/LinearA/HTtexts.html,younger_table_statement,2026-02-24T02:56:37Z,YoungerArchive,https://web.archive.org/web/20190416193018/http://www.people.ku.edu/~jyounger/LinearA/HTtexts.html
youngerarchive,HT 85,b.5-6_stmt,QA I,https://web.archive.org/web/20190416193018/http://www.people.ku.edu/~jyounger/LinearA/HTtexts.html,younger_table_statement,2026-02-24T02:56:37Z,YoungerArchive,https://web.archive.org/web/20190416193018/http://www.people.ku.edu/~jyounger/LinearA/HTtexts.html
youngerarchive,HT 85,b.5_stmt,MA DI,https://web.archive.org/web/20190416193018/http://www.people.ku.edu/~jyounger/LinearA/HTtexts.html,younger_table_statement,2026-02-24T02:56:37Z,YoungerArchive,https://web.archive.org/web/20190416193018/http://www.people.ku.edu/~jyounger/LinearA/HTtexts.html
sigla,HT 85A,word_1,AB08 AB51,http://sigla.phis.me/document/HT%2085a/index-word.html,sigla_word_seq_pattern,2026-02-24T02:56:37Z,SigLA,http://sigla.phis.me/document/HT%2085a/index-word.html
sigla,HT 85A,word_2,AB01 AB53 AB01,http://sigla.phis.me/document/HT%2085a/index-word.html,sigla_word_seq_pattern,2026-02-24T02:56:37Z,SigLA,http://sigla.phis.me/document/HT%2085a/index-word.html
sigla,HT 85A,word_3,AB56 AB30,http://sigla.phis.me/document/HT%2085a/index-word.html,sigla_word_seq_pattern,2026-02-24T02:56:37Z,SigLA,http://sigla.phis.me/document/HT%2085a/index-word.html
sigla,HT 85A,word_4,AB10 A325 AB17,http://sigla.phis.me/document/HT%2085a/index-word.html,sigla_word_seq_pattern,2026-02-24T02:56:37Z,SigLA,http://sigla.phis.me/document/HT%2085a/index-word.html
sigla,HT 85A,word_5,AB01 AB41 AB118,http://sigla.phis.me/document/HT%2085a/index-word.html,sigla_word_seq_pattern,2026-02-24T02:56:37Z,SigLA,http://sigla.phis.me/document/HT%2085a/index-word.html
sigla,HT 85A,word_6,AB81 AB79 AB30,http://sigla.phis.me/document/HT%2085a/index-word.html,sigla_word_seq_pattern,2026-02-24T02:56:37Z,SigLA,http://sigla.phis.me/document/HT%2085a/index-word.html
sigla,HT 85A,word_7,AB04 AB44,http://sigla.phis.me/document/HT%2085a/index-word.html,sigla_word_seq_pattern,2026-02-24T02:56:37Z,SigLA,http://sigla.phis.me/document/HT%2085a/index-word.html
sigla,HT 85A,word_8,AB01 AB27,http://sigla.phis.me/document/HT%2085a/index-word.html,sigla_word_seq_pattern,2026-02-24T02:56:37Z,SigLA,http://sigla.phis.me/document/HT%2085a/index-word.html
sigla,HT 85A,word_9,AB81 AB02,http://sigla.phis.me/document/HT%2085a/index-word.html,sigla_word_seq_pattern,2026-02-24T02:56:37Z,SigLA,http://sigla.phis.me/document/HT%2085a/index-word.html
sigla,HT 85B,word_1,AB67 AB67 AB60 AB57,http://sigla.phis.me/document/HT%2085b/index-word.html,sigla_word_seq_pattern,2026-02-24T02:56:37Z,SigLA,http://sigla.phis.me/document/HT%2085b/index-word.html
sigla,HT 85B,word_2,AB67 AB27 AB66,http://sigla.phis.me/document/HT%2085b/index-word.html,sigla_word_seq_pattern,2026-02-24T02:56:37Z,SigLA,http://sigla.phis.me/document/HT%2085b/index-word.html
sigla,HT 85B,word_3,AB78 AB77,http://sigla.phis.me/document/HT%2085b/index-word.html,sigla_word_seq_pattern,2026-02-24T02:56:37Z,SigLA,http://sigla.phis.me/document/HT%2085b/index-word.html
sigla,HT 85B,word_4,AB04 AB69 [?],http://sigla.phis.me/document/HT%2085b/index-word.html,sigla_word_seq_pattern,2026-02-24T02:56:37Z,SigLA,http://sigla.phis.me/document/HT%2085b/index-word.html
sigla,HT 85B,word_5,AB13 AB17,http://sigla.phis.me/document/HT%2085b/index-word.html,sigla_word_seq_pattern,2026-02-24T02:56:37Z,SigLA,http://sigla.phis.me/document/HT%2085b/index-word.html
sigla,HT 85B,word_6,AB27 AB07 AB09,http://sigla.phis.me/document/HT%2085b/index-word.html,sigla_word_seq_pattern,2026-02-24T02:56:37Z,SigLA,http://sigla.phis.me/document/HT%2085b/index-word.html
sigla,HT 85B,word_7,AB54 AB51 AB30 AB73,http://sigla.phis.me/document/HT%2085b/index-word.html,sigla_word_seq_pattern,2026-02-24T02:56:37Z,SigLA,http://sigla.phis.me/document/HT%2085b/index-word.html
sigla,HT 85B,word_8,AB80 AB07,http://sigla.phis.me/document/HT%2085b/index-word.html,sigla_word_seq_pattern,2026-02-24T02:56:37Z,SigLA,http://sigla.phis.me/document/HT%2085b/index-word.html
sigla,HT 85B,word_9,AB16 A310 AB28,http://sigla.phis.me/document/HT%2085b/index-word.html,sigla_word_seq_pattern,2026-02-24T02:56:37Z,SigLA,http://sigla.phis.me/document/HT%2085b/index-word.html
youngerarchive,HT 86,a.1-2_log,GRA K L2,https://web.archive.org/web/20190416193018/http://www.people.ku.edu/~jyounger/LinearA/HTtexts.html,younger_table_logogram,2026-02-24T02:56:37Z,YoungerArchive,https://web.archive.org/web/20190416193018/http://www.people.ku.edu/~jyounger/LinearA/HTtexts.html
youngerarchive,HT 86,a.1-2_stmt,KU NI SU,https://web.archive.org/web/20190416193018/http://www.people.ku.edu/~jyounger/LinearA/HTtexts.html,younger_table_statement,2026-02-24T02:56:37Z,YoungerArchive,https://web.archive.org/web/20190416193018/http://www.people.ku.edu/~jyounger/LinearA/HTtexts.html
youngerarchive,HT 86,a.1_stmt,A KA RU,https://web.archive.org/web/20190416193018/http://www.people.ku.edu/~jyounger/LinearA/HTtexts.html,younger_table_statement,2026-02-24T02:56:37Z,YoungerArchive,https://web.archive.org/web/20190416193018/http://www.people.ku.edu/~jyounger/LinearA/HTtexts.html
youngerarchive,HT 86,a.2_stmt,SA RU,https://web.archive.org/web/20190416193018/http://www.people.ku.edu/~jyounger/LinearA/HTtexts.html,younger_table_statement,2026-02-24T02:56:37Z,YoungerArchive,https://web.archive.org/web/20190416193018/http://www.people.ku.edu/~jyounger/LinearA/HTtexts.html
youngerarchive,HT 86,a.3_stmt,DI DE RU,https://web.archive.org/web/20190416193018/http://www.people.ku.edu/~jyounger/LinearA/HTtexts.html,younger_table_statement,2026-02-24T02:56:37Z,YoungerArchive,https://web.archive.org/web/20190416193018/http://www.people.ku.edu/~jyounger/LinearA/HTtexts.html
youngerarchive,HT 86,a.3_stmt,QA RA2 WA,https://web.archive.org/web/20190416193018/http://www.people.ku.edu/~jyounger/LinearA/HTtexts.html,younger_table_statement,2026-02-24T02:56:37Z,YoungerArchive,https://web.archive.org/web/20190416193018/http://www.people.ku.edu/~jyounger/LinearA/HTtexts.html
youngerarchive,HT 86,a.4_log,GRA B,https://web.archive.org/web/20190416193018/http://www.people.ku.edu/~jyounger/LinearA/HTtexts.html,younger_table_logogram,2026-02-24T02:56:37Z,YoungerArchive,https://web.archive.org/web/20190416193018/http://www.people.ku.edu/~jyounger/LinearA/HTtexts.html
youngerarchive,HT 86,a.4_stmt,A DU,https://web.archive.org/web/20190416193018/http://www.people.ku.edu/~jyounger/LinearA/HTtexts.html,younger_table_statement,2026-02-24T02:56:37Z,YoungerArchive,https://web.archive.org/web/20190416193018/http://www.people.ku.edu/~jyounger/LinearA/HTtexts.html
youngerarchive,HT 86,a.4_stmt,DA ME,https://web.archive.org/web/20190416193018/http://www.people.ku.edu/~jyounger/LinearA/HTtexts.html,younger_table_statement,2026-02-24T02:56:37Z,YoungerArchive,https://web.archive.org/web/20190416193018/http://www.people.ku.edu/~jyounger/LinearA/HTtexts.html
youngerarchive,HT 86,a.5_stmt,MI NU TE,https://web.archive.org/web/20190416193018/http://www.people.ku.edu/~jyounger/LinearA/HTtexts.html,younger_table_statement,2026-02-24T02:56:37Z,YoungerArchive,https://web.archive.org/web/20190416193018/http://www.people.ku.edu/~jyounger/LinearA/HTtexts.html
youngerarchive,HT 86,b.1-2_log,GRA K L2,https://web.archive.org/web/20190416193018/http://www.people.ku.edu/~jyounger/LinearA/HTtexts.html,younger_table_logogram,2026-02-24T02:56:37Z,YoungerArchive,https://web.archive.org/web/20190416193018/http://www.people.ku.edu/~jyounger/LinearA/HTtexts.html
youngerarchive,HT 86,b.1-2_stmt,[[KU NI SU,https://web.archive.org/web/20190416193018/http://www.people.ku.edu/~jyounger/LinearA/HTtexts.html,younger_table_statement,2026-02-24T02:56:37Z,YoungerArchive,https://web.archive.org/web/20190416193018/http://www.people.ku.edu/~jyounger/LinearA/HTtexts.html
youngerarchive,HT 86,b.1_stmt,[[A KA RU,https://web.archive.org/web/20190416193018/http://www.people.ku.edu/~jyounger/LinearA/HTtexts.html,younger_table_statement,2026-02-24T02:56:37Z,YoungerArchive,https://web.archive.org/web/20190416193018/http://www.people.ku.edu/~jyounger/LinearA/HTtexts.html
youngerarchive,HT 86,b.2_stmt,[[SA RU,https://web.archive.org/web/20190416193018/http://www.people.ku.edu/~jyounger/LinearA/HTtexts.html,younger_table_statement,2026-02-24T02:56:37Z,YoungerArchive,https://web.archive.org/web/20190416193018/http://www.people.ku.edu/~jyounger/LinearA/HTtexts.html
youngerarchive,HT 86,b.3_stmt,[[DI DE]],https://web.archive.org/web/20190416193018/http://www.people.ku.edu/~jyounger/LinearA/HTtexts.html,younger_table_statement,2026-02-24T02:56:37Z,YoungerArchive,https://web.archive.org/web/20190416193018/http://www.people.ku.edu/~jyounger/LinearA/HTtexts.html
sigla,HT 86A,word_1,AB08 AB77 AB26,http://sigla.phis.me/document/HT%2086a/index-word.html,sigla_word_seq_pattern,2026-02-24T02:56:37Z,SigLA,http://sigla.phis.me/document/HT%2086a/index-word.html
sigla,HT 86A,word_2,AB81 AB30 AB58,http://sigla.phis.me/document/HT%2086a/index-word.html,sigla_word_seq_pattern,2026-02-24T02:56:37Z,SigLA,http://sigla.phis.me/document/HT%2086a/index-word.html
sigla,HT 86A,word_3,AB31 AB26,http://sigla.phis.me/document/HT%2086a/index-word.html,sigla_word_seq_pattern,2026-02-24T02:56:37Z,SigLA,http://sigla.phis.me/document/HT%2086a/index-word.html
sigla,HT 86A,word_4,AB07 AB45 AB26,http://sigla.phis.me/document/HT%2086a/index-word.html,sigla_word_seq_pattern,2026-02-24T02:56:37Z,SigLA,http://sigla.phis.me/document/HT%2086a/index-word.html
sigla,HT 86A,word_5,AB16 AB76 AB54,http://sigla.phis.me/document/HT%2086a/index-word.html,sigla_word_seq_pattern,2026-02-24T02:56:37Z,SigLA,http://sigla.phis.me/document/HT%2086a/index-word.html
sigla,HT 86A,word_6,AB08 AB51,http://sigla.phis.me/document/HT%2086a/index-word.html,sigla_word_seq_pattern,2026-02-24T02:56:37Z,SigLA,http://sigla.phis.me/document/HT%2086a/index-word.html
sigla,HT 86A,word_7,AB01 AB13,http://sigla.phis.me/document/HT%2086a/index-word.html,sigla_word_seq_pattern,2026-02-24T02:56:37Z,SigLA,http://sigla.phis.me/document/HT%2086a/index-word.html
sigla,HT 86A,word_8,AB73 AB55 AB04,http://sigla.phis.me/document/HT%2086a/index-word.html,sigla_word_seq_pattern,2026-02-24T02:56:37Z,SigLA,http://sigla.phis.me/document/HT%2086a/index-word.html
sigla,HT 86B,word_1,AB08 AB77 AB26,http://sigla.phis.me/document/HT%2086b/index-word.html,sigla_word_seq_pattern,2026-02-24T02:56:37Z,SigLA,http://sigla.phis.me/document/HT%2086b/index-word.html
sigla,HT 86B,word_2,AB81 AB30 AB58,http://sigla.phis.me/document/HT%2086b/index-word.html,sigla_word_seq_pattern,2026-02-24T02:56:37Z,SigLA,http://sigla.phis.me/document/HT%2086b/index-word.html
sigla,HT 86B,word_3,AB31 AB26,http://sigla.phis.me/document/HT%2086b/index-word.html,sigla_word_seq_pattern,2026-02-24T02:56:37Z,SigLA,http://sigla.phis.me/document/HT%2086b/index-word.html
sigla,HT 86B,word_4,AB07 AB45,http://sigla.phis.me/document/HT%2086b/index-word.html,sigla_word_seq_pattern,2026-02-24T02:56:37Z,SigLA,http://sigla.phis.me/document/HT%2086b/index-word.html
youngerarchive,HT 87,.1-2_stmt,QIF TU NE MA KA RI TE,https://web.archive.org/web/20190416193018/http://www.people.ku.edu/~jyounger/LinearA/HTtexts.html,younger_table_statement,2026-02-24T02:56:37Z,YoungerArchive,https://web.archive.org/web/20190416193018/http://www.people.ku.edu/~jyounger/LinearA/HTtexts.html
youngerarchive,HT 87,.2_stmt,PI TA KE SI,https://web.archive.org/web/20190416193018/http://www.people.ku.edu/~jyounger/LinearA/HTtexts.html,younger_table_statement,2026-02-24T02:56:37Z,YoungerArchive,https://web.archive.org/web/20190416193018/http://www.people.ku.edu/~jyounger/LinearA/HTtexts.html
youngerarchive,HT 87,.3_stmt,DI KI SE,https://web.archive.org/web/20190416193018/http://www.people.ku.edu/~jyounger/LinearA/HTtexts.html,younger_table_statement,2026-02-24T02:56:37Z,YoungerArchive,https://web.archive.org/web/20190416193018/http://www.people.ku.edu/~jyounger/LinearA/HTtexts.html
youngerarchive,HT 87,.3_stmt,JA RE MI,https://web.archive.org/web/20190416193018/http://www.people.ku.edu/~jyounger/LinearA/HTtexts.html,younger_table_statement,2026-02-24T02:56:37Z,YoungerArchive,https://web.archive.org/web/20190416193018/http://www.people.ku.edu/~jyounger/LinearA/HTtexts.html
youngerarchive,HT 87,.4_stmt,KU RU KU,https://web.archive.org/web/20190416193018/http://www.people.ku.edu/~jyounger/LinearA/HTtexts.html,younger_table_statement,2026-02-24T02:56:37Z,YoungerArchive,https://web.archive.org/web/20190416193018/http://www.people.ku.edu/~jyounger/LinearA/HTtexts.html
youngerarchive,HT 87,.4_stmt,QE SU PU,https://web.archive.org/web/20190416193018/http://www.people.ku.edu/~jyounger/LinearA/HTtexts.html,younger_table_statement,2026-02-24T02:56:37Z,YoungerArchive,https://web.archive.org/web/20190416193018/http://www.people.ku.edu/~jyounger/LinearA/HTtexts.html
youngerarchive,HT 87,.5_stmt,A RA A TU,https://web.archive.org/web/20190416193018/http://www.people.ku.edu/~jyounger/LinearA/HTtexts.html,younger_table_statement,2026-02-24T02:56:37Z,YoungerArchive,https://web.archive.org/web/20190416193018/http://www.people.ku.edu/~jyounger/LinearA/HTtexts.html
sigla,HT 87,word_1,AB21F AB69 AB24,http://sigla.phis.me/document/HT%2087/index-word.html,sigla_word_seq_pattern,2026-02-24T02:56:37Z,SigLA,http://sigla.phis.me/document/HT%2087/index-word.html
sigla,HT 87,word_2,AB80 AB77 AB53 AB04,http://sigla.phis.me/document/HT%2087/index-word.html,sigla_word_seq_pattern,2026-02-24T02:56:37Z,SigLA,http://sigla.phis.me/document/HT%2087/index-word.html
sigla,HT 87,word_3,AB39 AB59 AB44 AB41,http://sigla.phis.me/document/HT%2087/index-word.html,sigla_word_seq_pattern,2026-02-24T02:56:37Z,SigLA,http://sigla.phis.me/document/HT%2087/index-word.html
sigla,HT 87,word_4,AB57 AB27 AB73,http://sigla.phis.me/document/HT%2087/index-word.html,sigla_word_seq_pattern,2026-02-24T02:56:37Z,SigLA,http://sigla.phis.me/document/HT%2087/index-word.html
sigla,HT 87,word_5,AB07 AB67 AB09,http://sigla.phis.me/document/HT%2087/index-word.html,sigla_word_seq_pattern,2026-02-24T02:56:37Z,SigLA,http://sigla.phis.me/document/HT%2087/index-word.html
sigla,HT 87,word_6,AB78 AB58 AB50,http://sigla.phis.me/document/HT%2087/index-word.html,sigla_word_seq_pattern,2026-02-24T02:56:37Z,SigLA,http://sigla.phis.me/document/HT%2087/index-word.html
sigla,HT 87,word_7,AB81 AB26 AB81,http://sigla.phis.me/document/HT%2087/index-word.html,sigla_word_seq_pattern,2026-02-24T02:56:37Z,SigLA,http://sigla.phis.me/document/HT%2087/index-word.html
sigla,HT 87,word_8,AB08 AB60 [?] AB08 AB69,http://sigla.phis.me/document/HT%2087/index-word.html,sigla_word_seq_pattern,2026-02-24T02:56:37Z,SigLA,http://sigla.phis.me/document/HT%2087/index-word.html
youngerarchive,HT 88,.1-2_stmt,RE ZA,https://web.archive.org/web/20190416193018/http://www.people.ku.edu/~jyounger/LinearA/HTtexts.html,younger_table_statement,2026-02-24T02:56:37Z,YoungerArchive,https://web.archive.org/web/20190416193018/http://www.people.ku.edu/~jyounger/LinearA/HTtexts.html
youngerarchive,HT 88,.1_log,VIR KA,https://web.archive.org/web/20190416193018/http://www.people.ku.edu/~jyounger/LinearA/HTtexts.html,younger_table_logogram,2026-02-24T02:56:37Z,YoungerArchive,https://web.archive.org/web/20190416193018/http://www.people.ku.edu/~jyounger/LinearA/HTtexts.html
youngerarchive,HT 88,.1_stmt,A DU,https://web.archive.org/web/20190416193018/http://www.people.ku.edu/~jyounger/LinearA/HTtexts.html,younger_table_statement,2026-02-24T02:56:37Z,YoungerArchive,https://web.archive.org/web/20190416193018/http://www.people.ku.edu/~jyounger/LinearA/HTtexts.html
youngerarchive,HT 88,.2_log,FIC KI KI NA,https://web.archive.org/web/20190416193018/http://www.people.ku.edu/~jyounger/LinearA/HTtexts.html,younger_table_logogram,2026-02-24T02:56:37Z,YoungerArchive,https://web.archive.org/web/20190416193018/http://www.people.ku.edu/~jyounger/LinearA/HTtexts.html
youngerarchive,HT 88,.4_stmt,KA JU,https://web.archive.org/web/20190416193018/http://www.people.ku.edu/~jyounger/LinearA/HTtexts.html,younger_table_statement,2026-02-24T02:56:37Z,YoungerArchive,https://web.archive.org/web/20190416193018/http://www.people.ku.edu/~jyounger/LinearA/HTtexts.html
youngerarchive,HT 88,.4_stmt,KI RO,https://web.archive.org/web/20190416193018/http://www.people.ku.edu/~jyounger/LinearA/HTtexts.html,younger_table_statement,2026-02-24T02:56:37Z,YoungerArchive,https://web.archive.org/web/20190416193018/http://www.people.ku.edu/~jyounger/LinearA/HTtexts.html
youngerarchive,HT 88,.4_stmt,KU PA3 PA3,https://web.archive.org/web/20190416193018/http://www.people.ku.edu/~jyounger/LinearA/HTtexts.html,younger_table_statement,2026-02-24T02:56:37Z,YoungerArchive,https://web.archive.org/web/20190416193018/http://www.people.ku.edu/~jyounger/LinearA/HTtexts.html
youngerarchive,HT 88,.5-6_stmt,SA MA RO,https://web.archive.org/web/20190416193018/http://www.people.ku.edu/~jyounger/LinearA/HTtexts.html,younger_table_statement,2026-02-24T02:56:37Z,YoungerArchive,https://web.archive.org/web/20190416193018/http://www.people.ku.edu/~jyounger/LinearA/HTtexts.html
youngerarchive,HT 88,.5_stmt,KU PA3 NU,https://web.archive.org/web/20190416193018/http://www.people.ku.edu/~jyounger/LinearA/HTtexts.html,younger_table_statement,2026-02-24T02:56:37Z,YoungerArchive,https://web.archive.org/web/20190416193018/http://www.people.ku.edu/~jyounger/LinearA/HTtexts.html
youngerarchive,HT 88,.5_stmt,PA JA RE,https://web.archive.org/web/20190416193018/http://www.people.ku.edu/~jyounger/LinearA/HTtexts.html,younger_table_statement,2026-02-24T02:56:37Z,YoungerArchive,https://web.archive.org/web/20190416193018/http://www.people.ku.edu/~jyounger/LinearA/HTtexts.html
youngerarchive,HT 88,.6_stmt,DA TA RE,https://web.archive.org/web/20190416193018/http://www.people.ku.edu/~jyounger/LinearA/HTtexts.html,younger_table_statement,2026-02-24T02:56:37Z,YoungerArchive,https://web.archive.org/web/20190416193018/http://www.people.ku.edu/~jyounger/LinearA/HTtexts.html
youngerarchive,HT 88,.6_stmt,KU RO,https://web.archive.org/web/20190416193018/http://www.people.ku.edu/~jyounger/LinearA/HTtexts.html,younger_table_statement,2026-02-24T02:56:37Z,YoungerArchive,https://web.archive.org/web/20190416193018/http://www.people.ku.edu/~jyounger/LinearA/HTtexts.html
sigla,HT 88,word_1,AB08 AB51,http://sigla.phis.me/document/HT%2088/index-word.html,sigla_word_seq_pattern,2026-02-24T02:56:37Z,SigLA,http://sigla.phis.me/document/HT%2088/index-word.html
sigla,HT 88,word_10,AB01 AB59 AB27,http://sigla.phis.me/document/HT%2088/index-word.html,sigla_word_seq_pattern,2026-02-24T02:56:37Z,SigLA,http://sigla.phis.me/document/HT%2088/index-word.html
sigla,HT 88,word_11,AB81 AB02,http://sigla.phis.me/document/HT%2088/index-word.html,sigla_word_seq_pattern,2026-02-24T02:56:37Z,SigLA,http://sigla.phis.me/document/HT%2088/index-word.html
sigla,HT 88,word_2,AB27 AB17,http://sigla.phis.me/document/HT%2088/index-word.html,sigla_word_seq_pattern,2026-02-24T02:56:37Z,SigLA,http://sigla.phis.me/document/HT%2088/index-word.html
sigla,HT 88,word_3,AB67 AB67 AB06,http://sigla.phis.me/document/HT%2088/index-word.html,sigla_word_seq_pattern,2026-02-24T02:56:37Z,SigLA,http://sigla.phis.me/document/HT%2088/index-word.html
sigla,HT 88,word_4,AB67 AB02,http://sigla.phis.me/document/HT%2088/index-word.html,sigla_word_seq_pattern,2026-02-24T02:56:37Z,SigLA,http://sigla.phis.me/document/HT%2088/index-word.html
sigla,HT 88,word_5,AB81 AB56 AB56,http://sigla.phis.me/document/HT%2088/index-word.html,sigla_word_seq_pattern,2026-02-24T02:56:37Z,SigLA,http://sigla.phis.me/document/HT%2088/index-word.html
sigla,HT 88,word_6,AB77 AB65,http://sigla.phis.me/document/HT%2088/index-word.html,sigla_word_seq_pattern,2026-02-24T02:56:37Z,SigLA,http://sigla.phis.me/document/HT%2088/index-word.html
sigla,HT 88,word_7,AB81 AB56 AB55,http://sigla.phis.me/document/HT%2088/index-word.html,sigla_word_seq_pattern,2026-02-24T02:56:37Z,SigLA,http://sigla.phis.me/document/HT%2088/index-word.html
sigla,HT 88,word_8,AB03 AB57 AB27,http://sigla.phis.me/document/HT%2088/index-word.html,sigla_word_seq_pattern,2026-02-24T02:56:37Z,SigLA,http://sigla.phis.me/document/HT%2088/index-word.html
sigla,HT 88,word_9,AB31 AB80 AB02,http://sigla.phis.me/document/HT%2088/index-word.html,sigla_word_seq_pattern,2026-02-24T02:56:37Z,SigLA,http://sigla.phis.me/document/HT%2088/index-word.html
youngerarchive,HT 89,*307 *305 23_log,CA 10TH UNIT TO EACH,https://web.archive.org/web/20190416193018/http://www.people.ku.edu/~jyounger/LinearA/HTtexts.html,younger_table_logogram,2026-02-24T02:56:37Z,YoungerArchive,https://web.archive.org/web/20190416193018/http://www.people.ku.edu/~jyounger/LinearA/HTtexts.html
youngerarchive,HT 89,*307 *305_stmt,JU QE,https://web.archive.org/web/20190416193018/http://www.people.ku.edu/~jyounger/LinearA/HTtexts.html,younger_table_statement,2026-02-24T02:56:37Z,YoungerArchive,https://web.archive.org/web/20190416193018/http://www.people.ku.edu/~jyounger/LinearA/HTtexts.html
youngerarchive,HT 89,.1_stmt,A SA RA2,https://web.archive.org/web/20190416193018/http://www.people.ku.edu/~jyounger/LinearA/HTtexts.html,younger_table_statement,2026-02-24T02:56:37Z,YoungerArchive,https://web.archive.org/web/20190416193018/http://www.people.ku.edu/~jyounger/LinearA/HTtexts.html
youngerarchive,HT 89,.2_log,JU QE,https://web.archive.org/web/20190416193018/http://www.people.ku.edu/~jyounger/LinearA/HTtexts.html,younger_table_logogram,2026-02-24T02:56:37Z,YoungerArchive,https://web.archive.org/web/20190416193018/http://www.people.ku.edu/~jyounger/LinearA/HTtexts.html
youngerarchive,HT 89,.2_stmt,MA I MI,https://web.archive.org/web/20190416193018/http://www.people.ku.edu/~jyounger/LinearA/HTtexts.html,younger_table_statement,2026-02-24T02:56:37Z,YoungerArchive,https://web.archive.org/web/20190416193018/http://www.people.ku.edu/~jyounger/LinearA/HTtexts.html
youngerarchive,HT 89,.3_log,VIR *313A,https://web.archive.org/web/20190416193018/http://www.people.ku.edu/~jyounger/LinearA/HTtexts.html,younger_table_logogram,2026-02-24T02:56:37Z,YoungerArchive,https://web.archive.org/web/20190416193018/http://www.people.ku.edu/~jyounger/LinearA/HTtexts.html
youngerarchive,HT 89,.3_stmt,TA RA,https://web.archive.org/web/20190416193018/http://www.people.ku.edu/~jyounger/LinearA/HTtexts.html,younger_table_statement,2026-02-24T02:56:37Z,YoungerArchive,https://web.archive.org/web/20190416193018/http://www.people.ku.edu/~jyounger/LinearA/HTtexts.html
youngerarchive,HT 89,.4_stmt,KU RO,https://web.archive.org/web/20190416193018/http://www.people.ku.edu/~jyounger/LinearA/HTtexts.html,younger_table_statement,2026-02-24T02:56:37Z,YoungerArchive,https://web.archive.org/web/20190416193018/http://www.people.ku.edu/~jyounger/LinearA/HTtexts.html
youngerarchive,HT 89,.5_log,FIC,https://web.archive.org/web/20190416193018/http://www.people.ku.edu/~jyounger/LinearA/HTtexts.html,younger_table_logogram,2026-02-24T02:56:37Z,YoungerArchive,https://web.archive.org/web/20190416193018/http://www.people.ku.edu/~jyounger/LinearA/HTtexts.html
youngerarchive,HT 89,.5_log,VINA,https://web.archive.org/web/20190416193018/http://www.people.ku.edu/~jyounger/LinearA/HTtexts.html,younger_table_logogram,2026-02-24T02:56:37Z,YoungerArchive,https://web.archive.org/web/20190416193018/http://www.people.ku.edu/~jyounger/LinearA/HTtexts.html
youngerarchive,HT 89,Asara2 23_stmt,ASARA2,https://web.archive.org/web/20190416193018/http://www.people.ku.edu/~jyounger/LinearA/HTtexts.html,younger_table_statement,2026-02-24T02:56:37Z,YoungerArchive,https://web.archive.org/web/20190416193018/http://www.people.ku.edu/~jyounger/LinearA/HTtexts.html
youngerarchive,HT 89,JU+*317-QE 46_log,CA 20TH UNIT FIGS TO EACH CF HT WHERE THE RATIO FIC VIR KA IS TIMES THIS AMOUNT IF JU QE ARE PEOPLE MIGHT THEY BE CHILDREN?,https://web.archive.org/web/20190416193018/http://www.people.ku.edu/~jyounger/LinearA/HTtexts.html,younger_table_logogram,2026-02-24T02:56:37Z,YoungerArchive,https://web.archive.org/web/20190416193018/http://www.people.ku.edu/~jyounger/LinearA/HTtexts.html
youngerarchive,HT 89,JU+*317-QE 46_stmt,FIC E,https://web.archive.org/web/20190416193018/http://www.people.ku.edu/~jyounger/LinearA/HTtexts.html,younger_table_statement,2026-02-24T02:56:37Z,YoungerArchive,https://web.archive.org/web/20190416193018/http://www.people.ku.edu/~jyounger/LinearA/HTtexts.html
youngerarchive,HT 89,VIR+*313 18_log,3RD UNIT WINE TO EACH,https://web.archive.org/web/20190416193018/http://www.people.ku.edu/~jyounger/LinearA/HTtexts.html,younger_table_logogram,2026-02-24T02:56:37Z,YoungerArchive,https://web.archive.org/web/20190416193018/http://www.people.ku.edu/~jyounger/LinearA/HTtexts.html
youngerarchive,HT 89,table2_row3_log,MAIMI,https://web.archive.org/web/20190416193018/http://www.people.ku.edu/~jyounger/LinearA/HTtexts.html,younger_table_logogram,2026-02-24T02:56:37Z,YoungerArchive,https://web.archive.org/web/20190416193018/http://www.people.ku.edu/~jyounger/LinearA/HTtexts.html
youngerarchive,HT 89,table2_row3_stmt,MAIMI,https://web.archive.org/web/20190416193018/http://www.people.ku.edu/~jyounger/LinearA/HTtexts.html,younger_table_statement,2026-02-24T02:56:37Z,YoungerArchive,https://web.archive.org/web/20190416193018/http://www.people.ku.edu/~jyounger/LinearA/HTtexts.html
youngerarchive,HT 89,table2_row4_log,TARA,https://web.archive.org/web/20190416193018/http://www.people.ku.edu/~jyounger/LinearA/HTtexts.html,younger_table_logogram,2026-02-24T02:56:37Z,YoungerArchive,https://web.archive.org/web/20190416193018/http://www.people.ku.edu/~jyounger/LinearA/HTtexts.html
sigla,HT 89,word_1,AB08 AB31 AB76,http://sigla.phis.me/document/HT%2089/index-word.html,sigla_word_seq_pattern,2026-02-24T02:56:37Z,SigLA,http://sigla.phis.me/document/HT%2089/index-word.html
sigla,HT 89,word_2,AB80 AB28 AB73,http://sigla.phis.me/document/HT%2089/index-word.html,sigla_word_seq_pattern,2026-02-24T02:56:37Z,SigLA,http://sigla.phis.me/document/HT%2089/index-word.html
sigla,HT 89,word_3,AB59 AB60,http://sigla.phis.me/document/HT%2089/index-word.html,sigla_word_seq_pattern,2026-02-24T02:56:37Z,SigLA,http://sigla.phis.me/document/HT%2089/index-word.html
sigla,HT 89,word_4,AB81 AB02,http://sigla.phis.me/document/HT%2089/index-word.html,sigla_word_seq_pattern,2026-02-24T02:56:37Z,SigLA,http://sigla.phis.me/document/HT%2089/index-word.html
sigla,HT 89,word_5,AB131A,http://sigla.phis.me/document/HT%2089/index-word.html,sigla_word_seq_pattern,2026-02-24T02:56:37Z,SigLA,http://sigla.phis.me/document/HT%2089/index-word.html
sigla,HT 8A,word_1,AB46 AB07,http://sigla.phis.me/document/HT%208a/index-word.html,sigla_word_seq_pattern,2026-02-24T02:56:37Z,SigLA,http://sigla.phis.me/document/HT%208a/index-word.html
sigla,HT 8A,word_2,AB56 AB77 AB60 AB37,http://sigla.phis.me/document/HT%208a/index-word.html,sigla_word_seq_pattern,2026-02-24T02:56:37Z,SigLA,http://sigla.phis.me/document/HT%208a/index-word.html
sigla,HT 8A,word_3,AB04 A301,http://sigla.phis.me/document/HT%208a/index-word.html,sigla_word_seq_pattern,2026-02-24T02:56:37Z,SigLA,http://sigla.phis.me/document/HT%208a/index-word.html
sigla,HT 8A,word_4,AB16 A310 AB28,http://sigla.phis.me/document/HT%208a/index-word.html,sigla_word_seq_pattern,2026-02-24T02:56:37Z,SigLA,http://sigla.phis.me/document/HT%208a/index-word.html
sigla,HT 8A,word_5,AB41 AB67 AB60,http://sigla.phis.me/document/HT%208a/index-word.html,sigla_word_seq_pattern,2026-02-24T02:56:37Z,SigLA,http://sigla.phis.me/document/HT%208a/index-word.html
sigla,HT 8A,word_6,AB67 AB27 AB59 AB06,http://sigla.phis.me/document/HT%208a/index-word.html,sigla_word_seq_pattern,2026-02-24T02:56:37Z,SigLA,http://sigla.phis.me/document/HT%208a/index-word.html
sigla,HT 8B,word_1,AB58 AB29 AB188,http://sigla.phis.me/document/HT%208b/index-word.html,sigla_word_seq_pattern,2026-02-24T02:56:37Z,SigLA,http://sigla.phis.me/document/HT%208b/index-word.html
sigla,HT 8B,word_2,AB56 AB188,http://sigla.phis.me/document/HT%208b/index-word.html,sigla_word_seq_pattern,2026-02-24T02:56:37Z,SigLA,http://sigla.phis.me/document/HT%208b/index-word.html
sigla,HT 8B,word_3,AB16 A310 AB28,http://sigla.phis.me/document/HT%208b/index-word.html,sigla_word_seq_pattern,2026-02-24T02:56:37Z,SigLA,http://sigla.phis.me/document/HT%208b/index-word.html
sigla,HT 8B,word_4,AB77 AB03,http://sigla.phis.me/document/HT%208b/index-word.html,sigla_word_seq_pattern,2026-02-24T02:56:37Z,SigLA,http://sigla.phis.me/document/HT%208b/index-word.html
sigla,HT 8B,word_5,AB03 AB57 AB27,http://sigla.phis.me/document/HT%208b/index-word.html,sigla_word_seq_pattern,2026-02-24T02:56:37Z,SigLA,http://sigla.phis.me/document/HT%208b/index-word.html
youngerarchive,HT 9,a.1_log,TE VINA,https://web.archive.org/web/20190416193018/http://www.people.ku.edu/~jyounger/LinearA/HTtexts.html,younger_table_logogram,2026-02-24T02:56:37Z,YoungerArchive,https://web.archive.org/web/20190416193018/http://www.people.ku.edu/~jyounger/LinearA/HTtexts.html
youngerarchive,HT 9,a.1_stmt,SA RO,https://web.archive.org/web/20190416193018/http://www.people.ku.edu/~jyounger/LinearA/HTtexts.html,younger_table_statement,2026-02-24T02:56:37Z,YoungerArchive,https://web.archive.org/web/20190416193018/http://www.people.ku.edu/~jyounger/LinearA/HTtexts.html
youngerarchive,HT 9,a.2_stmt,PA DE,https://web.archive.org/web/20190416193018/http://www.people.ku.edu/~jyounger/LinearA/HTtexts.html,younger_table_statement,2026-02-24T02:56:37Z,YoungerArchive,https://web.archive.org/web/20190416193018/http://www.people.ku.edu/~jyounger/LinearA/HTtexts.html
youngerarchive,HT 9,a.3-4_stmt,QE PU,https://web.archive.org/web/20190416193018/http://www.people.ku.edu/~jyounger/LinearA/HTtexts.html,younger_table_statement,2026-02-24T02:56:37Z,YoungerArchive,https://web.archive.org/web/20190416193018/http://www.people.ku.edu/~jyounger/LinearA/HTtexts.html
youngerarchive,HT 9,a.3_stmt,DI NA U,https://web.archive.org/web/20190416193018/http://www.people.ku.edu/~jyounger/LinearA/HTtexts.html,younger_table_statement,2026-02-24T02:56:37Z,YoungerArchive,https://web.archive.org/web/20190416193018/http://www.people.ku.edu/~jyounger/LinearA/HTtexts.html
youngerarchive,HT 9,a.4-5_stmt,TA I,https://web.archive.org/web/20190416193018/http://www.people.ku.edu/~jyounger/LinearA/HTtexts.html,younger_table_statement,2026-02-24T02:56:37Z,YoungerArchive,https://web.archive.org/web/20190416193018/http://www.people.ku.edu/~jyounger/LinearA/HTtexts.html
youngerarchive,HT 9,a.4_stmt,DI RA,https://web.archive.org/web/20190416193018/http://www.people.ku.edu/~jyounger/LinearA/HTtexts.html,younger_table_statement,2026-02-24T02:56:37Z,YoungerArchive,https://web.archive.org/web/20190416193018/http://www.people.ku.edu/~jyounger/LinearA/HTtexts.html
youngerarchive,HT 9,a.5-6_stmt,A RU,https://web.archive.org/web/20190416193018/http://www.people.ku.edu/~jyounger/LinearA/HTtexts.html,younger_table_statement,2026-02-24T02:56:37Z,YoungerArchive,https://web.archive.org/web/20190416193018/http://www.people.ku.edu/~jyounger/LinearA/HTtexts.html
youngerarchive,HT 9,a.6_stmt,KU RO,https://web.archive.org/web/20190416193018/http://www.people.ku.edu/~jyounger/LinearA/HTtexts.html,younger_table_statement,2026-02-24T02:56:37Z,YoungerArchive,https://web.archive.org/web/20190416193018/http://www.people.ku.edu/~jyounger/LinearA/HTtexts.html
youngerarchive,HT 9,b.1_log,PA3,https://web.archive.org/web/20190416193018/http://www.people.ku.edu/~jyounger/LinearA/HTtexts.html,younger_table_logogram,2026-02-24T02:56:37Z,YoungerArchive,https://web.archive.org/web/20190416193018/http://www.people.ku.edu/~jyounger/LinearA/HTtexts.html
youngerarchive,HT 9,b.1_stmt,WA JA PI,https://web.archive.org/web/20190416193018/http://www.people.ku.edu/~jyounger/LinearA/HTtexts.html,younger_table_statement,2026-02-24T02:56:37Z,YoungerArchive,https://web.archive.org/web/20190416193018/http://www.people.ku.edu/~jyounger/LinearA/HTtexts.html
youngerarchive,HT 9,b.2-3_stmt,A SI,https://web.archive.org/web/20190416193018/http://www.people.ku.edu/~jyounger/LinearA/HTtexts.html,younger_table_statement,2026-02-24T02:56:37Z,YoungerArchive,https://web.archive.org/web/20190416193018/http://www.people.ku.edu/~jyounger/LinearA/HTtexts.html
youngerarchive,HT 9,b.2_stmt,PA DE,https://web.archive.org/web/20190416193018/http://www.people.ku.edu/~jyounger/LinearA/HTtexts.html,younger_table_statement,2026-02-24T02:56:37Z,YoungerArchive,https://web.archive.org/web/20190416193018/http://www.people.ku.edu/~jyounger/LinearA/HTtexts.html
youngerarchive,HT 9,b.3_stmt,DI RA,https://web.archive.org/web/20190416193018/http://www.people.ku.edu/~jyounger/LinearA/HTtexts.html,younger_table_statement,2026-02-24T02:56:37Z,YoungerArchive,https://web.archive.org/web/20190416193018/http://www.people.ku.edu/~jyounger/LinearA/HTtexts.html
youngerarchive,HT 9,b.4_stmt,QE PU,https://web.archive.org/web/20190416193018/http://www.people.ku.edu/~jyounger/LinearA/HTtexts.html,younger_table_statement,2026-02-24T02:56:37Z,YoungerArchive,https://web.archive.org/web/20190416193018/http://www.people.ku.edu/~jyounger/LinearA/HTtexts.html
youngerarchive,HT 9,b.4_stmt,TA I,https://web.archive.org/web/20190416193018/http://www.people.ku.edu/~jyounger/LinearA/HTtexts.html,younger_table_statement,2026-02-24T02:56:37Z,YoungerArchive,https://web.archive.org/web/20190416193018/http://www.people.ku.edu/~jyounger/LinearA/HTtexts.html
youngerarchive,HT 9,b.5_stmt,DI NA U,https://web.archive.org/web/20190416193018/http://www.people.ku.edu/~jyounger/LinearA/HTtexts.html,younger_table_statement,2026-02-24T02:56:37Z,YoungerArchive,https://web.archive.org/web/20190416193018/http://www.people.ku.edu/~jyounger/LinearA/HTtexts.html
youngerarchive,HT 9,b.6_stmt,KU RO,https://web.archive.org/web/20190416193018/http://www.people.ku.edu/~jyounger/LinearA/HTtexts.html,younger_table_statement,2026-02-24T02:56:37Z,YoungerArchive,https://web.archive.org/web/20190416193018/http://www.people.ku.edu/~jyounger/LinearA/HTtexts.html
youngerarchive,HT 90,.1-2_log,GRA,https://web.archive.org/web/20190416193018/http://www.people.ku.edu/~jyounger/LinearA/HTtexts.html,younger_table_logogram,2026-02-24T02:56:37Z,YoungerArchive,https://web.archive.org/web/20190416193018/http://www.people.ku.edu/~jyounger/LinearA/HTtexts.html
youngerarchive,HT 90,.1-2_stmt,SA RA2,https://web.archive.org/web/20190416193018/http://www.people.ku.edu/~jyounger/LinearA/HTtexts.html,younger_table_statement,2026-02-24T02:56:37Z,YoungerArchive,https://web.archive.org/web/20190416193018/http://www.people.ku.edu/~jyounger/LinearA/HTtexts.html
youngerarchive,HT 90,.1_stmt,I KU RI NA,https://web.archive.org/web/20190416193018/http://www.people.ku.edu/~jyounger/LinearA/HTtexts.html,younger_table_statement,2026-02-24T02:56:37Z,YoungerArchive,https://web.archive.org/web/20190416193018/http://www.people.ku.edu/~jyounger/LinearA/HTtexts.html
youngerarchive,HT 90,.2-3_log,GRA,https://web.archive.org/web/20190416193018/http://www.people.ku.edu/~jyounger/LinearA/HTtexts.html,younger_table_logogram,2026-02-24T02:56:37Z,YoungerArchive,https://web.archive.org/web/20190416193018/http://www.people.ku.edu/~jyounger/LinearA/HTtexts.html
youngerarchive,HT 90,.2-3_stmt,SI RU MA RI TA2,https://web.archive.org/web/20190416193018/http://www.people.ku.edu/~jyounger/LinearA/HTtexts.html,younger_table_statement,2026-02-24T02:56:37Z,YoungerArchive,https://web.archive.org/web/20190416193018/http://www.people.ku.edu/~jyounger/LinearA/HTtexts.html
youngerarchive,HT 90,.2_log,FIC,https://web.archive.org/web/20190416193018/http://www.people.ku.edu/~jyounger/LinearA/HTtexts.html,younger_table_logogram,2026-02-24T02:56:37Z,YoungerArchive,https://web.archive.org/web/20190416193018/http://www.people.ku.edu/~jyounger/LinearA/HTtexts.html
youngerarchive,HT 90,.2_log,OLE DI,https://web.archive.org/web/20190416193018/http://www.people.ku.edu/~jyounger/LinearA/HTtexts.html,younger_table_logogram,2026-02-24T02:56:37Z,YoungerArchive,https://web.archive.org/web/20190416193018/http://www.people.ku.edu/~jyounger/LinearA/HTtexts.html
youngerarchive,HT 90,.3-4_log,FIC,https://web.archive.org/web/20190416193018/http://www.people.ku.edu/~jyounger/LinearA/HTtexts.html,younger_table_logogram,2026-02-24T02:56:37Z,YoungerArchive,https://web.archive.org/web/20190416193018/http://www.people.ku.edu/~jyounger/LinearA/HTtexts.html
youngerarchive,HT 90,.4_log,OLE MI,https://web.archive.org/web/20190416193018/http://www.people.ku.edu/~jyounger/LinearA/HTtexts.html,younger_table_logogram,2026-02-24T02:56:37Z,YoungerArchive,https://web.archive.org/web/20190416193018/http://www.people.ku.edu/~jyounger/LinearA/HTtexts.html
sigla,HT 90,word_1,AB28 AB81 AB53 AB06,http://sigla.phis.me/document/HT%2090/index-word.html,sigla_word_seq_pattern,2026-02-24T02:56:37Z,SigLA,http://sigla.phis.me/document/HT%2090/index-word.html
sigla,HT 90,word_2,AB31 AB76,http://sigla.phis.me/document/HT%2090/index-word.html,sigla_word_seq_pattern,2026-02-24T02:56:37Z,SigLA,http://sigla.phis.me/document/HT%2090/index-word.html
sigla,HT 90,word_3,AB41 AB26 AB80 AB53 AB66,http://sigla.phis.me/document/HT%2090/index-word.html,sigla_word_seq_pattern,2026-02-24T02:56:37Z,SigLA,http://sigla.phis.me/document/HT%2090/index-word.html
youngerarchive,HT 91,.1_stmt,I KA,https://web.archive.org/web/20190416193018/http://www.people.ku.edu/~jyounger/LinearA/HTtexts.html,younger_table_statement,2026-02-24T02:56:37Z,YoungerArchive,https://web.archive.org/web/20190416193018/http://www.people.ku.edu/~jyounger/LinearA/HTtexts.html
youngerarchive,HT 91,.2-3_log,OLE U,https://web.archive.org/web/20190416193018/http://www.people.ku.edu/~jyounger/LinearA/HTtexts.html,younger_table_logogram,2026-02-24T02:56:37Z,YoungerArchive,https://web.archive.org/web/20190416193018/http://www.people.ku.edu/~jyounger/LinearA/HTtexts.html
youngerarchive,HT 91,.2_log,OLE KI,https://web.archive.org/web/20190416193018/http://www.people.ku.edu/~jyounger/LinearA/HTtexts.html,younger_table_logogram,2026-02-24T02:56:37Z,YoungerArchive,https://web.archive.org/web/20190416193018/http://www.people.ku.edu/~jyounger/LinearA/HTtexts.html
youngerarchive,HT 91,.3_log,FIC,https://web.archive.org/web/20190416193018/http://www.people.ku.edu/~jyounger/LinearA/HTtexts.html,younger_table_logogram,2026-02-24T02:56:37Z,YoungerArchive,https://web.archive.org/web/20190416193018/http://www.people.ku.edu/~jyounger/LinearA/HTtexts.html
youngerarchive,HT 91,.3_log,OLE MI,https://web.archive.org/web/20190416193018/http://www.people.ku.edu/~jyounger/LinearA/HTtexts.html,younger_table_logogram,2026-02-24T02:56:37Z,YoungerArchive,https://web.archive.org/web/20190416193018/http://www.people.ku.edu/~jyounger/LinearA/HTtexts.html
youngerarchive,HT 91,.3_log,OLIV,https://web.archive.org/web/20190416193018/http://www.people.ku.edu/~jyounger/LinearA/HTtexts.html,younger_table_logogram,2026-02-24T02:56:37Z,YoungerArchive,https://web.archive.org/web/20190416193018/http://www.people.ku.edu/~jyounger/LinearA/HTtexts.html
youngerarchive,HT 91,.4_log,VINA,https://web.archive.org/web/20190416193018/http://www.people.ku.edu/~jyounger/LinearA/HTtexts.html,younger_table_logogram,2026-02-24T02:56:37Z,YoungerArchive,https://web.archive.org/web/20190416193018/http://www.people.ku.edu/~jyounger/LinearA/HTtexts.html
youngerarchive,HT 91,.5_log,OLE MI,https://web.archive.org/web/20190416193018/http://www.people.ku.edu/~jyounger/LinearA/HTtexts.html,younger_table_logogram,2026-02-24T02:56:37Z,YoungerArchive,https://web.archive.org/web/20190416193018/http://www.people.ku.edu/~jyounger/LinearA/HTtexts.html
youngerarchive,HT 91,.5_stmt,TE RI,https://web.archive.org/web/20190416193018/http://www.people.ku.edu/~jyounger/LinearA/HTtexts.html,younger_table_statement,2026-02-24T02:56:37Z,YoungerArchive,https://web.archive.org/web/20190416193018/http://www.people.ku.edu/~jyounger/LinearA/HTtexts.html
sigla,HT 91,word_1,AB28 AB77,http://sigla.phis.me/document/HT%2091/index-word.html,sigla_word_seq_pattern,2026-02-24T02:56:37Z,SigLA,http://sigla.phis.me/document/HT%2091/index-word.html
sigla,HT 91,word_2,AB04 AB53,http://sigla.phis.me/document/HT%2091/index-word.html,sigla_word_seq_pattern,2026-02-24T02:56:37Z,SigLA,http://sigla.phis.me/document/HT%2091/index-word.html
youngerarchive,HT 92,.1-2_log,GRA,https://web.archive.org/web/20190416193018/http://www.people.ku.edu/~jyounger/LinearA/HTtexts.html,younger_table_logogram,2026-02-24T02:56:37Z,YoungerArchive,https://web.archive.org/web/20190416193018/http://www.people.ku.edu/~jyounger/LinearA/HTtexts.html
youngerarchive,HT 92,.1-2_stmt,A DU,https://web.archive.org/web/20190416193018/http://www.people.ku.edu/~jyounger/LinearA/HTtexts.html,younger_table_statement,2026-02-24T02:56:37Z,YoungerArchive,https://web.archive.org/web/20190416193018/http://www.people.ku.edu/~jyounger/LinearA/HTtexts.html
sigla,HT 92,word_1,AB08 AB51,http://sigla.phis.me/document/HT%2092/index-word.html,sigla_word_seq_pattern,2026-02-24T02:56:37Z,SigLA,http://sigla.phis.me/document/HT%2092/index-word.html
youngerarchive,HT 93,a.1-2_log,DA RE SE,https://web.archive.org/web/20190416193018/http://www.people.ku.edu/~jyounger/LinearA/HTtexts.html,younger_table_logogram,2026-02-24T02:56:37Z,YoungerArchive,https://web.archive.org/web/20190416193018/http://www.people.ku.edu/~jyounger/LinearA/HTtexts.html
youngerarchive,HT 93,a.1-2_stmt,DI RI NA,https://web.archive.org/web/20190416193018/http://www.people.ku.edu/~jyounger/LinearA/HTtexts.html,younger_table_statement,2026-02-24T02:56:37Z,YoungerArchive,https://web.archive.org/web/20190416193018/http://www.people.ku.edu/~jyounger/LinearA/HTtexts.html
youngerarchive,HT 93,a.1_log,GRA PA3 RE SE,https://web.archive.org/web/20190416193018/http://www.people.ku.edu/~jyounger/LinearA/HTtexts.html,younger_table_logogram,2026-02-24T02:56:37Z,YoungerArchive,https://web.archive.org/web/20190416193018/http://www.people.ku.edu/~jyounger/LinearA/HTtexts.html
youngerarchive,HT 93,a.1_stmt,PA3 NI NA,https://web.archive.org/web/20190416193018/http://www.people.ku.edu/~jyounger/LinearA/HTtexts.html,younger_table_statement,2026-02-24T02:56:37Z,YoungerArchive,https://web.archive.org/web/20190416193018/http://www.people.ku.edu/~jyounger/LinearA/HTtexts.html
youngerarchive,HT 93,a.2-3_stmt,KI DI NI,https://web.archive.org/web/20190416193018/http://www.people.ku.edu/~jyounger/LinearA/HTtexts.html,younger_table_statement,2026-02-24T02:56:37Z,YoungerArchive,https://web.archive.org/web/20190416193018/http://www.people.ku.edu/~jyounger/LinearA/HTtexts.html
youngerarchive,HT 93,a.3-4_log,I GRA PA,https://web.archive.org/web/20190416193018/http://www.people.ku.edu/~jyounger/LinearA/HTtexts.html,younger_table_logogram,2026-02-24T02:56:37Z,YoungerArchive,https://web.archive.org/web/20190416193018/http://www.people.ku.edu/~jyounger/LinearA/HTtexts.html
youngerarchive,HT 93,a.3-4_stmt,A SE,https://web.archive.org/web/20190416193018/http://www.people.ku.edu/~jyounger/LinearA/HTtexts.html,younger_table_statement,2026-02-24T02:56:37Z,YoungerArchive,https://web.archive.org/web/20190416193018/http://www.people.ku.edu/~jyounger/LinearA/HTtexts.html
youngerarchive,HT 93,a.4-5_log,I GRA PA,https://web.archive.org/web/20190416193018/http://www.people.ku.edu/~jyounger/LinearA/HTtexts.html,younger_table_logogram,2026-02-24T02:56:37Z,YoungerArchive,https://web.archive.org/web/20190416193018/http://www.people.ku.edu/~jyounger/LinearA/HTtexts.html
youngerarchive,HT 93,a.4-5_stmt,QA QA RU,https://web.archive.org/web/20190416193018/http://www.people.ku.edu/~jyounger/LinearA/HTtexts.html,younger_table_statement,2026-02-24T02:56:37Z,YoungerArchive,https://web.archive.org/web/20190416193018/http://www.people.ku.edu/~jyounger/LinearA/HTtexts.html
youngerarchive,HT 93,a.4_stmt,SA RA2,https://web.archive.org/web/20190416193018/http://www.people.ku.edu/~jyounger/LinearA/HTtexts.html,younger_table_statement,2026-02-24T02:56:37Z,YoungerArchive,https://web.archive.org/web/20190416193018/http://www.people.ku.edu/~jyounger/LinearA/HTtexts.html
youngerarchive,HT 93,a.5-6_stmt,VIR I,https://web.archive.org/web/20190416193018/http://www.people.ku.edu/~jyounger/LinearA/HTtexts.html,younger_table_statement,2026-02-24T02:56:37Z,YoungerArchive,https://web.archive.org/web/20190416193018/http://www.people.ku.edu/~jyounger/LinearA/HTtexts.html
youngerarchive,HT 93,a.6_stmt,DE JU KU,https://web.archive.org/web/20190416193018/http://www.people.ku.edu/~jyounger/LinearA/HTtexts.html,younger_table_statement,2026-02-24T02:56:37Z,YoungerArchive,https://web.archive.org/web/20190416193018/http://www.people.ku.edu/~jyounger/LinearA/HTtexts.html
youngerarchive,HT 93,a.7_log,*406VAS,https://web.archive.org/web/20190416193018/http://www.people.ku.edu/~jyounger/LinearA/HTtexts.html,younger_table_logogram,2026-02-24T02:56:37Z,YoungerArchive,https://web.archive.org/web/20190416193018/http://www.people.ku.edu/~jyounger/LinearA/HTtexts.html
youngerarchive,HT 93,a.7_stmt,DA RI DA,https://web.archive.org/web/20190416193018/http://www.people.ku.edu/~jyounger/LinearA/HTtexts.html,younger_table_statement,2026-02-24T02:56:37Z,YoungerArchive,https://web.archive.org/web/20190416193018/http://www.people.ku.edu/~jyounger/LinearA/HTtexts.html
youngerarchive,HT 93,a.8_stmt,PA SE JA,https://web.archive.org/web/20190416193018/http://www.people.ku.edu/~jyounger/LinearA/HTtexts.html,younger_table_statement,2026-02-24T02:56:37Z,YoungerArchive,https://web.archive.org/web/20190416193018/http://www.people.ku.edu/~jyounger/LinearA/HTtexts.html
youngerarchive,HT 93,a.8_stmt,PA3 NI NA[,https://web.archive.org/web/20190416193018/http://www.people.ku.edu/~jyounger/LinearA/HTtexts.html,younger_table_statement,2026-02-24T02:56:37Z,YoungerArchive,https://web.archive.org/web/20190416193018/http://www.people.ku.edu/~jyounger/LinearA/HTtexts.html
youngerarchive,HT 93,a.9_log,VIR,https://web.archive.org/web/20190416193018/http://www.people.ku.edu/~jyounger/LinearA/HTtexts.html,younger_table_logogram,2026-02-24T02:56:37Z,YoungerArchive,https://web.archive.org/web/20190416193018/http://www.people.ku.edu/~jyounger/LinearA/HTtexts.html
youngerarchive,HT 93,b.1_stmt,KI RO[,https://web.archive.org/web/20190416193018/http://www.people.ku.edu/~jyounger/LinearA/HTtexts.html,younger_table_statement,2026-02-24T02:56:37Z,YoungerArchive,https://web.archive.org/web/20190416193018/http://www.people.ku.edu/~jyounger/LinearA/HTtexts.html
sigla,HT 93A,word_1,AB56 AB30 AB06,http://sigla.phis.me/document/HT%2093a/index-word.html,sigla_word_seq_pattern,2026-02-24T02:56:37Z,SigLA,http://sigla.phis.me/document/HT%2093a/index-word.html
sigla,HT 93A,word_10,AB01 AB53 AB01,http://sigla.phis.me/document/HT%2093a/index-word.html,sigla_word_seq_pattern,2026-02-24T02:56:37Z,SigLA,http://sigla.phis.me/document/HT%2093a/index-word.html
sigla,HT 93A,word_11,AB56 AB30 AB06,http://sigla.phis.me/document/HT%2093a/index-word.html,sigla_word_seq_pattern,2026-02-24T02:56:37Z,SigLA,http://sigla.phis.me/document/HT%2093a/index-word.html
sigla,HT 93A,word_12,AB03 AB09 AB57,http://sigla.phis.me/document/HT%2093a/index-word.html,sigla_word_seq_pattern,2026-02-24T02:56:37Z,SigLA,http://sigla.phis.me/document/HT%2093a/index-word.html
sigla,HT 93A,word_13,[?] AB77,http://sigla.phis.me/document/HT%2093a/index-word.html,sigla_word_seq_pattern,2026-02-24T02:56:37Z,SigLA,http://sigla.phis.me/document/HT%2093a/index-word.html
sigla,HT 93A,word_2,AB07 AB53 AB06,http://sigla.phis.me/document/HT%2093a/index-word.html,sigla_word_seq_pattern,2026-02-24T02:56:37Z,SigLA,http://sigla.phis.me/document/HT%2093a/index-word.html
sigla,HT 93A,word_3,AB67 AB07 AB30,http://sigla.phis.me/document/HT%2093a/index-word.html,sigla_word_seq_pattern,2026-02-24T02:56:37Z,SigLA,http://sigla.phis.me/document/HT%2093a/index-word.html
sigla,HT 93A,word_4,AB08 AB09,http://sigla.phis.me/document/HT%2093a/index-word.html,sigla_word_seq_pattern,2026-02-24T02:56:37Z,SigLA,http://sigla.phis.me/document/HT%2093a/index-word.html
sigla,HT 93A,word_5,AB31 AB76,http://sigla.phis.me/document/HT%2093a/index-word.html,sigla_word_seq_pattern,2026-02-24T02:56:37Z,SigLA,http://sigla.phis.me/document/HT%2093a/index-word.html
sigla,HT 93A,word_6,AB16 AB16 AB26,http://sigla.phis.me/document/HT%2093a/index-word.html,sigla_word_seq_pattern,2026-02-24T02:56:37Z,SigLA,http://sigla.phis.me/document/HT%2093a/index-word.html
sigla,HT 93A,word_7,AB100 AB28,http://sigla.phis.me/document/HT%2093a/index-word.html,sigla_word_seq_pattern,2026-02-24T02:56:37Z,SigLA,http://sigla.phis.me/document/HT%2093a/index-word.html
sigla,HT 93A,word_8,AB45 AB65 AB81,http://sigla.phis.me/document/HT%2093a/index-word.html,sigla_word_seq_pattern,2026-02-24T02:56:37Z,SigLA,http://sigla.phis.me/document/HT%2093a/index-word.html
sigla,HT 93A,word_9,AB61 AB37 [?],http://sigla.phis.me/document/HT%2093a/index-word.html,sigla_word_seq_pattern,2026-02-24T02:56:37Z,SigLA,http://sigla.phis.me/document/HT%2093a/index-word.html
sigla,HT 93B,word_1,AB67 AB02,http://sigla.phis.me/document/HT%2093b/index-word.html,sigla_word_seq_pattern,2026-02-24T02:56:37Z,SigLA,http://sigla.phis.me/document/HT%2093b/index-word.html
youngerarchive,HT 94,a .3_stmt,SA RA2,https://web.archive.org/web/20190416193018/http://www.people.ku.edu/~jyounger/LinearA/HTtexts.html,younger_table_statement,2026-02-24T02:56:37Z,YoungerArchive,https://web.archive.org/web/20190416193018/http://www.people.ku.edu/~jyounger/LinearA/HTtexts.html
youngerarchive,HT 94,a.1_log,VIR,https://web.archive.org/web/20190416193018/http://www.people.ku.edu/~jyounger/LinearA/HTtexts.html,younger_table_logogram,2026-02-24T02:56:37Z,YoungerArchive,https://web.archive.org/web/20190416193018/http://www.people.ku.edu/~jyounger/LinearA/HTtexts.html
youngerarchive,HT 94,a.1_stmt,KA PA,https://web.archive.org/web/20190416193018/http://www.people.ku.edu/~jyounger/LinearA/HTtexts.html,younger_table_statement,2026-02-24T02:56:37Z,YoungerArchive,https://web.archive.org/web/20190416193018/http://www.people.ku.edu/~jyounger/LinearA/HTtexts.html
youngerarchive,HT 94,a.2_log,TI A,https://web.archive.org/web/20190416193018/http://www.people.ku.edu/~jyounger/LinearA/HTtexts.html,younger_table_logogram,2026-02-24T02:56:37Z,YoungerArchive,https://web.archive.org/web/20190416193018/http://www.people.ku.edu/~jyounger/LinearA/HTtexts.html
youngerarchive,HT 94,a.2_log,VIR *313B,https://web.archive.org/web/20190416193018/http://www.people.ku.edu/~jyounger/LinearA/HTtexts.html,younger_table_logogram,2026-02-24T02:56:37Z,YoungerArchive,https://web.archive.org/web/20190416193018/http://www.people.ku.edu/~jyounger/LinearA/HTtexts.html
youngerarchive,HT 94,a.3_log,FIC,https://web.archive.org/web/20190416193018/http://www.people.ku.edu/~jyounger/LinearA/HTtexts.html,younger_table_logogram,2026-02-24T02:56:37Z,YoungerArchive,https://web.archive.org/web/20190416193018/http://www.people.ku.edu/~jyounger/LinearA/HTtexts.html
youngerarchive,HT 94,a.3_stmt,KU RO,https://web.archive.org/web/20190416193018/http://www.people.ku.edu/~jyounger/LinearA/HTtexts.html,younger_table_statement,2026-02-24T02:56:37Z,YoungerArchive,https://web.archive.org/web/20190416193018/http://www.people.ku.edu/~jyounger/LinearA/HTtexts.html
youngerarchive,HT 94,a.3_stmt,SA RA2,https://web.archive.org/web/20190416193018/http://www.people.ku.edu/~jyounger/LinearA/HTtexts.html,younger_table_statement,2026-02-24T02:56:37Z,YoungerArchive,https://web.archive.org/web/20190416193018/http://www.people.ku.edu/~jyounger/LinearA/HTtexts.html
youngerarchive,HT 94,a.4_log,FIC,https://web.archive.org/web/20190416193018/http://www.people.ku.edu/~jyounger/LinearA/HTtexts.html,younger_table_logogram,2026-02-24T02:56:37Z,YoungerArchive,https://web.archive.org/web/20190416193018/http://www.people.ku.edu/~jyounger/LinearA/HTtexts.html
youngerarchive,HT 94,a.4_stmt,[NAME,https://web.archive.org/web/20190416193018/http://www.people.ku.edu/~jyounger/LinearA/HTtexts.html,younger_table_statement,2026-02-24T02:56:37Z,YoungerArchive,https://web.archive.org/web/20190416193018/http://www.people.ku.edu/~jyounger/LinearA/HTtexts.html
youngerarchive,HT 94,a.5_log,FIC,https://web.archive.org/web/20190416193018/http://www.people.ku.edu/~jyounger/LinearA/HTtexts.html,younger_table_logogram,2026-02-24T02:56:37Z,YoungerArchive,https://web.archive.org/web/20190416193018/http://www.people.ku.edu/~jyounger/LinearA/HTtexts.html
youngerarchive,HT 94,a.5_stmt,[NAME,https://web.archive.org/web/20190416193018/http://www.people.ku.edu/~jyounger/LinearA/HTtexts.html,younger_table_statement,2026-02-24T02:56:37Z,YoungerArchive,https://web.archive.org/web/20190416193018/http://www.people.ku.edu/~jyounger/LinearA/HTtexts.html
youngerarchive,HT 94,b.1_stmt,KI RO,https://web.archive.org/web/20190416193018/http://www.people.ku.edu/~jyounger/LinearA/HTtexts.html,younger_table_statement,2026-02-24T02:56:37Z,YoungerArchive,https://web.archive.org/web/20190416193018/http://www.people.ku.edu/~jyounger/LinearA/HTtexts.html
youngerarchive,HT 94,b.1_stmt,PA TA NE,https://web.archive.org/web/20190416193018/http://www.people.ku.edu/~jyounger/LinearA/HTtexts.html,younger_table_statement,2026-02-24T02:56:37Z,YoungerArchive,https://web.archive.org/web/20190416193018/http://www.people.ku.edu/~jyounger/LinearA/HTtexts.html
youngerarchive,HT 94,b.1_stmt,TU MA,https://web.archive.org/web/20190416193018/http://www.people.ku.edu/~jyounger/LinearA/HTtexts.html,younger_table_statement,2026-02-24T02:56:37Z,YoungerArchive,https://web.archive.org/web/20190416193018/http://www.people.ku.edu/~jyounger/LinearA/HTtexts.html
youngerarchive,HT 94,b.2_stmt,DE DI,https://web.archive.org/web/20190416193018/http://www.people.ku.edu/~jyounger/LinearA/HTtexts.html,younger_table_statement,2026-02-24T02:56:37Z,YoungerArchive,https://web.archive.org/web/20190416193018/http://www.people.ku.edu/~jyounger/LinearA/HTtexts.html
youngerarchive,HT 94,b.2_stmt,KE KI RU,https://web.archive.org/web/20190416193018/http://www.people.ku.edu/~jyounger/LinearA/HTtexts.html,younger_table_statement,2026-02-24T02:56:37Z,YoungerArchive,https://web.archive.org/web/20190416193018/http://www.people.ku.edu/~jyounger/LinearA/HTtexts.html
youngerarchive,HT 94,b.2_stmt,SA RU,https://web.archive.org/web/20190416193018/http://www.people.ku.edu/~jyounger/LinearA/HTtexts.html,younger_table_statement,2026-02-24T02:56:37Z,YoungerArchive,https://web.archive.org/web/20190416193018/http://www.people.ku.edu/~jyounger/LinearA/HTtexts.html
youngerarchive,HT 94,b.3_stmt,KU RO,https://web.archive.org/web/20190416193018/http://www.people.ku.edu/~jyounger/LinearA/HTtexts.html,younger_table_statement,2026-02-24T02:56:37Z,YoungerArchive,https://web.archive.org/web/20190416193018/http://www.people.ku.edu/~jyounger/LinearA/HTtexts.html
youngerarchive,HT 94,b.4_stmt,RA DE ME TE,https://web.archive.org/web/20190416193018/http://www.people.ku.edu/~jyounger/LinearA/HTtexts.html,younger_table_statement,2026-02-24T02:56:37Z,YoungerArchive,https://web.archive.org/web/20190416193018/http://www.people.ku.edu/~jyounger/LinearA/HTtexts.html
sigla,HT 94A,word_1,AB77 AB03,http://sigla.phis.me/document/HT%2094a/index-word.html,sigla_word_seq_pattern,2026-02-24T02:56:37Z,SigLA,http://sigla.phis.me/document/HT%2094a/index-word.html
sigla,HT 94A,word_2,AB81 AB02,http://sigla.phis.me/document/HT%2094a/index-word.html,sigla_word_seq_pattern,2026-02-24T02:56:37Z,SigLA,http://sigla.phis.me/document/HT%2094a/index-word.html
sigla,HT 94A,word_3,AB31 AB76,http://sigla.phis.me/document/HT%2094a/index-word.html,sigla_word_seq_pattern,2026-02-24T02:56:37Z,SigLA,http://sigla.phis.me/document/HT%2094a/index-word.html
sigla,HT 94A,word_4,A318 A306,http://sigla.phis.me/document/HT%2094a/index-word.html,sigla_word_seq_pattern,2026-02-24T02:56:37Z,SigLA,http://sigla.phis.me/document/HT%2094a/index-word.html
sigla,HT 94B,word_1,AB67 AB02,http://sigla.phis.me/document/HT%2094b/index-word.html,sigla_word_seq_pattern,2026-02-24T02:56:37Z,SigLA,http://sigla.phis.me/document/HT%2094b/index-word.html
sigla,HT 94B,word_2,AB69 AB80,http://sigla.phis.me/document/HT%2094b/index-word.html,sigla_word_seq_pattern,2026-02-24T02:56:37Z,SigLA,http://sigla.phis.me/document/HT%2094b/index-word.html
sigla,HT 94B,word_3,AB03 AB59 AB24,http://sigla.phis.me/document/HT%2094b/index-word.html,sigla_word_seq_pattern,2026-02-24T02:56:37Z,SigLA,http://sigla.phis.me/document/HT%2094b/index-word.html
sigla,HT 94B,word_4,AB45 AB07,http://sigla.phis.me/document/HT%2094b/index-word.html,sigla_word_seq_pattern,2026-02-24T02:56:37Z,SigLA,http://sigla.phis.me/document/HT%2094b/index-word.html
sigla,HT 94B,word_5,AB44 AB67 AB26,http://sigla.phis.me/document/HT%2094b/index-word.html,sigla_word_seq_pattern,2026-02-24T02:56:37Z,SigLA,http://sigla.phis.me/document/HT%2094b/index-word.html
sigla,HT 94B,word_6,AB31 AB26,http://sigla.phis.me/document/HT%2094b/index-word.html,sigla_word_seq_pattern,2026-02-24T02:56:37Z,SigLA,http://sigla.phis.me/document/HT%2094b/index-word.html
sigla,HT 94B,word_7,AB81 AB02,http://sigla.phis.me/document/HT%2094b/index-word.html,sigla_word_seq_pattern,2026-02-24T02:56:37Z,SigLA,http://sigla.phis.me/document/HT%2094b/index-word.html
sigla,HT 94B,word_8,AB60 [?] AB45 AB13 AB04,http://sigla.phis.me/document/HT%2094b/index-word.html,sigla_word_seq_pattern,2026-02-24T02:56:37Z,SigLA,http://sigla.phis.me/document/HT%2094b/index-word.html
sigla,HT 94B,word_9,AB21F AB69,http://sigla.phis.me/document/HT%2094b/index-word.html,sigla_word_seq_pattern,2026-02-24T02:56:37Z,SigLA,http://sigla.phis.me/document/HT%2094b/index-word.html
youngerarchive,HT 95,a.1_log,GRA,https://web.archive.org/web/20190416193018/http://www.people.ku.edu/~jyounger/LinearA/HTtexts.html,younger_table_logogram,2026-02-24T02:56:37Z,YoungerArchive,https://web.archive.org/web/20190416193018/http://www.people.ku.edu/~jyounger/LinearA/HTtexts.html
youngerarchive,HT 95,a.1_stmt,DA DU MA TA,https://web.archive.org/web/20190416193018/http://www.people.ku.edu/~jyounger/LinearA/HTtexts.html,younger_table_statement,2026-02-24T02:56:37Z,YoungerArchive,https://web.archive.org/web/20190416193018/http://www.people.ku.edu/~jyounger/LinearA/HTtexts.html
youngerarchive,HT 95,a.2_stmt,DA ME,https://web.archive.org/web/20190416193018/http://www.people.ku.edu/~jyounger/LinearA/HTtexts.html,younger_table_statement,2026-02-24T02:56:37Z,YoungerArchive,https://web.archive.org/web/20190416193018/http://www.people.ku.edu/~jyounger/LinearA/HTtexts.html
youngerarchive,HT 95,a.2_stmt,MI NU TE,https://web.archive.org/web/20190416193018/http://www.people.ku.edu/~jyounger/LinearA/HTtexts.html,younger_table_statement,2026-02-24T02:56:37Z,YoungerArchive,https://web.archive.org/web/20190416193018/http://www.people.ku.edu/~jyounger/LinearA/HTtexts.html
youngerarchive,HT 95,a.3-4_stmt,KU NI SU,https://web.archive.org/web/20190416193018/http://www.people.ku.edu/~jyounger/LinearA/HTtexts.html,younger_table_statement,2026-02-24T02:56:37Z,YoungerArchive,https://web.archive.org/web/20190416193018/http://www.people.ku.edu/~jyounger/LinearA/HTtexts.html
youngerarchive,HT 95,a.3_stmt,SA RU,https://web.archive.org/web/20190416193018/http://www.people.ku.edu/~jyounger/LinearA/HTtexts.html,younger_table_statement,2026-02-24T02:56:37Z,YoungerArchive,https://web.archive.org/web/20190416193018/http://www.people.ku.edu/~jyounger/LinearA/HTtexts.html
youngerarchive,HT 95,a.4-5_stmt,QE RA2 U,https://web.archive.org/web/20190416193018/http://www.people.ku.edu/~jyounger/LinearA/HTtexts.html,younger_table_statement,2026-02-24T02:56:37Z,YoungerArchive,https://web.archive.org/web/20190416193018/http://www.people.ku.edu/~jyounger/LinearA/HTtexts.html
youngerarchive,HT 95,a.4_stmt,DI DE RU,https://web.archive.org/web/20190416193018/http://www.people.ku.edu/~jyounger/LinearA/HTtexts.html,younger_table_statement,2026-02-24T02:56:37Z,YoungerArchive,https://web.archive.org/web/20190416193018/http://www.people.ku.edu/~jyounger/LinearA/HTtexts.html
youngerarchive,HT 95,b.1_stmt,A DU,https://web.archive.org/web/20190416193018/http://www.people.ku.edu/~jyounger/LinearA/HTtexts.html,younger_table_statement,2026-02-24T02:56:37Z,YoungerArchive,https://web.archive.org/web/20190416193018/http://www.people.ku.edu/~jyounger/LinearA/HTtexts.html
youngerarchive,HT 95,b.1_stmt,SA RU,https://web.archive.org/web/20190416193018/http://www.people.ku.edu/~jyounger/LinearA/HTtexts.html,younger_table_statement,2026-02-24T02:56:37Z,YoungerArchive,https://web.archive.org/web/20190416193018/http://www.people.ku.edu/~jyounger/LinearA/HTtexts.html
youngerarchive,HT 95,b.2-3_stmt,MI NU TE,https://web.archive.org/web/20190416193018/http://www.people.ku.edu/~jyounger/LinearA/HTtexts.html,younger_table_statement,2026-02-24T02:56:37Z,YoungerArchive,https://web.archive.org/web/20190416193018/http://www.people.ku.edu/~jyounger/LinearA/HTtexts.html
youngerarchive,HT 95,b.2_stmt,DA ME,https://web.archive.org/web/20190416193018/http://www.people.ku.edu/~jyounger/LinearA/HTtexts.html,younger_table_statement,2026-02-24T02:56:37Z,YoungerArchive,https://web.archive.org/web/20190416193018/http://www.people.ku.edu/~jyounger/LinearA/HTtexts.html
youngerarchive,HT 95,b.3-4_stmt,KU NI SU,https://web.archive.org/web/20190416193018/http://www.people.ku.edu/~jyounger/LinearA/HTtexts.html,younger_table_statement,2026-02-24T02:56:37Z,YoungerArchive,https://web.archive.org/web/20190416193018/http://www.people.ku.edu/~jyounger/LinearA/HTtexts.html
youngerarchive,HT 95,b.4-5_stmt,QE RA2 U,https://web.archive.org/web/20190416193018/http://www.people.ku.edu/~jyounger/LinearA/HTtexts.html,younger_table_statement,2026-02-24T02:56:37Z,YoungerArchive,https://web.archive.org/web/20190416193018/http://www.people.ku.edu/~jyounger/LinearA/HTtexts.html
youngerarchive,HT 95,b.4_stmt,DI DE RU,https://web.archive.org/web/20190416193018/http://www.people.ku.edu/~jyounger/LinearA/HTtexts.html,younger_table_statement,2026-02-24T02:56:37Z,YoungerArchive,https://web.archive.org/web/20190416193018/http://www.people.ku.edu/~jyounger/LinearA/HTtexts.html
sigla,HT 95A,word_1,AB01 AB51 AB80 AB59,http://sigla.phis.me/document/HT%2095a/index-word.html,sigla_word_seq_pattern,2026-02-24T02:56:37Z,SigLA,http://sigla.phis.me/document/HT%2095a/index-word.html
sigla,HT 95A,word_2,AB01 AB13,http://sigla.phis.me/document/HT%2095a/index-word.html,sigla_word_seq_pattern,2026-02-24T02:56:37Z,SigLA,http://sigla.phis.me/document/HT%2095a/index-word.html
sigla,HT 95A,word_3,AB73 AB55 AB04,http://sigla.phis.me/document/HT%2095a/index-word.html,sigla_word_seq_pattern,2026-02-24T02:56:37Z,SigLA,http://sigla.phis.me/document/HT%2095a/index-word.html
sigla,HT 95A,word_4,AB31 AB26,http://sigla.phis.me/document/HT%2095a/index-word.html,sigla_word_seq_pattern,2026-02-24T02:56:37Z,SigLA,http://sigla.phis.me/document/HT%2095a/index-word.html
sigla,HT 95A,word_5,AB81 AB30 [?],http://sigla.phis.me/document/HT%2095a/index-word.html,sigla_word_seq_pattern,2026-02-24T02:56:37Z,SigLA,http://sigla.phis.me/document/HT%2095a/index-word.html
sigla,HT 95A,word_6,AB07 AB45 AB26 AB78 AB76 AB10,http://sigla.phis.me/document/HT%2095a/index-word.html,sigla_word_seq_pattern,2026-02-24T02:56:37Z,SigLA,http://sigla.phis.me/document/HT%2095a/index-word.html
sigla,HT 95B,word_1,AB08 AB51,http://sigla.phis.me/document/HT%2095b/index-word.html,sigla_word_seq_pattern,2026-02-24T02:56:37Z,SigLA,http://sigla.phis.me/document/HT%2095b/index-word.html
sigla,HT 95B,word_2,AB31 AB26,http://sigla.phis.me/document/HT%2095b/index-word.html,sigla_word_seq_pattern,2026-02-24T02:56:37Z,SigLA,http://sigla.phis.me/document/HT%2095b/index-word.html
sigla,HT 95B,word_3,AB01 AB17,http://sigla.phis.me/document/HT%2095b/index-word.html,sigla_word_seq_pattern,2026-02-24T02:56:37Z,SigLA,http://sigla.phis.me/document/HT%2095b/index-word.html
sigla,HT 95B,word_4,AB73 AB55 AB04,http://sigla.phis.me/document/HT%2095b/index-word.html,sigla_word_seq_pattern,2026-02-24T02:56:37Z,SigLA,http://sigla.phis.me/document/HT%2095b/index-word.html
sigla,HT 95B,word_5,AB81 AB30 AB58,http://sigla.phis.me/document/HT%2095b/index-word.html,sigla_word_seq_pattern,2026-02-24T02:56:37Z,SigLA,http://sigla.phis.me/document/HT%2095b/index-word.html
sigla,HT 95B,word_6,AB07 AB45 AB26,http://sigla.phis.me/document/HT%2095b/index-word.html,sigla_word_seq_pattern,2026-02-24T02:56:37Z,SigLA,http://sigla.phis.me/document/HT%2095b/index-word.html
sigla,HT 95B,word_7,AB78 AB76 AB10,http://sigla.phis.me/document/HT%2095b/index-word.html,sigla_word_seq_pattern,2026-02-24T02:56:37Z,SigLA,http://sigla.phis.me/document/HT%2095b/index-word.html
youngerarchive,HT 96,a.1-2_stmt,I TI TI KU NI A PA RA NE A TE,https://web.archive.org/web/20190416193018/http://www.people.ku.edu/~jyounger/LinearA/HTtexts.html,younger_table_statement,2026-02-24T02:56:37Z,YoungerArchive,https://web.archive.org/web/20190416193018/http://www.people.ku.edu/~jyounger/LinearA/HTtexts.html
youngerarchive,HT 96,a.2-3_log,GRA,https://web.archive.org/web/20190416193018/http://www.people.ku.edu/~jyounger/LinearA/HTtexts.html,younger_table_logogram,2026-02-24T02:56:37Z,YoungerArchive,https://web.archive.org/web/20190416193018/http://www.people.ku.edu/~jyounger/LinearA/HTtexts.html
youngerarchive,HT 96,a.2-3_stmt,SI MI TA,https://web.archive.org/web/20190416193018/http://www.people.ku.edu/~jyounger/LinearA/HTtexts.html,younger_table_statement,2026-02-24T02:56:37Z,YoungerArchive,https://web.archive.org/web/20190416193018/http://www.people.ku.edu/~jyounger/LinearA/HTtexts.html
youngerarchive,HT 96,a.3_stmt,RU SA,https://web.archive.org/web/20190416193018/http://www.people.ku.edu/~jyounger/LinearA/HTtexts.html,younger_table_statement,2026-02-24T02:56:37Z,YoungerArchive,https://web.archive.org/web/20190416193018/http://www.people.ku.edu/~jyounger/LinearA/HTtexts.html
youngerarchive,HT 96,a.4_stmt,PI TA RA,https://web.archive.org/web/20190416193018/http://www.people.ku.edu/~jyounger/LinearA/HTtexts.html,younger_table_statement,2026-02-24T02:56:37Z,YoungerArchive,https://web.archive.org/web/20190416193018/http://www.people.ku.edu/~jyounger/LinearA/HTtexts.html
youngerarchive,HT 96,a.5_log,TE FIC,https://web.archive.org/web/20190416193018/http://www.people.ku.edu/~jyounger/LinearA/HTtexts.html,younger_table_logogram,2026-02-24T02:56:37Z,YoungerArchive,https://web.archive.org/web/20190416193018/http://www.people.ku.edu/~jyounger/LinearA/HTtexts.html
youngerarchive,HT 96,a.5_stmt,]KU MA RO,https://web.archive.org/web/20190416193018/http://www.people.ku.edu/~jyounger/LinearA/HTtexts.html,younger_table_statement,2026-02-24T02:56:37Z,YoungerArchive,https://web.archive.org/web/20190416193018/http://www.people.ku.edu/~jyounger/LinearA/HTtexts.html
youngerarchive,HT 96,a.6_log,]FIC,https://web.archive.org/web/20190416193018/http://www.people.ku.edu/~jyounger/LinearA/HTtexts.html,younger_table_logogram,2026-02-24T02:56:37Z,YoungerArchive,https://web.archive.org/web/20190416193018/http://www.people.ku.edu/~jyounger/LinearA/HTtexts.html
youngerarchive,HT 96,b.1-2_log,I [?] GRA,https://web.archive.org/web/20190416193018/http://www.people.ku.edu/~jyounger/LinearA/HTtexts.html,younger_table_logogram,2026-02-24T02:56:37Z,YoungerArchive,https://web.archive.org/web/20190416193018/http://www.people.ku.edu/~jyounger/LinearA/HTtexts.html
youngerarchive,HT 96,b.1-2_stmt,QA RA RE,https://web.archive.org/web/20190416193018/http://www.people.ku.edu/~jyounger/LinearA/HTtexts.html,younger_table_statement,2026-02-24T02:56:37Z,YoungerArchive,https://web.archive.org/web/20190416193018/http://www.people.ku.edu/~jyounger/LinearA/HTtexts.html
youngerarchive,HT 96,b.1_stmt,A PA RA NE,https://web.archive.org/web/20190416193018/http://www.people.ku.edu/~jyounger/LinearA/HTtexts.html,younger_table_statement,2026-02-24T02:56:37Z,YoungerArchive,https://web.archive.org/web/20190416193018/http://www.people.ku.edu/~jyounger/LinearA/HTtexts.html
youngerarchive,HT 96,b.3_log,FIC,https://web.archive.org/web/20190416193018/http://www.people.ku.edu/~jyounger/LinearA/HTtexts.html,younger_table_logogram,2026-02-24T02:56:37Z,YoungerArchive,https://web.archive.org/web/20190416193018/http://www.people.ku.edu/~jyounger/LinearA/HTtexts.html
youngerarchive,HT 96,b.3_log,OLE U,https://web.archive.org/web/20190416193018/http://www.people.ku.edu/~jyounger/LinearA/HTtexts.html,younger_table_logogram,2026-02-24T02:56:37Z,YoungerArchive,https://web.archive.org/web/20190416193018/http://www.people.ku.edu/~jyounger/LinearA/HTtexts.html
sigla,HT 96A,word_1,AB28 AB37 AB37 AB81 AB30,http://sigla.phis.me/document/HT%2096a/index-word.html,sigla_word_seq_pattern,2026-02-24T02:56:37Z,SigLA,http://sigla.phis.me/document/HT%2096a/index-word.html
sigla,HT 96A,word_2,AB08 AB03 AB60 AB24,http://sigla.phis.me/document/HT%2096a/index-word.html,sigla_word_seq_pattern,2026-02-24T02:56:37Z,SigLA,http://sigla.phis.me/document/HT%2096a/index-word.html
sigla,HT 96A,word_3,AB08 AB123 AB04,http://sigla.phis.me/document/HT%2096a/index-word.html,sigla_word_seq_pattern,2026-02-24T02:56:37Z,SigLA,http://sigla.phis.me/document/HT%2096a/index-word.html
sigla,HT 96A,word_4,AB41 AB73 AB59,http://sigla.phis.me/document/HT%2096a/index-word.html,sigla_word_seq_pattern,2026-02-24T02:56:37Z,SigLA,http://sigla.phis.me/document/HT%2096a/index-word.html
sigla,HT 96A,word_5,AB26 AB31,http://sigla.phis.me/document/HT%2096a/index-word.html,sigla_word_seq_pattern,2026-02-24T02:56:37Z,SigLA,http://sigla.phis.me/document/HT%2096a/index-word.html
sigla,HT 96A,word_6,AB39 AB59 AB60,http://sigla.phis.me/document/HT%2096a/index-word.html,sigla_word_seq_pattern,2026-02-24T02:56:37Z,SigLA,http://sigla.phis.me/document/HT%2096a/index-word.html
sigla,HT 96A,word_7,AB81 AB80 AB02,http://sigla.phis.me/document/HT%2096a/index-word.html,sigla_word_seq_pattern,2026-02-24T02:56:37Z,SigLA,http://sigla.phis.me/document/HT%2096a/index-word.html
sigla,HT 96B,word_1,AB08 AB03 AB60 AB24,http://sigla.phis.me/document/HT%2096b/index-word.html,sigla_word_seq_pattern,2026-02-24T02:56:37Z,SigLA,http://sigla.phis.me/document/HT%2096b/index-word.html
sigla,HT 96B,word_2,AB16 AB118 AB60 AB27,http://sigla.phis.me/document/HT%2096b/index-word.html,sigla_word_seq_pattern,2026-02-24T02:56:37Z,SigLA,http://sigla.phis.me/document/HT%2096b/index-word.html
youngerarchive,HT 97,a.1_stmt,KA RU,https://web.archive.org/web/20190416193018/http://www.people.ku.edu/~jyounger/LinearA/HTtexts.html,younger_table_statement,2026-02-24T02:56:37Z,YoungerArchive,https://web.archive.org/web/20190416193018/http://www.people.ku.edu/~jyounger/LinearA/HTtexts.html
youngerarchive,HT 97,a.3_stmt,KA NU TI,https://web.archive.org/web/20190416193018/http://www.people.ku.edu/~jyounger/LinearA/HTtexts.html,younger_table_statement,2026-02-24T02:56:37Z,YoungerArchive,https://web.archive.org/web/20190416193018/http://www.people.ku.edu/~jyounger/LinearA/HTtexts.html
youngerarchive,HT 97,a.3_stmt,PA I TO,https://web.archive.org/web/20190416193018/http://www.people.ku.edu/~jyounger/LinearA/HTtexts.html,younger_table_statement,2026-02-24T02:56:37Z,YoungerArchive,https://web.archive.org/web/20190416193018/http://www.people.ku.edu/~jyounger/LinearA/HTtexts.html
youngerarchive,HT 97,a.4_stmt,MA DI,https://web.archive.org/web/20190416193018/http://www.people.ku.edu/~jyounger/LinearA/HTtexts.html,younger_table_statement,2026-02-24T02:56:37Z,YoungerArchive,https://web.archive.org/web/20190416193018/http://www.people.ku.edu/~jyounger/LinearA/HTtexts.html
youngerarchive,HT 97,a.4_stmt,NA TI,https://web.archive.org/web/20190416193018/http://www.people.ku.edu/~jyounger/LinearA/HTtexts.html,younger_table_statement,2026-02-24T02:56:37Z,YoungerArchive,https://web.archive.org/web/20190416193018/http://www.people.ku.edu/~jyounger/LinearA/HTtexts.html
youngerarchive,HT 97,a.5_stmt,TA TI,https://web.archive.org/web/20190416193018/http://www.people.ku.edu/~jyounger/LinearA/HTtexts.html,younger_table_statement,2026-02-24T02:56:37Z,YoungerArchive,https://web.archive.org/web/20190416193018/http://www.people.ku.edu/~jyounger/LinearA/HTtexts.html
youngerarchive,HT 97,b._log,SA RA2,https://web.archive.org/web/20190416193018/http://www.people.ku.edu/~jyounger/LinearA/HTtexts.html,younger_table_logogram,2026-02-24T02:56:37Z,YoungerArchive,https://web.archive.org/web/20190416193018/http://www.people.ku.edu/~jyounger/LinearA/HTtexts.html
sigla,HT 97A,word_1,AB77 AB26,http://sigla.phis.me/document/HT%2097a/index-word.html,sigla_word_seq_pattern,2026-02-24T02:56:37Z,SigLA,http://sigla.phis.me/document/HT%2097a/index-word.html
sigla,HT 97A,word_2,AB77 AB55 AB37,http://sigla.phis.me/document/HT%2097a/index-word.html,sigla_word_seq_pattern,2026-02-24T02:56:37Z,SigLA,http://sigla.phis.me/document/HT%2097a/index-word.html
sigla,HT 97A,word_3,AB03 AB28 AB05,http://sigla.phis.me/document/HT%2097a/index-word.html,sigla_word_seq_pattern,2026-02-24T02:56:37Z,SigLA,http://sigla.phis.me/document/HT%2097a/index-word.html
sigla,HT 97A,word_4,AB06 AB37 AB80 AB07,http://sigla.phis.me/document/HT%2097a/index-word.html,sigla_word_seq_pattern,2026-02-24T02:56:37Z,SigLA,http://sigla.phis.me/document/HT%2097a/index-word.html
sigla,HT 97A,word_5,AB59 AB37,http://sigla.phis.me/document/HT%2097a/index-word.html,sigla_word_seq_pattern,2026-02-24T02:56:37Z,SigLA,http://sigla.phis.me/document/HT%2097a/index-word.html
sigla,HT 97A,word_6,AB45 [?],http://sigla.phis.me/document/HT%2097a/index-word.html,sigla_word_seq_pattern,2026-02-24T02:56:37Z,SigLA,http://sigla.phis.me/document/HT%2097a/index-word.html
sigla,HT 97A,word_7,AB08,http://sigla.phis.me/document/HT%2097a/index-word.html,sigla_word_seq_pattern,2026-02-24T02:56:37Z,SigLA,http://sigla.phis.me/document/HT%2097a/index-word.html
sigla,HT 97B,word_1,AB31 AB76,http://sigla.phis.me/document/HT%2097b/index-word.html,sigla_word_seq_pattern,2026-02-24T02:56:37Z,SigLA,http://sigla.phis.me/document/HT%2097b/index-word.html
youngerarchive,HT 98,a.2-3_stmt,DI RE DI NA,https://web.archive.org/web/20190416193018/http://www.people.ku.edu/~jyounger/LinearA/HTtexts.html,younger_table_statement,2026-02-24T02:56:37Z,YoungerArchive,https://web.archive.org/web/20190416193018/http://www.people.ku.edu/~jyounger/LinearA/HTtexts.html
youngerarchive,HT 98,a.2_stmt,TA NA TI,https://web.archive.org/web/20190416193018/http://www.people.ku.edu/~jyounger/LinearA/HTtexts.html,younger_table_statement,2026-02-24T02:56:37Z,YoungerArchive,https://web.archive.org/web/20190416193018/http://www.people.ku.edu/~jyounger/LinearA/HTtexts.html
youngerarchive,HT 98,a.4-5_stmt,KA RI I,https://web.archive.org/web/20190416193018/http://www.people.ku.edu/~jyounger/LinearA/HTtexts.html,younger_table_statement,2026-02-24T02:56:37Z,YoungerArchive,https://web.archive.org/web/20190416193018/http://www.people.ku.edu/~jyounger/LinearA/HTtexts.html
youngerarchive,HT 98,a.4_stmt,RO KE,https://web.archive.org/web/20190416193018/http://www.people.ku.edu/~jyounger/LinearA/HTtexts.html,younger_table_statement,2026-02-24T02:56:37Z,YoungerArchive,https://web.archive.org/web/20190416193018/http://www.people.ku.edu/~jyounger/LinearA/HTtexts.html
youngerarchive,HT 98,b.2_log,]VINA,https://web.archive.org/web/20190416193018/http://www.people.ku.edu/~jyounger/LinearA/HTtexts.html,younger_table_logogram,2026-02-24T02:56:37Z,YoungerArchive,https://web.archive.org/web/20190416193018/http://www.people.ku.edu/~jyounger/LinearA/HTtexts.html
youngerarchive,HT 98,b.2_stmt,DA RU NE TE,https://web.archive.org/web/20190416193018/http://www.people.ku.edu/~jyounger/LinearA/HTtexts.html,younger_table_statement,2026-02-24T02:56:37Z,YoungerArchive,https://web.archive.org/web/20190416193018/http://www.people.ku.edu/~jyounger/LinearA/HTtexts.html
sigla,HT 98A,word_2,[?] AB45,http://sigla.phis.me/document/HT%2098a/index-word.html,sigla_word_seq_pattern,2026-02-24T02:56:37Z,SigLA,http://sigla.phis.me/document/HT%2098a/index-word.html
sigla,HT 98A,word_3,AB69,http://sigla.phis.me/document/HT%2098a/index-word.html,sigla_word_seq_pattern,2026-02-24T02:56:37Z,SigLA,http://sigla.phis.me/document/HT%2098a/index-word.html
sigla,HT 98A,word_4,AB59 AB06 AB37,http://sigla.phis.me/document/HT%2098a/index-word.html,sigla_word_seq_pattern,2026-02-24T02:56:37Z,SigLA,http://sigla.phis.me/document/HT%2098a/index-word.html
sigla,HT 98A,word_5,AB07 AB27 AB07 AB06,http://sigla.phis.me/document/HT%2098a/index-word.html,sigla_word_seq_pattern,2026-02-24T02:56:37Z,SigLA,http://sigla.phis.me/document/HT%2098a/index-word.html
sigla,HT 98A,word_6,AB04 A301,http://sigla.phis.me/document/HT%2098a/index-word.html,sigla_word_seq_pattern,2026-02-24T02:56:37Z,SigLA,http://sigla.phis.me/document/HT%2098a/index-word.html
sigla,HT 98A,word_7,AB02 AB44,http://sigla.phis.me/document/HT%2098a/index-word.html,sigla_word_seq_pattern,2026-02-24T02:56:37Z,SigLA,http://sigla.phis.me/document/HT%2098a/index-word.html
sigla,HT 98A,word_8,AB77 AB53 A310 AB28,http://sigla.phis.me/document/HT%2098a/index-word.html,sigla_word_seq_pattern,2026-02-24T02:56:37Z,SigLA,http://sigla.phis.me/document/HT%2098a/index-word.html
sigla,HT 98B,word_1,AB01 AB26 AB24 AB04,http://sigla.phis.me/document/HT%2098b/index-word.html,sigla_word_seq_pattern,2026-02-24T02:56:37Z,SigLA,http://sigla.phis.me/document/HT%2098b/index-word.html
youngerarchive,HT 99,a.1_stmt,A DU,https://web.archive.org/web/20190416193018/http://www.people.ku.edu/~jyounger/LinearA/HTtexts.html,younger_table_statement,2026-02-24T02:56:37Z,YoungerArchive,https://web.archive.org/web/20190416193018/http://www.people.ku.edu/~jyounger/LinearA/HTtexts.html
youngerarchive,HT 99,a.1_stmt,SA RA2,https://web.archive.org/web/20190416193018/http://www.people.ku.edu/~jyounger/LinearA/HTtexts.html,younger_table_statement,2026-02-24T02:56:37Z,YoungerArchive,https://web.archive.org/web/20190416193018/http://www.people.ku.edu/~jyounger/LinearA/HTtexts.html
youngerarchive,HT 99,a.2_log,FIC,https://web.archive.org/web/20190416193018/http://www.people.ku.edu/~jyounger/LinearA/HTtexts.html,younger_table_logogram,2026-02-24T02:56:37Z,YoungerArchive,https://web.archive.org/web/20190416193018/http://www.people.ku.edu/~jyounger/LinearA/HTtexts.html
youngerarchive,HT 99,a.2_log,GRA QE[,https://web.archive.org/web/20190416193018/http://www.people.ku.edu/~jyounger/LinearA/HTtexts.html,younger_table_logogram,2026-02-24T02:56:37Z,YoungerArchive,https://web.archive.org/web/20190416193018/http://www.people.ku.edu/~jyounger/LinearA/HTtexts.html
youngerarchive,HT 99,a.2_log,VINA,https://web.archive.org/web/20190416193018/http://www.people.ku.edu/~jyounger/LinearA/HTtexts.html,younger_table_logogram,2026-02-24T02:56:37Z,YoungerArchive,https://web.archive.org/web/20190416193018/http://www.people.ku.edu/~jyounger/LinearA/HTtexts.html
youngerarchive,HT 99,b.1_log,SI SE FIC,https://web.archive.org/web/20190416193018/http://www.people.ku.edu/~jyounger/LinearA/HTtexts.html,younger_table_logogram,2026-02-24T02:56:37Z,YoungerArchive,https://web.archive.org/web/20190416193018/http://www.people.ku.edu/~jyounger/LinearA/HTtexts.html
youngerarchive,HT 99,b.1_stmt,DA SI,https://web.archive.org/web/20190416193018/http://www.people.ku.edu/~jyounger/LinearA/HTtexts.html,younger_table_statement,2026-02-24T02:56:37Z,YoungerArchive,https://web.archive.org/web/20190416193018/http://www.people.ku.edu/~jyounger/LinearA/HTtexts.html
youngerarchive,HT 99,b.1_stmt,ZU DU,https://web.archive.org/web/20190416193018/http://www.people.ku.edu/~jyounger/LinearA/HTtexts.html,younger_table_statement,2026-02-24T02:56:37Z,YoungerArchive,https://web.archive.org/web/20190416193018/http://www.people.ku.edu/~jyounger/LinearA/HTtexts.html
youngerarchive,HT 99,b.2-3_stmt,RU MA TA,https://web.archive.org/web/20190416193018/http://www.people.ku.edu/~jyounger/LinearA/HTtexts.html,younger_table_statement,2026-02-24T02:56:37Z,YoungerArchive,https://web.archive.org/web/20190416193018/http://www.people.ku.edu/~jyounger/LinearA/HTtexts.html
sigla,HT 99A,word_1,AB08 AB51,http://sigla.phis.me/document/HT%2099a/index-word.html,sigla_word_seq_pattern,2026-02-24T02:56:37Z,SigLA,http://sigla.phis.me/document/HT%2099a/index-word.html
sigla,HT 99A,word_2,AB31 AB76,http://sigla.phis.me/document/HT%2099a/index-word.html,sigla_word_seq_pattern,2026-02-24T02:56:37Z,SigLA,http://sigla.phis.me/document/HT%2099a/index-word.html
sigla,HT 99B,word_1,AB01 AB41 AB118,http://sigla.phis.me/document/HT%2099b/index-word.html,sigla_word_seq_pattern,2026-02-24T02:56:37Z,SigLA,http://sigla.phis.me/document/HT%2099b/index-word.html
sigla,HT 99B,word_2,AB79 AB51,http://sigla.phis.me/document/HT%2099b/index-word.html,sigla_word_seq_pattern,2026-02-24T02:56:37Z,SigLA,http://sigla.phis.me/document/HT%2099b/index-word.html
sigla,HT 99B,word_3,AB26 AB80 AB59,http://sigla.phis.me/document/HT%2099b/index-word.html,sigla_word_seq_pattern,2026-02-24T02:56:37Z,SigLA,http://sigla.phis.me/document/HT%2099b/index-word.html
sigla,HT 9A,word_1,AB31 AB02,http://sigla.phis.me/document/HT%209a/index-word.html,sigla_word_seq_pattern,2026-02-24T02:56:37Z,SigLA,http://sigla.phis.me/document/HT%209a/index-word.html
sigla,HT 9A,word_2,AB03 AB45,http://sigla.phis.me/document/HT%209a/index-word.html,sigla_word_seq_pattern,2026-02-24T02:56:37Z,SigLA,http://sigla.phis.me/document/HT%209a/index-word.html
sigla,HT 9A,word_3,A306 AB69,http://sigla.phis.me/document/HT%209a/index-word.html,sigla_word_seq_pattern,2026-02-24T02:56:37Z,SigLA,http://sigla.phis.me/document/HT%209a/index-word.html
sigla,HT 9A,word_4,AB07 AB06 AB10,http://sigla.phis.me/document/HT%209a/index-word.html,sigla_word_seq_pattern,2026-02-24T02:56:37Z,SigLA,http://sigla.phis.me/document/HT%209a/index-word.html
sigla,HT 9A,word_5,AB78 AB50,http://sigla.phis.me/document/HT%209a/index-word.html,sigla_word_seq_pattern,2026-02-24T02:56:37Z,SigLA,http://sigla.phis.me/document/HT%209a/index-word.html
sigla,HT 9A,word_6,A324 AB07 AB60,http://sigla.phis.me/document/HT%209a/index-word.html,sigla_word_seq_pattern,2026-02-24T02:56:37Z,SigLA,http://sigla.phis.me/document/HT%209a/index-word.html
sigla,HT 9A,word_7,AB59 AB28 AB123,http://sigla.phis.me/document/HT%209a/index-word.html,sigla_word_seq_pattern,2026-02-24T02:56:37Z,SigLA,http://sigla.phis.me/document/HT%209a/index-word.html
sigla,HT 9A,word_8,AB08 AB26 AB81 AB02,http://sigla.phis.me/document/HT%209a/index-word.html,sigla_word_seq_pattern,2026-02-24T02:56:37Z,SigLA,http://sigla.phis.me/document/HT%209a/index-word.html
sigla,HT 9B,word_1,AB54 AB57 AB39 [?],http://sigla.phis.me/document/HT%209b/index-word.html,sigla_word_seq_pattern,2026-02-24T02:56:37Z,SigLA,http://sigla.phis.me/document/HT%209b/index-word.html
sigla,HT 9B,word_10,AB81 AB02,http://sigla.phis.me/document/HT%209b/index-word.html,sigla_word_seq_pattern,2026-02-24T02:56:37Z,SigLA,http://sigla.phis.me/document/HT%209b/index-word.html
sigla,HT 9B,word_2,AB77 A305,http://sigla.phis.me/document/HT%209b/index-word.html,sigla_word_seq_pattern,2026-02-24T02:56:37Z,SigLA,http://sigla.phis.me/document/HT%209b/index-word.html
sigla,HT 9B,word_3,AB03 AB45,http://sigla.phis.me/document/HT%209b/index-word.html,sigla_word_seq_pattern,2026-02-24T02:56:37Z,SigLA,http://sigla.phis.me/document/HT%209b/index-word.html
sigla,HT 9B,word_4,AB08 AB41,http://sigla.phis.me/document/HT%209b/index-word.html,sigla_word_seq_pattern,2026-02-24T02:56:37Z,SigLA,http://sigla.phis.me/document/HT%209b/index-word.html
sigla,HT 9B,word_5,A306 AB69,http://sigla.phis.me/document/HT%209b/index-word.html,sigla_word_seq_pattern,2026-02-24T02:56:37Z,SigLA,http://sigla.phis.me/document/HT%209b/index-word.html
sigla,HT 9B,word_6,A324 AB07 AB60,http://sigla.phis.me/document/HT%209b/index-word.html,sigla_word_seq_pattern,2026-02-24T02:56:37Z,SigLA,http://sigla.phis.me/document/HT%209b/index-word.html
sigla,HT 9B,word_7,AB78 AB50,http://sigla.phis.me/document/HT%209b/index-word.html,sigla_word_seq_pattern,2026-02-24T02:56:37Z,SigLA,http://sigla.phis.me/document/HT%209b/index-word.html
sigla,HT 9B,word_8,AB59 AB28 AB123,http://sigla.phis.me/document/HT%209b/index-word.html,sigla_word_seq_pattern,2026-02-24T02:56:37Z,SigLA,http://sigla.phis.me/document/HT%209b/index-word.html
sigla,HT 9B,word_9,AB07 AB06 AB10,http://sigla.phis.me/document/HT%209b/index-word.html,sigla_word_seq_pattern,2026-02-24T02:56:37Z,SigLA,http://sigla.phis.me/document/HT%209b/index-word.html
sigla,HT WA 1001,word_1,AB01 AB77,http://sigla.phis.me/document/HT%20Wa%201001/index-word.html,sigla_word_seq_pattern,2026-02-24T02:56:37Z,SigLA,http://sigla.phis.me/document/HT%20Wa%201001/index-word.html
sigla,HT WA 1002,word_1,AB01 AB77,http://sigla.phis.me/document/HT%20Wa%201002/index-word.html,sigla_word_seq_pattern,2026-02-24T02:56:37Z,SigLA,http://sigla.phis.me/document/HT%20Wa%201002/index-word.html
sigla,HT WA 1003,word_1,AB01 AB77,http://sigla.phis.me/document/HT%20Wa%201003/index-word.html,sigla_word_seq_pattern,2026-02-24T02:56:37Z,SigLA,http://sigla.phis.me/document/HT%20Wa%201003/index-word.html
sigla,HT WA 1004,word_1,AB01 AB77,http://sigla.phis.me/document/HT%20Wa%201004/index-word.html,sigla_word_seq_pattern,2026-02-24T02:56:37Z,SigLA,http://sigla.phis.me/document/HT%20Wa%201004/index-word.html
sigla,HT WA 1005,word_1,AB01 AB77,http://sigla.phis.me/document/HT%20Wa%201005/index-word.html,sigla_word_seq_pattern,2026-02-24T02:56:37Z,SigLA,http://sigla.phis.me/document/HT%20Wa%201005/index-word.html
sigla,HT WA 1006,word_1,AB28 AB76,http://sigla.phis.me/document/HT%20Wa%201006/index-word.html,sigla_word_seq_pattern,2026-02-24T02:56:37Z,SigLA,http://sigla.phis.me/document/HT%20Wa%201006/index-word.html
sigla,HT WA 1007,word_1,AB28 AB76,http://sigla.phis.me/document/HT%20Wa%201007/index-word.html,sigla_word_seq_pattern,2026-02-24T02:56:37Z,SigLA,http://sigla.phis.me/document/HT%20Wa%201007/index-word.html
sigla,HT WA 1008,word_1,AB28 AB76,http://sigla.phis.me/document/HT%20Wa%201008/index-word.html,sigla_word_seq_pattern,2026-02-24T02:56:37Z,SigLA,http://sigla.phis.me/document/HT%20Wa%201008/index-word.html
sigla,HT WA 1009,word_1,AB28 AB76,http://sigla.phis.me/document/HT%20Wa%201009/index-word.html,sigla_word_seq_pattern,2026-02-24T02:56:37Z,SigLA,http://sigla.phis.me/document/HT%20Wa%201009/index-word.html
sigla,HT WA 1010,word_1,AB28 AB76,http://sigla.phis.me/document/HT%20Wa%201010/index-word.html,sigla_word_seq_pattern,2026-02-24T02:56:37Z,SigLA,http://sigla.phis.me/document/HT%20Wa%201010/index-word.html
sigla,HT WA 1011,word_1,AB28 AB76,http://sigla.phis.me/document/HT%20Wa%201011/index-word.html,sigla_word_seq_pattern,2026-02-24T02:56:37Z,SigLA,http://sigla.phis.me/document/HT%20Wa%201011/index-word.html
sigla,HT WA 1012,word_1,AB28 AB76,http://sigla.phis.me/document/HT%20Wa%201012/index-word.html,sigla_word_seq_pattern,2026-02-24T02:56:37Z,SigLA,http://sigla.phis.me/document/HT%20Wa%201012/index-word.html
sigla,HT WA 1013,word_1,AB28 AB76,http://sigla.phis.me/document/HT%20Wa%201013/index-word.html,sigla_word_seq_pattern,2026-02-24T02:56:37Z,SigLA,http://sigla.phis.me/document/HT%20Wa%201013/index-word.html
sigla,HT WA 1014,word_1,AB41 AB77,http://sigla.phis.me/document/HT%20Wa%201014/index-word.html,sigla_word_seq_pattern,2026-02-24T02:56:37Z,SigLA,http://sigla.phis.me/document/HT%20Wa%201014/index-word.html
sigla,HT WA 1015,word_1,AB41 AB77,http://sigla.phis.me/document/HT%20Wa%201015/index-word.html,sigla_word_seq_pattern,2026-02-24T02:56:37Z,SigLA,http://sigla.phis.me/document/HT%20Wa%201015/index-word.html
sigla,HT WA 1016,word_1,AB41 AB77,http://sigla.phis.me/document/HT%20Wa%201016/index-word.html,sigla_word_seq_pattern,2026-02-24T02:56:37Z,SigLA,http://sigla.phis.me/document/HT%20Wa%201016/index-word.html
sigla,HT WA 1017,word_1,AB41 AB77,http://sigla.phis.me/document/HT%20Wa%201017/index-word.html,sigla_word_seq_pattern,2026-02-24T02:56:37Z,SigLA,http://sigla.phis.me/document/HT%20Wa%201017/index-word.html
sigla,HT WA 1018,word_1,AB41 AB77,http://sigla.phis.me/document/HT%20Wa%201018/index-word.html,sigla_word_seq_pattern,2026-02-24T02:56:37Z,SigLA,http://sigla.phis.me/document/HT%20Wa%201018/index-word.html
sigla,HT WA 1019,word_1,AB03 AB59 AB24,http://sigla.phis.me/document/HT%20Wa%201019%CE%B1/index-word.html,sigla_word_seq_pattern,2026-02-24T02:56:37Z,SigLA,http://sigla.phis.me/document/HT%20Wa%201019%CE%B1/index-word.html
sigla,HT WA 1019,word_1,AB41 AB69,http://sigla.phis.me/document/HT%20Wa%201019%CE%B3/index-word.html,sigla_word_seq_pattern,2026-02-24T02:56:37Z,SigLA,http://sigla.phis.me/document/HT%20Wa%201019%CE%B3/index-word.html
sigla,HT WA 1020,word_1,A629,http://sigla.phis.me/document/HT%20Wa%201020%CE%B1/index-word.html,sigla_word_seq_pattern,2026-02-24T02:56:37Z,SigLA,http://sigla.phis.me/document/HT%20Wa%201020%CE%B1/index-word.html
sigla,HT WA 1020,word_1,AB46 AB59 AB06,http://sigla.phis.me/document/HT%20Wa%201020%CE%B3/index-word.html,sigla_word_seq_pattern,2026-02-24T02:56:37Z,SigLA,http://sigla.phis.me/document/HT%20Wa%201020%CE%B3/index-word.html
sigla,HT WA 1020,word_2,AB81 AB03,http://sigla.phis.me/document/HT%20Wa%201020%CE%B1/index-word.html,sigla_word_seq_pattern,2026-02-24T02:56:37Z,SigLA,http://sigla.phis.me/document/HT%20Wa%201020%CE%B1/index-word.html
sigla,HT WA 1021,word_1,AB188 AB51,http://sigla.phis.me/document/HT%20Wa%201021%CE%B1/index-word.html,sigla_word_seq_pattern,2026-02-24T02:56:37Z,SigLA,http://sigla.phis.me/document/HT%20Wa%201021%CE%B1/index-word.html
sigla,HT WA 1028,word_1,AB41,http://sigla.phis.me/document/HT%20Wa%201028%CE%B1/index-word.html,sigla_word_seq_pattern,2026-02-24T02:56:37Z,SigLA,http://sigla.phis.me/document/HT%20Wa%201028%CE%B1/index-word.html
sigla,HT WA 1028,word_1,AB77,http://sigla.phis.me/document/HT%20Wa%201028%CE%B3/index-word.html,sigla_word_seq_pattern,2026-02-24T02:56:37Z,SigLA,http://sigla.phis.me/document/HT%20Wa%201028%CE%B3/index-word.html
sigla,HT WA 1029,word_1,A301,http://sigla.phis.me/document/HT%20Wa%201029%CE%B1/index-word.html,sigla_word_seq_pattern,2026-02-24T02:56:37Z,SigLA,http://sigla.phis.me/document/HT%20Wa%201029%CE%B1/index-word.html
sigla,HT WA 1242,word_1,AB41,http://sigla.phis.me/document/HT%20Wa%201242/index-word.html,sigla_word_seq_pattern,2026-02-24T02:56:37Z,SigLA,http://sigla.phis.me/document/HT%20Wa%201242/index-word.html
youngerarchive,HT WC 3001,.a: PA-SE-JA_stmt,B J,https://web.archive.org/web/20190416193018/http://www.people.ku.edu/~jyounger/LinearA/HTtexts.html,younger_table_statement,2026-02-24T02:56:37Z,YoungerArchive,https://web.archive.org/web/20190416193018/http://www.people.ku.edu/~jyounger/LinearA/HTtexts.html
sigla,HT WC 3001,word_1,AB03 AB09 AB57,http://sigla.phis.me/document/HT%20Wc%203001/index-word.html,sigla_word_seq_pattern,2026-02-24T02:56:37Z,SigLA,http://sigla.phis.me/document/HT%20Wc%203001/index-word.html
sigla,HT WC 3002,word_1,AB03 AB09 AB57,http://sigla.phis.me/document/HT%20Wc%203002/index-word.html,sigla_word_seq_pattern,2026-02-24T02:56:37Z,SigLA,http://sigla.phis.me/document/HT%20Wc%203002/index-word.html
sigla,HT WC 3003,word_1,AB77 AB27 AB02,http://sigla.phis.me/document/HT%20Wc%203003/index-word.html,sigla_word_seq_pattern,2026-02-24T02:56:37Z,SigLA,http://sigla.phis.me/document/HT%20Wc%203003/index-word.html
youngerarchive,HT WC 3004,.a: TA-NI-KA_stmt,B SE,https://web.archive.org/web/20190416193018/http://www.people.ku.edu/~jyounger/LinearA/HTtexts.html,younger_table_statement,2026-02-24T02:56:37Z,YoungerArchive,https://web.archive.org/web/20190416193018/http://www.people.ku.edu/~jyounger/LinearA/HTtexts.html
sigla,HT WC 3004A,word_1,AB79 AB30 AB77,http://sigla.phis.me/document/HT%20Wc%203004a/index-word.html,sigla_word_seq_pattern,2026-02-24T02:56:37Z,SigLA,http://sigla.phis.me/document/HT%20Wc%203004a/index-word.html
youngerarchive,HT WC 3005,a: TA-NI- KA_stmt,B SE,https://web.archive.org/web/20190416193018/http://www.people.ku.edu/~jyounger/LinearA/HTtexts.html,younger_table_statement,2026-02-24T02:56:37Z,YoungerArchive,https://web.archive.org/web/20190416193018/http://www.people.ku.edu/~jyounger/LinearA/HTtexts.html
sigla,HT WC 3005A,word_1,AB59 AB30 AB77,http://sigla.phis.me/document/HT%20Wc%203005a/index-word.html,sigla_word_seq_pattern,2026-02-24T02:56:37Z,SigLA,http://sigla.phis.me/document/HT%20Wc%203005a/index-word.html
youngerarchive,HT WC 3006,a: WA-O-MI_stmt,B RA PU3 RA,https://web.archive.org/web/20190416193018/http://www.people.ku.edu/~jyounger/LinearA/HTtexts.html,younger_table_statement,2026-02-24T02:56:37Z,YoungerArchive,https://web.archive.org/web/20190416193018/http://www.people.ku.edu/~jyounger/LinearA/HTtexts.html
sigla,HT WC 3006A,word_1,AB54 AB61 AB73,http://sigla.phis.me/document/HT%20Wc%203006a/index-word.html,sigla_word_seq_pattern,2026-02-24T02:56:37Z,SigLA,http://sigla.phis.me/document/HT%20Wc%203006a/index-word.html
sigla,HT WC 3006B,word_1,AB60 A314 AB60,http://sigla.phis.me/document/HT%20Wc%203006b/index-word.html,sigla_word_seq_pattern,2026-02-24T02:56:37Z,SigLA,http://sigla.phis.me/document/HT%20Wc%203006b/index-word.html
sigla,HT WC 3007,word_1,AB54 AB07 AB30,http://sigla.phis.me/document/HT%20Wc%203007/index-word.html,sigla_word_seq_pattern,2026-02-24T02:56:37Z,SigLA,http://sigla.phis.me/document/HT%20Wc%203007/index-word.html
youngerarchive,HT WC 3008,a: WA-DI-NI_stmt,B RU JA TA DI,https://web.archive.org/web/20190416193018/http://www.people.ku.edu/~jyounger/LinearA/HTtexts.html,younger_table_statement,2026-02-24T02:56:37Z,YoungerArchive,https://web.archive.org/web/20190416193018/http://www.people.ku.edu/~jyounger/LinearA/HTtexts.html
sigla,HT WC 3008A,word_1,AB54 AB07 AB30,http://sigla.phis.me/document/HT%20Wc%203008a/index-word.html,sigla_word_seq_pattern,2026-02-24T02:56:37Z,SigLA,http://sigla.phis.me/document/HT%20Wc%203008a/index-word.html
sigla,HT WC 3008B,word_1,AB26 AB57 AB59 AB07,http://sigla.phis.me/document/HT%20Wc%203008b/index-word.html,sigla_word_seq_pattern,2026-02-24T02:56:37Z,SigLA,http://sigla.phis.me/document/HT%20Wc%203008b/index-word.html
sigla,HT WC 3009A,word_1,A333 AB07 AB58 AB77,http://sigla.phis.me/document/HT%20Wc%203009a/index-word.html,sigla_word_seq_pattern,2026-02-24T02:56:37Z,SigLA,http://sigla.phis.me/document/HT%20Wc%203009a/index-word.html
sigla,HT WC 3010,word_1,A333 AB07 AB06 AB58 AB77,http://sigla.phis.me/document/HT%20Wc%203010/index-word.html,sigla_word_seq_pattern,2026-02-24T02:56:37Z,SigLA,http://sigla.phis.me/document/HT%20Wc%203010/index-word.html
sigla,HT WC 3011,word_1,AB79 AB07 AB60,http://sigla.phis.me/document/HT%20Wc%203011/index-word.html,sigla_word_seq_pattern,2026-02-24T02:56:37Z,SigLA,http://sigla.phis.me/document/HT%20Wc%203011/index-word.html
youngerarchive,HT WC 3012,a: ZU-DI-RA_stmt,B RE RO,https://web.archive.org/web/20190416193018/http://www.people.ku.edu/~jyounger/LinearA/HTtexts.html,younger_table_statement,2026-02-24T02:56:37Z,YoungerArchive,https://web.archive.org/web/20190416193018/http://www.people.ku.edu/~jyounger/LinearA/HTtexts.html
sigla,HT WC 3012A,word_1,AB79 AB07 AB60,http://sigla.phis.me/document/HT%20Wc%203012a/index-word.html,sigla_word_seq_pattern,2026-02-24T02:56:37Z,SigLA,http://sigla.phis.me/document/HT%20Wc%203012a/index-word.html
sigla,HT WC 3012B,word_1,AB27 AB02,http://sigla.phis.me/document/HT%20Wc%203012b/index-word.html,sigla_word_seq_pattern,2026-02-24T02:56:37Z,SigLA,http://sigla.phis.me/document/HT%20Wc%203012b/index-word.html
youngerarchive,HT WC 3013,statement_log,NO OFIMPRESSIONS,https://web.archive.org/web/20190416193018/http://www.people.ku.edu/~jyounger/LinearA/HTtexts.html,younger_table_logogram,2026-02-24T02:56:37Z,YoungerArchive,https://web.archive.org/web/20190416193018/http://www.people.ku.edu/~jyounger/LinearA/HTtexts.html
youngerarchive,HT WC 3014,a-b: KU-MI-NA-QE_stmt,B CAP,https://web.archive.org/web/20190416193018/http://www.people.ku.edu/~jyounger/LinearA/HTtexts.html,younger_table_statement,2026-02-24T02:56:37Z,YoungerArchive,https://web.archive.org/web/20190416193018/http://www.people.ku.edu/~jyounger/LinearA/HTtexts.html
sigla,HT WC 3014A,word_1,AB81 AB73 AB06,http://sigla.phis.me/document/HT%20Wc%203014a/index-word.html,sigla_word_seq_pattern,2026-02-24T02:56:37Z,SigLA,http://sigla.phis.me/document/HT%20Wc%203014a/index-word.html
sigla,HT WC 3014B,word_1,AB78,http://sigla.phis.me/document/HT%20Wc%203014b/index-word.html,sigla_word_seq_pattern,2026-02-24T02:56:37Z,SigLA,http://sigla.phis.me/document/HT%20Wc%203014b/index-word.html
sigla,HT WC 3015A,word_1,AB77 AB81 AB03,http://sigla.phis.me/document/HT%20Wc%203015a/index-word.html,sigla_word_seq_pattern,2026-02-24T02:56:37Z,SigLA,http://sigla.phis.me/document/HT%20Wc%203015a/index-word.html
youngerarchive,HT WC 3016,a: KA-KU-PA_stmt,B PA D,https://web.archive.org/web/20190416193018/http://www.people.ku.edu/~jyounger/LinearA/HTtexts.html,younger_table_statement,2026-02-24T02:56:37Z,YoungerArchive,https://web.archive.org/web/20190416193018/http://www.people.ku.edu/~jyounger/LinearA/HTtexts.html
sigla,HT WC 3016A,word_1,AB77 AB81 AB03,http://sigla.phis.me/document/HT%20Wc%203016a/index-word.html,sigla_word_seq_pattern,2026-02-24T02:56:37Z,SigLA,http://sigla.phis.me/document/HT%20Wc%203016a/index-word.html
sigla,HT WC 3017A,word_1,AB16 AB81 AB27 AB06 A306,http://sigla.phis.me/document/HT%20Wc%203017a/index-word.html,sigla_word_seq_pattern,2026-02-24T02:56:37Z,SigLA,http://sigla.phis.me/document/HT%20Wc%203017a/index-word.html
youngerarchive,HT WC 3018,a: KA_stmt,B D,https://web.archive.org/web/20190416193018/http://www.people.ku.edu/~jyounger/LinearA/HTtexts.html,younger_table_statement,2026-02-24T02:56:37Z,YoungerArchive,https://web.archive.org/web/20190416193018/http://www.people.ku.edu/~jyounger/LinearA/HTtexts.html
youngerarchive,HT WC 3019,table1_row2_stmt,A TELA3 B E,https://web.archive.org/web/20190416193018/http://www.people.ku.edu/~jyounger/LinearA/HTtexts.html,younger_table_statement,2026-02-24T02:56:37Z,YoungerArchive,https://web.archive.org/web/20190416193018/http://www.people.ku.edu/~jyounger/LinearA/HTtexts.html
sigla,HT WC 3020A,word_1,AB188 AB51,http://sigla.phis.me/document/HT%20Wc%203020a/index-word.html,sigla_word_seq_pattern,2026-02-24T02:56:37Z,SigLA,http://sigla.phis.me/document/HT%20Wc%203020a/index-word.html
youngerarchive,HT WC 3022,table1_row2_stmt,VIR,https://web.archive.org/web/20190416193018/http://www.people.ku.edu/~jyounger/LinearA/HTtexts.html,younger_table_statement,2026-02-24T02:56:37Z,YoungerArchive,https://web.archive.org/web/20190416193018/http://www.people.ku.edu/~jyounger/LinearA/HTtexts.html
youngerarchive,HT WC 3024,a: A-RA-TU- ME_stmt,B OVISF,https://web.archive.org/web/20190416193018/http://www.people.ku.edu/~jyounger/LinearA/HTtexts.html,younger_table_statement,2026-02-24T02:56:37Z,YoungerArchive,https://web.archive.org/web/20190416193018/http://www.people.ku.edu/~jyounger/LinearA/HTtexts.html
youngerarchive,HT WE WC 3020,a: *188-DU_stmt,B PA D,https://web.archive.org/web/20190416193018/http://www.people.ku.edu/~jyounger/LinearA/HTtexts.html,younger_table_statement,2026-02-24T02:56:37Z,YoungerArchive,https://web.archive.org/web/20190416193018/http://www.people.ku.edu/~jyounger/LinearA/HTtexts.html
sigla,HT ZB 158A,word_1,[?] AB69 AB09 AB58 AB67,http://sigla.phis.me/document/HT%20Zb%20158a/index-word.html,sigla_word_seq_pattern,2026-02-24T02:56:37Z,SigLA,http://sigla.phis.me/document/HT%20Zb%20158a/index-word.html
sigla,HT ZB 158B,word_1,AB58 AB67 AB53 AB04 AB28 AB57,http://sigla.phis.me/document/HT%20Zb%20158b/index-word.html,sigla_word_seq_pattern,2026-02-24T02:56:37Z,SigLA,http://sigla.phis.me/document/HT%20Zb%20158b/index-word.html
sigla,HT ZB 159,word_1,AB08 AB06 AB55 AB41 AB57 AB09,http://sigla.phis.me/document/HT%20Zb%20159/index-word.html,sigla_word_seq_pattern,2026-02-24T02:56:37Z,SigLA,http://sigla.phis.me/document/HT%20Zb%20159/index-word.html
sigla,HT ZB 160,word_1,AB03 AB59 AB01,http://sigla.phis.me/document/HT%20Zb%20160/index-word.html,sigla_word_seq_pattern,2026-02-24T02:56:37Z,SigLA,http://sigla.phis.me/document/HT%20Zb%20160/index-word.html
sigla,HT ZB 160,word_2,AB51 AB29 AB27,http://sigla.phis.me/document/HT%20Zb%20160/index-word.html,sigla_word_seq_pattern,2026-02-24T02:56:37Z,SigLA,http://sigla.phis.me/document/HT%20Zb%20160/index-word.html
sigla,HT ZB 161,word_1,AB41 AB50,http://sigla.phis.me/document/HT%20Zb%20161/index-word.html,sigla_word_seq_pattern,2026-02-24T02:56:37Z,SigLA,http://sigla.phis.me/document/HT%20Zb%20161/index-word.html
sigla,HT ZD 155,word_1,AB08 AB65,http://sigla.phis.me/document/HT%20Zd%20155/index-word.html,sigla_word_seq_pattern,2026-02-24T02:56:37Z,SigLA,http://sigla.phis.me/document/HT%20Zd%20155/index-word.html
sigla,HT ZD 155,word_2,AB06 AB80 AB80 AB37 AB37 A319,http://sigla.phis.me/document/HT%20Zd%20155/index-word.html,sigla_word_seq_pattern,2026-02-24T02:56:37Z,SigLA,http://sigla.phis.me/document/HT%20Zd%20155/index-word.html
sigla,HT ZD 156,word_1,AB59 AB57,http://sigla.phis.me/document/HT%20Zd%20156/index-word.html,sigla_word_seq_pattern,2026-02-24T02:56:37Z,SigLA,http://sigla.phis.me/document/HT%20Zd%20156/index-word.html
sigla,HT ZD 157,word_1,AB40 AB57 AB58,http://sigla.phis.me/document/HT%20Zd%20157/index-word.html,sigla_word_seq_pattern,2026-02-24T02:56:37Z,SigLA,http://sigla.phis.me/document/HT%20Zd%20157/index-word.html
sigla,HT ZD 157,word_2,AB80 AB37 AB37 A319,http://sigla.phis.me/document/HT%20Zd%20157/index-word.html,sigla_word_seq_pattern,2026-02-24T02:56:37Z,SigLA,http://sigla.phis.me/document/HT%20Zd%20157/index-word.html
youngerarchive,KE 1,.1_stmt,KA SA,https://web.archive.org/web/20190416192926/http://www.people.ku.edu/~jyounger/LinearA/misctexts.html,younger_table_statement,2026-02-24T02:56:37Z,YoungerArchive,https://web.archive.org/web/20190416192926/http://www.people.ku.edu/~jyounger/LinearA/misctexts.html
sigla,KE 1,word_1,AB77 AB31,http://sigla.phis.me/document/KE%201/index-word.html,sigla_word_seq_pattern,2026-02-24T02:56:37Z,SigLA,http://sigla.phis.me/document/KE%201/index-word.html
youngerarchive,KE WC 2,a: D_stmt,B B B,https://web.archive.org/web/20190416192926/http://www.people.ku.edu/~jyounger/LinearA/misctexts.html,younger_table_statement,2026-02-24T02:56:37Z,YoungerArchive,https://web.archive.org/web/20190416192926/http://www.people.ku.edu/~jyounger/LinearA/misctexts.html
sigla,KE ZB 4,word_1,AB57 AB41 AB38,http://sigla.phis.me/document/KE%20Zb%204/index-word.html,sigla_word_seq_pattern,2026-02-24T02:56:37Z,SigLA,http://sigla.phis.me/document/KE%20Zb%204/index-word.html
youngerarchive,KH 1,.1_log,GRA F,https://web.archive.org/web/20190416192926/http://www.people.ku.edu/~jyounger/LinearA/misctexts.html,younger_table_logogram,2026-02-24T02:56:37Z,YoungerArchive,https://web.archive.org/web/20190416192926/http://www.people.ku.edu/~jyounger/LinearA/misctexts.html
sigla,KH 1,word_1,AB46,http://sigla.phis.me/document/KH%201/index-word.html,sigla_word_seq_pattern,2026-02-24T02:56:37Z,SigLA,http://sigla.phis.me/document/KH%201/index-word.html
youngerarchive,KH 10,.2_log,GRA,https://web.archive.org/web/20190416192926/http://www.people.ku.edu/~jyounger/LinearA/misctexts.html,younger_table_logogram,2026-02-24T02:56:37Z,YoungerArchive,https://web.archive.org/web/20190416192926/http://www.people.ku.edu/~jyounger/LinearA/misctexts.html
youngerarchive,KH 10,.3-4_log,GRA,https://web.archive.org/web/20190416192926/http://www.people.ku.edu/~jyounger/LinearA/misctexts.html,younger_table_logogram,2026-02-24T02:56:37Z,YoungerArchive,https://web.archive.org/web/20190416192926/http://www.people.ku.edu/~jyounger/LinearA/misctexts.html
youngerarchive,KH 10,.3-4_stmt,A KI PI E TE,https://web.archive.org/web/20190416192926/http://www.people.ku.edu/~jyounger/LinearA/misctexts.html,younger_table_statement,2026-02-24T02:56:37Z,YoungerArchive,https://web.archive.org/web/20190416192926/http://www.people.ku.edu/~jyounger/LinearA/misctexts.html
youngerarchive,KH 10,.3_stmt,I PA SA JA QA,https://web.archive.org/web/20190416192926/http://www.people.ku.edu/~jyounger/LinearA/misctexts.html,younger_table_statement,2026-02-24T02:56:37Z,YoungerArchive,https://web.archive.org/web/20190416192926/http://www.people.ku.edu/~jyounger/LinearA/misctexts.html
sigla,KH 10,word_2,AB28 AB03 AB31 AB57,http://sigla.phis.me/document/KH%2010/index-word.html,sigla_word_seq_pattern,2026-02-24T02:56:37Z,SigLA,http://sigla.phis.me/document/KH%2010/index-word.html
sigla,KH 10,word_3,AB16 AB118,http://sigla.phis.me/document/KH%2010/index-word.html,sigla_word_seq_pattern,2026-02-24T02:56:37Z,SigLA,http://sigla.phis.me/document/KH%2010/index-word.html
sigla,KH 10,word_4,AB08 AB67 AB39 AB38 AB04,http://sigla.phis.me/document/KH%2010/index-word.html,sigla_word_seq_pattern,2026-02-24T02:56:37Z,SigLA,http://sigla.phis.me/document/KH%2010/index-word.html
youngerarchive,KH 100,.2_log,VIN[,https://web.archive.org/web/20190416192926/http://www.people.ku.edu/~jyounger/LinearA/misctexts.html,younger_table_logogram,2026-02-24T02:56:37Z,YoungerArchive,https://web.archive.org/web/20190416192926/http://www.people.ku.edu/~jyounger/LinearA/misctexts.html
sigla,KH 100,word_1,A352 A306,http://sigla.phis.me/document/KH%20100/index-word.html,sigla_word_seq_pattern,2026-02-24T02:56:37Z,SigLA,http://sigla.phis.me/document/KH%20100/index-word.html
sigla,KH 100,word_2,AB02,http://sigla.phis.me/document/KH%20100/index-word.html,sigla_word_seq_pattern,2026-02-24T02:56:37Z,SigLA,http://sigla.phis.me/document/KH%20100/index-word.html
sigla,KH 100,word_3,AB45,http://sigla.phis.me/document/KH%20100/index-word.html,sigla_word_seq_pattern,2026-02-24T02:56:37Z,SigLA,http://sigla.phis.me/document/KH%20100/index-word.html
youngerarchive,KH 11,.1_stmt,A DU ZA,https://web.archive.org/web/20190416192926/http://www.people.ku.edu/~jyounger/LinearA/misctexts.html,younger_table_statement,2026-02-24T02:56:37Z,YoungerArchive,https://web.archive.org/web/20190416192926/http://www.people.ku.edu/~jyounger/LinearA/misctexts.html
youngerarchive,KH 11,.2_log,VINA,https://web.archive.org/web/20190416192926/http://www.people.ku.edu/~jyounger/LinearA/misctexts.html,younger_table_logogram,2026-02-24T02:56:37Z,YoungerArchive,https://web.archive.org/web/20190416192926/http://www.people.ku.edu/~jyounger/LinearA/misctexts.html
youngerarchive,KH 11,.4-5_stmt,A TO TO I,https://web.archive.org/web/20190416192926/http://www.people.ku.edu/~jyounger/LinearA/misctexts.html,younger_table_statement,2026-02-24T02:56:37Z,YoungerArchive,https://web.archive.org/web/20190416192926/http://www.people.ku.edu/~jyounger/LinearA/misctexts.html
youngerarchive,KH 11,.5-6_stmt,A TE,https://web.archive.org/web/20190416192926/http://www.people.ku.edu/~jyounger/LinearA/misctexts.html,younger_table_statement,2026-02-24T02:56:37Z,YoungerArchive,https://web.archive.org/web/20190416192926/http://www.people.ku.edu/~jyounger/LinearA/misctexts.html
youngerarchive,KH 11,.5_log,FIC,https://web.archive.org/web/20190416192926/http://www.people.ku.edu/~jyounger/LinearA/misctexts.html,younger_table_logogram,2026-02-24T02:56:37Z,YoungerArchive,https://web.archive.org/web/20190416192926/http://www.people.ku.edu/~jyounger/LinearA/misctexts.html
youngerarchive,KH 11,.5_log,VINA,https://web.archive.org/web/20190416192926/http://www.people.ku.edu/~jyounger/LinearA/misctexts.html,younger_table_logogram,2026-02-24T02:56:37Z,YoungerArchive,https://web.archive.org/web/20190416192926/http://www.people.ku.edu/~jyounger/LinearA/misctexts.html
sigla,KH 11,word_1,AB08 AB51 [?] AB17,http://sigla.phis.me/document/KH%2011/index-word.html,sigla_word_seq_pattern,2026-02-24T02:56:37Z,SigLA,http://sigla.phis.me/document/KH%2011/index-word.html
sigla,KH 11,word_2,AB08 AB05 A349 AB05 AB28,http://sigla.phis.me/document/KH%2011/index-word.html,sigla_word_seq_pattern,2026-02-24T02:56:37Z,SigLA,http://sigla.phis.me/document/KH%2011/index-word.html
sigla,KH 11,word_3,AB08 AB59 A350,http://sigla.phis.me/document/KH%2011/index-word.html,sigla_word_seq_pattern,2026-02-24T02:56:37Z,SigLA,http://sigla.phis.me/document/KH%2011/index-word.html
youngerarchive,KH 12,.1_log,MI JA RU,https://web.archive.org/web/20190416192926/http://www.people.ku.edu/~jyounger/LinearA/misctexts.html,younger_table_logogram,2026-02-24T02:56:37Z,YoungerArchive,https://web.archive.org/web/20190416192926/http://www.people.ku.edu/~jyounger/LinearA/misctexts.html
youngerarchive,KH 12,.2_log,I [?],https://web.archive.org/web/20190416192926/http://www.people.ku.edu/~jyounger/LinearA/misctexts.html,younger_table_logogram,2026-02-24T02:56:37Z,YoungerArchive,https://web.archive.org/web/20190416192926/http://www.people.ku.edu/~jyounger/LinearA/misctexts.html
youngerarchive,KH 12,.3_log,*401VAS RU,https://web.archive.org/web/20190416192926/http://www.people.ku.edu/~jyounger/LinearA/misctexts.html,younger_table_logogram,2026-02-24T02:56:37Z,YoungerArchive,https://web.archive.org/web/20190416192926/http://www.people.ku.edu/~jyounger/LinearA/misctexts.html
youngerarchive,KH 12,.4_log,*401VAS RU,https://web.archive.org/web/20190416192926/http://www.people.ku.edu/~jyounger/LinearA/misctexts.html,younger_table_logogram,2026-02-24T02:56:37Z,YoungerArchive,https://web.archive.org/web/20190416192926/http://www.people.ku.edu/~jyounger/LinearA/misctexts.html
sigla,KH 12,word_1,A651,http://sigla.phis.me/document/KH%2012/index-word.html,sigla_word_seq_pattern,2026-02-24T02:56:37Z,SigLA,http://sigla.phis.me/document/KH%2012/index-word.html
youngerarchive,KH 13,.2_stmt,]A SE RE ZA[,https://web.archive.org/web/20190416192926/http://www.people.ku.edu/~jyounger/LinearA/misctexts.html,younger_table_statement,2026-02-24T02:56:37Z,YoungerArchive,https://web.archive.org/web/20190416192926/http://www.people.ku.edu/~jyounger/LinearA/misctexts.html
youngerarchive,KH 13,.4_stmt,]DA I[,https://web.archive.org/web/20190416192926/http://www.people.ku.edu/~jyounger/LinearA/misctexts.html,younger_table_statement,2026-02-24T02:56:37Z,YoungerArchive,https://web.archive.org/web/20190416192926/http://www.people.ku.edu/~jyounger/LinearA/misctexts.html
sigla,KH 13,word_1,AB08 AB09 AB27 AB17,http://sigla.phis.me/document/KH%2013/index-word.html,sigla_word_seq_pattern,2026-02-24T02:56:37Z,SigLA,http://sigla.phis.me/document/KH%2013/index-word.html
sigla,KH 13,word_2,[?] AB01 AB28,http://sigla.phis.me/document/KH%2013/index-word.html,sigla_word_seq_pattern,2026-02-24T02:56:37Z,SigLA,http://sigla.phis.me/document/KH%2013/index-word.html
youngerarchive,KH 14,.1_stmt,A MA JA,https://web.archive.org/web/20190416192926/http://www.people.ku.edu/~jyounger/LinearA/misctexts.html,younger_table_statement,2026-02-24T02:56:37Z,YoungerArchive,https://web.archive.org/web/20190416192926/http://www.people.ku.edu/~jyounger/LinearA/misctexts.html
sigla,KH 14,word_1,AB60,http://sigla.phis.me/document/KH%2014/index-word.html,sigla_word_seq_pattern,2026-02-24T02:56:37Z,SigLA,http://sigla.phis.me/document/KH%2014/index-word.html
sigla,KH 14,word_2,AB08 AB80 AB57,http://sigla.phis.me/document/KH%2014/index-word.html,sigla_word_seq_pattern,2026-02-24T02:56:37Z,SigLA,http://sigla.phis.me/document/KH%2014/index-word.html
sigla,KH 14,word_3,A303,http://sigla.phis.me/document/KH%2014/index-word.html,sigla_word_seq_pattern,2026-02-24T02:56:37Z,SigLA,http://sigla.phis.me/document/KH%2014/index-word.html
youngerarchive,KH 15,.1_log,FIC,https://web.archive.org/web/20190416192926/http://www.people.ku.edu/~jyounger/LinearA/misctexts.html,younger_table_logogram,2026-02-24T02:56:37Z,YoungerArchive,https://web.archive.org/web/20190416192926/http://www.people.ku.edu/~jyounger/LinearA/misctexts.html
youngerarchive,KH 16,.2_stmt,]U TA I SI,https://web.archive.org/web/20190416192926/http://www.people.ku.edu/~jyounger/LinearA/misctexts.html,younger_table_statement,2026-02-24T02:56:37Z,YoungerArchive,https://web.archive.org/web/20190416192926/http://www.people.ku.edu/~jyounger/LinearA/misctexts.html
sigla,KH 16,word_1,AB10 AB59 AB28 AB41,http://sigla.phis.me/document/KH%2016/index-word.html,sigla_word_seq_pattern,2026-02-24T02:56:37Z,SigLA,http://sigla.phis.me/document/KH%2016/index-word.html
sigla,KH 16,word_2,AB59 [?],http://sigla.phis.me/document/KH%2016/index-word.html,sigla_word_seq_pattern,2026-02-24T02:56:37Z,SigLA,http://sigla.phis.me/document/KH%2016/index-word.html
youngerarchive,KH 17,.3_log,FIC[,https://web.archive.org/web/20190416192926/http://www.people.ku.edu/~jyounger/LinearA/misctexts.html,younger_table_logogram,2026-02-24T02:56:37Z,YoungerArchive,https://web.archive.org/web/20190416192926/http://www.people.ku.edu/~jyounger/LinearA/misctexts.html
youngerarchive,KH 17,.4_log,]FIC,https://web.archive.org/web/20190416192926/http://www.people.ku.edu/~jyounger/LinearA/misctexts.html,younger_table_logogram,2026-02-24T02:56:37Z,YoungerArchive,https://web.archive.org/web/20190416192926/http://www.people.ku.edu/~jyounger/LinearA/misctexts.html
sigla,KH 17,word_1,AB08,http://sigla.phis.me/document/KH%2017/index-word.html,sigla_word_seq_pattern,2026-02-24T02:56:37Z,SigLA,http://sigla.phis.me/document/KH%2017/index-word.html
youngerarchive,KH 18,.2_stmt,I KU PI[,https://web.archive.org/web/20190416192926/http://www.people.ku.edu/~jyounger/LinearA/misctexts.html,younger_table_statement,2026-02-24T02:56:37Z,YoungerArchive,https://web.archive.org/web/20190416192926/http://www.people.ku.edu/~jyounger/LinearA/misctexts.html
youngerarchive,KH 18,.4_log,RO RO,https://web.archive.org/web/20190416192926/http://www.people.ku.edu/~jyounger/LinearA/misctexts.html,younger_table_logogram,2026-02-24T02:56:37Z,YoungerArchive,https://web.archive.org/web/20190416192926/http://www.people.ku.edu/~jyounger/LinearA/misctexts.html
youngerarchive,KH 18,.4_log,VINC,https://web.archive.org/web/20190416192926/http://www.people.ku.edu/~jyounger/LinearA/misctexts.html,younger_table_logogram,2026-02-24T02:56:37Z,YoungerArchive,https://web.archive.org/web/20190416192926/http://www.people.ku.edu/~jyounger/LinearA/misctexts.html
sigla,KH 18,word_1,AB28 AB81 AB39,http://sigla.phis.me/document/KH%2018/index-word.html,sigla_word_seq_pattern,2026-02-24T02:56:37Z,SigLA,http://sigla.phis.me/document/KH%2018/index-word.html
youngerarchive,KH 19,.2_log,OLE TA,https://web.archive.org/web/20190416192926/http://www.people.ku.edu/~jyounger/LinearA/misctexts.html,younger_table_logogram,2026-02-24T02:56:37Z,YoungerArchive,https://web.archive.org/web/20190416192926/http://www.people.ku.edu/~jyounger/LinearA/misctexts.html
sigla,KH 2,word_1,AB69 [?],http://sigla.phis.me/document/KH%202/index-word.html,sigla_word_seq_pattern,2026-02-24T02:56:37Z,SigLA,http://sigla.phis.me/document/KH%202/index-word.html
youngerarchive,KH 20,.2_stmt,A SI KI RA,https://web.archive.org/web/20190416192926/http://www.people.ku.edu/~jyounger/LinearA/misctexts.html,younger_table_statement,2026-02-24T02:56:37Z,YoungerArchive,https://web.archive.org/web/20190416192926/http://www.people.ku.edu/~jyounger/LinearA/misctexts.html
youngerarchive,KH 20,.4_log,FIC,https://web.archive.org/web/20190416192926/http://www.people.ku.edu/~jyounger/LinearA/misctexts.html,younger_table_logogram,2026-02-24T02:56:37Z,YoungerArchive,https://web.archive.org/web/20190416192926/http://www.people.ku.edu/~jyounger/LinearA/misctexts.html
youngerarchive,KH 20,.4_stmt,DU RE ZA,https://web.archive.org/web/20190416192926/http://www.people.ku.edu/~jyounger/LinearA/misctexts.html,younger_table_statement,2026-02-24T02:56:37Z,YoungerArchive,https://web.archive.org/web/20190416192926/http://www.people.ku.edu/~jyounger/LinearA/misctexts.html
sigla,KH 20,word_1,AB08 AB41 AB67 AB60,http://sigla.phis.me/document/KH%2020/index-word.html,sigla_word_seq_pattern,2026-02-24T02:56:37Z,SigLA,http://sigla.phis.me/document/KH%2020/index-word.html
sigla,KH 20,word_2,AB51 AB27 AB17,http://sigla.phis.me/document/KH%2020/index-word.html,sigla_word_seq_pattern,2026-02-24T02:56:37Z,SigLA,http://sigla.phis.me/document/KH%2020/index-word.html
youngerarchive,KH 21,.2_log,FIC,https://web.archive.org/web/20190416192926/http://www.people.ku.edu/~jyounger/LinearA/misctexts.html,younger_table_logogram,2026-02-24T02:56:37Z,YoungerArchive,https://web.archive.org/web/20190416192926/http://www.people.ku.edu/~jyounger/LinearA/misctexts.html
sigla,KH 21,word_1,A306 AB78 AB51,http://sigla.phis.me/document/KH%2021/index-word.html,sigla_word_seq_pattern,2026-02-24T02:56:37Z,SigLA,http://sigla.phis.me/document/KH%2021/index-word.html
sigla,KH 22,word_1,[?] AB17,http://sigla.phis.me/document/KH%2022/index-word.html,sigla_word_seq_pattern,2026-02-24T02:56:37Z,SigLA,http://sigla.phis.me/document/KH%2022/index-word.html
youngerarchive,KH 23,.1_stmt,A DU[,https://web.archive.org/web/20190416192926/http://www.people.ku.edu/~jyounger/LinearA/misctexts.html,younger_table_statement,2026-02-24T02:56:37Z,YoungerArchive,https://web.archive.org/web/20190416192926/http://www.people.ku.edu/~jyounger/LinearA/misctexts.html
sigla,KH 23,word_1,AB08 AB51,http://sigla.phis.me/document/KH%2023/index-word.html,sigla_word_seq_pattern,2026-02-24T02:56:37Z,SigLA,http://sigla.phis.me/document/KH%2023/index-word.html
sigla,KH 24,word_1,[?] AB58,http://sigla.phis.me/document/KH%2024/index-word.html,sigla_word_seq_pattern,2026-02-24T02:56:37Z,SigLA,http://sigla.phis.me/document/KH%2024/index-word.html
youngerarchive,KH 25,.1_log,]VIR,https://web.archive.org/web/20190416192926/http://www.people.ku.edu/~jyounger/LinearA/misctexts.html,younger_table_logogram,2026-02-24T02:56:37Z,YoungerArchive,https://web.archive.org/web/20190416192926/http://www.people.ku.edu/~jyounger/LinearA/misctexts.html
youngerarchive,KH 25,.2_log,]VIR,https://web.archive.org/web/20190416192926/http://www.people.ku.edu/~jyounger/LinearA/misctexts.html,younger_table_logogram,2026-02-24T02:56:37Z,YoungerArchive,https://web.archive.org/web/20190416192926/http://www.people.ku.edu/~jyounger/LinearA/misctexts.html
youngerarchive,KH 26,.1_log,]VIR,https://web.archive.org/web/20190416192926/http://www.people.ku.edu/~jyounger/LinearA/misctexts.html,younger_table_logogram,2026-02-24T02:56:37Z,YoungerArchive,https://web.archive.org/web/20190416192926/http://www.people.ku.edu/~jyounger/LinearA/misctexts.html
youngerarchive,KH 27,.1_log,]FIC[,https://web.archive.org/web/20190416192926/http://www.people.ku.edu/~jyounger/LinearA/misctexts.html,younger_table_logogram,2026-02-24T02:56:37Z,YoungerArchive,https://web.archive.org/web/20190416192926/http://www.people.ku.edu/~jyounger/LinearA/misctexts.html
youngerarchive,KH 27,.2_log,]GRA PA,https://web.archive.org/web/20190416192926/http://www.people.ku.edu/~jyounger/LinearA/misctexts.html,younger_table_logogram,2026-02-24T02:56:37Z,YoungerArchive,https://web.archive.org/web/20190416192926/http://www.people.ku.edu/~jyounger/LinearA/misctexts.html
youngerarchive,KH 28,.2_log,]SE GRA F,https://web.archive.org/web/20190416192926/http://www.people.ku.edu/~jyounger/LinearA/misctexts.html,younger_table_logogram,2026-02-24T02:56:37Z,YoungerArchive,https://web.archive.org/web/20190416192926/http://www.people.ku.edu/~jyounger/LinearA/misctexts.html
sigla,KH 28,word_1,AB09,http://sigla.phis.me/document/KH%2028/index-word.html,sigla_word_seq_pattern,2026-02-24T02:56:37Z,SigLA,http://sigla.phis.me/document/KH%2028/index-word.html
youngerarchive,KH 29,.1_stmt,RA TA2[,https://web.archive.org/web/20190416192926/http://www.people.ku.edu/~jyounger/LinearA/misctexts.html,younger_table_statement,2026-02-24T02:56:37Z,YoungerArchive,https://web.archive.org/web/20190416192926/http://www.people.ku.edu/~jyounger/LinearA/misctexts.html
youngerarchive,KH 29,.2_stmt,KU PA,https://web.archive.org/web/20190416192926/http://www.people.ku.edu/~jyounger/LinearA/misctexts.html,younger_table_statement,2026-02-24T02:56:37Z,YoungerArchive,https://web.archive.org/web/20190416192926/http://www.people.ku.edu/~jyounger/LinearA/misctexts.html
sigla,KH 29,word_1,[?] AB60,http://sigla.phis.me/document/KH%2029/index-word.html,sigla_word_seq_pattern,2026-02-24T02:56:37Z,SigLA,http://sigla.phis.me/document/KH%2029/index-word.html
sigla,KH 29,word_2,AB66 [?],http://sigla.phis.me/document/KH%2029/index-word.html,sigla_word_seq_pattern,2026-02-24T02:56:37Z,SigLA,http://sigla.phis.me/document/KH%2029/index-word.html
sigla,KH 29,word_3,AB81 AB03,http://sigla.phis.me/document/KH%2029/index-word.html,sigla_word_seq_pattern,2026-02-24T02:56:37Z,SigLA,http://sigla.phis.me/document/KH%2029/index-word.html
sigla,KH 3,word_1,AB55?,http://sigla.phis.me/document/KH%203/index-word.html,sigla_word_seq_pattern,2026-02-24T02:56:37Z,SigLA,http://sigla.phis.me/document/KH%203/index-word.html
youngerarchive,KH 30,.2_log,]FIC,https://web.archive.org/web/20190416192926/http://www.people.ku.edu/~jyounger/LinearA/misctexts.html,younger_table_logogram,2026-02-24T02:56:37Z,YoungerArchive,https://web.archive.org/web/20190416192926/http://www.people.ku.edu/~jyounger/LinearA/misctexts.html
youngerarchive,KH 31,.3_log,*401VAS RA,https://web.archive.org/web/20190416192926/http://www.people.ku.edu/~jyounger/LinearA/misctexts.html,younger_table_logogram,2026-02-24T02:56:37Z,YoungerArchive,https://web.archive.org/web/20190416192926/http://www.people.ku.edu/~jyounger/LinearA/misctexts.html
sigla,KH 32,word_1,AB28 A331,http://sigla.phis.me/document/KH%2032/index-word.html,sigla_word_seq_pattern,2026-02-24T02:56:37Z,SigLA,http://sigla.phis.me/document/KH%2032/index-word.html
sigla,KH 33,word_1,[?] AB08,http://sigla.phis.me/document/KH%2033/index-word.html,sigla_word_seq_pattern,2026-02-24T02:56:37Z,SigLA,http://sigla.phis.me/document/KH%2033/index-word.html
youngerarchive,KH 36,.1_log,]KA MI JA RU,https://web.archive.org/web/20190416192926/http://www.people.ku.edu/~jyounger/LinearA/misctexts.html,younger_table_logogram,2026-02-24T02:56:37Z,YoungerArchive,https://web.archive.org/web/20190416192926/http://www.people.ku.edu/~jyounger/LinearA/misctexts.html
sigla,KH 36,word_1,AB77,http://sigla.phis.me/document/KH%2036/index-word.html,sigla_word_seq_pattern,2026-02-24T02:56:37Z,SigLA,http://sigla.phis.me/document/KH%2036/index-word.html
sigla,KH 36,word_2,AB06,http://sigla.phis.me/document/KH%2036/index-word.html,sigla_word_seq_pattern,2026-02-24T02:56:37Z,SigLA,http://sigla.phis.me/document/KH%2036/index-word.html
sigla,KH 37,word_1,AB40,http://sigla.phis.me/document/KH%2037/index-word.html,sigla_word_seq_pattern,2026-02-24T02:56:37Z,SigLA,http://sigla.phis.me/document/KH%2037/index-word.html
youngerarchive,KH 39,.1_stmt,A TA,https://web.archive.org/web/20190416192926/http://www.people.ku.edu/~jyounger/LinearA/misctexts.html,younger_table_statement,2026-02-24T02:56:37Z,YoungerArchive,https://web.archive.org/web/20190416192926/http://www.people.ku.edu/~jyounger/LinearA/misctexts.html
sigla,KH 39,word_1,AB08 AB59 [?],http://sigla.phis.me/document/KH%2039/index-word.html,sigla_word_seq_pattern,2026-02-24T02:56:37Z,SigLA,http://sigla.phis.me/document/KH%2039/index-word.html
youngerarchive,KH 4,.1_stmt,A DU RE[,https://web.archive.org/web/20190416192926/http://www.people.ku.edu/~jyounger/LinearA/misctexts.html,younger_table_statement,2026-02-24T02:56:37Z,YoungerArchive,https://web.archive.org/web/20190416192926/http://www.people.ku.edu/~jyounger/LinearA/misctexts.html
sigla,KH 4,word_1,AB08 AB51 AB27,http://sigla.phis.me/document/KH%204/index-word.html,sigla_word_seq_pattern,2026-02-24T02:56:37Z,SigLA,http://sigla.phis.me/document/KH%204/index-word.html
sigla,KH 40,word_1,AB41 AB06 [?],http://sigla.phis.me/document/KH%2040/index-word.html,sigla_word_seq_pattern,2026-02-24T02:56:37Z,SigLA,http://sigla.phis.me/document/KH%2040/index-word.html
youngerarchive,KH 41,.2_stmt,KA TA RE[,https://web.archive.org/web/20190416192926/http://www.people.ku.edu/~jyounger/LinearA/misctexts.html,younger_table_statement,2026-02-24T02:56:37Z,YoungerArchive,https://web.archive.org/web/20190416192926/http://www.people.ku.edu/~jyounger/LinearA/misctexts.html
sigla,KH 41,word_1,AB77 AB59 AB27,http://sigla.phis.me/document/KH%2041/index-word.html,sigla_word_seq_pattern,2026-02-24T02:56:37Z,SigLA,http://sigla.phis.me/document/KH%2041/index-word.html
youngerarchive,KH 43,.1_log,MA RU RE,https://web.archive.org/web/20190416192926/http://www.people.ku.edu/~jyounger/LinearA/misctexts.html,younger_table_logogram,2026-02-24T02:56:37Z,YoungerArchive,https://web.archive.org/web/20190416192926/http://www.people.ku.edu/~jyounger/LinearA/misctexts.html
youngerarchive,KH 43,.2_log,WI ZE,https://web.archive.org/web/20190416192926/http://www.people.ku.edu/~jyounger/LinearA/misctexts.html,younger_table_logogram,2026-02-24T02:56:37Z,YoungerArchive,https://web.archive.org/web/20190416192926/http://www.people.ku.edu/~jyounger/LinearA/misctexts.html
sigla,KH 44,word_1,A335,http://sigla.phis.me/document/KH%2044/index-word.html,sigla_word_seq_pattern,2026-02-24T02:56:37Z,SigLA,http://sigla.phis.me/document/KH%2044/index-word.html
sigla,KH 45,word_1,AB08,http://sigla.phis.me/document/KH%2045/index-word.html,sigla_word_seq_pattern,2026-02-24T02:56:37Z,SigLA,http://sigla.phis.me/document/KH%2045/index-word.html
sigla,KH 47,word_1,AB16 AB24,http://sigla.phis.me/document/KH%2047/index-word.html,sigla_word_seq_pattern,2026-02-24T02:56:37Z,SigLA,http://sigla.phis.me/document/KH%2047/index-word.html
sigla,KH 47,word_2,AB41,http://sigla.phis.me/document/KH%2047/index-word.html,sigla_word_seq_pattern,2026-02-24T02:56:37Z,SigLA,http://sigla.phis.me/document/KH%2047/index-word.html
sigla,KH 47,word_3,AB60,http://sigla.phis.me/document/KH%2047/index-word.html,sigla_word_seq_pattern,2026-02-24T02:56:37Z,SigLA,http://sigla.phis.me/document/KH%2047/index-word.html
sigla,KH 47,word_4,A306,http://sigla.phis.me/document/KH%2047/index-word.html,sigla_word_seq_pattern,2026-02-24T02:56:37Z,SigLA,http://sigla.phis.me/document/KH%2047/index-word.html
sigla,KH 49,word_1,[?] AB26,http://sigla.phis.me/document/KH%2049/index-word.html,sigla_word_seq_pattern,2026-02-24T02:56:37Z,SigLA,http://sigla.phis.me/document/KH%2049/index-word.html
sigla,KH 49,word_2,AB81,http://sigla.phis.me/document/KH%2049/index-word.html,sigla_word_seq_pattern,2026-02-24T02:56:37Z,SigLA,http://sigla.phis.me/document/KH%2049/index-word.html
youngerarchive,KH 5,.1-2_stmt,A DA KI SI KA A RA U DA,https://web.archive.org/web/20190416192926/http://www.people.ku.edu/~jyounger/LinearA/misctexts.html,younger_table_statement,2026-02-24T02:56:37Z,YoungerArchive,https://web.archive.org/web/20190416192926/http://www.people.ku.edu/~jyounger/LinearA/misctexts.html
youngerarchive,KH 5,.2_log,VINB WI,https://web.archive.org/web/20190416192926/http://www.people.ku.edu/~jyounger/LinearA/misctexts.html,younger_table_logogram,2026-02-24T02:56:37Z,YoungerArchive,https://web.archive.org/web/20190416192926/http://www.people.ku.edu/~jyounger/LinearA/misctexts.html
youngerarchive,KH 5,.2_stmt,WI SA SA NE,https://web.archive.org/web/20190416192926/http://www.people.ku.edu/~jyounger/LinearA/misctexts.html,younger_table_statement,2026-02-24T02:56:37Z,YoungerArchive,https://web.archive.org/web/20190416192926/http://www.people.ku.edu/~jyounger/LinearA/misctexts.html
youngerarchive,KH 5,.3-4_stmt,KU PA ZU,https://web.archive.org/web/20190416192926/http://www.people.ku.edu/~jyounger/LinearA/misctexts.html,younger_table_statement,2026-02-24T02:56:37Z,YoungerArchive,https://web.archive.org/web/20190416192926/http://www.people.ku.edu/~jyounger/LinearA/misctexts.html
youngerarchive,KH 5,.3_stmt,WI NA DU,https://web.archive.org/web/20190416192926/http://www.people.ku.edu/~jyounger/LinearA/misctexts.html,younger_table_statement,2026-02-24T02:56:37Z,YoungerArchive,https://web.archive.org/web/20190416192926/http://www.people.ku.edu/~jyounger/LinearA/misctexts.html
youngerarchive,KH 5,.4_log,FIC,https://web.archive.org/web/20190416192926/http://www.people.ku.edu/~jyounger/LinearA/misctexts.html,younger_table_logogram,2026-02-24T02:56:37Z,YoungerArchive,https://web.archive.org/web/20190416192926/http://www.people.ku.edu/~jyounger/LinearA/misctexts.html
sigla,KH 5,word_1,AB08 AB01 AB67 AB41 AB77,http://sigla.phis.me/document/KH%205/index-word.html,sigla_word_seq_pattern,2026-02-24T02:56:37Z,SigLA,http://sigla.phis.me/document/KH%205/index-word.html
sigla,KH 5,word_2,AB08 AB60 AB10 AB01,http://sigla.phis.me/document/KH%205/index-word.html,sigla_word_seq_pattern,2026-02-24T02:56:37Z,SigLA,http://sigla.phis.me/document/KH%205/index-word.html
sigla,KH 5,word_3,AB40 AB31 AB31 AB24,http://sigla.phis.me/document/KH%205/index-word.html,sigla_word_seq_pattern,2026-02-24T02:56:37Z,SigLA,http://sigla.phis.me/document/KH%205/index-word.html
sigla,KH 5,word_4,AB40 AB06 AB51,http://sigla.phis.me/document/KH%205/index-word.html,sigla_word_seq_pattern,2026-02-24T02:56:37Z,SigLA,http://sigla.phis.me/document/KH%205/index-word.html
sigla,KH 5,word_5,A301 AB06,http://sigla.phis.me/document/KH%205/index-word.html,sigla_word_seq_pattern,2026-02-24T02:56:37Z,SigLA,http://sigla.phis.me/document/KH%205/index-word.html
sigla,KH 5,word_6,AB81 AB03 AB79,http://sigla.phis.me/document/KH%205/index-word.html,sigla_word_seq_pattern,2026-02-24T02:56:37Z,SigLA,http://sigla.phis.me/document/KH%205/index-word.html
sigla,KH 50,word_1,[?] AB59,http://sigla.phis.me/document/KH%2050/index-word.html,sigla_word_seq_pattern,2026-02-24T02:56:37Z,SigLA,http://sigla.phis.me/document/KH%2050/index-word.html
sigla,KH 50,word_2,AB46,http://sigla.phis.me/document/KH%2050/index-word.html,sigla_word_seq_pattern,2026-02-24T02:56:37Z,SigLA,http://sigla.phis.me/document/KH%2050/index-word.html
sigla,KH 50,word_3,AB78,http://sigla.phis.me/document/KH%2050/index-word.html,sigla_word_seq_pattern,2026-02-24T02:56:37Z,SigLA,http://sigla.phis.me/document/KH%2050/index-word.html
youngerarchive,KH 51,.1_stmt,SI I SI,https://web.archive.org/web/20190416192926/http://www.people.ku.edu/~jyounger/LinearA/misctexts.html,younger_table_statement,2026-02-24T02:56:37Z,YoungerArchive,https://web.archive.org/web/20190416192926/http://www.people.ku.edu/~jyounger/LinearA/misctexts.html
sigla,KH 51,word_1,AB41 AB28 AB41,http://sigla.phis.me/document/KH%2051/index-word.html,sigla_word_seq_pattern,2026-02-24T02:56:37Z,SigLA,http://sigla.phis.me/document/KH%2051/index-word.html
sigla,KH 51,word_2,AB69,http://sigla.phis.me/document/KH%2051/index-word.html,sigla_word_seq_pattern,2026-02-24T02:56:37Z,SigLA,http://sigla.phis.me/document/KH%2051/index-word.html
youngerarchive,KH 52,.2_stmt,]TA U,https://web.archive.org/web/20190416192926/http://www.people.ku.edu/~jyounger/LinearA/misctexts.html,younger_table_statement,2026-02-24T02:56:37Z,YoungerArchive,https://web.archive.org/web/20190416192926/http://www.people.ku.edu/~jyounger/LinearA/misctexts.html
sigla,KH 52,word_1,AB59 AB10,http://sigla.phis.me/document/KH%2052/index-word.html,sigla_word_seq_pattern,2026-02-24T02:56:37Z,SigLA,http://sigla.phis.me/document/KH%2052/index-word.html
sigla,KH 53,word_1,AB08 AB13 AB123,http://sigla.phis.me/document/KH%2053/index-word.html,sigla_word_seq_pattern,2026-02-24T02:56:37Z,SigLA,http://sigla.phis.me/document/KH%2053/index-word.html
sigla,KH 53,word_2,AB24,http://sigla.phis.me/document/KH%2053/index-word.html,sigla_word_seq_pattern,2026-02-24T02:56:37Z,SigLA,http://sigla.phis.me/document/KH%2053/index-word.html
youngerarchive,KH 55,.2_log,OLE TA,https://web.archive.org/web/20190416192926/http://www.people.ku.edu/~jyounger/LinearA/misctexts.html,younger_table_logogram,2026-02-24T02:56:37Z,YoungerArchive,https://web.archive.org/web/20190416192926/http://www.people.ku.edu/~jyounger/LinearA/misctexts.html
sigla,KH 57,word_1,AB69,http://sigla.phis.me/document/KH%2057/index-word.html,sigla_word_seq_pattern,2026-02-24T02:56:37Z,SigLA,http://sigla.phis.me/document/KH%2057/index-word.html
sigla,KH 57,word_2,AB20,http://sigla.phis.me/document/KH%2057/index-word.html,sigla_word_seq_pattern,2026-02-24T02:56:37Z,SigLA,http://sigla.phis.me/document/KH%2057/index-word.html
sigla,KH 58,word_1,AB08,http://sigla.phis.me/document/KH%2058/index-word.html,sigla_word_seq_pattern,2026-02-24T02:56:37Z,SigLA,http://sigla.phis.me/document/KH%2058/index-word.html
sigla,KH 58,word_2,AB08 A301,http://sigla.phis.me/document/KH%2058/index-word.html,sigla_word_seq_pattern,2026-02-24T02:56:37Z,SigLA,http://sigla.phis.me/document/KH%2058/index-word.html
youngerarchive,KH 59,.3_stmt,DI NA,https://web.archive.org/web/20190416192926/http://www.people.ku.edu/~jyounger/LinearA/misctexts.html,younger_table_statement,2026-02-24T02:56:37Z,YoungerArchive,https://web.archive.org/web/20190416192926/http://www.people.ku.edu/~jyounger/LinearA/misctexts.html
sigla,KH 59,word_1,AB28,http://sigla.phis.me/document/KH%2059/index-word.html,sigla_word_seq_pattern,2026-02-24T02:56:37Z,SigLA,http://sigla.phis.me/document/KH%2059/index-word.html
sigla,KH 59,word_2,AB07 AB06,http://sigla.phis.me/document/KH%2059/index-word.html,sigla_word_seq_pattern,2026-02-24T02:56:37Z,SigLA,http://sigla.phis.me/document/KH%2059/index-word.html
youngerarchive,KH 6,.1_stmt,DI SI,https://web.archive.org/web/20190416192926/http://www.people.ku.edu/~jyounger/LinearA/misctexts.html,younger_table_statement,2026-02-24T02:56:37Z,YoungerArchive,https://web.archive.org/web/20190416192926/http://www.people.ku.edu/~jyounger/LinearA/misctexts.html
youngerarchive,KH 6,.2_stmt,TE NU RE[,https://web.archive.org/web/20190416192926/http://www.people.ku.edu/~jyounger/LinearA/misctexts.html,younger_table_statement,2026-02-24T02:56:37Z,YoungerArchive,https://web.archive.org/web/20190416192926/http://www.people.ku.edu/~jyounger/LinearA/misctexts.html
youngerarchive,KH 6,.3_stmt,]KI SA NE,https://web.archive.org/web/20190416192926/http://www.people.ku.edu/~jyounger/LinearA/misctexts.html,younger_table_statement,2026-02-24T02:56:37Z,YoungerArchive,https://web.archive.org/web/20190416192926/http://www.people.ku.edu/~jyounger/LinearA/misctexts.html
youngerarchive,KH 6,.4_stmt,RI TA JE,https://web.archive.org/web/20190416192926/http://www.people.ku.edu/~jyounger/LinearA/misctexts.html,younger_table_statement,2026-02-24T02:56:37Z,YoungerArchive,https://web.archive.org/web/20190416192926/http://www.people.ku.edu/~jyounger/LinearA/misctexts.html
youngerarchive,KH 6,.5_log,BOS,https://web.archive.org/web/20190416192926/http://www.people.ku.edu/~jyounger/LinearA/misctexts.html,younger_table_logogram,2026-02-24T02:56:37Z,YoungerArchive,https://web.archive.org/web/20190416192926/http://www.people.ku.edu/~jyounger/LinearA/misctexts.html
youngerarchive,KH 6,.6-7_stmt,PI SA[,https://web.archive.org/web/20190416192926/http://www.people.ku.edu/~jyounger/LinearA/misctexts.html,younger_table_statement,2026-02-24T02:56:37Z,YoungerArchive,https://web.archive.org/web/20190416192926/http://www.people.ku.edu/~jyounger/LinearA/misctexts.html
youngerarchive,KH 6,.7_stmt,AU RE TE,https://web.archive.org/web/20190416192926/http://www.people.ku.edu/~jyounger/LinearA/misctexts.html,younger_table_statement,2026-02-24T02:56:37Z,YoungerArchive,https://web.archive.org/web/20190416192926/http://www.people.ku.edu/~jyounger/LinearA/misctexts.html
sigla,KH 6,word_1,AB07 AB41,http://sigla.phis.me/document/KH%206/index-word.html,sigla_word_seq_pattern,2026-02-24T02:56:37Z,SigLA,http://sigla.phis.me/document/KH%206/index-word.html
sigla,KH 6,word_2,AB04 AB55 AB27,http://sigla.phis.me/document/KH%206/index-word.html,sigla_word_seq_pattern,2026-02-24T02:56:37Z,SigLA,http://sigla.phis.me/document/KH%206/index-word.html
sigla,KH 6,word_3,AB67 AB31 AB24,http://sigla.phis.me/document/KH%206/index-word.html,sigla_word_seq_pattern,2026-02-24T02:56:37Z,SigLA,http://sigla.phis.me/document/KH%206/index-word.html
sigla,KH 6,word_4,AB53 AB59 AB46,http://sigla.phis.me/document/KH%206/index-word.html,sigla_word_seq_pattern,2026-02-24T02:56:37Z,SigLA,http://sigla.phis.me/document/KH%206/index-word.html
sigla,KH 6,word_5,AB27,http://sigla.phis.me/document/KH%206/index-word.html,sigla_word_seq_pattern,2026-02-24T02:56:37Z,SigLA,http://sigla.phis.me/document/KH%206/index-word.html
sigla,KH 6,word_6,AB39 AB31,http://sigla.phis.me/document/KH%206/index-word.html,sigla_word_seq_pattern,2026-02-24T02:56:37Z,SigLA,http://sigla.phis.me/document/KH%206/index-word.html
sigla,KH 6,word_7,AB85 AB27 AB04,http://sigla.phis.me/document/KH%206/index-word.html,sigla_word_seq_pattern,2026-02-24T02:56:37Z,SigLA,http://sigla.phis.me/document/KH%206/index-word.html
youngerarchive,KH 60,.1_stmt,]RA KI TA NA SI[,https://web.archive.org/web/20190416192926/http://www.people.ku.edu/~jyounger/LinearA/misctexts.html,younger_table_statement,2026-02-24T02:56:37Z,YoungerArchive,https://web.archive.org/web/20190416192926/http://www.people.ku.edu/~jyounger/LinearA/misctexts.html
youngerarchive,KH 60,.2_log,]*131C,https://web.archive.org/web/20190416192926/http://www.people.ku.edu/~jyounger/LinearA/misctexts.html,younger_table_logogram,2026-02-24T02:56:37Z,YoungerArchive,https://web.archive.org/web/20190416192926/http://www.people.ku.edu/~jyounger/LinearA/misctexts.html
youngerarchive,KH 60,.3_log,MI JA RU,https://web.archive.org/web/20190416192926/http://www.people.ku.edu/~jyounger/LinearA/misctexts.html,younger_table_logogram,2026-02-24T02:56:37Z,YoungerArchive,https://web.archive.org/web/20190416192926/http://www.people.ku.edu/~jyounger/LinearA/misctexts.html
sigla,KH 60,word_1,AB60 AB67 AB59 AB06 AB41,http://sigla.phis.me/document/KH%2060/index-word.html,sigla_word_seq_pattern,2026-02-24T02:56:37Z,SigLA,http://sigla.phis.me/document/KH%2060/index-word.html
youngerarchive,KH 61,.3_log,OLE TA,https://web.archive.org/web/20190416192926/http://www.people.ku.edu/~jyounger/LinearA/misctexts.html,younger_table_logogram,2026-02-24T02:56:37Z,YoungerArchive,https://web.archive.org/web/20190416192926/http://www.people.ku.edu/~jyounger/LinearA/misctexts.html
youngerarchive,KH 61,.4_log,GRA,https://web.archive.org/web/20190416192926/http://www.people.ku.edu/~jyounger/LinearA/misctexts.html,younger_table_logogram,2026-02-24T02:56:37Z,YoungerArchive,https://web.archive.org/web/20190416192926/http://www.people.ku.edu/~jyounger/LinearA/misctexts.html
sigla,KH 61,word_2,AB80,http://sigla.phis.me/document/KH%2061/index-word.html,sigla_word_seq_pattern,2026-02-24T02:56:37Z,SigLA,http://sigla.phis.me/document/KH%2061/index-word.html
sigla,KH 62,word_1,AB80,http://sigla.phis.me/document/KH%2062/index-word.html,sigla_word_seq_pattern,2026-02-24T02:56:37Z,SigLA,http://sigla.phis.me/document/KH%2062/index-word.html
youngerarchive,KH 63,.2_log,]*401VAS RU,https://web.archive.org/web/20190416192926/http://www.people.ku.edu/~jyounger/LinearA/misctexts.html,younger_table_logogram,2026-02-24T02:56:37Z,YoungerArchive,https://web.archive.org/web/20190416192926/http://www.people.ku.edu/~jyounger/LinearA/misctexts.html
sigla,KH 63,word_1,AB58,http://sigla.phis.me/document/KH%2063/index-word.html,sigla_word_seq_pattern,2026-02-24T02:56:37Z,SigLA,http://sigla.phis.me/document/KH%2063/index-word.html
sigla,KH 64,word_1,AB59 [?],http://sigla.phis.me/document/KH%2064/index-word.html,sigla_word_seq_pattern,2026-02-24T02:56:37Z,SigLA,http://sigla.phis.me/document/KH%2064/index-word.html
youngerarchive,KH 65,table1_row3_log,]FIC[,https://web.archive.org/web/20190416192926/http://www.people.ku.edu/~jyounger/LinearA/misctexts.html,younger_table_logogram,2026-02-24T02:56:37Z,YoungerArchive,https://web.archive.org/web/20190416192926/http://www.people.ku.edu/~jyounger/LinearA/misctexts.html
sigla,KH 65,word_1,AB30,http://sigla.phis.me/document/KH%2065/index-word.html,sigla_word_seq_pattern,2026-02-24T02:56:37Z,SigLA,http://sigla.phis.me/document/KH%2065/index-word.html
sigla,KH 68,word_1,[?] [?],http://sigla.phis.me/document/KH%2068/index-word.html,sigla_word_seq_pattern,2026-02-24T02:56:37Z,SigLA,http://sigla.phis.me/document/KH%2068/index-word.html
youngerarchive,KH 7,a.2-3_log,VIR *313B,https://web.archive.org/web/20190416192926/http://www.people.ku.edu/~jyounger/LinearA/misctexts.html,younger_table_logogram,2026-02-24T02:56:37Z,YoungerArchive,https://web.archive.org/web/20190416192926/http://www.people.ku.edu/~jyounger/LinearA/misctexts.html
youngerarchive,KH 7,a.2-3_stmt,E NA SI,https://web.archive.org/web/20190416192926/http://www.people.ku.edu/~jyounger/LinearA/misctexts.html,younger_table_statement,2026-02-24T02:56:37Z,YoungerArchive,https://web.archive.org/web/20190416192926/http://www.people.ku.edu/~jyounger/LinearA/misctexts.html
youngerarchive,KH 7,a.3_stmt,I JA PA ME TA TA,https://web.archive.org/web/20190416192926/http://www.people.ku.edu/~jyounger/LinearA/misctexts.html,younger_table_statement,2026-02-24T02:56:37Z,YoungerArchive,https://web.archive.org/web/20190416192926/http://www.people.ku.edu/~jyounger/LinearA/misctexts.html
youngerarchive,KH 7,a.4-5_log,VIR *313B,https://web.archive.org/web/20190416192926/http://www.people.ku.edu/~jyounger/LinearA/misctexts.html,younger_table_logogram,2026-02-24T02:56:37Z,YoungerArchive,https://web.archive.org/web/20190416192926/http://www.people.ku.edu/~jyounger/LinearA/misctexts.html
youngerarchive,KH 7,a.4-5_stmt,KU KO E,https://web.archive.org/web/20190416192926/http://www.people.ku.edu/~jyounger/LinearA/misctexts.html,younger_table_statement,2026-02-24T02:56:37Z,YoungerArchive,https://web.archive.org/web/20190416192926/http://www.people.ku.edu/~jyounger/LinearA/misctexts.html
youngerarchive,KH 7,a.4_log,VIR *313B,https://web.archive.org/web/20190416192926/http://www.people.ku.edu/~jyounger/LinearA/misctexts.html,younger_table_logogram,2026-02-24T02:56:37Z,YoungerArchive,https://web.archive.org/web/20190416192926/http://www.people.ku.edu/~jyounger/LinearA/misctexts.html
youngerarchive,KH 7,a.4_stmt,QA TI KI,https://web.archive.org/web/20190416192926/http://www.people.ku.edu/~jyounger/LinearA/misctexts.html,younger_table_statement,2026-02-24T02:56:37Z,YoungerArchive,https://web.archive.org/web/20190416192926/http://www.people.ku.edu/~jyounger/LinearA/misctexts.html
youngerarchive,KH 7,b.2-3_stmt,PA NA TU,https://web.archive.org/web/20190416192926/http://www.people.ku.edu/~jyounger/LinearA/misctexts.html,younger_table_statement,2026-02-24T02:56:37Z,YoungerArchive,https://web.archive.org/web/20190416192926/http://www.people.ku.edu/~jyounger/LinearA/misctexts.html
youngerarchive,KH 7,b.2_stmt,U TA I SE,https://web.archive.org/web/20190416192926/http://www.people.ku.edu/~jyounger/LinearA/misctexts.html,younger_table_statement,2026-02-24T02:56:37Z,YoungerArchive,https://web.archive.org/web/20190416192926/http://www.people.ku.edu/~jyounger/LinearA/misctexts.html
sigla,KH 70,word_1,[?] [?],http://sigla.phis.me/document/KH%2070/index-word.html,sigla_word_seq_pattern,2026-02-24T02:56:37Z,SigLA,http://sigla.phis.me/document/KH%2070/index-word.html
youngerarchive,KH 73,.2_log,FIC,https://web.archive.org/web/20190416192926/http://www.people.ku.edu/~jyounger/LinearA/misctexts.html,younger_table_logogram,2026-02-24T02:56:37Z,YoungerArchive,https://web.archive.org/web/20190416192926/http://www.people.ku.edu/~jyounger/LinearA/misctexts.html
sigla,KH 73,word_1,[?] [?] AB08,http://sigla.phis.me/document/KH%2073/index-word.html,sigla_word_seq_pattern,2026-02-24T02:56:37Z,SigLA,http://sigla.phis.me/document/KH%2073/index-word.html
sigla,KH 73,word_2,AB08 [?],http://sigla.phis.me/document/KH%2073/index-word.html,sigla_word_seq_pattern,2026-02-24T02:56:37Z,SigLA,http://sigla.phis.me/document/KH%2073/index-word.html
youngerarchive,KH 74,.1_stmt,SI JA DA SU[,https://web.archive.org/web/20190416192926/http://www.people.ku.edu/~jyounger/LinearA/misctexts.html,younger_table_statement,2026-02-24T02:56:37Z,YoungerArchive,https://web.archive.org/web/20190416192926/http://www.people.ku.edu/~jyounger/LinearA/misctexts.html
sigla,KH 74,word_1,[?] AB41,http://sigla.phis.me/document/KH%2074/index-word.html,sigla_word_seq_pattern,2026-02-24T02:56:37Z,SigLA,http://sigla.phis.me/document/KH%2074/index-word.html
sigla,KH 74,word_2,AB57 AB01 AB58,http://sigla.phis.me/document/KH%2074/index-word.html,sigla_word_seq_pattern,2026-02-24T02:56:37Z,SigLA,http://sigla.phis.me/document/KH%2074/index-word.html
sigla,KH 74,word_3,AB41,http://sigla.phis.me/document/KH%2074/index-word.html,sigla_word_seq_pattern,2026-02-24T02:56:37Z,SigLA,http://sigla.phis.me/document/KH%2074/index-word.html
youngerarchive,KH 75,.2_log,FIC,https://web.archive.org/web/20190416192926/http://www.people.ku.edu/~jyounger/LinearA/misctexts.html,younger_table_logogram,2026-02-24T02:56:37Z,YoungerArchive,https://web.archive.org/web/20190416192926/http://www.people.ku.edu/~jyounger/LinearA/misctexts.html
sigla,KH 76,word_1,AB41,http://sigla.phis.me/document/KH%2076/index-word.html,sigla_word_seq_pattern,2026-02-24T02:56:37Z,SigLA,http://sigla.phis.me/document/KH%2076/index-word.html
sigla,KH 79,word_1,[?] AB03 AB01,http://sigla.phis.me/document/KH%2079/index-word.html,sigla_word_seq_pattern,2026-02-24T02:56:37Z,SigLA,http://sigla.phis.me/document/KH%2079/index-word.html
youngerarchive,KH 79 89,.1_stmt,]MI NA[,https://web.archive.org/web/20190416192926/http://www.people.ku.edu/~jyounger/LinearA/misctexts.html,younger_table_statement,2026-02-24T02:56:37Z,YoungerArchive,https://web.archive.org/web/20190416192926/http://www.people.ku.edu/~jyounger/LinearA/misctexts.html
youngerarchive,KH 79 89,.2_stmt,]PA TA A RA,https://web.archive.org/web/20190416192926/http://www.people.ku.edu/~jyounger/LinearA/misctexts.html,younger_table_statement,2026-02-24T02:56:37Z,YoungerArchive,https://web.archive.org/web/20190416192926/http://www.people.ku.edu/~jyounger/LinearA/misctexts.html
youngerarchive,KH 79 89,.3_stmt,PA DA NI,https://web.archive.org/web/20190416192926/http://www.people.ku.edu/~jyounger/LinearA/misctexts.html,younger_table_statement,2026-02-24T02:56:37Z,YoungerArchive,https://web.archive.org/web/20190416192926/http://www.people.ku.edu/~jyounger/LinearA/misctexts.html
sigla,KH 79 89,word_1,AB73 AB06,http://sigla.phis.me/document/KH%2079%2B89/index-word.html,sigla_word_seq_pattern,2026-02-24T02:56:37Z,SigLA,http://sigla.phis.me/document/KH%2079%2B89/index-word.html
sigla,KH 79 89,word_2,AB03 AB59,http://sigla.phis.me/document/KH%2079%2B89/index-word.html,sigla_word_seq_pattern,2026-02-24T02:56:37Z,SigLA,http://sigla.phis.me/document/KH%2079%2B89/index-word.html
sigla,KH 79 89,word_3,AB08 AB60,http://sigla.phis.me/document/KH%2079%2B89/index-word.html,sigla_word_seq_pattern,2026-02-24T02:56:37Z,SigLA,http://sigla.phis.me/document/KH%2079%2B89/index-word.html
sigla,KH 79 89,word_4,[?] AB03 AB01 AB30,http://sigla.phis.me/document/KH%2079%2B89/index-word.html,sigla_word_seq_pattern,2026-02-24T02:56:37Z,SigLA,http://sigla.phis.me/document/KH%2079%2B89/index-word.html
sigla,KH 7A,word_2,AB28,http://sigla.phis.me/document/KH%207a/index-word.html,sigla_word_seq_pattern,2026-02-24T02:56:37Z,SigLA,http://sigla.phis.me/document/KH%207a/index-word.html
sigla,KH 7A,word_3,AB38 AB06 AB41,http://sigla.phis.me/document/KH%207a/index-word.html,sigla_word_seq_pattern,2026-02-24T02:56:37Z,SigLA,http://sigla.phis.me/document/KH%207a/index-word.html
sigla,KH 7A,word_4,AB28 AB57 AB03 AB13,http://sigla.phis.me/document/KH%207a/index-word.html,sigla_word_seq_pattern,2026-02-24T02:56:37Z,SigLA,http://sigla.phis.me/document/KH%207a/index-word.html
sigla,KH 7A,word_5,AB59 AB59,http://sigla.phis.me/document/KH%207a/index-word.html,sigla_word_seq_pattern,2026-02-24T02:56:37Z,SigLA,http://sigla.phis.me/document/KH%207a/index-word.html
sigla,KH 7A,word_6,AB16 AB37 AB67,http://sigla.phis.me/document/KH%207a/index-word.html,sigla_word_seq_pattern,2026-02-24T02:56:37Z,SigLA,http://sigla.phis.me/document/KH%207a/index-word.html
sigla,KH 7A,word_7,AB09 A305,http://sigla.phis.me/document/KH%207a/index-word.html,sigla_word_seq_pattern,2026-02-24T02:56:37Z,SigLA,http://sigla.phis.me/document/KH%207a/index-word.html
sigla,KH 7A,word_8,AB81 [?] AB70 AB38,http://sigla.phis.me/document/KH%207a/index-word.html,sigla_word_seq_pattern,2026-02-24T02:56:37Z,SigLA,http://sigla.phis.me/document/KH%207a/index-word.html
sigla,KH 7B,word_1,AB10 AB59 AB28 AB09,http://sigla.phis.me/document/KH%207b/index-word.html,sigla_word_seq_pattern,2026-02-24T02:56:37Z,SigLA,http://sigla.phis.me/document/KH%207b/index-word.html
sigla,KH 7B,word_2,AB03 AB06 AB69,http://sigla.phis.me/document/KH%207b/index-word.html,sigla_word_seq_pattern,2026-02-24T02:56:37Z,SigLA,http://sigla.phis.me/document/KH%207b/index-word.html
youngerarchive,KH 8,.1_log,R E[,https://web.archive.org/web/20190416192926/http://www.people.ku.edu/~jyounger/LinearA/misctexts.html,younger_table_logogram,2026-02-24T02:56:37Z,YoungerArchive,https://web.archive.org/web/20190416192926/http://www.people.ku.edu/~jyounger/LinearA/misctexts.html
youngerarchive,KH 8,.2_log,[[FIC,https://web.archive.org/web/20190416192926/http://www.people.ku.edu/~jyounger/LinearA/misctexts.html,younger_table_logogram,2026-02-24T02:56:37Z,YoungerArchive,https://web.archive.org/web/20190416192926/http://www.people.ku.edu/~jyounger/LinearA/misctexts.html
youngerarchive,KH 8,.3_log,]GRA,https://web.archive.org/web/20190416192926/http://www.people.ku.edu/~jyounger/LinearA/misctexts.html,younger_table_logogram,2026-02-24T02:56:37Z,YoungerArchive,https://web.archive.org/web/20190416192926/http://www.people.ku.edu/~jyounger/LinearA/misctexts.html
youngerarchive,KH 8,.4_log,]FIC,https://web.archive.org/web/20190416192926/http://www.people.ku.edu/~jyounger/LinearA/misctexts.html,younger_table_logogram,2026-02-24T02:56:37Z,YoungerArchive,https://web.archive.org/web/20190416192926/http://www.people.ku.edu/~jyounger/LinearA/misctexts.html
sigla,KH 8,word_1,AB27 [?],http://sigla.phis.me/document/KH%208/index-word.html,sigla_word_seq_pattern,2026-02-24T02:56:37Z,SigLA,http://sigla.phis.me/document/KH%208/index-word.html
sigla,KH 8,word_2,[?] AB59,http://sigla.phis.me/document/KH%208/index-word.html,sigla_word_seq_pattern,2026-02-24T02:56:37Z,SigLA,http://sigla.phis.me/document/KH%208/index-word.html
youngerarchive,KH 81,.2_log,MI JA I,https://web.archive.org/web/20190416192926/http://www.people.ku.edu/~jyounger/LinearA/misctexts.html,younger_table_logogram,2026-02-24T02:56:37Z,YoungerArchive,https://web.archive.org/web/20190416192926/http://www.people.ku.edu/~jyounger/LinearA/misctexts.html
youngerarchive,KH 82,.2_log,]OLE RI,https://web.archive.org/web/20190416192926/http://www.people.ku.edu/~jyounger/LinearA/misctexts.html,younger_table_logogram,2026-02-24T02:56:37Z,YoungerArchive,https://web.archive.org/web/20190416192926/http://www.people.ku.edu/~jyounger/LinearA/misctexts.html
youngerarchive,KH 83,.1_stmt,A DI NE[,https://web.archive.org/web/20190416192926/http://www.people.ku.edu/~jyounger/LinearA/misctexts.html,younger_table_statement,2026-02-24T02:56:37Z,YoungerArchive,https://web.archive.org/web/20190416192926/http://www.people.ku.edu/~jyounger/LinearA/misctexts.html
youngerarchive,KH 83,.2_log,VAS A,https://web.archive.org/web/20190416192926/http://www.people.ku.edu/~jyounger/LinearA/misctexts.html,younger_table_logogram,2026-02-24T02:56:37Z,YoungerArchive,https://web.archive.org/web/20190416192926/http://www.people.ku.edu/~jyounger/LinearA/misctexts.html
sigla,KH 83,word_1,AB08 AB07 AB24,http://sigla.phis.me/document/KH%2083/index-word.html,sigla_word_seq_pattern,2026-02-24T02:56:37Z,SigLA,http://sigla.phis.me/document/KH%2083/index-word.html
youngerarchive,KH 85,.1_log,OLE TA,https://web.archive.org/web/20190416192926/http://www.people.ku.edu/~jyounger/LinearA/misctexts.html,younger_table_logogram,2026-02-24T02:56:37Z,YoungerArchive,https://web.archive.org/web/20190416192926/http://www.people.ku.edu/~jyounger/LinearA/misctexts.html
youngerarchive,KH 85,.2_log,*401VAS RU,https://web.archive.org/web/20190416192926/http://www.people.ku.edu/~jyounger/LinearA/misctexts.html,younger_table_logogram,2026-02-24T02:56:37Z,YoungerArchive,https://web.archive.org/web/20190416192926/http://www.people.ku.edu/~jyounger/LinearA/misctexts.html
youngerarchive,KH 85,.2_log,VINC[,https://web.archive.org/web/20190416192926/http://www.people.ku.edu/~jyounger/LinearA/misctexts.html,younger_table_logogram,2026-02-24T02:56:37Z,YoungerArchive,https://web.archive.org/web/20190416192926/http://www.people.ku.edu/~jyounger/LinearA/misctexts.html
youngerarchive,KH 86,.1_stmt,RE ZA,https://web.archive.org/web/20190416192926/http://www.people.ku.edu/~jyounger/LinearA/misctexts.html,younger_table_statement,2026-02-24T02:56:37Z,YoungerArchive,https://web.archive.org/web/20190416192926/http://www.people.ku.edu/~jyounger/LinearA/misctexts.html
youngerarchive,KH 86,.2_stmt,PI NU,https://web.archive.org/web/20190416192926/http://www.people.ku.edu/~jyounger/LinearA/misctexts.html,younger_table_statement,2026-02-24T02:56:37Z,YoungerArchive,https://web.archive.org/web/20190416192926/http://www.people.ku.edu/~jyounger/LinearA/misctexts.html
sigla,KH 86,word_1,AB27 AB17,http://sigla.phis.me/document/KH%2086/index-word.html,sigla_word_seq_pattern,2026-02-24T02:56:37Z,SigLA,http://sigla.phis.me/document/KH%2086/index-word.html
sigla,KH 86,word_2,AB39 AB55,http://sigla.phis.me/document/KH%2086/index-word.html,sigla_word_seq_pattern,2026-02-24T02:56:37Z,SigLA,http://sigla.phis.me/document/KH%2086/index-word.html
youngerarchive,KH 87,.3_log,BOSM,https://web.archive.org/web/20190416192926/http://www.people.ku.edu/~jyounger/LinearA/misctexts.html,younger_table_logogram,2026-02-24T02:56:37Z,YoungerArchive,https://web.archive.org/web/20190416192926/http://www.people.ku.edu/~jyounger/LinearA/misctexts.html
youngerarchive,KH 88,.1-2_log,FIC,https://web.archive.org/web/20190416192926/http://www.people.ku.edu/~jyounger/LinearA/misctexts.html,younger_table_logogram,2026-02-24T02:56:37Z,YoungerArchive,https://web.archive.org/web/20190416192926/http://www.people.ku.edu/~jyounger/LinearA/misctexts.html
youngerarchive,KH 88,.1-2_stmt,QA NU MA QIF,https://web.archive.org/web/20190416192926/http://www.people.ku.edu/~jyounger/LinearA/misctexts.html,younger_table_statement,2026-02-24T02:56:37Z,YoungerArchive,https://web.archive.org/web/20190416192926/http://www.people.ku.edu/~jyounger/LinearA/misctexts.html
youngerarchive,KH 88,.2-3_stmt,PU DE,https://web.archive.org/web/20190416192926/http://www.people.ku.edu/~jyounger/LinearA/misctexts.html,younger_table_statement,2026-02-24T02:56:37Z,YoungerArchive,https://web.archive.org/web/20190416192926/http://www.people.ku.edu/~jyounger/LinearA/misctexts.html
sigla,KH 88,word_1,AB16 AB55 AB80,http://sigla.phis.me/document/KH%2088/index-word.html,sigla_word_seq_pattern,2026-02-24T02:56:37Z,SigLA,http://sigla.phis.me/document/KH%2088/index-word.html
sigla,KH 88,word_2,AB21F AB118,http://sigla.phis.me/document/KH%2088/index-word.html,sigla_word_seq_pattern,2026-02-24T02:56:37Z,SigLA,http://sigla.phis.me/document/KH%2088/index-word.html
sigla,KH 88,word_3,AB50 AB45,http://sigla.phis.me/document/KH%2088/index-word.html,sigla_word_seq_pattern,2026-02-24T02:56:37Z,SigLA,http://sigla.phis.me/document/KH%2088/index-word.html
youngerarchive,KH 9,.1_stmt,A SI SU PO A,https://web.archive.org/web/20190416192926/http://www.people.ku.edu/~jyounger/LinearA/misctexts.html,younger_table_statement,2026-02-24T02:56:37Z,YoungerArchive,https://web.archive.org/web/20190416192926/http://www.people.ku.edu/~jyounger/LinearA/misctexts.html
youngerarchive,KH 9,.2_log,FIC,https://web.archive.org/web/20190416192926/http://www.people.ku.edu/~jyounger/LinearA/misctexts.html,younger_table_logogram,2026-02-24T02:56:37Z,YoungerArchive,https://web.archive.org/web/20190416192926/http://www.people.ku.edu/~jyounger/LinearA/misctexts.html
youngerarchive,KH 9,.3_stmt,]I SI,https://web.archive.org/web/20190416192926/http://www.people.ku.edu/~jyounger/LinearA/misctexts.html,younger_table_statement,2026-02-24T02:56:37Z,YoungerArchive,https://web.archive.org/web/20190416192926/http://www.people.ku.edu/~jyounger/LinearA/misctexts.html
youngerarchive,KH 9,.6_log,SI TA2,https://web.archive.org/web/20190416192926/http://www.people.ku.edu/~jyounger/LinearA/misctexts.html,younger_table_logogram,2026-02-24T02:56:37Z,YoungerArchive,https://web.archive.org/web/20190416192926/http://www.people.ku.edu/~jyounger/LinearA/misctexts.html
sigla,KH 9,word_1,AB08 AB41 AB58 AB11 AB08,http://sigla.phis.me/document/KH%209/index-word.html,sigla_word_seq_pattern,2026-02-24T02:56:37Z,SigLA,http://sigla.phis.me/document/KH%209/index-word.html
sigla,KH 9,word_2,AB28 AB41,http://sigla.phis.me/document/KH%209/index-word.html,sigla_word_seq_pattern,2026-02-24T02:56:37Z,SigLA,http://sigla.phis.me/document/KH%209/index-word.html
youngerarchive,KH 90,.2_stmt,MA TA RI TA,https://web.archive.org/web/20190416192926/http://www.people.ku.edu/~jyounger/LinearA/misctexts.html,younger_table_statement,2026-02-24T02:56:37Z,YoungerArchive,https://web.archive.org/web/20190416192926/http://www.people.ku.edu/~jyounger/LinearA/misctexts.html
sigla,KH 90,word_1,[?] AB57 [?],http://sigla.phis.me/document/KH%2090/index-word.html,sigla_word_seq_pattern,2026-02-24T02:56:37Z,SigLA,http://sigla.phis.me/document/KH%2090/index-word.html
sigla,KH 90,word_2,AB80 AB59 AB53 AB59,http://sigla.phis.me/document/KH%2090/index-word.html,sigla_word_seq_pattern,2026-02-24T02:56:37Z,SigLA,http://sigla.phis.me/document/KH%2090/index-word.html
youngerarchive,KH 91,.1_log,GRA,https://web.archive.org/web/20190416192926/http://www.people.ku.edu/~jyounger/LinearA/misctexts.html,younger_table_logogram,2026-02-24T02:56:37Z,YoungerArchive,https://web.archive.org/web/20190416192926/http://www.people.ku.edu/~jyounger/LinearA/misctexts.html
youngerarchive,KH 91,.3_log,FIC[,https://web.archive.org/web/20190416192926/http://www.people.ku.edu/~jyounger/LinearA/misctexts.html,younger_table_logogram,2026-02-24T02:56:37Z,YoungerArchive,https://web.archive.org/web/20190416192926/http://www.people.ku.edu/~jyounger/LinearA/misctexts.html
youngerarchive,KH 91,.4_log,*401VAS RA,https://web.archive.org/web/20190416192926/http://www.people.ku.edu/~jyounger/LinearA/misctexts.html,younger_table_logogram,2026-02-24T02:56:37Z,YoungerArchive,https://web.archive.org/web/20190416192926/http://www.people.ku.edu/~jyounger/LinearA/misctexts.html
youngerarchive,KH 91,.4_log,*401VAS RU,https://web.archive.org/web/20190416192926/http://www.people.ku.edu/~jyounger/LinearA/misctexts.html,younger_table_logogram,2026-02-24T02:56:37Z,YoungerArchive,https://web.archive.org/web/20190416192926/http://www.people.ku.edu/~jyounger/LinearA/misctexts.html
sigla,KH 91,word_1,AB79,http://sigla.phis.me/document/KH%2091/index-word.html,sigla_word_seq_pattern,2026-02-24T02:56:37Z,SigLA,http://sigla.phis.me/document/KH%2091/index-word.html
youngerarchive,KH 92,.1_stmt,A DA QIF RI,https://web.archive.org/web/20190416192926/http://www.people.ku.edu/~jyounger/LinearA/misctexts.html,younger_table_statement,2026-02-24T02:56:37Z,YoungerArchive,https://web.archive.org/web/20190416192926/http://www.people.ku.edu/~jyounger/LinearA/misctexts.html
youngerarchive,KH 92,.1_stmt,KU NI TE,https://web.archive.org/web/20190416192926/http://www.people.ku.edu/~jyounger/LinearA/misctexts.html,younger_table_statement,2026-02-24T02:56:37Z,YoungerArchive,https://web.archive.org/web/20190416192926/http://www.people.ku.edu/~jyounger/LinearA/misctexts.html
youngerarchive,KH 92,.2_stmt,]NA KI,https://web.archive.org/web/20190416192926/http://www.people.ku.edu/~jyounger/LinearA/misctexts.html,younger_table_statement,2026-02-24T02:56:37Z,YoungerArchive,https://web.archive.org/web/20190416192926/http://www.people.ku.edu/~jyounger/LinearA/misctexts.html
sigla,KH 92,word_1,AB08 AB01 AB21F AB53,http://sigla.phis.me/document/KH%2092/index-word.html,sigla_word_seq_pattern,2026-02-24T02:56:37Z,SigLA,http://sigla.phis.me/document/KH%2092/index-word.html
sigla,KH 92,word_2,AB81 AB30 AB04,http://sigla.phis.me/document/KH%2092/index-word.html,sigla_word_seq_pattern,2026-02-24T02:56:37Z,SigLA,http://sigla.phis.me/document/KH%2092/index-word.html
sigla,KH 92,word_3,AB06 AB67,http://sigla.phis.me/document/KH%2092/index-word.html,sigla_word_seq_pattern,2026-02-24T02:56:37Z,SigLA,http://sigla.phis.me/document/KH%2092/index-word.html
sigla,KH 92,word_4,AB08? [?],http://sigla.phis.me/document/KH%2092/index-word.html,sigla_word_seq_pattern,2026-02-24T02:56:37Z,SigLA,http://sigla.phis.me/document/KH%2092/index-word.html
sigla,KH 94,word_3,AB17?,http://sigla.phis.me/document/KH%2094/index-word.html,sigla_word_seq_pattern,2026-02-24T02:56:37Z,SigLA,http://sigla.phis.me/document/KH%2094/index-word.html
sigla,KH 95,word_1,AB09,http://sigla.phis.me/document/KH%2095/index-word.html,sigla_word_seq_pattern,2026-02-24T02:56:37Z,SigLA,http://sigla.phis.me/document/KH%2095/index-word.html
youngerarchive,KH 97,.a1_stmt,]RE A JA,https://web.archive.org/web/20190416192926/http://www.people.ku.edu/~jyounger/LinearA/misctexts.html,younger_table_statement,2026-02-24T02:56:37Z,YoungerArchive,https://web.archive.org/web/20190416192926/http://www.people.ku.edu/~jyounger/LinearA/misctexts.html
youngerarchive,KH 97,.b1_stmt,SE I[,https://web.archive.org/web/20190416192926/http://www.people.ku.edu/~jyounger/LinearA/misctexts.html,younger_table_statement,2026-02-24T02:56:37Z,YoungerArchive,https://web.archive.org/web/20190416192926/http://www.people.ku.edu/~jyounger/LinearA/misctexts.html
sigla,KH 97A,word_1,AB27,http://sigla.phis.me/document/KH%2097a/index-word.html,sigla_word_seq_pattern,2026-02-24T02:56:37Z,SigLA,http://sigla.phis.me/document/KH%2097a/index-word.html
sigla,KH 97A,word_2,AB08 AB57,http://sigla.phis.me/document/KH%2097a/index-word.html,sigla_word_seq_pattern,2026-02-24T02:56:37Z,SigLA,http://sigla.phis.me/document/KH%2097a/index-word.html
sigla,KH 97A,word_3,AB06,http://sigla.phis.me/document/KH%2097a/index-word.html,sigla_word_seq_pattern,2026-02-24T02:56:37Z,SigLA,http://sigla.phis.me/document/KH%2097a/index-word.html
sigla,KH 97B,word_1,AB09,http://sigla.phis.me/document/KH%2097b/index-word.html,sigla_word_seq_pattern,2026-02-24T02:56:37Z,SigLA,http://sigla.phis.me/document/KH%2097b/index-word.html
sigla,KH 97B,word_2,AB28?,http://sigla.phis.me/document/KH%2097b/index-word.html,sigla_word_seq_pattern,2026-02-24T02:56:37Z,SigLA,http://sigla.phis.me/document/KH%2097b/index-word.html
youngerarchive,KH 99,.1_stmt,]PA RI DE,https://web.archive.org/web/20190416192926/http://www.people.ku.edu/~jyounger/LinearA/misctexts.html,younger_table_statement,2026-02-24T02:56:37Z,YoungerArchive,https://web.archive.org/web/20190416192926/http://www.people.ku.edu/~jyounger/LinearA/misctexts.html
youngerarchive,KH 99,.2_stmt,]A SI,https://web.archive.org/web/20190416192926/http://www.people.ku.edu/~jyounger/LinearA/misctexts.html,younger_table_statement,2026-02-24T02:56:37Z,YoungerArchive,https://web.archive.org/web/20190416192926/http://www.people.ku.edu/~jyounger/LinearA/misctexts.html
youngerarchive,KH 99,.3_stmt,]KU KA,https://web.archive.org/web/20190416192926/http://www.people.ku.edu/~jyounger/LinearA/misctexts.html,younger_table_statement,2026-02-24T02:56:37Z,YoungerArchive,https://web.archive.org/web/20190416192926/http://www.people.ku.edu/~jyounger/LinearA/misctexts.html
sigla,KH 99,word_1,AB03 AB53 AB45,http://sigla.phis.me/document/KH%2099/index-word.html,sigla_word_seq_pattern,2026-02-24T02:56:37Z,SigLA,http://sigla.phis.me/document/KH%2099/index-word.html
sigla,KH 99,word_2,AB08 AB41 AB118,http://sigla.phis.me/document/KH%2099/index-word.html,sigla_word_seq_pattern,2026-02-24T02:56:37Z,SigLA,http://sigla.phis.me/document/KH%2099/index-word.html
sigla,KH 99,word_3,AB81 AB77 [?],http://sigla.phis.me/document/KH%2099/index-word.html,sigla_word_seq_pattern,2026-02-24T02:56:37Z,SigLA,http://sigla.phis.me/document/KH%2099/index-word.html
sigla,KH WA 1002,word_1,A501,http://sigla.phis.me/document/KH%20Wa%201002%CE%B3/index-word.html,sigla_word_seq_pattern,2026-02-24T02:56:37Z,SigLA,http://sigla.phis.me/document/KH%20Wa%201002%CE%B3/index-word.html
sigla,KH WA 1002,word_1,A640,http://sigla.phis.me/document/KH%20Wa%201002%CE%B1/index-word.html,sigla_word_seq_pattern,2026-02-24T02:56:37Z,SigLA,http://sigla.phis.me/document/KH%20Wa%201002%CE%B1/index-word.html
sigla,KH WA 1013,word_1,AB02,http://sigla.phis.me/document/KH%20Wa%201013%CE%B3/index-word.html,sigla_word_seq_pattern,2026-02-24T02:56:37Z,SigLA,http://sigla.phis.me/document/KH%20Wa%201013%CE%B3/index-word.html
sigla,KH WA 1013,word_1,AB86,http://sigla.phis.me/document/KH%20Wa%201013%CE%B1/index-word.html,sigla_word_seq_pattern,2026-02-24T02:56:37Z,SigLA,http://sigla.phis.me/document/KH%20Wa%201013%CE%B1/index-word.html
sigla,KH WA 1014,word_1,AB02,http://sigla.phis.me/document/KH%20Wa%201014%CE%B3/index-word.html,sigla_word_seq_pattern,2026-02-24T02:56:37Z,SigLA,http://sigla.phis.me/document/KH%20Wa%201014%CE%B3/index-word.html
sigla,KH WA 1014,word_1,AB86,http://sigla.phis.me/document/KH%20Wa%201014%CE%B1/index-word.html,sigla_word_seq_pattern,2026-02-24T02:56:37Z,SigLA,http://sigla.phis.me/document/KH%20Wa%201014%CE%B1/index-word.html
sigla,KH WA 1015,word_1,AB02,http://sigla.phis.me/document/KH%20Wa%201015%CE%B3/index-word.html,sigla_word_seq_pattern,2026-02-24T02:56:37Z,SigLA,http://sigla.phis.me/document/KH%20Wa%201015%CE%B3/index-word.html
sigla,KH WA 1015,word_1,AB86,http://sigla.phis.me/document/KH%20Wa%201015%CE%B1/index-word.html,sigla_word_seq_pattern,2026-02-24T02:56:37Z,SigLA,http://sigla.phis.me/document/KH%20Wa%201015%CE%B1/index-word.html
sigla,KH WA 1016,word_1,AB02,http://sigla.phis.me/document/KH%20Wa%201016%CE%B3/index-word.html,sigla_word_seq_pattern,2026-02-24T02:56:37Z,SigLA,http://sigla.phis.me/document/KH%20Wa%201016%CE%B3/index-word.html
sigla,KH WA 1016,word_1,AB86,http://sigla.phis.me/document/KH%20Wa%201016%CE%B1/index-word.html,sigla_word_seq_pattern,2026-02-24T02:56:37Z,SigLA,http://sigla.phis.me/document/KH%20Wa%201016%CE%B1/index-word.html
youngerarchive,KH WC 2004,table1_row2_stmt,VIR[,https://web.archive.org/web/20190416192926/http://www.people.ku.edu/~jyounger/LinearA/misctexts.html,younger_table_statement,2026-02-24T02:56:37Z,YoungerArchive,https://web.archive.org/web/20190416192926/http://www.people.ku.edu/~jyounger/LinearA/misctexts.html
sigla,KH WC 2005,word_1,AB77 AB06 AB30 AB37,http://sigla.phis.me/document/KH%20Wc%202005/index-word.html,sigla_word_seq_pattern,2026-02-24T02:56:37Z,SigLA,http://sigla.phis.me/document/KH%20Wc%202005/index-word.html
youngerarchive,KH WC 2006,table1_row2_stmt,*417VAS,https://web.archive.org/web/20190416192926/http://www.people.ku.edu/~jyounger/LinearA/misctexts.html,younger_table_statement,2026-02-24T02:56:37Z,YoungerArchive,https://web.archive.org/web/20190416192926/http://www.people.ku.edu/~jyounger/LinearA/misctexts.html
youngerarchive,KH WC 2007,table1_row2_stmt,*417VAS,https://web.archive.org/web/20190416192926/http://www.people.ku.edu/~jyounger/LinearA/misctexts.html,younger_table_statement,2026-02-24T02:56:37Z,YoungerArchive,https://web.archive.org/web/20190416192926/http://www.people.ku.edu/~jyounger/LinearA/misctexts.html
youngerarchive,KH WC 2008,table1_row2_stmt,*411VASB,https://web.archive.org/web/20190416192926/http://www.people.ku.edu/~jyounger/LinearA/misctexts.html,younger_table_statement,2026-02-24T02:56:37Z,YoungerArchive,https://web.archive.org/web/20190416192926/http://www.people.ku.edu/~jyounger/LinearA/misctexts.html
sigla,KH WC 2008,word_1,A411B,http://sigla.phis.me/document/KH%20Wc%202008/index-word.html,sigla_word_seq_pattern,2026-02-24T02:56:37Z,SigLA,http://sigla.phis.me/document/KH%20Wc%202008/index-word.html
youngerarchive,KH WC 2009,table1_row2_stmt,*411VASB,https://web.archive.org/web/20190416192926/http://www.people.ku.edu/~jyounger/LinearA/misctexts.html,younger_table_statement,2026-02-24T02:56:37Z,YoungerArchive,https://web.archive.org/web/20190416192926/http://www.people.ku.edu/~jyounger/LinearA/misctexts.html
sigla,KH WC 2009,word_1,A411B,http://sigla.phis.me/document/KH%20Wc%202009/index-word.html,sigla_word_seq_pattern,2026-02-24T02:56:37Z,SigLA,http://sigla.phis.me/document/KH%20Wc%202009/index-word.html
youngerarchive,KH WC 2010,table1_row2_stmt,*409VAS,https://web.archive.org/web/20190416192926/http://www.people.ku.edu/~jyounger/LinearA/misctexts.html,younger_table_statement,2026-02-24T02:56:37Z,YoungerArchive,https://web.archive.org/web/20190416192926/http://www.people.ku.edu/~jyounger/LinearA/misctexts.html
youngerarchive,KH WC 2011,table1_row2_stmt,*411VASB,https://web.archive.org/web/20190416192926/http://www.people.ku.edu/~jyounger/LinearA/misctexts.html,younger_table_statement,2026-02-24T02:56:37Z,YoungerArchive,https://web.archive.org/web/20190416192926/http://www.people.ku.edu/~jyounger/LinearA/misctexts.html
youngerarchive,KH WC 2012,table1_row2_stmt,*411VASB,https://web.archive.org/web/20190416192926/http://www.people.ku.edu/~jyounger/LinearA/misctexts.html,younger_table_statement,2026-02-24T02:56:37Z,YoungerArchive,https://web.archive.org/web/20190416192926/http://www.people.ku.edu/~jyounger/LinearA/misctexts.html
youngerarchive,KH WC 2013,table1_row2_stmt,*411VASB,https://web.archive.org/web/20190416192926/http://www.people.ku.edu/~jyounger/LinearA/misctexts.html,younger_table_statement,2026-02-24T02:56:37Z,YoungerArchive,https://web.archive.org/web/20190416192926/http://www.people.ku.edu/~jyounger/LinearA/misctexts.html
youngerarchive,KH WC 2014,table1_row2_stmt,*411VASB,https://web.archive.org/web/20190416192926/http://www.people.ku.edu/~jyounger/LinearA/misctexts.html,younger_table_statement,2026-02-24T02:56:37Z,YoungerArchive,https://web.archive.org/web/20190416192926/http://www.people.ku.edu/~jyounger/LinearA/misctexts.html
youngerarchive,KH WC 2015,table1_row2_stmt,*411VASB,https://web.archive.org/web/20190416192926/http://www.people.ku.edu/~jyounger/LinearA/misctexts.html,younger_table_statement,2026-02-24T02:56:37Z,YoungerArchive,https://web.archive.org/web/20190416192926/http://www.people.ku.edu/~jyounger/LinearA/misctexts.html
youngerarchive,KH WC 2016,table1_row2_stmt,*411VASB,https://web.archive.org/web/20190416192926/http://www.people.ku.edu/~jyounger/LinearA/misctexts.html,younger_table_statement,2026-02-24T02:56:37Z,YoungerArchive,https://web.archive.org/web/20190416192926/http://www.people.ku.edu/~jyounger/LinearA/misctexts.html
youngerarchive,KH WC 2017,table1_row2_stmt,*411VASB,https://web.archive.org/web/20190416192926/http://www.people.ku.edu/~jyounger/LinearA/misctexts.html,younger_table_statement,2026-02-24T02:56:37Z,YoungerArchive,https://web.archive.org/web/20190416192926/http://www.people.ku.edu/~jyounger/LinearA/misctexts.html
youngerarchive,KH WC 2018,table1_row2_stmt,*411VASB,https://web.archive.org/web/20190416192926/http://www.people.ku.edu/~jyounger/LinearA/misctexts.html,younger_table_statement,2026-02-24T02:56:37Z,YoungerArchive,https://web.archive.org/web/20190416192926/http://www.people.ku.edu/~jyounger/LinearA/misctexts.html
youngerarchive,KH WC 2019,table1_row2_stmt,*411VASA,https://web.archive.org/web/20190416192926/http://www.people.ku.edu/~jyounger/LinearA/misctexts.html,younger_table_statement,2026-02-24T02:56:37Z,YoungerArchive,https://web.archive.org/web/20190416192926/http://www.people.ku.edu/~jyounger/LinearA/misctexts.html
youngerarchive,KH WC 2020,table1_row2_stmt,*409VAS,https://web.archive.org/web/20190416192926/http://www.people.ku.edu/~jyounger/LinearA/misctexts.html,younger_table_statement,2026-02-24T02:56:37Z,YoungerArchive,https://web.archive.org/web/20190416192926/http://www.people.ku.edu/~jyounger/LinearA/misctexts.html
youngerarchive,KH WC 2021,table1_row2_stmt,*409VAS,https://web.archive.org/web/20190416192926/http://www.people.ku.edu/~jyounger/LinearA/misctexts.html,younger_table_statement,2026-02-24T02:56:37Z,YoungerArchive,https://web.archive.org/web/20190416192926/http://www.people.ku.edu/~jyounger/LinearA/misctexts.html
youngerarchive,KH WC 2022,table1_row2_stmt,*411VASB,https://web.archive.org/web/20190416192926/http://www.people.ku.edu/~jyounger/LinearA/misctexts.html,younger_table_statement,2026-02-24T02:56:37Z,YoungerArchive,https://web.archive.org/web/20190416192926/http://www.people.ku.edu/~jyounger/LinearA/misctexts.html
youngerarchive,KH WC 2023,table1_row2_stmt,*411VASB,https://web.archive.org/web/20190416192926/http://www.people.ku.edu/~jyounger/LinearA/misctexts.html,younger_table_statement,2026-02-24T02:56:37Z,YoungerArchive,https://web.archive.org/web/20190416192926/http://www.people.ku.edu/~jyounger/LinearA/misctexts.html
youngerarchive,KH WC 2024,table1_row2_stmt,*411VASB,https://web.archive.org/web/20190416192926/http://www.people.ku.edu/~jyounger/LinearA/misctexts.html,younger_table_statement,2026-02-24T02:56:37Z,YoungerArchive,https://web.archive.org/web/20190416192926/http://www.people.ku.edu/~jyounger/LinearA/misctexts.html
youngerarchive,KH WC 2029 2030,table1_row2_stmt,VIR KA,https://web.archive.org/web/20190416192926/http://www.people.ku.edu/~jyounger/LinearA/misctexts.html,younger_table_statement,2026-02-24T02:56:37Z,YoungerArchive,https://web.archive.org/web/20190416192926/http://www.people.ku.edu/~jyounger/LinearA/misctexts.html
youngerarchive,KH WC 2031,table1_row2_stmt,VIR KA,https://web.archive.org/web/20190416192926/http://www.people.ku.edu/~jyounger/LinearA/misctexts.html,younger_table_statement,2026-02-24T02:56:37Z,YoungerArchive,https://web.archive.org/web/20190416192926/http://www.people.ku.edu/~jyounger/LinearA/misctexts.html
youngerarchive,KH WC 2032,table1_row2_stmt,VIR KA,https://web.archive.org/web/20190416192926/http://www.people.ku.edu/~jyounger/LinearA/misctexts.html,younger_table_statement,2026-02-24T02:56:37Z,YoungerArchive,https://web.archive.org/web/20190416192926/http://www.people.ku.edu/~jyounger/LinearA/misctexts.html
sigla,KH WC 2035,word_1,AB61,http://sigla.phis.me/document/KH%20Wc%202035/index-word.html,sigla_word_seq_pattern,2026-02-24T02:56:37Z,SigLA,http://sigla.phis.me/document/KH%20Wc%202035/index-word.html
youngerarchive,KH WC 2036,table1_row2_stmt,*164D,https://web.archive.org/web/20190416192926/http://www.people.ku.edu/~jyounger/LinearA/misctexts.html,younger_table_statement,2026-02-24T02:56:37Z,YoungerArchive,https://web.archive.org/web/20190416192926/http://www.people.ku.edu/~jyounger/LinearA/misctexts.html
youngerarchive,KH WC 2037,table1_row2_stmt,*164D,https://web.archive.org/web/20190416192926/http://www.people.ku.edu/~jyounger/LinearA/misctexts.html,younger_table_statement,2026-02-24T02:56:37Z,YoungerArchive,https://web.archive.org/web/20190416192926/http://www.people.ku.edu/~jyounger/LinearA/misctexts.html
youngerarchive,KH WC 2038,table1_row2_stmt,*164D,https://web.archive.org/web/20190416192926/http://www.people.ku.edu/~jyounger/LinearA/misctexts.html,younger_table_statement,2026-02-24T02:56:37Z,YoungerArchive,https://web.archive.org/web/20190416192926/http://www.people.ku.edu/~jyounger/LinearA/misctexts.html
youngerarchive,KH WC 2039,table1_row2_stmt,*164D,https://web.archive.org/web/20190416192926/http://www.people.ku.edu/~jyounger/LinearA/misctexts.html,younger_table_statement,2026-02-24T02:56:37Z,YoungerArchive,https://web.archive.org/web/20190416192926/http://www.people.ku.edu/~jyounger/LinearA/misctexts.html
youngerarchive,KH WC 2040,table1_row2_stmt,*164B,https://web.archive.org/web/20190416192926/http://www.people.ku.edu/~jyounger/LinearA/misctexts.html,younger_table_statement,2026-02-24T02:56:37Z,YoungerArchive,https://web.archive.org/web/20190416192926/http://www.people.ku.edu/~jyounger/LinearA/misctexts.html
youngerarchive,KH WC 2041,table1_row2_stmt,*164C,https://web.archive.org/web/20190416192926/http://www.people.ku.edu/~jyounger/LinearA/misctexts.html,younger_table_statement,2026-02-24T02:56:37Z,YoungerArchive,https://web.archive.org/web/20190416192926/http://www.people.ku.edu/~jyounger/LinearA/misctexts.html
youngerarchive,KH WC 2042,table1_row2_stmt,*164A,https://web.archive.org/web/20190416192926/http://www.people.ku.edu/~jyounger/LinearA/misctexts.html,younger_table_statement,2026-02-24T02:56:37Z,YoungerArchive,https://web.archive.org/web/20190416192926/http://www.people.ku.edu/~jyounger/LinearA/misctexts.html
youngerarchive,KH WC 2043,table1_row2_stmt,*164A,https://web.archive.org/web/20190416192926/http://www.people.ku.edu/~jyounger/LinearA/misctexts.html,younger_table_statement,2026-02-24T02:56:37Z,YoungerArchive,https://web.archive.org/web/20190416192926/http://www.people.ku.edu/~jyounger/LinearA/misctexts.html
youngerarchive,KH WC 2044 2096,table1_row2_stmt,*164A,https://web.archive.org/web/20190416192926/http://www.people.ku.edu/~jyounger/LinearA/misctexts.html,younger_table_statement,2026-02-24T02:56:37Z,YoungerArchive,https://web.archive.org/web/20190416192926/http://www.people.ku.edu/~jyounger/LinearA/misctexts.html
youngerarchive,KH WC 2045,table1_row2_stmt,*164D,https://web.archive.org/web/20190416192926/http://www.people.ku.edu/~jyounger/LinearA/misctexts.html,younger_table_statement,2026-02-24T02:56:37Z,YoungerArchive,https://web.archive.org/web/20190416192926/http://www.people.ku.edu/~jyounger/LinearA/misctexts.html
youngerarchive,KH WC 2063,table1_row2_stmt,OVIS,https://web.archive.org/web/20190416192926/http://www.people.ku.edu/~jyounger/LinearA/misctexts.html,younger_table_statement,2026-02-24T02:56:37Z,YoungerArchive,https://web.archive.org/web/20190416192926/http://www.people.ku.edu/~jyounger/LinearA/misctexts.html
youngerarchive,KH WC 2066,table1_row2_stmt,I [?],https://web.archive.org/web/20190416192926/http://www.people.ku.edu/~jyounger/LinearA/misctexts.html,younger_table_statement,2026-02-24T02:56:37Z,YoungerArchive,https://web.archive.org/web/20190416192926/http://www.people.ku.edu/~jyounger/LinearA/misctexts.html
youngerarchive,KH WC 2069,table1_row2_stmt,BOSM,https://web.archive.org/web/20190416192926/http://www.people.ku.edu/~jyounger/LinearA/misctexts.html,younger_table_statement,2026-02-24T02:56:37Z,YoungerArchive,https://web.archive.org/web/20190416192926/http://www.people.ku.edu/~jyounger/LinearA/misctexts.html
youngerarchive,KH WC 2070,table1_row2_stmt,I [?],https://web.archive.org/web/20190416192926/http://www.people.ku.edu/~jyounger/LinearA/misctexts.html,younger_table_statement,2026-02-24T02:56:37Z,YoungerArchive,https://web.archive.org/web/20190416192926/http://www.people.ku.edu/~jyounger/LinearA/misctexts.html
youngerarchive,KH WC 2100,table1_row2_stmt,VIR JA,https://web.archive.org/web/20190416192926/http://www.people.ku.edu/~jyounger/LinearA/misctexts.html,younger_table_statement,2026-02-24T02:56:37Z,YoungerArchive,https://web.archive.org/web/20190416192926/http://www.people.ku.edu/~jyounger/LinearA/misctexts.html
sigla,KH WC 2100,word_1,AB100 A352 AB57,http://sigla.phis.me/document/KH%20Wc%202100/index-word.html,sigla_word_seq_pattern,2026-02-24T02:56:37Z,SigLA,http://sigla.phis.me/document/KH%20Wc%202100/index-word.html
youngerarchive,KH WC 2102,table1_row2_stmt,OVIS,https://web.archive.org/web/20190416192926/http://www.people.ku.edu/~jyounger/LinearA/misctexts.html,younger_table_statement,2026-02-24T02:56:37Z,YoungerArchive,https://web.archive.org/web/20190416192926/http://www.people.ku.edu/~jyounger/LinearA/misctexts.html
youngerarchive,KH WC 2103,table1_row2_stmt,*408VAS,https://web.archive.org/web/20190416192926/http://www.people.ku.edu/~jyounger/LinearA/misctexts.html,younger_table_statement,2026-02-24T02:56:37Z,YoungerArchive,https://web.archive.org/web/20190416192926/http://www.people.ku.edu/~jyounger/LinearA/misctexts.html
youngerarchive,KH WC 2111,table1_row2_stmt,*164D,https://web.archive.org/web/20190416192926/http://www.people.ku.edu/~jyounger/LinearA/misctexts.html,younger_table_statement,2026-02-24T02:56:37Z,YoungerArchive,https://web.archive.org/web/20190416192926/http://www.people.ku.edu/~jyounger/LinearA/misctexts.html
youngerarchive,KH WC 2122,table1_row2_stmt,*408VAS,https://web.archive.org/web/20190416192926/http://www.people.ku.edu/~jyounger/LinearA/misctexts.html,younger_table_statement,2026-02-24T02:56:37Z,YoungerArchive,https://web.archive.org/web/20190416192926/http://www.people.ku.edu/~jyounger/LinearA/misctexts.html
youngerarchive,KH WC 2124,table1_row2_stmt,TELA,https://web.archive.org/web/20190416192926/http://www.people.ku.edu/~jyounger/LinearA/misctexts.html,younger_table_statement,2026-02-24T02:56:37Z,YoungerArchive,https://web.archive.org/web/20190416192926/http://www.people.ku.edu/~jyounger/LinearA/misctexts.html
youngerarchive,KN 1,a.1-2_stmt,JA KU TI,https://web.archive.org/web/20190416192926/http://www.people.ku.edu/~jyounger/LinearA/misctexts.html,younger_table_statement,2026-02-24T02:56:37Z,YoungerArchive,https://web.archive.org/web/20190416192926/http://www.people.ku.edu/~jyounger/LinearA/misctexts.html
youngerarchive,KN 1,b.1-3_stmt,JA DU RA TI,https://web.archive.org/web/20190416192926/http://www.people.ku.edu/~jyounger/LinearA/misctexts.html,younger_table_statement,2026-02-24T02:56:37Z,YoungerArchive,https://web.archive.org/web/20190416192926/http://www.people.ku.edu/~jyounger/LinearA/misctexts.html
sigla,KN 1A,word_1,AB57 AB81 AB37,http://sigla.phis.me/document/KN%201a/index-word.html,sigla_word_seq_pattern,2026-02-24T02:56:37Z,SigLA,http://sigla.phis.me/document/KN%201a/index-word.html
sigla,KN 1B,word_1,AB57 AB51 AB60 AB37,http://sigla.phis.me/document/KN%201b/index-word.html,sigla_word_seq_pattern,2026-02-24T02:56:37Z,SigLA,http://sigla.phis.me/document/KN%201b/index-word.html
youngerarchive,KN 2,.1_stmt,]RU NA,https://web.archive.org/web/20190416192926/http://www.people.ku.edu/~jyounger/LinearA/misctexts.html,younger_table_statement,2026-02-24T02:56:37Z,YoungerArchive,https://web.archive.org/web/20190416192926/http://www.people.ku.edu/~jyounger/LinearA/misctexts.html
sigla,KN 2,word_1,AB26 AB06,http://sigla.phis.me/document/KN%202/index-word.html,sigla_word_seq_pattern,2026-02-24T02:56:37Z,SigLA,http://sigla.phis.me/document/KN%202/index-word.html
youngerarchive,KN 22,a.1_stmt,]SU JU TA,https://web.archive.org/web/20190416192926/http://www.people.ku.edu/~jyounger/LinearA/misctexts.html,younger_table_statement,2026-02-24T02:56:37Z,YoungerArchive,https://web.archive.org/web/20190416192926/http://www.people.ku.edu/~jyounger/LinearA/misctexts.html
youngerarchive,KN 22,b_stmt,PO DI PA3,https://web.archive.org/web/20190416192926/http://www.people.ku.edu/~jyounger/LinearA/misctexts.html,younger_table_statement,2026-02-24T02:56:37Z,YoungerArchive,https://web.archive.org/web/20190416192926/http://www.people.ku.edu/~jyounger/LinearA/misctexts.html
sigla,KN 22A,word_1,AB58 AB65 AB59,http://sigla.phis.me/document/KN%2022a/index-word.html,sigla_word_seq_pattern,2026-02-24T02:56:37Z,SigLA,http://sigla.phis.me/document/KN%2022a/index-word.html
sigla,KN 22A,word_2,AB77 AB46 [?],http://sigla.phis.me/document/KN%2022a/index-word.html,sigla_word_seq_pattern,2026-02-24T02:56:37Z,SigLA,http://sigla.phis.me/document/KN%2022a/index-word.html
sigla,KN 22B,word_1,AB11 AB07 AB56,http://sigla.phis.me/document/KN%2022b/index-word.html,sigla_word_seq_pattern,2026-02-24T02:56:37Z,SigLA,http://sigla.phis.me/document/KN%2022b/index-word.html
sigla,KN 22C,word_1,AB80 AB58 AB73 [?] AB06 [?],http://sigla.phis.me/document/KN%2022c/index-word.html,sigla_word_seq_pattern,2026-02-24T02:56:37Z,SigLA,http://sigla.phis.me/document/KN%2022c/index-word.html
youngerarchive,KN 28,b.3_log,SU MI,https://web.archive.org/web/20190416192926/http://www.people.ku.edu/~jyounger/LinearA/misctexts.html,younger_table_logogram,2026-02-24T02:56:37Z,YoungerArchive,https://web.archive.org/web/20190416192926/http://www.people.ku.edu/~jyounger/LinearA/misctexts.html
sigla,KN 28B,word_1,[?] AB04,http://sigla.phis.me/document/KN%2028b/index-word.html,sigla_word_seq_pattern,2026-02-24T02:56:37Z,SigLA,http://sigla.phis.me/document/KN%2028b/index-word.html
youngerarchive,KN 32,a.2_stmt,A KA TA[,https://web.archive.org/web/20190416192926/http://www.people.ku.edu/~jyounger/LinearA/misctexts.html,younger_table_statement,2026-02-24T02:56:37Z,YoungerArchive,https://web.archive.org/web/20190416192926/http://www.people.ku.edu/~jyounger/LinearA/misctexts.html
youngerarchive,KN 32,b.2_stmt,SA PU,https://web.archive.org/web/20190416192926/http://www.people.ku.edu/~jyounger/LinearA/misctexts.html,younger_table_statement,2026-02-24T02:56:37Z,YoungerArchive,https://web.archive.org/web/20190416192926/http://www.people.ku.edu/~jyounger/LinearA/misctexts.html
youngerarchive,KN 32,b.3_stmt,JA SU,https://web.archive.org/web/20190416192926/http://www.people.ku.edu/~jyounger/LinearA/misctexts.html,younger_table_statement,2026-02-24T02:56:37Z,YoungerArchive,https://web.archive.org/web/20190416192926/http://www.people.ku.edu/~jyounger/LinearA/misctexts.html
sigla,KN 32A,word_1,AB08 AB03 [?],http://sigla.phis.me/document/KN%2032a/index-word.html,sigla_word_seq_pattern,2026-02-24T02:56:37Z,SigLA,http://sigla.phis.me/document/KN%2032a/index-word.html
sigla,KN 32A,word_2,AB08 AB77 AB59 [?],http://sigla.phis.me/document/KN%2032a/index-word.html,sigla_word_seq_pattern,2026-02-24T02:56:37Z,SigLA,http://sigla.phis.me/document/KN%2032a/index-word.html
sigla,KN 32B,word_1,[?] AB04,http://sigla.phis.me/document/KN%2032b/index-word.html,sigla_word_seq_pattern,2026-02-24T02:56:37Z,SigLA,http://sigla.phis.me/document/KN%2032b/index-word.html
sigla,KN 32B,word_2,[?] AB31 AB50,http://sigla.phis.me/document/KN%2032b/index-word.html,sigla_word_seq_pattern,2026-02-24T02:56:37Z,SigLA,http://sigla.phis.me/document/KN%2032b/index-word.html
sigla,KN 32B,word_3,AB03,http://sigla.phis.me/document/KN%2032b/index-word.html,sigla_word_seq_pattern,2026-02-24T02:56:37Z,SigLA,http://sigla.phis.me/document/KN%2032b/index-word.html
sigla,KN 32B,word_4,[?] AB57 AB58,http://sigla.phis.me/document/KN%2032b/index-word.html,sigla_word_seq_pattern,2026-02-24T02:56:37Z,SigLA,http://sigla.phis.me/document/KN%2032b/index-word.html
sigla,KN WB 33A,word_1,AB16 AB67,http://sigla.phis.me/document/KN%20Wb%2033a/index-word.html,sigla_word_seq_pattern,2026-02-24T02:56:37Z,SigLA,http://sigla.phis.me/document/KN%20Wb%2033a/index-word.html
sigla,KN WB 33B,word_1,AB55 AB09 [?],http://sigla.phis.me/document/KN%20Wb%2033b/index-word.html,sigla_word_seq_pattern,2026-02-24T02:56:37Z,SigLA,http://sigla.phis.me/document/KN%20Wb%2033b/index-word.html
youngerarchive,KN WC 26,a: RU-JA_log,IMPRESSION DISC NO PAPYRUS,https://web.archive.org/web/20190416192926/http://www.people.ku.edu/~jyounger/LinearA/misctexts.html,younger_table_logogram,2026-02-24T02:56:37Z,YoungerArchive,https://web.archive.org/web/20190416192926/http://www.people.ku.edu/~jyounger/LinearA/misctexts.html
youngerarchive,KN WC 26,a: RU-JA_stmt,B NI PI,https://web.archive.org/web/20190416192926/http://www.people.ku.edu/~jyounger/LinearA/misctexts.html,younger_table_statement,2026-02-24T02:56:37Z,YoungerArchive,https://web.archive.org/web/20190416192926/http://www.people.ku.edu/~jyounger/LinearA/misctexts.html
sigla,KN WC 26A,word_1,AB26 AB57,http://sigla.phis.me/document/KN%20Wc%2026a/index-word.html,sigla_word_seq_pattern,2026-02-24T02:56:37Z,SigLA,http://sigla.phis.me/document/KN%20Wc%2026a/index-word.html
sigla,KN WC 26B,word_1,AB30 AB39,http://sigla.phis.me/document/KN%20Wc%2026b/index-word.html,sigla_word_seq_pattern,2026-02-24T02:56:37Z,SigLA,http://sigla.phis.me/document/KN%20Wc%2026b/index-word.html
youngerarchive,KN WC 29,table1_row2_stmt,CAPM,https://web.archive.org/web/20190416192926/http://www.people.ku.edu/~jyounger/LinearA/misctexts.html,younger_table_statement,2026-02-24T02:56:37Z,YoungerArchive,https://web.archive.org/web/20190416192926/http://www.people.ku.edu/~jyounger/LinearA/misctexts.html
sigla,KN WC 3,word_1,AB77 AB28 AB77,http://sigla.phis.me/document/KN%20Wc%203/index-word.html,sigla_word_seq_pattern,2026-02-24T02:56:37Z,SigLA,http://sigla.phis.me/document/KN%20Wc%203/index-word.html
sigla,KN WC 30,word_1,AB57 AB60,http://sigla.phis.me/document/KN%20Wc%2030/index-word.html,sigla_word_seq_pattern,2026-02-24T02:56:37Z,SigLA,http://sigla.phis.me/document/KN%20Wc%2030/index-word.html
youngerarchive,KN WC 42,b: ]-NA_log,IMPRESSION MOTIF NOT PRESERVED,https://web.archive.org/web/20190416192926/http://www.people.ku.edu/~jyounger/LinearA/misctexts.html,younger_table_logogram,2026-02-24T02:56:37Z,YoungerArchive,https://web.archive.org/web/20190416192926/http://www.people.ku.edu/~jyounger/LinearA/misctexts.html
youngerarchive,KN WC 42,b: ]-NA_stmt,A O,https://web.archive.org/web/20190416192926/http://www.people.ku.edu/~jyounger/LinearA/misctexts.html,younger_table_statement,2026-02-24T02:56:37Z,YoungerArchive,https://web.archive.org/web/20190416192926/http://www.people.ku.edu/~jyounger/LinearA/misctexts.html
youngerarchive,KN WC 43,a: vestigia_log,NOT PRESERVED,https://web.archive.org/web/20190416192926/http://www.people.ku.edu/~jyounger/LinearA/misctexts.html,younger_table_logogram,2026-02-24T02:56:37Z,YoungerArchive,https://web.archive.org/web/20190416192926/http://www.people.ku.edu/~jyounger/LinearA/misctexts.html
youngerarchive,KN WC 48,a: ]TE_stmt,B VESTIGIA,https://web.archive.org/web/20190416192926/http://www.people.ku.edu/~jyounger/LinearA/misctexts.html,younger_table_statement,2026-02-24T02:56:37Z,YoungerArchive,https://web.archive.org/web/20190416192926/http://www.people.ku.edu/~jyounger/LinearA/misctexts.html
sigla,KN ZB 20,word_1,AB06 AB08 AB56,http://sigla.phis.me/document/KN%20Zb%2020/index-word.html,sigla_word_seq_pattern,2026-02-24T02:56:37Z,SigLA,http://sigla.phis.me/document/KN%20Zb%2020/index-word.html
youngerarchive,KN ZB 35,table1_row2_log,]OLE,https://web.archive.org/web/20190416192926/http://www.people.ku.edu/~jyounger/LinearA/misctexts.html,younger_table_logogram,2026-02-24T02:56:37Z,YoungerArchive,https://web.archive.org/web/20190416192926/http://www.people.ku.edu/~jyounger/LinearA/misctexts.html
youngerarchive,KN ZB 35,table1_row2_stmt,]JA[ ]DI ]WI[,https://web.archive.org/web/20190416192926/http://www.people.ku.edu/~jyounger/LinearA/misctexts.html,younger_table_statement,2026-02-24T02:56:37Z,YoungerArchive,https://web.archive.org/web/20190416192926/http://www.people.ku.edu/~jyounger/LinearA/misctexts.html
sigla,KN ZB 35,word_1,AB57,http://sigla.phis.me/document/KN%20Zb%2035/index-word.html,sigla_word_seq_pattern,2026-02-24T02:56:37Z,SigLA,http://sigla.phis.me/document/KN%20Zb%2035/index-word.html
sigla,KN ZB 35,word_2,AB07,http://sigla.phis.me/document/KN%20Zb%2035/index-word.html,sigla_word_seq_pattern,2026-02-24T02:56:37Z,SigLA,http://sigla.phis.me/document/KN%20Zb%2035/index-word.html
sigla,KN ZB 35,word_3,AB40,http://sigla.phis.me/document/KN%20Zb%2035/index-word.html,sigla_word_seq_pattern,2026-02-24T02:56:37Z,SigLA,http://sigla.phis.me/document/KN%20Zb%2035/index-word.html
sigla,KN ZB 4,word_1,[?] AB65,http://sigla.phis.me/document/KN%20Zb%204/index-word.html,sigla_word_seq_pattern,2026-02-24T02:56:37Z,SigLA,http://sigla.phis.me/document/KN%20Zb%204/index-word.html
sigla,KN ZB 4,word_2,AB57 AB41,http://sigla.phis.me/document/KN%20Zb%204/index-word.html,sigla_word_seq_pattern,2026-02-24T02:56:37Z,SigLA,http://sigla.phis.me/document/KN%20Zb%204/index-word.html
sigla,KN ZB 4,word_3,AB41,http://sigla.phis.me/document/KN%20Zb%204/index-word.html,sigla_word_seq_pattern,2026-02-24T02:56:37Z,SigLA,http://sigla.phis.me/document/KN%20Zb%204/index-word.html
sigla,KN ZB 40,word_1,AB08 AB03 AB67,http://sigla.phis.me/document/KN%20Zb%2040/index-word.html,sigla_word_seq_pattern,2026-02-24T02:56:37Z,SigLA,http://sigla.phis.me/document/KN%20Zb%2040/index-word.html
sigla,KN ZB 40,word_2,AB10 AB06 AB08,http://sigla.phis.me/document/KN%20Zb%2040/index-word.html,sigla_word_seq_pattern,2026-02-24T02:56:37Z,SigLA,http://sigla.phis.me/document/KN%20Zb%2040/index-word.html
sigla,KN ZB 5,word_1,AB08 AB69 AB53 AB41 AB37,http://sigla.phis.me/document/KN%20Zb%205/index-word.html,sigla_word_seq_pattern,2026-02-24T02:56:37Z,SigLA,http://sigla.phis.me/document/KN%20Zb%205/index-word.html
sigla,KN ZC 6,word_1,AB34 AB37 AB53,http://sigla.phis.me/document/KN%20Zc%206/index-word.html,sigla_word_seq_pattern,2026-02-24T02:56:37Z,SigLA,http://sigla.phis.me/document/KN%20Zc%206/index-word.html
sigla,KN ZC 6,word_2,AB08 AB07 AB01 AB67 AB37 AB03 AB81,http://sigla.phis.me/document/KN%20Zc%206/index-word.html,sigla_word_seq_pattern,2026-02-24T02:56:37Z,SigLA,http://sigla.phis.me/document/KN%20Zc%206/index-word.html
sigla,KN ZC 6,word_3,AB30 AB57 AB55,http://sigla.phis.me/document/KN%20Zc%206/index-word.html,sigla_word_seq_pattern,2026-02-24T02:56:37Z,SigLA,http://sigla.phis.me/document/KN%20Zc%206/index-word.html
sigla,KN ZC 6,word_4,AB65 AB81 AB06 AB03 AB81 AB55 AB10 [?] AB28 AB79,http://sigla.phis.me/document/KN%20Zc%206/index-word.html,sigla_word_seq_pattern,2026-02-24T02:56:37Z,SigLA,http://sigla.phis.me/document/KN%20Zc%206/index-word.html
sigla,KN ZC 7,word_1,AB08 AB77 AB55 AB74 AB37,http://sigla.phis.me/document/KN%20Zc%207/index-word.html,sigla_word_seq_pattern,2026-02-24T02:56:37Z,SigLA,http://sigla.phis.me/document/KN%20Zc%207/index-word.html
sigla,KN ZC 7,word_2,AB51 AB60 AB27,http://sigla.phis.me/document/KN%20Zc%207/index-word.html,sigla_word_seq_pattern,2026-02-24T02:56:37Z,SigLA,http://sigla.phis.me/document/KN%20Zc%207/index-word.html
sigla,KN ZC 7,word_3,AB08 AB79 AB60,http://sigla.phis.me/document/KN%20Zc%207/index-word.html,sigla_word_seq_pattern,2026-02-24T02:56:37Z,SigLA,http://sigla.phis.me/document/KN%20Zc%207/index-word.html
sigla,KN ZC 7,word_4,AB57 AB31 AB60 AB08 AB06 AB24 AB40 AB39 [?],http://sigla.phis.me/document/KN%20Zc%207/index-word.html,sigla_word_seq_pattern,2026-02-24T02:56:37Z,SigLA,http://sigla.phis.me/document/KN%20Zc%207/index-word.html
sigla,KN ZE 16,word_1,AB08 AB39,http://sigla.phis.me/document/KN%20Ze%2016/index-word.html,sigla_word_seq_pattern,2026-02-24T02:56:37Z,SigLA,http://sigla.phis.me/document/KN%20Ze%2016/index-word.html
sigla,KN ZF 13,word_1,AB08 AB27 AB24 AB41 AB07 A301 AB39 AB44 AB03 AB57 AB59 AB53 AB09 AB04 AB53 AB23 AB08 AB57 AB81,http://sigla.phis.me/document/KN%20Zf%2013/index-word.html,sigla_word_seq_pattern,2026-02-24T02:56:37Z,SigLA,http://sigla.phis.me/document/KN%20Zf%2013/index-word.html
youngerarchive,MA 1,a.1_stmt,QE DE MI NU,https://web.archive.org/web/20190416192926/http://www.people.ku.edu/~jyounger/LinearA/misctexts.html,younger_table_statement,2026-02-24T02:56:37Z,YoungerArchive,https://web.archive.org/web/20190416192926/http://www.people.ku.edu/~jyounger/LinearA/misctexts.html
youngerarchive,MA 1,a.1_stmt,X I DU WI,https://web.archive.org/web/20190416192926/http://www.people.ku.edu/~jyounger/LinearA/misctexts.html,younger_table_statement,2026-02-24T02:56:37Z,YoungerArchive,https://web.archive.org/web/20190416192926/http://www.people.ku.edu/~jyounger/LinearA/misctexts.html
youngerarchive,MA 1,b.1_stmt,A MA,https://web.archive.org/web/20190416192926/http://www.people.ku.edu/~jyounger/LinearA/misctexts.html,younger_table_statement,2026-02-24T02:56:37Z,YoungerArchive,https://web.archive.org/web/20190416192926/http://www.people.ku.edu/~jyounger/LinearA/misctexts.html
youngerarchive,MA 1,b.1_stmt,QE DE MI NU,https://web.archive.org/web/20190416192926/http://www.people.ku.edu/~jyounger/LinearA/misctexts.html,younger_table_statement,2026-02-24T02:56:37Z,YoungerArchive,https://web.archive.org/web/20190416192926/http://www.people.ku.edu/~jyounger/LinearA/misctexts.html
youngerarchive,MA 10,a._log,*412VAS E,https://web.archive.org/web/20190416192926/http://www.people.ku.edu/~jyounger/LinearA/misctexts.html,younger_table_logogram,2026-02-24T02:56:37Z,YoungerArchive,https://web.archive.org/web/20190416192926/http://www.people.ku.edu/~jyounger/LinearA/misctexts.html
youngerarchive,MA 10,a._log,*412VAS F,https://web.archive.org/web/20190416192926/http://www.people.ku.edu/~jyounger/LinearA/misctexts.html,younger_table_logogram,2026-02-24T02:56:37Z,YoungerArchive,https://web.archive.org/web/20190416192926/http://www.people.ku.edu/~jyounger/LinearA/misctexts.html
youngerarchive,MA 10,a._log,*413VAS SU,https://web.archive.org/web/20190416192926/http://www.people.ku.edu/~jyounger/LinearA/misctexts.html,younger_table_logogram,2026-02-24T02:56:37Z,YoungerArchive,https://web.archive.org/web/20190416192926/http://www.people.ku.edu/~jyounger/LinearA/misctexts.html
youngerarchive,MA 10,b.1_log,*405VAS,https://web.archive.org/web/20190416192926/http://www.people.ku.edu/~jyounger/LinearA/misctexts.html,younger_table_logogram,2026-02-24T02:56:37Z,YoungerArchive,https://web.archive.org/web/20190416192926/http://www.people.ku.edu/~jyounger/LinearA/misctexts.html
youngerarchive,MA 10,b.1_log,*412VAS E,https://web.archive.org/web/20190416192926/http://www.people.ku.edu/~jyounger/LinearA/misctexts.html,younger_table_logogram,2026-02-24T02:56:37Z,YoungerArchive,https://web.archive.org/web/20190416192926/http://www.people.ku.edu/~jyounger/LinearA/misctexts.html
youngerarchive,MA 10,b.1_stmt,DU PI TE WA,https://web.archive.org/web/20190416192926/http://www.people.ku.edu/~jyounger/LinearA/misctexts.html,younger_table_statement,2026-02-24T02:56:37Z,YoungerArchive,https://web.archive.org/web/20190416192926/http://www.people.ku.edu/~jyounger/LinearA/misctexts.html
youngerarchive,MA 10,b.2_log,*404VAS A,https://web.archive.org/web/20190416192926/http://www.people.ku.edu/~jyounger/LinearA/misctexts.html,younger_table_logogram,2026-02-24T02:56:37Z,YoungerArchive,https://web.archive.org/web/20190416192926/http://www.people.ku.edu/~jyounger/LinearA/misctexts.html
youngerarchive,MA 10,b.2_log,*404VAS TI,https://web.archive.org/web/20190416192926/http://www.people.ku.edu/~jyounger/LinearA/misctexts.html,younger_table_logogram,2026-02-24T02:56:37Z,YoungerArchive,https://web.archive.org/web/20190416192926/http://www.people.ku.edu/~jyounger/LinearA/misctexts.html
youngerarchive,MA 10,c._log,*404VAS ?][,https://web.archive.org/web/20190416192926/http://www.people.ku.edu/~jyounger/LinearA/misctexts.html,younger_table_logogram,2026-02-24T02:56:37Z,YoungerArchive,https://web.archive.org/web/20190416192926/http://www.people.ku.edu/~jyounger/LinearA/misctexts.html
youngerarchive,MA 10,c._log,*412VAS E,https://web.archive.org/web/20190416192926/http://www.people.ku.edu/~jyounger/LinearA/misctexts.html,younger_table_logogram,2026-02-24T02:56:37Z,YoungerArchive,https://web.archive.org/web/20190416192926/http://www.people.ku.edu/~jyounger/LinearA/misctexts.html
youngerarchive,MA 10,c._log,*412VAS F,https://web.archive.org/web/20190416192926/http://www.people.ku.edu/~jyounger/LinearA/misctexts.html,younger_table_logogram,2026-02-24T02:56:37Z,YoungerArchive,https://web.archive.org/web/20190416192926/http://www.people.ku.edu/~jyounger/LinearA/misctexts.html
sigla,MA 10A,word_1,AB26,http://sigla.phis.me/document/MA%2010a/index-word.html,sigla_word_seq_pattern,2026-02-24T02:56:37Z,SigLA,http://sigla.phis.me/document/MA%2010a/index-word.html
sigla,MA 10B,word_1,AB51 AB39 AB04 AB54,http://sigla.phis.me/document/MA%2010b/index-word.html,sigla_word_seq_pattern,2026-02-24T02:56:37Z,SigLA,http://sigla.phis.me/document/MA%2010b/index-word.html
sigla,MA 1A,word_1,AB28 AB51 AB40,http://sigla.phis.me/document/MA%201a/index-word.html,sigla_word_seq_pattern,2026-02-24T02:56:37Z,SigLA,http://sigla.phis.me/document/MA%201a/index-word.html
sigla,MA 1A,word_2,AB78 AB45 AB73 AB55,http://sigla.phis.me/document/MA%201a/index-word.html,sigla_word_seq_pattern,2026-02-24T02:56:37Z,SigLA,http://sigla.phis.me/document/MA%201a/index-word.html
sigla,MA 1B,word_1,AB08 AB80,http://sigla.phis.me/document/MA%201b/index-word.html,sigla_word_seq_pattern,2026-02-24T02:56:37Z,SigLA,http://sigla.phis.me/document/MA%201b/index-word.html
sigla,MA 1B,word_2,AB78 AB45 AB73 AB55,http://sigla.phis.me/document/MA%201b/index-word.html,sigla_word_seq_pattern,2026-02-24T02:56:37Z,SigLA,http://sigla.phis.me/document/MA%201b/index-word.html
sigla,MA 1C,word_1,AB37,http://sigla.phis.me/document/MA%201c/index-word.html,sigla_word_seq_pattern,2026-02-24T02:56:37Z,SigLA,http://sigla.phis.me/document/MA%201c/index-word.html
youngerarchive,MA 2,a.1_stmt,]DU RA,https://web.archive.org/web/20190416192926/http://www.people.ku.edu/~jyounger/LinearA/misctexts.html,younger_table_statement,2026-02-24T02:56:37Z,YoungerArchive,https://web.archive.org/web/20190416192926/http://www.people.ku.edu/~jyounger/LinearA/misctexts.html
youngerarchive,MA 2,b.1_stmt,RE TI,https://web.archive.org/web/20190416192926/http://www.people.ku.edu/~jyounger/LinearA/misctexts.html,younger_table_statement,2026-02-24T02:56:37Z,YoungerArchive,https://web.archive.org/web/20190416192926/http://www.people.ku.edu/~jyounger/LinearA/misctexts.html
youngerarchive,MA 2,b.2_stmt,JA KU,https://web.archive.org/web/20190416192926/http://www.people.ku.edu/~jyounger/LinearA/misctexts.html,younger_table_statement,2026-02-24T02:56:37Z,YoungerArchive,https://web.archive.org/web/20190416192926/http://www.people.ku.edu/~jyounger/LinearA/misctexts.html
youngerarchive,MA 2,c.1_stmt,U NA NA,https://web.archive.org/web/20190416192926/http://www.people.ku.edu/~jyounger/LinearA/misctexts.html,younger_table_statement,2026-02-24T02:56:37Z,YoungerArchive,https://web.archive.org/web/20190416192926/http://www.people.ku.edu/~jyounger/LinearA/misctexts.html
youngerarchive,MA 2,c.1_stmt,]JA MA U TI,https://web.archive.org/web/20190416192926/http://www.people.ku.edu/~jyounger/LinearA/misctexts.html,younger_table_statement,2026-02-24T02:56:37Z,YoungerArchive,https://web.archive.org/web/20190416192926/http://www.people.ku.edu/~jyounger/LinearA/misctexts.html
sigla,MA 2A,word_1,AB51 AB60,http://sigla.phis.me/document/MA%202a/index-word.html,sigla_word_seq_pattern,2026-02-24T02:56:37Z,SigLA,http://sigla.phis.me/document/MA%202a/index-word.html
sigla,MA 2B,word_1,[?] AB27 AB37,http://sigla.phis.me/document/MA%202b/index-word.html,sigla_word_seq_pattern,2026-02-24T02:56:37Z,SigLA,http://sigla.phis.me/document/MA%202b/index-word.html
sigla,MA 2B,word_2,AB37,http://sigla.phis.me/document/MA%202b/index-word.html,sigla_word_seq_pattern,2026-02-24T02:56:37Z,SigLA,http://sigla.phis.me/document/MA%202b/index-word.html
sigla,MA 2B,word_3,AB57 AB81,http://sigla.phis.me/document/MA%202b/index-word.html,sigla_word_seq_pattern,2026-02-24T02:56:37Z,SigLA,http://sigla.phis.me/document/MA%202b/index-word.html
sigla,MA 2B,word_4,AB37,http://sigla.phis.me/document/MA%202b/index-word.html,sigla_word_seq_pattern,2026-02-24T02:56:37Z,SigLA,http://sigla.phis.me/document/MA%202b/index-word.html
sigla,MA 2C,word_1,AB10 AB06 AB06,http://sigla.phis.me/document/MA%202c/index-word.html,sigla_word_seq_pattern,2026-02-24T02:56:37Z,SigLA,http://sigla.phis.me/document/MA%202c/index-word.html
sigla,MA 2C,word_2,AB57 AB80 AB10 AB37,http://sigla.phis.me/document/MA%202c/index-word.html,sigla_word_seq_pattern,2026-02-24T02:56:37Z,SigLA,http://sigla.phis.me/document/MA%202c/index-word.html
youngerarchive,MA 4,a.1_log,SA B,https://web.archive.org/web/20190416192926/http://www.people.ku.edu/~jyounger/LinearA/misctexts.html,younger_table_logogram,2026-02-24T02:56:37Z,YoungerArchive,https://web.archive.org/web/20190416192926/http://www.people.ku.edu/~jyounger/LinearA/misctexts.html
youngerarchive,MA 4,a.1_log,SA L,https://web.archive.org/web/20190416192926/http://www.people.ku.edu/~jyounger/LinearA/misctexts.html,younger_table_logogram,2026-02-24T02:56:37Z,YoungerArchive,https://web.archive.org/web/20190416192926/http://www.people.ku.edu/~jyounger/LinearA/misctexts.html
youngerarchive,MA 4,a.1_log,TA *180B,https://web.archive.org/web/20190416192926/http://www.people.ku.edu/~jyounger/LinearA/misctexts.html,younger_table_logogram,2026-02-24T02:56:37Z,YoungerArchive,https://web.archive.org/web/20190416192926/http://www.people.ku.edu/~jyounger/LinearA/misctexts.html
sigla,MA 4B,word_1,AB08 [?] AB57,http://sigla.phis.me/document/MA%204b/index-word.html,sigla_word_seq_pattern,2026-02-24T02:56:37Z,SigLA,http://sigla.phis.me/document/MA%204b/index-word.html
youngerarchive,MA WC 5,a.1-2: A-SA-DA- KA_stmt,B GRA E,https://web.archive.org/web/20190416192926/http://www.people.ku.edu/~jyounger/LinearA/misctexts.html,younger_table_statement,2026-02-24T02:56:37Z,YoungerArchive,https://web.archive.org/web/20190416192926/http://www.people.ku.edu/~jyounger/LinearA/misctexts.html
sigla,MA WC 5A,word_1,AB08 AB31 AB01 AB77,http://sigla.phis.me/document/MA%20Wc%20%3C5a%3E/index-word.html,sigla_word_seq_pattern,2026-02-24T02:56:37Z,SigLA,http://sigla.phis.me/document/MA%20Wc%20%3C5a%3E/index-word.html
youngerarchive,MI 2,.2_stmt,DU KA[,https://web.archive.org/web/20190416192926/http://www.people.ku.edu/~jyounger/LinearA/misctexts.html,younger_table_statement,2026-02-24T02:56:37Z,YoungerArchive,https://web.archive.org/web/20190416192926/http://www.people.ku.edu/~jyounger/LinearA/misctexts.html
youngerarchive,MI 2,.3_log,*401VAS RA,https://web.archive.org/web/20190416192926/http://www.people.ku.edu/~jyounger/LinearA/misctexts.html,younger_table_logogram,2026-02-24T02:56:37Z,YoungerArchive,https://web.archive.org/web/20190416192926/http://www.people.ku.edu/~jyounger/LinearA/misctexts.html
sigla,MI 2,word_1,AB50,http://sigla.phis.me/document/MI%202/index-word.html,sigla_word_seq_pattern,2026-02-24T02:56:37Z,SigLA,http://sigla.phis.me/document/MI%202/index-word.html
sigla,MI 2,word_2,AB51 AB77,http://sigla.phis.me/document/MI%202/index-word.html,sigla_word_seq_pattern,2026-02-24T02:56:37Z,SigLA,http://sigla.phis.me/document/MI%202/index-word.html
sigla,MI 2,word_3,AB77,http://sigla.phis.me/document/MI%202/index-word.html,sigla_word_seq_pattern,2026-02-24T02:56:37Z,SigLA,http://sigla.phis.me/document/MI%202/index-word.html
sigla,MY ZF 2,word_1,AB43,http://sigla.phis.me/document/MY%20Zf%202/index-word.html,sigla_word_seq_pattern,2026-02-24T02:56:37Z,SigLA,http://sigla.phis.me/document/MY%20Zf%202/index-word.html
youngerarchive,NOTES TO HT ZD 155 157,table1_row4_log,E F,https://web.archive.org/web/20190416193018/http://www.people.ku.edu/~jyounger/LinearA/HTtexts.html,younger_table_logogram,2026-02-24T02:56:37Z,YoungerArchive,https://web.archive.org/web/20190416193018/http://www.people.ku.edu/~jyounger/LinearA/HTtexts.html
youngerarchive,PA 1,.1-2_stmt,A KU JU PA,https://web.archive.org/web/20190416192926/http://www.people.ku.edu/~jyounger/LinearA/misctexts.html,younger_table_statement,2026-02-24T02:56:37Z,YoungerArchive,https://web.archive.org/web/20190416192926/http://www.people.ku.edu/~jyounger/LinearA/misctexts.html
sigla,PA 1,word_1,AB08 AB81 AB65 AB03 AB118,http://sigla.phis.me/document/PA%201/index-word.html,sigla_word_seq_pattern,2026-02-24T02:56:37Z,SigLA,http://sigla.phis.me/document/PA%201/index-word.html
youngerarchive,PE 1,.1-2_stmt,U KA RE A SE SI NA,https://web.archive.org/web/20190416192926/http://www.people.ku.edu/~jyounger/LinearA/misctexts.html,younger_table_statement,2026-02-24T02:56:37Z,YoungerArchive,https://web.archive.org/web/20190416192926/http://www.people.ku.edu/~jyounger/LinearA/misctexts.html
youngerarchive,PE 1,.2_log,VIR,https://web.archive.org/web/20190416192926/http://www.people.ku.edu/~jyounger/LinearA/misctexts.html,younger_table_logogram,2026-02-24T02:56:37Z,YoungerArchive,https://web.archive.org/web/20190416192926/http://www.people.ku.edu/~jyounger/LinearA/misctexts.html
youngerarchive,PE 1,.2_stmt,KU PA RI,https://web.archive.org/web/20190416192926/http://www.people.ku.edu/~jyounger/LinearA/misctexts.html,younger_table_statement,2026-02-24T02:56:37Z,YoungerArchive,https://web.archive.org/web/20190416192926/http://www.people.ku.edu/~jyounger/LinearA/misctexts.html
youngerarchive,PE 1,.3-4_log,VIR,https://web.archive.org/web/20190416192926/http://www.people.ku.edu/~jyounger/LinearA/misctexts.html,younger_table_logogram,2026-02-24T02:56:37Z,YoungerArchive,https://web.archive.org/web/20190416192926/http://www.people.ku.edu/~jyounger/LinearA/misctexts.html
youngerarchive,PE 1,.3-4_stmt,E KA[,https://web.archive.org/web/20190416192926/http://www.people.ku.edu/~jyounger/LinearA/misctexts.html,younger_table_statement,2026-02-24T02:56:37Z,YoungerArchive,https://web.archive.org/web/20190416192926/http://www.people.ku.edu/~jyounger/LinearA/misctexts.html
youngerarchive,PE 1,.3_log,GRA PA,https://web.archive.org/web/20190416192926/http://www.people.ku.edu/~jyounger/LinearA/misctexts.html,younger_table_logogram,2026-02-24T02:56:37Z,YoungerArchive,https://web.archive.org/web/20190416192926/http://www.people.ku.edu/~jyounger/LinearA/misctexts.html
youngerarchive,PE 1,.4-5_log,GRA PA,https://web.archive.org/web/20190416192926/http://www.people.ku.edu/~jyounger/LinearA/misctexts.html,younger_table_logogram,2026-02-24T02:56:37Z,YoungerArchive,https://web.archive.org/web/20190416192926/http://www.people.ku.edu/~jyounger/LinearA/misctexts.html
youngerarchive,PE 2,.2_stmt,RU PI[ MI,https://web.archive.org/web/20190416192926/http://www.people.ku.edu/~jyounger/LinearA/misctexts.html,younger_table_statement,2026-02-24T02:56:37Z,YoungerArchive,https://web.archive.org/web/20190416192926/http://www.people.ku.edu/~jyounger/LinearA/misctexts.html
youngerarchive,PE 2,.3-4_stmt,QA QA DA,https://web.archive.org/web/20190416192926/http://www.people.ku.edu/~jyounger/LinearA/misctexts.html,younger_table_statement,2026-02-24T02:56:37Z,YoungerArchive,https://web.archive.org/web/20190416192926/http://www.people.ku.edu/~jyounger/LinearA/misctexts.html
youngerarchive,PE 2,.3_stmt,A RI PA,https://web.archive.org/web/20190416192926/http://www.people.ku.edu/~jyounger/LinearA/misctexts.html,younger_table_statement,2026-02-24T02:56:37Z,YoungerArchive,https://web.archive.org/web/20190416192926/http://www.people.ku.edu/~jyounger/LinearA/misctexts.html
youngerarchive,PE 2,.3_stmt,A ZA,https://web.archive.org/web/20190416192926/http://www.people.ku.edu/~jyounger/LinearA/misctexts.html,younger_table_statement,2026-02-24T02:56:37Z,YoungerArchive,https://web.archive.org/web/20190416192926/http://www.people.ku.edu/~jyounger/LinearA/misctexts.html
youngerarchive,PE 2,.4_stmt,TO ME,https://web.archive.org/web/20190416192926/http://www.people.ku.edu/~jyounger/LinearA/misctexts.html,younger_table_statement,2026-02-24T02:56:37Z,YoungerArchive,https://web.archive.org/web/20190416192926/http://www.people.ku.edu/~jyounger/LinearA/misctexts.html
youngerarchive,PE 2,.4_stmt,TO RE,https://web.archive.org/web/20190416192926/http://www.people.ku.edu/~jyounger/LinearA/misctexts.html,younger_table_statement,2026-02-24T02:56:37Z,YoungerArchive,https://web.archive.org/web/20190416192926/http://www.people.ku.edu/~jyounger/LinearA/misctexts.html
youngerarchive,PH 1,a.1_stmt,]DI RA DI NA,https://web.archive.org/web/20190416192926/http://www.people.ku.edu/~jyounger/LinearA/misctexts.html,younger_table_statement,2026-02-24T02:56:37Z,YoungerArchive,https://web.archive.org/web/20190416192926/http://www.people.ku.edu/~jyounger/LinearA/misctexts.html
sigla,PH 10,word_1,A355 AB38 A354,http://sigla.phis.me/document/PH%2010/index-word.html,sigla_word_seq_pattern,2026-02-24T02:56:37Z,SigLA,http://sigla.phis.me/document/PH%2010/index-word.html
youngerarchive,PH 13,c (= reverse of a)_log,]TE ZU,https://web.archive.org/web/20190416192926/http://www.people.ku.edu/~jyounger/LinearA/misctexts.html,younger_table_logogram,2026-02-24T02:56:37Z,YoungerArchive,https://web.archive.org/web/20190416192926/http://www.people.ku.edu/~jyounger/LinearA/misctexts.html
sigla,PH 13A,word_1,A328,http://sigla.phis.me/document/PH%2013a/index-word.html,sigla_word_seq_pattern,2026-02-24T02:56:37Z,SigLA,http://sigla.phis.me/document/PH%2013a/index-word.html
sigla,PH 13B,word_1,A356,http://sigla.phis.me/document/PH%2013b/index-word.html,sigla_word_seq_pattern,2026-02-24T02:56:37Z,SigLA,http://sigla.phis.me/document/PH%2013b/index-word.html
sigla,PH 13C,word_1,AB04 AB79,http://sigla.phis.me/document/PH%2013c/index-word.html,sigla_word_seq_pattern,2026-02-24T02:56:37Z,SigLA,http://sigla.phis.me/document/PH%2013c/index-word.html
youngerarchive,PH 14,"a (reverse? [read retrograde, with word + commodity FIC])_log",FIC,https://web.archive.org/web/20190416192926/http://www.people.ku.edu/~jyounger/LinearA/misctexts.html,younger_table_logogram,2026-02-24T02:56:37Z,YoungerArchive,https://web.archive.org/web/20190416192926/http://www.people.ku.edu/~jyounger/LinearA/misctexts.html
youngerarchive,PH 14,"b (obverse? [inscription starts with A-, read retrograde])_stmt",A MI,https://web.archive.org/web/20190416192926/http://www.people.ku.edu/~jyounger/LinearA/misctexts.html,younger_table_statement,2026-02-24T02:56:37Z,YoungerArchive,https://web.archive.org/web/20190416192926/http://www.people.ku.edu/~jyounger/LinearA/misctexts.html
sigla,PH 14A,word_1,AB57 A304,http://sigla.phis.me/document/PH%2014a/index-word.html,sigla_word_seq_pattern,2026-02-24T02:56:37Z,SigLA,http://sigla.phis.me/document/PH%2014a/index-word.html
sigla,PH 14B,word_1,AB08 AB73,http://sigla.phis.me/document/PH%2014b/index-word.html,sigla_word_seq_pattern,2026-02-24T02:56:37Z,SigLA,http://sigla.phis.me/document/PH%2014b/index-word.html
youngerarchive,PH 15,a (obverse?)_stmt,]MA TE RE,https://web.archive.org/web/20190416192926/http://www.people.ku.edu/~jyounger/LinearA/misctexts.html,younger_table_statement,2026-02-24T02:56:37Z,YoungerArchive,https://web.archive.org/web/20190416192926/http://www.people.ku.edu/~jyounger/LinearA/misctexts.html
sigla,PH 15A,word_1,AB80 AB04 AB27,http://sigla.phis.me/document/PH%2015a/index-word.html,sigla_word_seq_pattern,2026-02-24T02:56:37Z,SigLA,http://sigla.phis.me/document/PH%2015a/index-word.html
sigla,PH 15B,word_1,[?] A357,http://sigla.phis.me/document/PH%2015b/index-word.html,sigla_word_seq_pattern,2026-02-24T02:56:37Z,SigLA,http://sigla.phis.me/document/PH%2015b/index-word.html
youngerarchive,PH 16,b.1_stmt,JA SA[,https://web.archive.org/web/20190416192926/http://www.people.ku.edu/~jyounger/LinearA/misctexts.html,younger_table_statement,2026-02-24T02:56:37Z,YoungerArchive,https://web.archive.org/web/20190416192926/http://www.people.ku.edu/~jyounger/LinearA/misctexts.html
sigla,PH 16A,word_1,A320 AB06 [?],http://sigla.phis.me/document/PH%2016a/index-word.html,sigla_word_seq_pattern,2026-02-24T02:56:37Z,SigLA,http://sigla.phis.me/document/PH%2016a/index-word.html
sigla,PH 16A,word_2,[?] A358 AB30 [?],http://sigla.phis.me/document/PH%2016a/index-word.html,sigla_word_seq_pattern,2026-02-24T02:56:37Z,SigLA,http://sigla.phis.me/document/PH%2016a/index-word.html
sigla,PH 16B,word_1,[?] AB57 AB31,http://sigla.phis.me/document/PH%2016b/index-word.html,sigla_word_seq_pattern,2026-02-24T02:56:37Z,SigLA,http://sigla.phis.me/document/PH%2016b/index-word.html
sigla,PH 16B,word_2,[?] A320 [?],http://sigla.phis.me/document/PH%2016b/index-word.html,sigla_word_seq_pattern,2026-02-24T02:56:37Z,SigLA,http://sigla.phis.me/document/PH%2016b/index-word.html
sigla,PH 17A,word_1,A359,http://sigla.phis.me/document/PH%2017a/index-word.html,sigla_word_seq_pattern,2026-02-24T02:56:37Z,SigLA,http://sigla.phis.me/document/PH%2017a/index-word.html
sigla,PH 17B,word_1,A360,http://sigla.phis.me/document/PH%2017b/index-word.html,sigla_word_seq_pattern,2026-02-24T02:56:37Z,SigLA,http://sigla.phis.me/document/PH%2017b/index-word.html
youngerarchive,PH 18,a.1_stmt,]WI JA[,https://web.archive.org/web/20190416192926/http://www.people.ku.edu/~jyounger/LinearA/misctexts.html,younger_table_statement,2026-02-24T02:56:37Z,YoungerArchive,https://web.archive.org/web/20190416192926/http://www.people.ku.edu/~jyounger/LinearA/misctexts.html
sigla,PH 18A,word_1,[?] AB40 AB57,http://sigla.phis.me/document/PH%2018a/index-word.html,sigla_word_seq_pattern,2026-02-24T02:56:37Z,SigLA,http://sigla.phis.me/document/PH%2018a/index-word.html
youngerarchive,PH 19,a.1_stmt,PI O,https://web.archive.org/web/20190416192926/http://www.people.ku.edu/~jyounger/LinearA/misctexts.html,younger_table_statement,2026-02-24T02:56:37Z,YoungerArchive,https://web.archive.org/web/20190416192926/http://www.people.ku.edu/~jyounger/LinearA/misctexts.html
sigla,PH 19,word_1,AB39 AB61,http://sigla.phis.me/document/PH%2019/index-word.html,sigla_word_seq_pattern,2026-02-24T02:56:37Z,SigLA,http://sigla.phis.me/document/PH%2019/index-word.html
sigla,PH 1A,word_1,AB07 AB60 AB07 AB06,http://sigla.phis.me/document/PH%201a/index-word.html,sigla_word_seq_pattern,2026-02-24T02:56:37Z,SigLA,http://sigla.phis.me/document/PH%201a/index-word.html
sigla,PH 1A,word_2,AB57,http://sigla.phis.me/document/PH%201a/index-word.html,sigla_word_seq_pattern,2026-02-24T02:56:37Z,SigLA,http://sigla.phis.me/document/PH%201a/index-word.html
sigla,PH 1B,word_1,[?] AB06,http://sigla.phis.me/document/PH%201b/index-word.html,sigla_word_seq_pattern,2026-02-24T02:56:37Z,SigLA,http://sigla.phis.me/document/PH%201b/index-word.html
youngerarchive,PH 2,.1-2_stmt,RA O DI KI,https://web.archive.org/web/20190416192926/http://www.people.ku.edu/~jyounger/LinearA/misctexts.html,younger_table_statement,2026-02-24T02:56:37Z,YoungerArchive,https://web.archive.org/web/20190416192926/http://www.people.ku.edu/~jyounger/LinearA/misctexts.html
youngerarchive,PH 2,.1_stmt,A SE TU QIF,https://web.archive.org/web/20190416192926/http://www.people.ku.edu/~jyounger/LinearA/misctexts.html,younger_table_statement,2026-02-24T02:56:37Z,YoungerArchive,https://web.archive.org/web/20190416192926/http://www.people.ku.edu/~jyounger/LinearA/misctexts.html
youngerarchive,PH 2,.3_stmt,PI RU E JU,https://web.archive.org/web/20190416192926/http://www.people.ku.edu/~jyounger/LinearA/misctexts.html,younger_table_statement,2026-02-24T02:56:37Z,YoungerArchive,https://web.archive.org/web/20190416192926/http://www.people.ku.edu/~jyounger/LinearA/misctexts.html
youngerarchive,PH 2,.4_stmt,SE SA PA3,https://web.archive.org/web/20190416192926/http://www.people.ku.edu/~jyounger/LinearA/misctexts.html,younger_table_statement,2026-02-24T02:56:37Z,YoungerArchive,https://web.archive.org/web/20190416192926/http://www.people.ku.edu/~jyounger/LinearA/misctexts.html
sigla,PH 2,word_1,AB08 AB09 AB69 AB21F,http://sigla.phis.me/document/PH%202/index-word.html,sigla_word_seq_pattern,2026-02-24T02:56:37Z,SigLA,http://sigla.phis.me/document/PH%202/index-word.html
sigla,PH 2,word_2,AB60 AB61 AB07 AB67,http://sigla.phis.me/document/PH%202/index-word.html,sigla_word_seq_pattern,2026-02-24T02:56:37Z,SigLA,http://sigla.phis.me/document/PH%202/index-word.html
sigla,PH 2,word_3,AB39 AB26 AB38 AB65,http://sigla.phis.me/document/PH%202/index-word.html,sigla_word_seq_pattern,2026-02-24T02:56:37Z,SigLA,http://sigla.phis.me/document/PH%202/index-word.html
sigla,PH 2,word_4,AB09 AB31 AB56,http://sigla.phis.me/document/PH%202/index-word.html,sigla_word_seq_pattern,2026-02-24T02:56:37Z,SigLA,http://sigla.phis.me/document/PH%202/index-word.html
youngerarchive,PH 24,table1_row2_stmt,RO E,https://web.archive.org/web/20190416192926/http://www.people.ku.edu/~jyounger/LinearA/misctexts.html,younger_table_statement,2026-02-24T02:56:37Z,YoungerArchive,https://web.archive.org/web/20190416192926/http://www.people.ku.edu/~jyounger/LinearA/misctexts.html
sigla,PH 24,word_1,AB02 AB38,http://sigla.phis.me/document/PH%2024/index-word.html,sigla_word_seq_pattern,2026-02-24T02:56:37Z,SigLA,http://sigla.phis.me/document/PH%2024/index-word.html
youngerarchive,PH 25,.1_log,VINA,https://web.archive.org/web/20190416192926/http://www.people.ku.edu/~jyounger/LinearA/misctexts.html,younger_table_logogram,2026-02-24T02:56:37Z,YoungerArchive,https://web.archive.org/web/20190416192926/http://www.people.ku.edu/~jyounger/LinearA/misctexts.html
sigla,PH 26,word_1,[?] A314,http://sigla.phis.me/document/PH%2026/index-word.html,sigla_word_seq_pattern,2026-02-24T02:56:37Z,SigLA,http://sigla.phis.me/document/PH%2026/index-word.html
sigla,PH 27,word_1,AB04 [?],http://sigla.phis.me/document/PH%2027/index-word.html,sigla_word_seq_pattern,2026-02-24T02:56:37Z,SigLA,http://sigla.phis.me/document/PH%2027/index-word.html
sigla,PH 27,word_2,AB08,http://sigla.phis.me/document/PH%2027/index-word.html,sigla_word_seq_pattern,2026-02-24T02:56:37Z,SigLA,http://sigla.phis.me/document/PH%2027/index-word.html
youngerarchive,PH 28,a.2_stmt,JA KI PA3[,https://web.archive.org/web/20190416192926/http://www.people.ku.edu/~jyounger/LinearA/misctexts.html,younger_table_statement,2026-02-24T02:56:37Z,YoungerArchive,https://web.archive.org/web/20190416192926/http://www.people.ku.edu/~jyounger/LinearA/misctexts.html
youngerarchive,PH 28,a.3_stmt,A RI JA[,https://web.archive.org/web/20190416192926/http://www.people.ku.edu/~jyounger/LinearA/misctexts.html,younger_table_statement,2026-02-24T02:56:37Z,YoungerArchive,https://web.archive.org/web/20190416192926/http://www.people.ku.edu/~jyounger/LinearA/misctexts.html
youngerarchive,PH 28,b.3_stmt,[[GRAFFITO]],https://web.archive.org/web/20190416192926/http://www.people.ku.edu/~jyounger/LinearA/misctexts.html,younger_table_statement,2026-02-24T02:56:37Z,YoungerArchive,https://web.archive.org/web/20190416192926/http://www.people.ku.edu/~jyounger/LinearA/misctexts.html
sigla,PH 28A,word_1,AB08 AB56 [?],http://sigla.phis.me/document/PH%2028a/index-word.html,sigla_word_seq_pattern,2026-02-24T02:56:37Z,SigLA,http://sigla.phis.me/document/PH%2028a/index-word.html
sigla,PH 28A,word_2,AB57 AB67 AB56 [?],http://sigla.phis.me/document/PH%2028a/index-word.html,sigla_word_seq_pattern,2026-02-24T02:56:37Z,SigLA,http://sigla.phis.me/document/PH%2028a/index-word.html
sigla,PH 28A,word_3,AB08 AB53 AB57,http://sigla.phis.me/document/PH%2028a/index-word.html,sigla_word_seq_pattern,2026-02-24T02:56:37Z,SigLA,http://sigla.phis.me/document/PH%2028a/index-word.html
youngerarchive,PH 3,a.2_log,MA A,https://web.archive.org/web/20190416192926/http://www.people.ku.edu/~jyounger/LinearA/misctexts.html,younger_table_logogram,2026-02-24T02:56:37Z,YoungerArchive,https://web.archive.org/web/20190416192926/http://www.people.ku.edu/~jyounger/LinearA/misctexts.html
youngerarchive,PH 3,a.2_log,MA MA,https://web.archive.org/web/20190416192926/http://www.people.ku.edu/~jyounger/LinearA/misctexts.html,younger_table_logogram,2026-02-24T02:56:37Z,YoungerArchive,https://web.archive.org/web/20190416192926/http://www.people.ku.edu/~jyounger/LinearA/misctexts.html
youngerarchive,PH 3,a.3_log,MA RU,https://web.archive.org/web/20190416192926/http://www.people.ku.edu/~jyounger/LinearA/misctexts.html,younger_table_logogram,2026-02-24T02:56:37Z,YoungerArchive,https://web.archive.org/web/20190416192926/http://www.people.ku.edu/~jyounger/LinearA/misctexts.html
youngerarchive,PH 3,a.3_stmt,PA RA,https://web.archive.org/web/20190416192926/http://www.people.ku.edu/~jyounger/LinearA/misctexts.html,younger_table_statement,2026-02-24T02:56:37Z,YoungerArchive,https://web.archive.org/web/20190416192926/http://www.people.ku.edu/~jyounger/LinearA/misctexts.html
youngerarchive,PH 3,b.1_log,MI JA,https://web.archive.org/web/20190416192926/http://www.people.ku.edu/~jyounger/LinearA/misctexts.html,younger_table_logogram,2026-02-24T02:56:37Z,YoungerArchive,https://web.archive.org/web/20190416192926/http://www.people.ku.edu/~jyounger/LinearA/misctexts.html
youngerarchive,PH 30,.2_stmt,]MA RE RI MI DE,https://web.archive.org/web/20190416192926/http://www.people.ku.edu/~jyounger/LinearA/misctexts.html,younger_table_statement,2026-02-24T02:56:37Z,YoungerArchive,https://web.archive.org/web/20190416192926/http://www.people.ku.edu/~jyounger/LinearA/misctexts.html
sigla,PH 30,word_1,[?] AB37 AB53,http://sigla.phis.me/document/PH%2030/index-word.html,sigla_word_seq_pattern,2026-02-24T02:56:37Z,SigLA,http://sigla.phis.me/document/PH%2030/index-word.html
sigla,PH 30,word_2,AB80 AB27 AB53 AB73 AB45,http://sigla.phis.me/document/PH%2030/index-word.html,sigla_word_seq_pattern,2026-02-24T02:56:37Z,SigLA,http://sigla.phis.me/document/PH%2030/index-word.html
youngerarchive,PH 31,a.2_log,CAPM KU,https://web.archive.org/web/20190416192926/http://www.people.ku.edu/~jyounger/LinearA/misctexts.html,younger_table_logogram,2026-02-24T02:56:37Z,YoungerArchive,https://web.archive.org/web/20190416192926/http://www.people.ku.edu/~jyounger/LinearA/misctexts.html
youngerarchive,PH 31,a.2_log,CF QA QA RU HT IMMEDIATELY BEFORE MA DI,https://web.archive.org/web/20190416192926/http://www.people.ku.edu/~jyounger/LinearA/misctexts.html,younger_table_logogram,2026-02-24T02:56:37Z,YoungerArchive,https://web.archive.org/web/20190416192926/http://www.people.ku.edu/~jyounger/LinearA/misctexts.html
youngerarchive,PH 31,a.2_log,MA DI HT HT 85B HT 97A HT,https://web.archive.org/web/20190416192926/http://www.people.ku.edu/~jyounger/LinearA/misctexts.html,younger_table_logogram,2026-02-24T02:56:37Z,YoungerArchive,https://web.archive.org/web/20190416192926/http://www.people.ku.edu/~jyounger/LinearA/misctexts.html
youngerarchive,PH 31,a.2_log,OVISM,https://web.archive.org/web/20190416192926/http://www.people.ku.edu/~jyounger/LinearA/misctexts.html,younger_table_logogram,2026-02-24T02:56:37Z,YoungerArchive,https://web.archive.org/web/20190416192926/http://www.people.ku.edu/~jyounger/LinearA/misctexts.html
youngerarchive,PH 31,a.2_stmt,MA DI,https://web.archive.org/web/20190416192926/http://www.people.ku.edu/~jyounger/LinearA/misctexts.html,younger_table_statement,2026-02-24T02:56:37Z,YoungerArchive,https://web.archive.org/web/20190416192926/http://www.people.ku.edu/~jyounger/LinearA/misctexts.html
youngerarchive,PH 31,a.2_stmt,QA QA ]RU,https://web.archive.org/web/20190416192926/http://www.people.ku.edu/~jyounger/LinearA/misctexts.html,younger_table_statement,2026-02-24T02:56:37Z,YoungerArchive,https://web.archive.org/web/20190416192926/http://www.people.ku.edu/~jyounger/LinearA/misctexts.html
youngerarchive,PH 31,a.3-4_stmt,PA TA DA,https://web.archive.org/web/20190416192926/http://www.people.ku.edu/~jyounger/LinearA/misctexts.html,younger_table_statement,2026-02-24T02:56:37Z,YoungerArchive,https://web.archive.org/web/20190416192926/http://www.people.ku.edu/~jyounger/LinearA/misctexts.html
youngerarchive,PH 31,a.3-4_stmt,PA TA DA[,https://web.archive.org/web/20190416192926/http://www.people.ku.edu/~jyounger/LinearA/misctexts.html,younger_table_statement,2026-02-24T02:56:37Z,YoungerArchive,https://web.archive.org/web/20190416192926/http://www.people.ku.edu/~jyounger/LinearA/misctexts.html
youngerarchive,PH 31,a.3_log,KU PA3 NU HT HT 49A HT HT 117A HT 122A CF KU PA3 HT KU PA3 NA TU HT 47A HT,https://web.archive.org/web/20190416192926/http://www.people.ku.edu/~jyounger/LinearA/misctexts.html,younger_table_logogram,2026-02-24T02:56:37Z,YoungerArchive,https://web.archive.org/web/20190416192926/http://www.people.ku.edu/~jyounger/LinearA/misctexts.html
youngerarchive,PH 31,a.3_log,OVISM,https://web.archive.org/web/20190416192926/http://www.people.ku.edu/~jyounger/LinearA/misctexts.html,younger_table_logogram,2026-02-24T02:56:37Z,YoungerArchive,https://web.archive.org/web/20190416192926/http://www.people.ku.edu/~jyounger/LinearA/misctexts.html
youngerarchive,PH 31,a.3_log,SI AU RE,https://web.archive.org/web/20190416192926/http://www.people.ku.edu/~jyounger/LinearA/misctexts.html,younger_table_logogram,2026-02-24T02:56:37Z,YoungerArchive,https://web.archive.org/web/20190416192926/http://www.people.ku.edu/~jyounger/LinearA/misctexts.html
youngerarchive,PH 31,a.3_log,SUS SI RE,https://web.archive.org/web/20190416192926/http://www.people.ku.edu/~jyounger/LinearA/misctexts.html,younger_table_logogram,2026-02-24T02:56:37Z,YoungerArchive,https://web.archive.org/web/20190416192926/http://www.people.ku.edu/~jyounger/LinearA/misctexts.html
youngerarchive,PH 31,a.3_stmt,KU PA3 NU,https://web.archive.org/web/20190416192926/http://www.people.ku.edu/~jyounger/LinearA/misctexts.html,younger_table_statement,2026-02-24T02:56:37Z,YoungerArchive,https://web.archive.org/web/20190416192926/http://www.people.ku.edu/~jyounger/LinearA/misctexts.html
youngerarchive,PH 31,a.4_log,CAPM KU,https://web.archive.org/web/20190416192926/http://www.people.ku.edu/~jyounger/LinearA/misctexts.html,younger_table_logogram,2026-02-24T02:56:37Z,YoungerArchive,https://web.archive.org/web/20190416192926/http://www.people.ku.edu/~jyounger/LinearA/misctexts.html
youngerarchive,PH 31,a.4_log,OVISF,https://web.archive.org/web/20190416192926/http://www.people.ku.edu/~jyounger/LinearA/misctexts.html,younger_table_logogram,2026-02-24T02:56:37Z,YoungerArchive,https://web.archive.org/web/20190416192926/http://www.people.ku.edu/~jyounger/LinearA/misctexts.html
youngerarchive,PH 31,a.4_log,OVISM,https://web.archive.org/web/20190416192926/http://www.people.ku.edu/~jyounger/LinearA/misctexts.html,younger_table_logogram,2026-02-24T02:56:37Z,YoungerArchive,https://web.archive.org/web/20190416192926/http://www.people.ku.edu/~jyounger/LinearA/misctexts.html
youngerarchive,PH 31,a.4_log,PA TA DA DU PU2 RE HT ZB,https://web.archive.org/web/20190416192926/http://www.people.ku.edu/~jyounger/LinearA/misctexts.html,younger_table_logogram,2026-02-24T02:56:37Z,YoungerArchive,https://web.archive.org/web/20190416192926/http://www.people.ku.edu/~jyounger/LinearA/misctexts.html
youngerarchive,PH 31,a.4_stmt,KU RO,https://web.archive.org/web/20190416192926/http://www.people.ku.edu/~jyounger/LinearA/misctexts.html,younger_table_statement,2026-02-24T02:56:37Z,YoungerArchive,https://web.archive.org/web/20190416192926/http://www.people.ku.edu/~jyounger/LinearA/misctexts.html
youngerarchive,PH 31,a.4_stmt,PA TA DA[ DU PU2 RE,https://web.archive.org/web/20190416192926/http://www.people.ku.edu/~jyounger/LinearA/misctexts.html,younger_table_statement,2026-02-24T02:56:37Z,YoungerArchive,https://web.archive.org/web/20190416192926/http://www.people.ku.edu/~jyounger/LinearA/misctexts.html
youngerarchive,PH 31,a: JA-DI_stmt,B RO,https://web.archive.org/web/20190416192926/http://www.people.ku.edu/~jyounger/LinearA/misctexts.html,younger_table_statement,2026-02-24T02:56:37Z,YoungerArchive,https://web.archive.org/web/20190416192926/http://www.people.ku.edu/~jyounger/LinearA/misctexts.html
youngerarchive,PH 31,a: TI-TI-MA_stmt,B NA,https://web.archive.org/web/20190416192926/http://www.people.ku.edu/~jyounger/LinearA/misctexts.html,younger_table_statement,2026-02-24T02:56:37Z,YoungerArchive,https://web.archive.org/web/20190416192926/http://www.people.ku.edu/~jyounger/LinearA/misctexts.html
youngerarchive,PH 31,b.1_log,CF DU RI TE HT,https://web.archive.org/web/20190416192926/http://www.people.ku.edu/~jyounger/LinearA/misctexts.html,younger_table_logogram,2026-02-24T02:56:37Z,YoungerArchive,https://web.archive.org/web/20190416192926/http://www.people.ku.edu/~jyounger/LinearA/misctexts.html
youngerarchive,PH 31,b.1_log,OVISF,https://web.archive.org/web/20190416192926/http://www.people.ku.edu/~jyounger/LinearA/misctexts.html,younger_table_logogram,2026-02-24T02:56:37Z,YoungerArchive,https://web.archive.org/web/20190416192926/http://www.people.ku.edu/~jyounger/LinearA/misctexts.html
youngerarchive,PH 31,b.1_stmt,DU RI,https://web.archive.org/web/20190416192926/http://www.people.ku.edu/~jyounger/LinearA/misctexts.html,younger_table_statement,2026-02-24T02:56:37Z,YoungerArchive,https://web.archive.org/web/20190416192926/http://www.people.ku.edu/~jyounger/LinearA/misctexts.html
youngerarchive,PH 31,b.2_log,CAPF,https://web.archive.org/web/20190416192926/http://www.people.ku.edu/~jyounger/LinearA/misctexts.html,younger_table_logogram,2026-02-24T02:56:37Z,YoungerArchive,https://web.archive.org/web/20190416192926/http://www.people.ku.edu/~jyounger/LinearA/misctexts.html
youngerarchive,PH 31,b.2_log,CAPM,https://web.archive.org/web/20190416192926/http://www.people.ku.edu/~jyounger/LinearA/misctexts.html,younger_table_logogram,2026-02-24T02:56:37Z,YoungerArchive,https://web.archive.org/web/20190416192926/http://www.people.ku.edu/~jyounger/LinearA/misctexts.html
youngerarchive,PH 31,b.2_log,CF TU JU MA HT A3 IMMEDIATELY AFTER KU PA3 NU,https://web.archive.org/web/20190416192926/http://www.people.ku.edu/~jyounger/LinearA/misctexts.html,younger_table_logogram,2026-02-24T02:56:37Z,YoungerArchive,https://web.archive.org/web/20190416192926/http://www.people.ku.edu/~jyounger/LinearA/misctexts.html
youngerarchive,PH 31,b.2_stmt,DU RI,https://web.archive.org/web/20190416192926/http://www.people.ku.edu/~jyounger/LinearA/misctexts.html,younger_table_statement,2026-02-24T02:56:37Z,YoungerArchive,https://web.archive.org/web/20190416192926/http://www.people.ku.edu/~jyounger/LinearA/misctexts.html
youngerarchive,PH 31,b.2_stmt,TU JU MA,https://web.archive.org/web/20190416192926/http://www.people.ku.edu/~jyounger/LinearA/misctexts.html,younger_table_statement,2026-02-24T02:56:37Z,YoungerArchive,https://web.archive.org/web/20190416192926/http://www.people.ku.edu/~jyounger/LinearA/misctexts.html
youngerarchive,PH 31,b.3_log,CAPF,https://web.archive.org/web/20190416192926/http://www.people.ku.edu/~jyounger/LinearA/misctexts.html,younger_table_logogram,2026-02-24T02:56:37Z,YoungerArchive,https://web.archive.org/web/20190416192926/http://www.people.ku.edu/~jyounger/LinearA/misctexts.html
youngerarchive,PH 31,b.3_log,CAPM,https://web.archive.org/web/20190416192926/http://www.people.ku.edu/~jyounger/LinearA/misctexts.html,younger_table_logogram,2026-02-24T02:56:37Z,YoungerArchive,https://web.archive.org/web/20190416192926/http://www.people.ku.edu/~jyounger/LinearA/misctexts.html
youngerarchive,PH 31,b.3_log,CF PA TA NE HT 122A IMMEDIATELY AFTER KU PA3 NE,https://web.archive.org/web/20190416192926/http://www.people.ku.edu/~jyounger/LinearA/misctexts.html,younger_table_logogram,2026-02-24T02:56:37Z,YoungerArchive,https://web.archive.org/web/20190416192926/http://www.people.ku.edu/~jyounger/LinearA/misctexts.html
youngerarchive,PH 31,b.3_log,TE RI HT,https://web.archive.org/web/20190416192926/http://www.people.ku.edu/~jyounger/LinearA/misctexts.html,younger_table_logogram,2026-02-24T02:56:37Z,YoungerArchive,https://web.archive.org/web/20190416192926/http://www.people.ku.edu/~jyounger/LinearA/misctexts.html
youngerarchive,PH 31,b.3_stmt,PA TA NE,https://web.archive.org/web/20190416192926/http://www.people.ku.edu/~jyounger/LinearA/misctexts.html,younger_table_statement,2026-02-24T02:56:37Z,YoungerArchive,https://web.archive.org/web/20190416192926/http://www.people.ku.edu/~jyounger/LinearA/misctexts.html
youngerarchive,PH 31,b.3_stmt,TE RI,https://web.archive.org/web/20190416192926/http://www.people.ku.edu/~jyounger/LinearA/misctexts.html,younger_table_statement,2026-02-24T02:56:37Z,YoungerArchive,https://web.archive.org/web/20190416192926/http://www.people.ku.edu/~jyounger/LinearA/misctexts.html
youngerarchive,PH 31,b.4_log,CAPM KU,https://web.archive.org/web/20190416192926/http://www.people.ku.edu/~jyounger/LinearA/misctexts.html,younger_table_logogram,2026-02-24T02:56:37Z,YoungerArchive,https://web.archive.org/web/20190416192926/http://www.people.ku.edu/~jyounger/LinearA/misctexts.html
youngerarchive,PH 31,b.4_log,OVISF,https://web.archive.org/web/20190416192926/http://www.people.ku.edu/~jyounger/LinearA/misctexts.html,younger_table_logogram,2026-02-24T02:56:37Z,YoungerArchive,https://web.archive.org/web/20190416192926/http://www.people.ku.edu/~jyounger/LinearA/misctexts.html
youngerarchive,PH 31,b.4_log,OVISM,https://web.archive.org/web/20190416192926/http://www.people.ku.edu/~jyounger/LinearA/misctexts.html,younger_table_logogram,2026-02-24T02:56:37Z,YoungerArchive,https://web.archive.org/web/20190416192926/http://www.people.ku.edu/~jyounger/LinearA/misctexts.html
youngerarchive,PH 31,b.4_log,OVISM SI AU RE,https://web.archive.org/web/20190416192926/http://www.people.ku.edu/~jyounger/LinearA/misctexts.html,younger_table_logogram,2026-02-24T02:56:37Z,YoungerArchive,https://web.archive.org/web/20190416192926/http://www.people.ku.edu/~jyounger/LinearA/misctexts.html
youngerarchive,PH 31,b.4_log,OVISM SI AU[ RE,https://web.archive.org/web/20190416192926/http://www.people.ku.edu/~jyounger/LinearA/misctexts.html,younger_table_logogram,2026-02-24T02:56:37Z,YoungerArchive,https://web.archive.org/web/20190416192926/http://www.people.ku.edu/~jyounger/LinearA/misctexts.html
youngerarchive,PH 31,b.4_log,RI RU MA HT,https://web.archive.org/web/20190416192926/http://www.people.ku.edu/~jyounger/LinearA/misctexts.html,younger_table_logogram,2026-02-24T02:56:37Z,YoungerArchive,https://web.archive.org/web/20190416192926/http://www.people.ku.edu/~jyounger/LinearA/misctexts.html
youngerarchive,PH 31,b.4_log,SUS SI[,https://web.archive.org/web/20190416192926/http://www.people.ku.edu/~jyounger/LinearA/misctexts.html,younger_table_logogram,2026-02-24T02:56:37Z,YoungerArchive,https://web.archive.org/web/20190416192926/http://www.people.ku.edu/~jyounger/LinearA/misctexts.html
youngerarchive,PH 31,b.4_stmt,RI RU MA TI,https://web.archive.org/web/20190416192926/http://www.people.ku.edu/~jyounger/LinearA/misctexts.html,younger_table_statement,2026-02-24T02:56:37Z,YoungerArchive,https://web.archive.org/web/20190416192926/http://www.people.ku.edu/~jyounger/LinearA/misctexts.html
youngerarchive,PH 31,b.5_log,JA MI DA RE HT 122A THE SAME AS A MI DA U? ZA 10A CF PH 14B A MI,https://web.archive.org/web/20190416192926/http://www.people.ku.edu/~jyounger/LinearA/misctexts.html,younger_table_logogram,2026-02-24T02:56:37Z,YoungerArchive,https://web.archive.org/web/20190416192926/http://www.people.ku.edu/~jyounger/LinearA/misctexts.html
youngerarchive,PH 31,b.5_log,OVISM,https://web.archive.org/web/20190416192926/http://www.people.ku.edu/~jyounger/LinearA/misctexts.html,younger_table_logogram,2026-02-24T02:56:37Z,YoungerArchive,https://web.archive.org/web/20190416192926/http://www.people.ku.edu/~jyounger/LinearA/misctexts.html
youngerarchive,PH 31,b.5_stmt,A MI DA O,https://web.archive.org/web/20190416192926/http://www.people.ku.edu/~jyounger/LinearA/misctexts.html,younger_table_statement,2026-02-24T02:56:37Z,YoungerArchive,https://web.archive.org/web/20190416192926/http://www.people.ku.edu/~jyounger/LinearA/misctexts.html
youngerarchive,PH 31,table10_row2_stmt,VINA,https://web.archive.org/web/20190416192926/http://www.people.ku.edu/~jyounger/LinearA/misctexts.html,younger_table_statement,2026-02-24T02:56:37Z,YoungerArchive,https://web.archive.org/web/20190416192926/http://www.people.ku.edu/~jyounger/LinearA/misctexts.html
youngerarchive,PH 31,table11_row2_stmt,OVIS,https://web.archive.org/web/20190416192926/http://www.people.ku.edu/~jyounger/LinearA/misctexts.html,younger_table_statement,2026-02-24T02:56:37Z,YoungerArchive,https://web.archive.org/web/20190416192926/http://www.people.ku.edu/~jyounger/LinearA/misctexts.html
youngerarchive,PH 31,table13_row2_stmt,VIN,https://web.archive.org/web/20190416192926/http://www.people.ku.edu/~jyounger/LinearA/misctexts.html,younger_table_statement,2026-02-24T02:56:37Z,YoungerArchive,https://web.archive.org/web/20190416192926/http://www.people.ku.edu/~jyounger/LinearA/misctexts.html
youngerarchive,PH 31,table9_row2_stmt,VINA J,https://web.archive.org/web/20190416192926/http://www.people.ku.edu/~jyounger/LinearA/misctexts.html,younger_table_statement,2026-02-24T02:56:37Z,YoungerArchive,https://web.archive.org/web/20190416192926/http://www.people.ku.edu/~jyounger/LinearA/misctexts.html
sigla,PH 31A,word_1,[?] AB08 [?],http://sigla.phis.me/document/PH%2031a/index-word.html,sigla_word_seq_pattern,2026-02-24T02:56:37Z,SigLA,http://sigla.phis.me/document/PH%2031a/index-word.html
sigla,PH 31A,word_2,AB26,http://sigla.phis.me/document/PH%2031a/index-word.html,sigla_word_seq_pattern,2026-02-24T02:56:37Z,SigLA,http://sigla.phis.me/document/PH%2031a/index-word.html
sigla,PH 31A,word_3,AB80 AB07,http://sigla.phis.me/document/PH%2031a/index-word.html,sigla_word_seq_pattern,2026-02-24T02:56:37Z,SigLA,http://sigla.phis.me/document/PH%2031a/index-word.html
sigla,PH 31A,word_4,AB81 AB56 AB55,http://sigla.phis.me/document/PH%2031a/index-word.html,sigla_word_seq_pattern,2026-02-24T02:56:37Z,SigLA,http://sigla.phis.me/document/PH%2031a/index-word.html
sigla,PH 31A,word_5,AB03 AB59 AB01,http://sigla.phis.me/document/PH%2031a/index-word.html,sigla_word_seq_pattern,2026-02-24T02:56:37Z,SigLA,http://sigla.phis.me/document/PH%2031a/index-word.html
sigla,PH 31A,word_6,AB81 AB02,http://sigla.phis.me/document/PH%2031a/index-word.html,sigla_word_seq_pattern,2026-02-24T02:56:37Z,SigLA,http://sigla.phis.me/document/PH%2031a/index-word.html
sigla,PH 31B,word_1,AB51 AB53,http://sigla.phis.me/document/PH%2031b/index-word.html,sigla_word_seq_pattern,2026-02-24T02:56:37Z,SigLA,http://sigla.phis.me/document/PH%2031b/index-word.html
sigla,PH 31B,word_2,AB69 [?],http://sigla.phis.me/document/PH%2031b/index-word.html,sigla_word_seq_pattern,2026-02-24T02:56:37Z,SigLA,http://sigla.phis.me/document/PH%2031b/index-word.html
sigla,PH 31B,word_3,AB24,http://sigla.phis.me/document/PH%2031b/index-word.html,sigla_word_seq_pattern,2026-02-24T02:56:37Z,SigLA,http://sigla.phis.me/document/PH%2031b/index-word.html
sigla,PH 31B,word_4,AB04 AB53,http://sigla.phis.me/document/PH%2031b/index-word.html,sigla_word_seq_pattern,2026-02-24T02:56:37Z,SigLA,http://sigla.phis.me/document/PH%2031b/index-word.html
sigla,PH 31B,word_5,AB53 AB26 AB80 AB37,http://sigla.phis.me/document/PH%2031b/index-word.html,sigla_word_seq_pattern,2026-02-24T02:56:37Z,SigLA,http://sigla.phis.me/document/PH%2031b/index-word.html
sigla,PH 31B,word_7,AB08 AB73 AB01 AB61,http://sigla.phis.me/document/PH%2031b/index-word.html,sigla_word_seq_pattern,2026-02-24T02:56:37Z,SigLA,http://sigla.phis.me/document/PH%2031b/index-word.html
sigla,PH 3A,word_2,AB03 AB60,http://sigla.phis.me/document/PH%203a/index-word.html,sigla_word_seq_pattern,2026-02-24T02:56:37Z,SigLA,http://sigla.phis.me/document/PH%203a/index-word.html
sigla,PH 3A,word_3,[?] [?],http://sigla.phis.me/document/PH%203a/index-word.html,sigla_word_seq_pattern,2026-02-24T02:56:37Z,SigLA,http://sigla.phis.me/document/PH%203a/index-word.html
sigla,PH 3B,word_2,AB05,http://sigla.phis.me/document/PH%203b/index-word.html,sigla_word_seq_pattern,2026-02-24T02:56:37Z,SigLA,http://sigla.phis.me/document/PH%203b/index-word.html
sigla,PH 3B,word_3,AB41,http://sigla.phis.me/document/PH%203b/index-word.html,sigla_word_seq_pattern,2026-02-24T02:56:37Z,SigLA,http://sigla.phis.me/document/PH%203b/index-word.html
youngerarchive,PH 6,.1_stmt,A RI,https://web.archive.org/web/20190416192926/http://www.people.ku.edu/~jyounger/LinearA/misctexts.html,younger_table_statement,2026-02-24T02:56:37Z,YoungerArchive,https://web.archive.org/web/20190416192926/http://www.people.ku.edu/~jyounger/LinearA/misctexts.html
youngerarchive,PH 6,.1_stmt,I NA WA,https://web.archive.org/web/20190416192926/http://www.people.ku.edu/~jyounger/LinearA/misctexts.html,younger_table_statement,2026-02-24T02:56:37Z,YoungerArchive,https://web.archive.org/web/20190416192926/http://www.people.ku.edu/~jyounger/LinearA/misctexts.html
youngerarchive,PH 6,.2_stmt,I ZU RI NI TA,https://web.archive.org/web/20190416192926/http://www.people.ku.edu/~jyounger/LinearA/misctexts.html,younger_table_statement,2026-02-24T02:56:37Z,YoungerArchive,https://web.archive.org/web/20190416192926/http://www.people.ku.edu/~jyounger/LinearA/misctexts.html
youngerarchive,PH 6,.3_stmt,A RI,https://web.archive.org/web/20190416192926/http://www.people.ku.edu/~jyounger/LinearA/misctexts.html,younger_table_statement,2026-02-24T02:56:37Z,YoungerArchive,https://web.archive.org/web/20190416192926/http://www.people.ku.edu/~jyounger/LinearA/misctexts.html
youngerarchive,PH 6,.4_stmt,I DA PA3 I SA RI,https://web.archive.org/web/20190416192926/http://www.people.ku.edu/~jyounger/LinearA/misctexts.html,younger_table_statement,2026-02-24T02:56:37Z,YoungerArchive,https://web.archive.org/web/20190416192926/http://www.people.ku.edu/~jyounger/LinearA/misctexts.html
sigla,PH 6,word_1,AB28 AB06 AB54,http://sigla.phis.me/document/PH%206/index-word.html,sigla_word_seq_pattern,2026-02-24T02:56:37Z,SigLA,http://sigla.phis.me/document/PH%206/index-word.html
sigla,PH 6,word_2,AB08 AB53,http://sigla.phis.me/document/PH%206/index-word.html,sigla_word_seq_pattern,2026-02-24T02:56:37Z,SigLA,http://sigla.phis.me/document/PH%206/index-word.html
sigla,PH 6,word_3,AB28 AB79 AB53 AB30 AB59,http://sigla.phis.me/document/PH%206/index-word.html,sigla_word_seq_pattern,2026-02-24T02:56:37Z,SigLA,http://sigla.phis.me/document/PH%206/index-word.html
sigla,PH 6,word_4,AB08 AB53,http://sigla.phis.me/document/PH%206/index-word.html,sigla_word_seq_pattern,2026-02-24T02:56:37Z,SigLA,http://sigla.phis.me/document/PH%206/index-word.html
sigla,PH 6,word_5,AB28 AB01 AB56 AB28 AB31 AB53,http://sigla.phis.me/document/PH%206/index-word.html,sigla_word_seq_pattern,2026-02-24T02:56:37Z,SigLA,http://sigla.phis.me/document/PH%206/index-word.html
youngerarchive,PH 7,a.1_stmt,]DI PA JA[,https://web.archive.org/web/20190416192926/http://www.people.ku.edu/~jyounger/LinearA/misctexts.html,younger_table_statement,2026-02-24T02:56:37Z,YoungerArchive,https://web.archive.org/web/20190416192926/http://www.people.ku.edu/~jyounger/LinearA/misctexts.html
youngerarchive,PH 7,a.2_stmt,]U DI RI KI[,https://web.archive.org/web/20190416192926/http://www.people.ku.edu/~jyounger/LinearA/misctexts.html,younger_table_statement,2026-02-24T02:56:37Z,YoungerArchive,https://web.archive.org/web/20190416192926/http://www.people.ku.edu/~jyounger/LinearA/misctexts.html
youngerarchive,PH 7,a.3_stmt,]JA RU MA NE[,https://web.archive.org/web/20190416192926/http://www.people.ku.edu/~jyounger/LinearA/misctexts.html,younger_table_statement,2026-02-24T02:56:37Z,YoungerArchive,https://web.archive.org/web/20190416192926/http://www.people.ku.edu/~jyounger/LinearA/misctexts.html
youngerarchive,PH 7,a.4_stmt,]JA SI DA RA,https://web.archive.org/web/20190416192926/http://www.people.ku.edu/~jyounger/LinearA/misctexts.html,younger_table_statement,2026-02-24T02:56:37Z,YoungerArchive,https://web.archive.org/web/20190416192926/http://www.people.ku.edu/~jyounger/LinearA/misctexts.html
youngerarchive,PH 7,b.2_stmt,]DA RA,https://web.archive.org/web/20190416192926/http://www.people.ku.edu/~jyounger/LinearA/misctexts.html,younger_table_statement,2026-02-24T02:56:37Z,YoungerArchive,https://web.archive.org/web/20190416192926/http://www.people.ku.edu/~jyounger/LinearA/misctexts.html
sigla,PH 7A,word_1,AB07 AB03 AB57,http://sigla.phis.me/document/PH%207a/index-word.html,sigla_word_seq_pattern,2026-02-24T02:56:37Z,SigLA,http://sigla.phis.me/document/PH%207a/index-word.html
sigla,PH 7A,word_2,AB10 AB07 AB53 AB67,http://sigla.phis.me/document/PH%207a/index-word.html,sigla_word_seq_pattern,2026-02-24T02:56:37Z,SigLA,http://sigla.phis.me/document/PH%207a/index-word.html
sigla,PH 7A,word_3,AB57 AB26 AB80 AB24,http://sigla.phis.me/document/PH%207a/index-word.html,sigla_word_seq_pattern,2026-02-24T02:56:37Z,SigLA,http://sigla.phis.me/document/PH%207a/index-word.html
sigla,PH 7A,word_4,AB57 AB41 AB01 AB60,http://sigla.phis.me/document/PH%207a/index-word.html,sigla_word_seq_pattern,2026-02-24T02:56:37Z,SigLA,http://sigla.phis.me/document/PH%207a/index-word.html
sigla,PH 7B,word_1,AB59,http://sigla.phis.me/document/PH%207b/index-word.html,sigla_word_seq_pattern,2026-02-24T02:56:37Z,SigLA,http://sigla.phis.me/document/PH%207b/index-word.html
sigla,PH 7B,word_2,AB01 AB60,http://sigla.phis.me/document/PH%207b/index-word.html,sigla_word_seq_pattern,2026-02-24T02:56:37Z,SigLA,http://sigla.phis.me/document/PH%207b/index-word.html
youngerarchive,PH 8,a.1_log,]*417VAS L2,https://web.archive.org/web/20190416192926/http://www.people.ku.edu/~jyounger/LinearA/misctexts.html,younger_table_logogram,2026-02-24T02:56:37Z,YoungerArchive,https://web.archive.org/web/20190416192926/http://www.people.ku.edu/~jyounger/LinearA/misctexts.html
youngerarchive,PH 8,a.2_log,]VIR,https://web.archive.org/web/20190416192926/http://www.people.ku.edu/~jyounger/LinearA/misctexts.html,younger_table_logogram,2026-02-24T02:56:37Z,YoungerArchive,https://web.archive.org/web/20190416192926/http://www.people.ku.edu/~jyounger/LinearA/misctexts.html
youngerarchive,PH 8,a.4_log,*418VAS L2,https://web.archive.org/web/20190416192926/http://www.people.ku.edu/~jyounger/LinearA/misctexts.html,younger_table_logogram,2026-02-24T02:56:37Z,YoungerArchive,https://web.archive.org/web/20190416192926/http://www.people.ku.edu/~jyounger/LinearA/misctexts.html
youngerarchive,PH 9,b (obverse: hole starts from this side)_log,VAS VINA,https://web.archive.org/web/20190416192926/http://www.people.ku.edu/~jyounger/LinearA/misctexts.html,younger_table_logogram,2026-02-24T02:56:37Z,YoungerArchive,https://web.archive.org/web/20190416192926/http://www.people.ku.edu/~jyounger/LinearA/misctexts.html
sigla,PH 9A,word_1,A317 AB78 A353,http://sigla.phis.me/document/PH%209a/index-word.html,sigla_word_seq_pattern,2026-02-24T02:56:37Z,SigLA,http://sigla.phis.me/document/PH%209a/index-word.html
sigla,PH WA 32,word_1,AB58 AB67 AB60 AB59,http://sigla.phis.me/document/PH%20Wa%2032/index-word.html,sigla_word_seq_pattern,2026-02-24T02:56:37Z,SigLA,http://sigla.phis.me/document/PH%20Wa%2032/index-word.html
sigla,PH WC 37A,word_1,AB77 A314 AB41,http://sigla.phis.me/document/PH%20Wc%2037a/index-word.html,sigla_word_seq_pattern,2026-02-24T02:56:37Z,SigLA,http://sigla.phis.me/document/PH%20Wc%2037a/index-word.html
sigla,PH WC 38,word_1,A314 AB59 AB80,http://sigla.phis.me/document/PH%20Wc%2038/index-word.html,sigla_word_seq_pattern,2026-02-24T02:56:37Z,SigLA,http://sigla.phis.me/document/PH%20Wc%2038/index-word.html
sigla,PH WC 39A,word_1,AB57 AB07,http://sigla.phis.me/document/PH%20Wc%2039a/index-word.html,sigla_word_seq_pattern,2026-02-24T02:56:37Z,SigLA,http://sigla.phis.me/document/PH%20Wc%2039a/index-word.html
sigla,PH WC 40A,word_1,A320 A320 AB80,http://sigla.phis.me/document/PH%20Wc%2040a/index-word.html,sigla_word_seq_pattern,2026-02-24T02:56:37Z,SigLA,http://sigla.phis.me/document/PH%20Wc%2040a/index-word.html
sigla,PH WC 45,word_1,[?] [?] [?],http://sigla.phis.me/document/PH%20Wc%2045/index-word.html,sigla_word_seq_pattern,2026-02-24T02:56:37Z,SigLA,http://sigla.phis.me/document/PH%20Wc%2045/index-word.html
youngerarchive,PK 1,.1_stmt,KA QA,https://web.archive.org/web/20190416192926/http://www.people.ku.edu/~jyounger/LinearA/misctexts.html,younger_table_statement,2026-02-24T02:56:37Z,YoungerArchive,https://web.archive.org/web/20190416192926/http://www.people.ku.edu/~jyounger/LinearA/misctexts.html
youngerarchive,PK 1,.1_stmt,SI NE TI,https://web.archive.org/web/20190416192926/http://www.people.ku.edu/~jyounger/LinearA/misctexts.html,younger_table_statement,2026-02-24T02:56:37Z,YoungerArchive,https://web.archive.org/web/20190416192926/http://www.people.ku.edu/~jyounger/LinearA/misctexts.html
youngerarchive,PK 1,.2_stmt,A DU ZA,https://web.archive.org/web/20190416192926/http://www.people.ku.edu/~jyounger/LinearA/misctexts.html,younger_table_statement,2026-02-24T02:56:37Z,YoungerArchive,https://web.archive.org/web/20190416192926/http://www.people.ku.edu/~jyounger/LinearA/misctexts.html
youngerarchive,PK 1,.2_stmt,TA2 TA RE,https://web.archive.org/web/20190416192926/http://www.people.ku.edu/~jyounger/LinearA/misctexts.html,younger_table_statement,2026-02-24T02:56:37Z,YoungerArchive,https://web.archive.org/web/20190416192926/http://www.people.ku.edu/~jyounger/LinearA/misctexts.html
youngerarchive,PK 1,.3-4_stmt,O KA MI ZA SI I NA,https://web.archive.org/web/20190416192926/http://www.people.ku.edu/~jyounger/LinearA/misctexts.html,younger_table_statement,2026-02-24T02:56:37Z,YoungerArchive,https://web.archive.org/web/20190416192926/http://www.people.ku.edu/~jyounger/LinearA/misctexts.html
youngerarchive,PK 1,.3_stmt,TA2 TI TE,https://web.archive.org/web/20190416192926/http://www.people.ku.edu/~jyounger/LinearA/misctexts.html,younger_table_statement,2026-02-24T02:56:37Z,YoungerArchive,https://web.archive.org/web/20190416192926/http://www.people.ku.edu/~jyounger/LinearA/misctexts.html
youngerarchive,PK 1,.5_stmt,O TE JA,https://web.archive.org/web/20190416192926/http://www.people.ku.edu/~jyounger/LinearA/misctexts.html,younger_table_statement,2026-02-24T02:56:37Z,YoungerArchive,https://web.archive.org/web/20190416192926/http://www.people.ku.edu/~jyounger/LinearA/misctexts.html
youngerarchive,PK 1,.6-7_stmt,TU SU,https://web.archive.org/web/20190416192926/http://www.people.ku.edu/~jyounger/LinearA/misctexts.html,younger_table_statement,2026-02-24T02:56:37Z,YoungerArchive,https://web.archive.org/web/20190416192926/http://www.people.ku.edu/~jyounger/LinearA/misctexts.html
youngerarchive,PK 1,.6_stmt,NI MI,https://web.archive.org/web/20190416192926/http://www.people.ku.edu/~jyounger/LinearA/misctexts.html,younger_table_statement,2026-02-24T02:56:37Z,YoungerArchive,https://web.archive.org/web/20190416192926/http://www.people.ku.edu/~jyounger/LinearA/misctexts.html
youngerarchive,PK 1,.6_stmt,RA NA TU SU,https://web.archive.org/web/20190416192926/http://www.people.ku.edu/~jyounger/LinearA/misctexts.html,younger_table_statement,2026-02-24T02:56:37Z,YoungerArchive,https://web.archive.org/web/20190416192926/http://www.people.ku.edu/~jyounger/LinearA/misctexts.html
youngerarchive,PK 1,.7_stmt,MA TI ZA I TE,https://web.archive.org/web/20190416192926/http://www.people.ku.edu/~jyounger/LinearA/misctexts.html,younger_table_statement,2026-02-24T02:56:37Z,YoungerArchive,https://web.archive.org/web/20190416192926/http://www.people.ku.edu/~jyounger/LinearA/misctexts.html
youngerarchive,PK 1,.8_stmt,MA KA I TA,https://web.archive.org/web/20190416192926/http://www.people.ku.edu/~jyounger/LinearA/misctexts.html,younger_table_statement,2026-02-24T02:56:37Z,YoungerArchive,https://web.archive.org/web/20190416192926/http://www.people.ku.edu/~jyounger/LinearA/misctexts.html
youngerarchive,PK 1,.8_stmt,MA TE TI,https://web.archive.org/web/20190416192926/http://www.people.ku.edu/~jyounger/LinearA/misctexts.html,younger_table_statement,2026-02-24T02:56:37Z,YoungerArchive,https://web.archive.org/web/20190416192926/http://www.people.ku.edu/~jyounger/LinearA/misctexts.html
youngerarchive,PK 3,a.2_stmt,DA RE,https://web.archive.org/web/20190416192926/http://www.people.ku.edu/~jyounger/LinearA/misctexts.html,younger_table_statement,2026-02-24T02:56:37Z,YoungerArchive,https://web.archive.org/web/20190416192926/http://www.people.ku.edu/~jyounger/LinearA/misctexts.html
youngerarchive,PS ZA 2,.1 (top of fragments b+c):_stmt,?? RE I KE,https://web.archive.org/web/20190416192926/http://www.people.ku.edu/~jyounger/LinearA/misctexts.html,younger_table_statement,2026-02-24T02:56:37Z,YoungerArchive,https://web.archive.org/web/20190416192926/http://www.people.ku.edu/~jyounger/LinearA/misctexts.html
youngerarchive,PS ZA 2,.2 (beginning on the bottom of fragment a and continuing onto b+c):_stmt,TA NA I TI ? JA TI JA SA SA RA ME,https://web.archive.org/web/20190416192926/http://www.people.ku.edu/~jyounger/LinearA/misctexts.html,younger_table_statement,2026-02-24T02:56:37Z,YoungerArchive,https://web.archive.org/web/20190416192926/http://www.people.ku.edu/~jyounger/LinearA/misctexts.html
youngerarchive,PS ZA 2,1-2_log,RO VINA,https://web.archive.org/web/20190416192926/http://www.people.ku.edu/~jyounger/LinearA/misctexts.html,younger_table_logogram,2026-02-24T02:56:37Z,YoungerArchive,https://web.archive.org/web/20190416192926/http://www.people.ku.edu/~jyounger/LinearA/misctexts.html
youngerarchive,PS ZA 2,1-2_stmt,TI MA RU WI TE,https://web.archive.org/web/20190416192926/http://www.people.ku.edu/~jyounger/LinearA/misctexts.html,younger_table_statement,2026-02-24T02:56:37Z,YoungerArchive,https://web.archive.org/web/20190416192926/http://www.people.ku.edu/~jyounger/LinearA/misctexts.html
sigla,PS ZA 2,word_1,AB59 AB06 AB28 A301 AB37,http://sigla.phis.me/document/PS%20Za%202/index-word.html,sigla_word_seq_pattern,2026-02-24T02:56:37Z,SigLA,http://sigla.phis.me/document/PS%20Za%202/index-word.html
sigla,PS ZA 2,word_3,AB57 AB37,http://sigla.phis.me/document/PS%20Za%202/index-word.html,sigla_word_seq_pattern,2026-02-24T02:56:37Z,SigLA,http://sigla.phis.me/document/PS%20Za%202/index-word.html
sigla,PS ZA 2,word_4,AB57 AB31 AB31 AB60 AB13,http://sigla.phis.me/document/PS%20Za%202/index-word.html,sigla_word_seq_pattern,2026-02-24T02:56:37Z,SigLA,http://sigla.phis.me/document/PS%20Za%202/index-word.html
sigla,PS ZA 2,word_5,AB27 AB28 AB44,http://sigla.phis.me/document/PS%20Za%202/index-word.html,sigla_word_seq_pattern,2026-02-24T02:56:37Z,SigLA,http://sigla.phis.me/document/PS%20Za%202/index-word.html
sigla,PYR 1,word_1,AB37 AB80 AB26 AB40 AB04,http://sigla.phis.me/document/PYR%201/index-word.html,sigla_word_seq_pattern,2026-02-24T02:56:37Z,SigLA,http://sigla.phis.me/document/PYR%201/index-word.html
sigla,SY ZA 4,word_1,AB08 AB59 AB28 A301 AB54 AB57,http://sigla.phis.me/document/SY%20Za%204/index-word.html,sigla_word_seq_pattern,2026-02-24T02:56:37Z,SigLA,http://sigla.phis.me/document/SY%20Za%204/index-word.html
sigla,SY ZA 4,word_2,AB57 AB28 AB48 AB17,http://sigla.phis.me/document/SY%20Za%204/index-word.html,sigla_word_seq_pattern,2026-02-24T02:56:37Z,SigLA,http://sigla.phis.me/document/SY%20Za%204/index-word.html
sigla,SY ZA 4,word_3,AB56 AB30 AB40,http://sigla.phis.me/document/SY%20Za%204/index-word.html,sigla_word_seq_pattern,2026-02-24T02:56:37Z,SigLA,http://sigla.phis.me/document/SY%20Za%204/index-word.html
youngerarchive,THE TABLET 4,a.4_log,]OVIS,https://web.archive.org/web/20190416192926/http://www.people.ku.edu/~jyounger/LinearA/misctexts.html,younger_table_logogram,2026-02-24T02:56:37Z,YoungerArchive,https://web.archive.org/web/20190416192926/http://www.people.ku.edu/~jyounger/LinearA/misctexts.html
youngerarchive,THE TABLET 5,a.1_stmt,TE ME DA I[,https://web.archive.org/web/20190416192926/http://www.people.ku.edu/~jyounger/LinearA/misctexts.html,younger_table_statement,2026-02-24T02:56:37Z,YoungerArchive,https://web.archive.org/web/20190416192926/http://www.people.ku.edu/~jyounger/LinearA/misctexts.html
youngerarchive,THE TABLET 6,a.2_log,]TELA SE,https://web.archive.org/web/20190416192926/http://www.people.ku.edu/~jyounger/LinearA/misctexts.html,younger_table_logogram,2026-02-24T02:56:37Z,YoungerArchive,https://web.archive.org/web/20190416192926/http://www.people.ku.edu/~jyounger/LinearA/misctexts.html
youngerarchive,TY 2,.1_log,*309B PU PI,https://web.archive.org/web/20190416192926/http://www.people.ku.edu/~jyounger/LinearA/misctexts.html,younger_table_logogram,2026-02-24T02:56:37Z,YoungerArchive,https://web.archive.org/web/20190416192926/http://www.people.ku.edu/~jyounger/LinearA/misctexts.html
youngerarchive,TY 2,.2-3_log,*309A JU KI,https://web.archive.org/web/20190416192926/http://www.people.ku.edu/~jyounger/LinearA/misctexts.html,younger_table_logogram,2026-02-24T02:56:37Z,YoungerArchive,https://web.archive.org/web/20190416192926/http://www.people.ku.edu/~jyounger/LinearA/misctexts.html
youngerarchive,TY 2,.2-3_stmt,PA DA RU,https://web.archive.org/web/20190416192926/http://www.people.ku.edu/~jyounger/LinearA/misctexts.html,younger_table_statement,2026-02-24T02:56:37Z,YoungerArchive,https://web.archive.org/web/20190416192926/http://www.people.ku.edu/~jyounger/LinearA/misctexts.html
youngerarchive,TY 2,.2_log,*309A DA PU[,https://web.archive.org/web/20190416192926/http://www.people.ku.edu/~jyounger/LinearA/misctexts.html,younger_table_logogram,2026-02-24T02:56:37Z,YoungerArchive,https://web.archive.org/web/20190416192926/http://www.people.ku.edu/~jyounger/LinearA/misctexts.html
youngerarchive,TY 2,.2_log,*309B KI PU,https://web.archive.org/web/20190416192926/http://www.people.ku.edu/~jyounger/LinearA/misctexts.html,younger_table_logogram,2026-02-24T02:56:37Z,YoungerArchive,https://web.archive.org/web/20190416192926/http://www.people.ku.edu/~jyounger/LinearA/misctexts.html
youngerarchive,TY 2,.3-4_log,VIR,https://web.archive.org/web/20190416192926/http://www.people.ku.edu/~jyounger/LinearA/misctexts.html,younger_table_logogram,2026-02-24T02:56:37Z,YoungerArchive,https://web.archive.org/web/20190416192926/http://www.people.ku.edu/~jyounger/LinearA/misctexts.html
youngerarchive,TY 2,.3_log,*309A RI JU,https://web.archive.org/web/20190416192926/http://www.people.ku.edu/~jyounger/LinearA/misctexts.html,younger_table_logogram,2026-02-24T02:56:37Z,YoungerArchive,https://web.archive.org/web/20190416192926/http://www.people.ku.edu/~jyounger/LinearA/misctexts.html
youngerarchive,TY 2,.4_log,*309C DA JU,https://web.archive.org/web/20190416192926/http://www.people.ku.edu/~jyounger/LinearA/misctexts.html,younger_table_logogram,2026-02-24T02:56:37Z,YoungerArchive,https://web.archive.org/web/20190416192926/http://www.people.ku.edu/~jyounger/LinearA/misctexts.html
youngerarchive,TY 2,.5_log,*309A RI WA JU,https://web.archive.org/web/20190416192926/http://www.people.ku.edu/~jyounger/LinearA/misctexts.html,younger_table_logogram,2026-02-24T02:56:37Z,YoungerArchive,https://web.archive.org/web/20190416192926/http://www.people.ku.edu/~jyounger/LinearA/misctexts.html
youngerarchive,TY 2,.5_log,*309C RU KA,https://web.archive.org/web/20190416192926/http://www.people.ku.edu/~jyounger/LinearA/misctexts.html,younger_table_logogram,2026-02-24T02:56:37Z,YoungerArchive,https://web.archive.org/web/20190416192926/http://www.people.ku.edu/~jyounger/LinearA/misctexts.html
youngerarchive,TY 2,.6_log,*309B[,https://web.archive.org/web/20190416192926/http://www.people.ku.edu/~jyounger/LinearA/misctexts.html,younger_table_logogram,2026-02-24T02:56:37Z,YoungerArchive,https://web.archive.org/web/20190416192926/http://www.people.ku.edu/~jyounger/LinearA/misctexts.html
youngerarchive,TY 2,.6_log,]*309B RI JU,https://web.archive.org/web/20190416192926/http://www.people.ku.edu/~jyounger/LinearA/misctexts.html,younger_table_logogram,2026-02-24T02:56:37Z,YoungerArchive,https://web.archive.org/web/20190416192926/http://www.people.ku.edu/~jyounger/LinearA/misctexts.html
sigla,TY 2,word_1,A309B [?] AB34? AB50 AB39,http://sigla.phis.me/document/TY%202/index-word.html,sigla_word_seq_pattern,2026-02-24T02:56:37Z,SigLA,http://sigla.phis.me/document/TY%202/index-word.html
sigla,TY 2,word_10,A309C AB53? AB77 AB26,http://sigla.phis.me/document/TY%202/index-word.html,sigla_word_seq_pattern,2026-02-24T02:56:37Z,SigLA,http://sigla.phis.me/document/TY%202/index-word.html
sigla,TY 2,word_11,A309B AB53? [?] AB54 AB65?,http://sigla.phis.me/document/TY%202/index-word.html,sigla_word_seq_pattern,2026-02-24T02:56:37Z,SigLA,http://sigla.phis.me/document/TY%202/index-word.html
sigla,TY 2,word_12,A309B AB53? AB65? [?],http://sigla.phis.me/document/TY%202/index-word.html,sigla_word_seq_pattern,2026-02-24T02:56:37Z,SigLA,http://sigla.phis.me/document/TY%202/index-word.html
sigla,TY 2,word_13,A309B,http://sigla.phis.me/document/TY%202/index-word.html,sigla_word_seq_pattern,2026-02-24T02:56:37Z,SigLA,http://sigla.phis.me/document/TY%202/index-word.html
sigla,TY 2,word_2,A309A [?],http://sigla.phis.me/document/TY%202/index-word.html,sigla_word_seq_pattern,2026-02-24T02:56:37Z,SigLA,http://sigla.phis.me/document/TY%202/index-word.html
sigla,TY 2,word_3,A309B [?] AB67 AB50,http://sigla.phis.me/document/TY%202/index-word.html,sigla_word_seq_pattern,2026-02-24T02:56:37Z,SigLA,http://sigla.phis.me/document/TY%202/index-word.html
sigla,TY 2,word_4,A309A? [?] AB01 AB50,http://sigla.phis.me/document/TY%202/index-word.html,sigla_word_seq_pattern,2026-02-24T02:56:37Z,SigLA,http://sigla.phis.me/document/TY%202/index-word.html
sigla,TY 2,word_5,AB03 AB01 AB26,http://sigla.phis.me/document/TY%202/index-word.html,sigla_word_seq_pattern,2026-02-24T02:56:37Z,SigLA,http://sigla.phis.me/document/TY%202/index-word.html
sigla,TY 2,word_6,A309A AB65? AB67,http://sigla.phis.me/document/TY%202/index-word.html,sigla_word_seq_pattern,2026-02-24T02:56:37Z,SigLA,http://sigla.phis.me/document/TY%202/index-word.html
sigla,TY 2,word_7,A309A? AB53 AB65?,http://sigla.phis.me/document/TY%202/index-word.html,sigla_word_seq_pattern,2026-02-24T02:56:37Z,SigLA,http://sigla.phis.me/document/TY%202/index-word.html
sigla,TY 2,word_8,A309A? [?],http://sigla.phis.me/document/TY%202/index-word.html,sigla_word_seq_pattern,2026-02-24T02:56:37Z,SigLA,http://sigla.phis.me/document/TY%202/index-word.html
sigla,TY 2,word_9,A309C AB53? AB01 [?] AB65?,http://sigla.phis.me/document/TY%202/index-word.html,sigla_word_seq_pattern,2026-02-24T02:56:37Z,SigLA,http://sigla.phis.me/document/TY%202/index-word.html
youngerarchive,TY 3,a.1_log,OLE KI,https://web.archive.org/web/20190416192926/http://www.people.ku.edu/~jyounger/LinearA/misctexts.html,younger_table_logogram,2026-02-24T02:56:37Z,YoungerArchive,https://web.archive.org/web/20190416192926/http://www.people.ku.edu/~jyounger/LinearA/misctexts.html
youngerarchive,TY 3,a.1_log,OLE U,https://web.archive.org/web/20190416192926/http://www.people.ku.edu/~jyounger/LinearA/misctexts.html,younger_table_logogram,2026-02-24T02:56:37Z,YoungerArchive,https://web.archive.org/web/20190416192926/http://www.people.ku.edu/~jyounger/LinearA/misctexts.html
youngerarchive,TY 3,a.2_log,OLE MI[,https://web.archive.org/web/20190416192926/http://www.people.ku.edu/~jyounger/LinearA/misctexts.html,younger_table_logogram,2026-02-24T02:56:37Z,YoungerArchive,https://web.archive.org/web/20190416192926/http://www.people.ku.edu/~jyounger/LinearA/misctexts.html
youngerarchive,TY 3,a.2_log,OLE OVISF,https://web.archive.org/web/20190416192926/http://www.people.ku.edu/~jyounger/LinearA/misctexts.html,younger_table_logogram,2026-02-24T02:56:37Z,YoungerArchive,https://web.archive.org/web/20190416192926/http://www.people.ku.edu/~jyounger/LinearA/misctexts.html
youngerarchive,TY 3,a.2_log,OLE U,https://web.archive.org/web/20190416192926/http://www.people.ku.edu/~jyounger/LinearA/misctexts.html,younger_table_logogram,2026-02-24T02:56:37Z,YoungerArchive,https://web.archive.org/web/20190416192926/http://www.people.ku.edu/~jyounger/LinearA/misctexts.html
youngerarchive,TY 3,a.3_log,OLE KI,https://web.archive.org/web/20190416192926/http://www.people.ku.edu/~jyounger/LinearA/misctexts.html,younger_table_logogram,2026-02-24T02:56:37Z,YoungerArchive,https://web.archive.org/web/20190416192926/http://www.people.ku.edu/~jyounger/LinearA/misctexts.html
youngerarchive,TY 3,a.3_log,OLE KI U,https://web.archive.org/web/20190416192926/http://www.people.ku.edu/~jyounger/LinearA/misctexts.html,younger_table_logogram,2026-02-24T02:56:37Z,YoungerArchive,https://web.archive.org/web/20190416192926/http://www.people.ku.edu/~jyounger/LinearA/misctexts.html
youngerarchive,TY 3,a.4_log,OLE KI ME,https://web.archive.org/web/20190416192926/http://www.people.ku.edu/~jyounger/LinearA/misctexts.html,younger_table_logogram,2026-02-24T02:56:37Z,YoungerArchive,https://web.archive.org/web/20190416192926/http://www.people.ku.edu/~jyounger/LinearA/misctexts.html
youngerarchive,TY 3,a.4_log,OLE OVISF,https://web.archive.org/web/20190416192926/http://www.people.ku.edu/~jyounger/LinearA/misctexts.html,younger_table_logogram,2026-02-24T02:56:37Z,YoungerArchive,https://web.archive.org/web/20190416192926/http://www.people.ku.edu/~jyounger/LinearA/misctexts.html
youngerarchive,TY 3,a.4_log,]OLIV[,https://web.archive.org/web/20190416192926/http://www.people.ku.edu/~jyounger/LinearA/misctexts.html,younger_table_logogram,2026-02-24T02:56:37Z,YoungerArchive,https://web.archive.org/web/20190416192926/http://www.people.ku.edu/~jyounger/LinearA/misctexts.html
youngerarchive,TY 3,a.5_log,OLE MI,https://web.archive.org/web/20190416192926/http://www.people.ku.edu/~jyounger/LinearA/misctexts.html,younger_table_logogram,2026-02-24T02:56:37Z,YoungerArchive,https://web.archive.org/web/20190416192926/http://www.people.ku.edu/~jyounger/LinearA/misctexts.html
youngerarchive,TY 3,a.5_log,OLE U,https://web.archive.org/web/20190416192926/http://www.people.ku.edu/~jyounger/LinearA/misctexts.html,younger_table_logogram,2026-02-24T02:56:37Z,YoungerArchive,https://web.archive.org/web/20190416192926/http://www.people.ku.edu/~jyounger/LinearA/misctexts.html
youngerarchive,TY 3,a.5_stmt,A DA,https://web.archive.org/web/20190416192926/http://www.people.ku.edu/~jyounger/LinearA/misctexts.html,younger_table_statement,2026-02-24T02:56:37Z,YoungerArchive,https://web.archive.org/web/20190416192926/http://www.people.ku.edu/~jyounger/LinearA/misctexts.html
youngerarchive,TY 3,a.6_stmt,]KO A DU WA,https://web.archive.org/web/20190416192926/http://www.people.ku.edu/~jyounger/LinearA/misctexts.html,younger_table_statement,2026-02-24T02:56:37Z,YoungerArchive,https://web.archive.org/web/20190416192926/http://www.people.ku.edu/~jyounger/LinearA/misctexts.html
youngerarchive,TY 3,a.7_log,OLE TU,https://web.archive.org/web/20190416192926/http://www.people.ku.edu/~jyounger/LinearA/misctexts.html,younger_table_logogram,2026-02-24T02:56:37Z,YoungerArchive,https://web.archive.org/web/20190416192926/http://www.people.ku.edu/~jyounger/LinearA/misctexts.html
youngerarchive,TY 3,a.7_stmt,A KU TU,https://web.archive.org/web/20190416192926/http://www.people.ku.edu/~jyounger/LinearA/misctexts.html,younger_table_statement,2026-02-24T02:56:37Z,YoungerArchive,https://web.archive.org/web/20190416192926/http://www.people.ku.edu/~jyounger/LinearA/misctexts.html
youngerarchive,TY 3,b.1_log,OLE MI,https://web.archive.org/web/20190416192926/http://www.people.ku.edu/~jyounger/LinearA/misctexts.html,younger_table_logogram,2026-02-24T02:56:37Z,YoungerArchive,https://web.archive.org/web/20190416192926/http://www.people.ku.edu/~jyounger/LinearA/misctexts.html
youngerarchive,TY 3,b.1_stmt,KI RI SI,https://web.archive.org/web/20190416192926/http://www.people.ku.edu/~jyounger/LinearA/misctexts.html,younger_table_statement,2026-02-24T02:56:37Z,YoungerArchive,https://web.archive.org/web/20190416192926/http://www.people.ku.edu/~jyounger/LinearA/misctexts.html
youngerarchive,TY 3,b.2_log,OLE KI,https://web.archive.org/web/20190416192926/http://www.people.ku.edu/~jyounger/LinearA/misctexts.html,younger_table_logogram,2026-02-24T02:56:37Z,YoungerArchive,https://web.archive.org/web/20190416192926/http://www.people.ku.edu/~jyounger/LinearA/misctexts.html
youngerarchive,TY 3,b.2_log,OLE MI,https://web.archive.org/web/20190416192926/http://www.people.ku.edu/~jyounger/LinearA/misctexts.html,younger_table_logogram,2026-02-24T02:56:37Z,YoungerArchive,https://web.archive.org/web/20190416192926/http://www.people.ku.edu/~jyounger/LinearA/misctexts.html
youngerarchive,TY 3,b.2_stmt,PI KU ZU,https://web.archive.org/web/20190416192926/http://www.people.ku.edu/~jyounger/LinearA/misctexts.html,younger_table_statement,2026-02-24T02:56:37Z,YoungerArchive,https://web.archive.org/web/20190416192926/http://www.people.ku.edu/~jyounger/LinearA/misctexts.html
youngerarchive,TY 3,b.3_log,]OLE NE,https://web.archive.org/web/20190416192926/http://www.people.ku.edu/~jyounger/LinearA/misctexts.html,younger_table_logogram,2026-02-24T02:56:37Z,YoungerArchive,https://web.archive.org/web/20190416192926/http://www.people.ku.edu/~jyounger/LinearA/misctexts.html
youngerarchive,TY 3,b.4_log,PA OLE MI[,https://web.archive.org/web/20190416192926/http://www.people.ku.edu/~jyounger/LinearA/misctexts.html,younger_table_logogram,2026-02-24T02:56:37Z,YoungerArchive,https://web.archive.org/web/20190416192926/http://www.people.ku.edu/~jyounger/LinearA/misctexts.html
youngerarchive,TY 3,b.5-8_stmt,DESUNT,https://web.archive.org/web/20190416192926/http://www.people.ku.edu/~jyounger/LinearA/misctexts.html,younger_table_statement,2026-02-24T02:56:37Z,YoungerArchive,https://web.archive.org/web/20190416192926/http://www.people.ku.edu/~jyounger/LinearA/misctexts.html
sigla,TY 3A,word_1,AB17 A321,http://sigla.phis.me/document/TY%203a/index-word.html,sigla_word_seq_pattern,2026-02-24T02:56:37Z,SigLA,http://sigla.phis.me/document/TY%203a/index-word.html
sigla,TY 3A,word_2,AB08 AB51 [?] [?],http://sigla.phis.me/document/TY%203a/index-word.html,sigla_word_seq_pattern,2026-02-24T02:56:37Z,SigLA,http://sigla.phis.me/document/TY%203a/index-word.html
sigla,TY 3A,word_3,AB08 AB01,http://sigla.phis.me/document/TY%203a/index-word.html,sigla_word_seq_pattern,2026-02-24T02:56:37Z,SigLA,http://sigla.phis.me/document/TY%203a/index-word.html
sigla,TY 3A,word_4,AB70 AB08 AB51 AB54,http://sigla.phis.me/document/TY%203a/index-word.html,sigla_word_seq_pattern,2026-02-24T02:56:37Z,SigLA,http://sigla.phis.me/document/TY%203a/index-word.html
sigla,TY 3A,word_5,AB08 AB81 AB69 A361,http://sigla.phis.me/document/TY%203a/index-word.html,sigla_word_seq_pattern,2026-02-24T02:56:37Z,SigLA,http://sigla.phis.me/document/TY%203a/index-word.html
sigla,TY 3B,word_1,AB67 AB53 AB41,http://sigla.phis.me/document/TY%203b/index-word.html,sigla_word_seq_pattern,2026-02-24T02:56:37Z,SigLA,http://sigla.phis.me/document/TY%203b/index-word.html
sigla,TY 3B,word_2,AB39 AB81 AB79,http://sigla.phis.me/document/TY%203b/index-word.html,sigla_word_seq_pattern,2026-02-24T02:56:37Z,SigLA,http://sigla.phis.me/document/TY%203b/index-word.html
sigla,TY 3B,word_3,AB03 AB73,http://sigla.phis.me/document/TY%203b/index-word.html,sigla_word_seq_pattern,2026-02-24T02:56:37Z,SigLA,http://sigla.phis.me/document/TY%203b/index-word.html
youngerarchive,ZA 1,a.1-2_log,FIC,https://web.archive.org/web/20190416192926/http://www.people.ku.edu/~jyounger/LinearA/misctexts.html,younger_table_logogram,2026-02-24T02:56:37Z,YoungerArchive,https://web.archive.org/web/20190416192926/http://www.people.ku.edu/~jyounger/LinearA/misctexts.html
youngerarchive,ZA 1,a.1-2_stmt,KI RE ZA,https://web.archive.org/web/20190416192926/http://www.people.ku.edu/~jyounger/LinearA/misctexts.html,younger_table_statement,2026-02-24T02:56:37Z,YoungerArchive,https://web.archive.org/web/20190416192926/http://www.people.ku.edu/~jyounger/LinearA/misctexts.html
youngerarchive,ZA 1,a.1_log,I [?],https://web.archive.org/web/20190416192926/http://www.people.ku.edu/~jyounger/LinearA/misctexts.html,younger_table_logogram,2026-02-24T02:56:37Z,YoungerArchive,https://web.archive.org/web/20190416192926/http://www.people.ku.edu/~jyounger/LinearA/misctexts.html
youngerarchive,ZA 1,b.1-2_log,GRA,https://web.archive.org/web/20190416192926/http://www.people.ku.edu/~jyounger/LinearA/misctexts.html,younger_table_logogram,2026-02-24T02:56:37Z,YoungerArchive,https://web.archive.org/web/20190416192926/http://www.people.ku.edu/~jyounger/LinearA/misctexts.html
youngerarchive,ZA 1,b.1_stmt,E MI,https://web.archive.org/web/20190416192926/http://www.people.ku.edu/~jyounger/LinearA/misctexts.html,younger_table_statement,2026-02-24T02:56:37Z,YoungerArchive,https://web.archive.org/web/20190416192926/http://www.people.ku.edu/~jyounger/LinearA/misctexts.html
youngerarchive,ZA 10,a.1-2_stmt,A KU MI NA,https://web.archive.org/web/20190416192926/http://www.people.ku.edu/~jyounger/LinearA/misctexts.html,younger_table_statement,2026-02-24T02:56:37Z,YoungerArchive,https://web.archive.org/web/20190416192926/http://www.people.ku.edu/~jyounger/LinearA/misctexts.html
youngerarchive,ZA 10,a.1_log,PA [?],https://web.archive.org/web/20190416192926/http://www.people.ku.edu/~jyounger/LinearA/misctexts.html,younger_table_logogram,2026-02-24T02:56:37Z,YoungerArchive,https://web.archive.org/web/20190416192926/http://www.people.ku.edu/~jyounger/LinearA/misctexts.html
youngerarchive,ZA 10,a.1_stmt,TA NA TE,https://web.archive.org/web/20190416192926/http://www.people.ku.edu/~jyounger/LinearA/misctexts.html,younger_table_statement,2026-02-24T02:56:37Z,YoungerArchive,https://web.archive.org/web/20190416192926/http://www.people.ku.edu/~jyounger/LinearA/misctexts.html
youngerarchive,ZA 10,a.2_stmt,A TA NA TE,https://web.archive.org/web/20190416192926/http://www.people.ku.edu/~jyounger/LinearA/misctexts.html,younger_table_statement,2026-02-24T02:56:37Z,YoungerArchive,https://web.archive.org/web/20190416192926/http://www.people.ku.edu/~jyounger/LinearA/misctexts.html
youngerarchive,ZA 10,a.3-4_stmt,A DU KU MI NA,https://web.archive.org/web/20190416192926/http://www.people.ku.edu/~jyounger/LinearA/misctexts.html,younger_table_statement,2026-02-24T02:56:37Z,YoungerArchive,https://web.archive.org/web/20190416192926/http://www.people.ku.edu/~jyounger/LinearA/misctexts.html
youngerarchive,ZA 10,a.3_stmt,A MI DA U,https://web.archive.org/web/20190416192926/http://www.people.ku.edu/~jyounger/LinearA/misctexts.html,younger_table_statement,2026-02-24T02:56:37Z,YoungerArchive,https://web.archive.org/web/20190416192926/http://www.people.ku.edu/~jyounger/LinearA/misctexts.html
youngerarchive,ZA 10,a.4-5_stmt,DA I PI TA,https://web.archive.org/web/20190416192926/http://www.people.ku.edu/~jyounger/LinearA/misctexts.html,younger_table_statement,2026-02-24T02:56:37Z,YoungerArchive,https://web.archive.org/web/20190416192926/http://www.people.ku.edu/~jyounger/LinearA/misctexts.html
youngerarchive,ZA 10,a.5_stmt,DU RE ZA SE,https://web.archive.org/web/20190416192926/http://www.people.ku.edu/~jyounger/LinearA/misctexts.html,younger_table_statement,2026-02-24T02:56:37Z,YoungerArchive,https://web.archive.org/web/20190416192926/http://www.people.ku.edu/~jyounger/LinearA/misctexts.html
youngerarchive,ZA 10,b.1-2_log,VINB,https://web.archive.org/web/20190416192926/http://www.people.ku.edu/~jyounger/LinearA/misctexts.html,younger_table_logogram,2026-02-24T02:56:37Z,YoungerArchive,https://web.archive.org/web/20190416192926/http://www.people.ku.edu/~jyounger/LinearA/misctexts.html
youngerarchive,ZA 10,b.1-2_stmt,DU RE ZA SE,https://web.archive.org/web/20190416192926/http://www.people.ku.edu/~jyounger/LinearA/misctexts.html,younger_table_statement,2026-02-24T02:56:37Z,YoungerArchive,https://web.archive.org/web/20190416192926/http://www.people.ku.edu/~jyounger/LinearA/misctexts.html
youngerarchive,ZA 10,b.2-3_stmt,MA ZA,https://web.archive.org/web/20190416192926/http://www.people.ku.edu/~jyounger/LinearA/misctexts.html,younger_table_statement,2026-02-24T02:56:37Z,YoungerArchive,https://web.archive.org/web/20190416192926/http://www.people.ku.edu/~jyounger/LinearA/misctexts.html
youngerarchive,ZA 10,b.3-4_stmt,SA MA,https://web.archive.org/web/20190416192926/http://www.people.ku.edu/~jyounger/LinearA/misctexts.html,younger_table_statement,2026-02-24T02:56:37Z,YoungerArchive,https://web.archive.org/web/20190416192926/http://www.people.ku.edu/~jyounger/LinearA/misctexts.html
youngerarchive,ZA 10,b.3_stmt,MA KI DE TE,https://web.archive.org/web/20190416192926/http://www.people.ku.edu/~jyounger/LinearA/misctexts.html,younger_table_statement,2026-02-24T02:56:37Z,YoungerArchive,https://web.archive.org/web/20190416192926/http://www.people.ku.edu/~jyounger/LinearA/misctexts.html
youngerarchive,ZA 10,b.4-5_stmt,A MI TA,https://web.archive.org/web/20190416192926/http://www.people.ku.edu/~jyounger/LinearA/misctexts.html,younger_table_statement,2026-02-24T02:56:37Z,YoungerArchive,https://web.archive.org/web/20190416192926/http://www.people.ku.edu/~jyounger/LinearA/misctexts.html
youngerarchive,ZA 10,b.4_stmt,A DE,https://web.archive.org/web/20190416192926/http://www.people.ku.edu/~jyounger/LinearA/misctexts.html,younger_table_statement,2026-02-24T02:56:37Z,YoungerArchive,https://web.archive.org/web/20190416192926/http://www.people.ku.edu/~jyounger/LinearA/misctexts.html
youngerarchive,ZA 10,b.5-6_stmt,PA JA RE,https://web.archive.org/web/20190416192926/http://www.people.ku.edu/~jyounger/LinearA/misctexts.html,younger_table_statement,2026-02-24T02:56:37Z,YoungerArchive,https://web.archive.org/web/20190416192926/http://www.people.ku.edu/~jyounger/LinearA/misctexts.html
youngerarchive,ZA 10,b.5_stmt,RA2 RO RE,https://web.archive.org/web/20190416192926/http://www.people.ku.edu/~jyounger/LinearA/misctexts.html,younger_table_statement,2026-02-24T02:56:37Z,YoungerArchive,https://web.archive.org/web/20190416192926/http://www.people.ku.edu/~jyounger/LinearA/misctexts.html
youngerarchive,ZA 10,b.6_stmt,KA KU NE TE,https://web.archive.org/web/20190416192926/http://www.people.ku.edu/~jyounger/LinearA/misctexts.html,younger_table_statement,2026-02-24T02:56:37Z,YoungerArchive,https://web.archive.org/web/20190416192926/http://www.people.ku.edu/~jyounger/LinearA/misctexts.html
sigla,ZA 10A,word_1,AB59 AB06 AB04,http://sigla.phis.me/document/ZA%2010a/index-word.html,sigla_word_seq_pattern,2026-02-24T02:56:37Z,SigLA,http://sigla.phis.me/document/ZA%2010a/index-word.html
sigla,ZA 10A,word_2,AB08 AB81 AB73 AB06,http://sigla.phis.me/document/ZA%2010a/index-word.html,sigla_word_seq_pattern,2026-02-24T02:56:37Z,SigLA,http://sigla.phis.me/document/ZA%2010a/index-word.html
sigla,ZA 10A,word_3,AB08 AB59 AB06 AB04,http://sigla.phis.me/document/ZA%2010a/index-word.html,sigla_word_seq_pattern,2026-02-24T02:56:37Z,SigLA,http://sigla.phis.me/document/ZA%2010a/index-word.html
sigla,ZA 10A,word_4,AB08 AB73 AB01 AB10,http://sigla.phis.me/document/ZA%2010a/index-word.html,sigla_word_seq_pattern,2026-02-24T02:56:37Z,SigLA,http://sigla.phis.me/document/ZA%2010a/index-word.html
sigla,ZA 10A,word_5,AB08 AB51 AB81 AB73 AB06,http://sigla.phis.me/document/ZA%2010a/index-word.html,sigla_word_seq_pattern,2026-02-24T02:56:37Z,SigLA,http://sigla.phis.me/document/ZA%2010a/index-word.html
sigla,ZA 10A,word_6,AB01 AB28 AB39 AB59,http://sigla.phis.me/document/ZA%2010a/index-word.html,sigla_word_seq_pattern,2026-02-24T02:56:37Z,SigLA,http://sigla.phis.me/document/ZA%2010a/index-word.html
sigla,ZA 10A,word_7,AB51 AB27 AB17 AB09,http://sigla.phis.me/document/ZA%2010a/index-word.html,sigla_word_seq_pattern,2026-02-24T02:56:37Z,SigLA,http://sigla.phis.me/document/ZA%2010a/index-word.html
sigla,ZA 10B,word_1,AB54 A362,http://sigla.phis.me/document/ZA%2010b/index-word.html,sigla_word_seq_pattern,2026-02-24T02:56:37Z,SigLA,http://sigla.phis.me/document/ZA%2010b/index-word.html
sigla,ZA 10B,word_10,AB03 AB57 AB27,http://sigla.phis.me/document/ZA%2010b/index-word.html,sigla_word_seq_pattern,2026-02-24T02:56:37Z,SigLA,http://sigla.phis.me/document/ZA%2010b/index-word.html
sigla,ZA 10B,word_11,AB77 AB81 AB24 AB04,http://sigla.phis.me/document/ZA%2010b/index-word.html,sigla_word_seq_pattern,2026-02-24T02:56:37Z,SigLA,http://sigla.phis.me/document/ZA%2010b/index-word.html
sigla,ZA 10B,word_2,AB51 AB27 AB17 AB09,http://sigla.phis.me/document/ZA%2010b/index-word.html,sigla_word_seq_pattern,2026-02-24T02:56:37Z,SigLA,http://sigla.phis.me/document/ZA%2010b/index-word.html
sigla,ZA 10B,word_3,AB10 AB49,http://sigla.phis.me/document/ZA%2010b/index-word.html,sigla_word_seq_pattern,2026-02-24T02:56:37Z,SigLA,http://sigla.phis.me/document/ZA%2010b/index-word.html
sigla,ZA 10B,word_4,AB80 AB17,http://sigla.phis.me/document/ZA%2010b/index-word.html,sigla_word_seq_pattern,2026-02-24T02:56:37Z,SigLA,http://sigla.phis.me/document/ZA%2010b/index-word.html
sigla,ZA 10B,word_5,AB80 AB67 AB45 AB04,http://sigla.phis.me/document/ZA%2010b/index-word.html,sigla_word_seq_pattern,2026-02-24T02:56:37Z,SigLA,http://sigla.phis.me/document/ZA%2010b/index-word.html
sigla,ZA 10B,word_6,AB31 AB80,http://sigla.phis.me/document/ZA%2010b/index-word.html,sigla_word_seq_pattern,2026-02-24T02:56:37Z,SigLA,http://sigla.phis.me/document/ZA%2010b/index-word.html
sigla,ZA 10B,word_7,AB08 AB45,http://sigla.phis.me/document/ZA%2010b/index-word.html,sigla_word_seq_pattern,2026-02-24T02:56:37Z,SigLA,http://sigla.phis.me/document/ZA%2010b/index-word.html
sigla,ZA 10B,word_8,AB08 AB73 AB59,http://sigla.phis.me/document/ZA%2010b/index-word.html,sigla_word_seq_pattern,2026-02-24T02:56:37Z,SigLA,http://sigla.phis.me/document/ZA%2010b/index-word.html
sigla,ZA 10B,word_9,AB76 AB02 AB27,http://sigla.phis.me/document/ZA%2010b/index-word.html,sigla_word_seq_pattern,2026-02-24T02:56:37Z,SigLA,http://sigla.phis.me/document/ZA%2010b/index-word.html
youngerarchive,ZA 11,a.1_log,GRA PA[,https://web.archive.org/web/20190416192926/http://www.people.ku.edu/~jyounger/LinearA/misctexts.html,younger_table_logogram,2026-02-24T02:56:37Z,YoungerArchive,https://web.archive.org/web/20190416192926/http://www.people.ku.edu/~jyounger/LinearA/misctexts.html
youngerarchive,ZA 11,a.1_log,I [?],https://web.archive.org/web/20190416192926/http://www.people.ku.edu/~jyounger/LinearA/misctexts.html,younger_table_logogram,2026-02-24T02:56:37Z,YoungerArchive,https://web.archive.org/web/20190416192926/http://www.people.ku.edu/~jyounger/LinearA/misctexts.html
youngerarchive,ZA 11,a.1_stmt,DI DI KO RA ME[ ]TA2,https://web.archive.org/web/20190416192926/http://www.people.ku.edu/~jyounger/LinearA/misctexts.html,younger_table_statement,2026-02-24T02:56:37Z,YoungerArchive,https://web.archive.org/web/20190416192926/http://www.people.ku.edu/~jyounger/LinearA/misctexts.html
youngerarchive,ZA 11,a.2-3_log,VINA,https://web.archive.org/web/20190416192926/http://www.people.ku.edu/~jyounger/LinearA/misctexts.html,younger_table_logogram,2026-02-24T02:56:37Z,YoungerArchive,https://web.archive.org/web/20190416192926/http://www.people.ku.edu/~jyounger/LinearA/misctexts.html
youngerarchive,ZA 11,a.2-3_stmt,RA MA SI,https://web.archive.org/web/20190416192926/http://www.people.ku.edu/~jyounger/LinearA/misctexts.html,younger_table_statement,2026-02-24T02:56:37Z,YoungerArchive,https://web.archive.org/web/20190416192926/http://www.people.ku.edu/~jyounger/LinearA/misctexts.html
youngerarchive,ZA 11,a.3-4_stmt,]E KU RU,https://web.archive.org/web/20190416192926/http://www.people.ku.edu/~jyounger/LinearA/misctexts.html,younger_table_statement,2026-02-24T02:56:37Z,YoungerArchive,https://web.archive.org/web/20190416192926/http://www.people.ku.edu/~jyounger/LinearA/misctexts.html
youngerarchive,ZA 11,a.4_log,QE GRA PA,https://web.archive.org/web/20190416192926/http://www.people.ku.edu/~jyounger/LinearA/misctexts.html,younger_table_logogram,2026-02-24T02:56:37Z,YoungerArchive,https://web.archive.org/web/20190416192926/http://www.people.ku.edu/~jyounger/LinearA/misctexts.html
youngerarchive,ZA 11,a.4_log,VINA,https://web.archive.org/web/20190416192926/http://www.people.ku.edu/~jyounger/LinearA/misctexts.html,younger_table_logogram,2026-02-24T02:56:37Z,YoungerArchive,https://web.archive.org/web/20190416192926/http://www.people.ku.edu/~jyounger/LinearA/misctexts.html
youngerarchive,ZA 11,a.5_log,GRA PA,https://web.archive.org/web/20190416192926/http://www.people.ku.edu/~jyounger/LinearA/misctexts.html,younger_table_logogram,2026-02-24T02:56:37Z,YoungerArchive,https://web.archive.org/web/20190416192926/http://www.people.ku.edu/~jyounger/LinearA/misctexts.html
youngerarchive,ZA 11,a.5_stmt,KU PA,https://web.archive.org/web/20190416192926/http://www.people.ku.edu/~jyounger/LinearA/misctexts.html,younger_table_statement,2026-02-24T02:56:37Z,YoungerArchive,https://web.archive.org/web/20190416192926/http://www.people.ku.edu/~jyounger/LinearA/misctexts.html
youngerarchive,ZA 11,a.5_stmt,PI A[,https://web.archive.org/web/20190416192926/http://www.people.ku.edu/~jyounger/LinearA/misctexts.html,younger_table_statement,2026-02-24T02:56:37Z,YoungerArchive,https://web.archive.org/web/20190416192926/http://www.people.ku.edu/~jyounger/LinearA/misctexts.html
youngerarchive,ZA 11,a.6_log,]OLIV,https://web.archive.org/web/20190416192926/http://www.people.ku.edu/~jyounger/LinearA/misctexts.html,younger_table_logogram,2026-02-24T02:56:37Z,YoungerArchive,https://web.archive.org/web/20190416192926/http://www.people.ku.edu/~jyounger/LinearA/misctexts.html
youngerarchive,ZA 11,b.1_log,GRA PA,https://web.archive.org/web/20190416192926/http://www.people.ku.edu/~jyounger/LinearA/misctexts.html,younger_table_logogram,2026-02-24T02:56:37Z,YoungerArchive,https://web.archive.org/web/20190416192926/http://www.people.ku.edu/~jyounger/LinearA/misctexts.html
youngerarchive,ZA 11,b.1_log,I [?],https://web.archive.org/web/20190416192926/http://www.people.ku.edu/~jyounger/LinearA/misctexts.html,younger_table_logogram,2026-02-24T02:56:37Z,YoungerArchive,https://web.archive.org/web/20190416192926/http://www.people.ku.edu/~jyounger/LinearA/misctexts.html
youngerarchive,ZA 11,b.1_stmt,E TO RI,https://web.archive.org/web/20190416192926/http://www.people.ku.edu/~jyounger/LinearA/misctexts.html,younger_table_statement,2026-02-24T02:56:37Z,YoungerArchive,https://web.archive.org/web/20190416192926/http://www.people.ku.edu/~jyounger/LinearA/misctexts.html
youngerarchive,ZA 11,b.1_stmt,SA RI,https://web.archive.org/web/20190416192926/http://www.people.ku.edu/~jyounger/LinearA/misctexts.html,younger_table_statement,2026-02-24T02:56:37Z,YoungerArchive,https://web.archive.org/web/20190416192926/http://www.people.ku.edu/~jyounger/LinearA/misctexts.html
youngerarchive,ZA 11,b.2a_log,I OLIV,https://web.archive.org/web/20190416192926/http://www.people.ku.edu/~jyounger/LinearA/misctexts.html,younger_table_logogram,2026-02-24T02:56:37Z,YoungerArchive,https://web.archive.org/web/20190416192926/http://www.people.ku.edu/~jyounger/LinearA/misctexts.html
youngerarchive,ZA 11,b.2b_stmt,]I DE[,https://web.archive.org/web/20190416192926/http://www.people.ku.edu/~jyounger/LinearA/misctexts.html,younger_table_statement,2026-02-24T02:56:37Z,YoungerArchive,https://web.archive.org/web/20190416192926/http://www.people.ku.edu/~jyounger/LinearA/misctexts.html
youngerarchive,ZA 11,b.3_log,GRA PA,https://web.archive.org/web/20190416192926/http://www.people.ku.edu/~jyounger/LinearA/misctexts.html,younger_table_logogram,2026-02-24T02:56:37Z,YoungerArchive,https://web.archive.org/web/20190416192926/http://www.people.ku.edu/~jyounger/LinearA/misctexts.html
youngerarchive,ZA 11,b.3_stmt,KU PA,https://web.archive.org/web/20190416192926/http://www.people.ku.edu/~jyounger/LinearA/misctexts.html,younger_table_statement,2026-02-24T02:56:37Z,YoungerArchive,https://web.archive.org/web/20190416192926/http://www.people.ku.edu/~jyounger/LinearA/misctexts.html
sigla,ZA 11A,word_1,AB07 AB07 AB70 AB60 AB13 AB66,http://sigla.phis.me/document/ZA%2011a/index-word.html,sigla_word_seq_pattern,2026-02-24T02:56:37Z,SigLA,http://sigla.phis.me/document/ZA%2011a/index-word.html
sigla,ZA 11A,word_2,AB60 AB80 AB41,http://sigla.phis.me/document/ZA%2011a/index-word.html,sigla_word_seq_pattern,2026-02-24T02:56:37Z,SigLA,http://sigla.phis.me/document/ZA%2011a/index-word.html
sigla,ZA 11A,word_3,AB38 AB81 AB26,http://sigla.phis.me/document/ZA%2011a/index-word.html,sigla_word_seq_pattern,2026-02-24T02:56:37Z,SigLA,http://sigla.phis.me/document/ZA%2011a/index-word.html
sigla,ZA 11A,word_4,AB81 AB03,http://sigla.phis.me/document/ZA%2011a/index-word.html,sigla_word_seq_pattern,2026-02-24T02:56:37Z,SigLA,http://sigla.phis.me/document/ZA%2011a/index-word.html
sigla,ZA 11A,word_5,AB39 A310 AB08,http://sigla.phis.me/document/ZA%2011a/index-word.html,sigla_word_seq_pattern,2026-02-24T02:56:37Z,SigLA,http://sigla.phis.me/document/ZA%2011a/index-word.html
sigla,ZA 11B,word_1,AB38 AB05 AB53,http://sigla.phis.me/document/ZA%2011b/index-word.html,sigla_word_seq_pattern,2026-02-24T02:56:37Z,SigLA,http://sigla.phis.me/document/ZA%2011b/index-word.html
sigla,ZA 11B,word_2,AB31 A301 AB53,http://sigla.phis.me/document/ZA%2011b/index-word.html,sigla_word_seq_pattern,2026-02-24T02:56:37Z,SigLA,http://sigla.phis.me/document/ZA%2011b/index-word.html
sigla,ZA 11B,word_3,AB28 AB45,http://sigla.phis.me/document/ZA%2011b/index-word.html,sigla_word_seq_pattern,2026-02-24T02:56:37Z,SigLA,http://sigla.phis.me/document/ZA%2011b/index-word.html
sigla,ZA 11B,word_4,AB81 AB03,http://sigla.phis.me/document/ZA%2011b/index-word.html,sigla_word_seq_pattern,2026-02-24T02:56:37Z,SigLA,http://sigla.phis.me/document/ZA%2011b/index-word.html
youngerarchive,ZA 12,a.1_log,PA [?],https://web.archive.org/web/20190416192926/http://www.people.ku.edu/~jyounger/LinearA/misctexts.html,younger_table_logogram,2026-02-24T02:56:37Z,YoungerArchive,https://web.archive.org/web/20190416192926/http://www.people.ku.edu/~jyounger/LinearA/misctexts.html
youngerarchive,ZA 12,b.1_log,PA [?],https://web.archive.org/web/20190416192926/http://www.people.ku.edu/~jyounger/LinearA/misctexts.html,younger_table_logogram,2026-02-24T02:56:37Z,YoungerArchive,https://web.archive.org/web/20190416192926/http://www.people.ku.edu/~jyounger/LinearA/misctexts.html
sigla,ZA 13,word_1,[?] AB58 AB03,http://sigla.phis.me/document/ZA%2013/index-word.html,sigla_word_seq_pattern,2026-02-24T02:56:37Z,SigLA,http://sigla.phis.me/document/ZA%2013/index-word.html
youngerarchive,ZA 14,.1_stmt,ME KI DI,https://web.archive.org/web/20190416192926/http://www.people.ku.edu/~jyounger/LinearA/misctexts.html,younger_table_statement,2026-02-24T02:56:37Z,YoungerArchive,https://web.archive.org/web/20190416192926/http://www.people.ku.edu/~jyounger/LinearA/misctexts.html
youngerarchive,ZA 14,.2_stmt,PU NI KA SO,https://web.archive.org/web/20190416192926/http://www.people.ku.edu/~jyounger/LinearA/misctexts.html,younger_table_statement,2026-02-24T02:56:37Z,YoungerArchive,https://web.archive.org/web/20190416192926/http://www.people.ku.edu/~jyounger/LinearA/misctexts.html
youngerarchive,ZA 14,.2_stmt,QA TI JU,https://web.archive.org/web/20190416192926/http://www.people.ku.edu/~jyounger/LinearA/misctexts.html,younger_table_statement,2026-02-24T02:56:37Z,YoungerArchive,https://web.archive.org/web/20190416192926/http://www.people.ku.edu/~jyounger/LinearA/misctexts.html
youngerarchive,ZA 14,.3-4_stmt,TU MI TI ZA SE,https://web.archive.org/web/20190416192926/http://www.people.ku.edu/~jyounger/LinearA/misctexts.html,younger_table_statement,2026-02-24T02:56:37Z,YoungerArchive,https://web.archive.org/web/20190416192926/http://www.people.ku.edu/~jyounger/LinearA/misctexts.html
youngerarchive,ZA 14,.3_stmt,KU PI,https://web.archive.org/web/20190416192926/http://www.people.ku.edu/~jyounger/LinearA/misctexts.html,younger_table_statement,2026-02-24T02:56:37Z,YoungerArchive,https://web.archive.org/web/20190416192926/http://www.people.ku.edu/~jyounger/LinearA/misctexts.html
youngerarchive,ZA 14,.4_stmt,JA WI[,https://web.archive.org/web/20190416192926/http://www.people.ku.edu/~jyounger/LinearA/misctexts.html,younger_table_statement,2026-02-24T02:56:37Z,YoungerArchive,https://web.archive.org/web/20190416192926/http://www.people.ku.edu/~jyounger/LinearA/misctexts.html
youngerarchive,ZA 14,.4_stmt,PA NU QE,https://web.archive.org/web/20190416192926/http://www.people.ku.edu/~jyounger/LinearA/misctexts.html,younger_table_statement,2026-02-24T02:56:37Z,YoungerArchive,https://web.archive.org/web/20190416192926/http://www.people.ku.edu/~jyounger/LinearA/misctexts.html
sigla,ZA 14,word_1,AB13 AB67 AB07,http://sigla.phis.me/document/ZA%2014/index-word.html,sigla_word_seq_pattern,2026-02-24T02:56:37Z,SigLA,http://sigla.phis.me/document/ZA%2014/index-word.html
sigla,ZA 14,word_2,AB21F AB118,http://sigla.phis.me/document/ZA%2014/index-word.html,sigla_word_seq_pattern,2026-02-24T02:56:37Z,SigLA,http://sigla.phis.me/document/ZA%2014/index-word.html
sigla,ZA 14,word_3,AB50 AB30 AB77 A363,http://sigla.phis.me/document/ZA%2014/index-word.html,sigla_word_seq_pattern,2026-02-24T02:56:37Z,SigLA,http://sigla.phis.me/document/ZA%2014/index-word.html
sigla,ZA 14,word_4,AB16 AB37 AB65,http://sigla.phis.me/document/ZA%2014/index-word.html,sigla_word_seq_pattern,2026-02-24T02:56:37Z,SigLA,http://sigla.phis.me/document/ZA%2014/index-word.html
sigla,ZA 14,word_5,AB81 AB39,http://sigla.phis.me/document/ZA%2014/index-word.html,sigla_word_seq_pattern,2026-02-24T02:56:37Z,SigLA,http://sigla.phis.me/document/ZA%2014/index-word.html
sigla,ZA 14,word_6,AB69 AB73 AB37 AB17 AB09,http://sigla.phis.me/document/ZA%2014/index-word.html,sigla_word_seq_pattern,2026-02-24T02:56:37Z,SigLA,http://sigla.phis.me/document/ZA%2014/index-word.html
sigla,ZA 14,word_7,AB03 AB55 AB78,http://sigla.phis.me/document/ZA%2014/index-word.html,sigla_word_seq_pattern,2026-02-24T02:56:37Z,SigLA,http://sigla.phis.me/document/ZA%2014/index-word.html
sigla,ZA 14,word_8,AB57 AB40,http://sigla.phis.me/document/ZA%2014/index-word.html,sigla_word_seq_pattern,2026-02-24T02:56:37Z,SigLA,http://sigla.phis.me/document/ZA%2014/index-word.html
youngerarchive,ZA 15,a.1_log,SA VINA,https://web.archive.org/web/20190416192926/http://www.people.ku.edu/~jyounger/LinearA/misctexts.html,younger_table_logogram,2026-02-24T02:56:37Z,YoungerArchive,https://web.archive.org/web/20190416192926/http://www.people.ku.edu/~jyounger/LinearA/misctexts.html
youngerarchive,ZA 15,a.1_stmt,KU NA,https://web.archive.org/web/20190416192926/http://www.people.ku.edu/~jyounger/LinearA/misctexts.html,younger_table_statement,2026-02-24T02:56:37Z,YoungerArchive,https://web.archive.org/web/20190416192926/http://www.people.ku.edu/~jyounger/LinearA/misctexts.html
youngerarchive,ZA 15,a.2_stmt,QE SI ZU E,https://web.archive.org/web/20190416192926/http://www.people.ku.edu/~jyounger/LinearA/misctexts.html,younger_table_statement,2026-02-24T02:56:37Z,YoungerArchive,https://web.archive.org/web/20190416192926/http://www.people.ku.edu/~jyounger/LinearA/misctexts.html
youngerarchive,ZA 15,a.3_log,ME VINA,https://web.archive.org/web/20190416192926/http://www.people.ku.edu/~jyounger/LinearA/misctexts.html,younger_table_logogram,2026-02-24T02:56:37Z,YoungerArchive,https://web.archive.org/web/20190416192926/http://www.people.ku.edu/~jyounger/LinearA/misctexts.html
youngerarchive,ZA 15,a.3_stmt,I TI NI SA,https://web.archive.org/web/20190416192926/http://www.people.ku.edu/~jyounger/LinearA/misctexts.html,younger_table_statement,2026-02-24T02:56:37Z,YoungerArchive,https://web.archive.org/web/20190416192926/http://www.people.ku.edu/~jyounger/LinearA/misctexts.html
youngerarchive,ZA 15,a.4-5_stmt,IB NU MA RE,https://web.archive.org/web/20190416192926/http://www.people.ku.edu/~jyounger/LinearA/misctexts.html,younger_table_statement,2026-02-24T02:56:37Z,YoungerArchive,https://web.archive.org/web/20190416192926/http://www.people.ku.edu/~jyounger/LinearA/misctexts.html
youngerarchive,ZA 15,a.4_stmt,MI ZA SE,https://web.archive.org/web/20190416192926/http://www.people.ku.edu/~jyounger/LinearA/misctexts.html,younger_table_statement,2026-02-24T02:56:37Z,YoungerArchive,https://web.archive.org/web/20190416192926/http://www.people.ku.edu/~jyounger/LinearA/misctexts.html
youngerarchive,ZA 15,a.5_stmt,SI PI KI,https://web.archive.org/web/20190416192926/http://www.people.ku.edu/~jyounger/LinearA/misctexts.html,younger_table_statement,2026-02-24T02:56:37Z,YoungerArchive,https://web.archive.org/web/20190416192926/http://www.people.ku.edu/~jyounger/LinearA/misctexts.html
youngerarchive,ZA 15,a.6-7_stmt,SA MI DA E,https://web.archive.org/web/20190416192926/http://www.people.ku.edu/~jyounger/LinearA/misctexts.html,younger_table_statement,2026-02-24T02:56:37Z,YoungerArchive,https://web.archive.org/web/20190416192926/http://www.people.ku.edu/~jyounger/LinearA/misctexts.html
youngerarchive,ZA 15,a.6_stmt,JA SA MU,https://web.archive.org/web/20190416192926/http://www.people.ku.edu/~jyounger/LinearA/misctexts.html,younger_table_statement,2026-02-24T02:56:37Z,YoungerArchive,https://web.archive.org/web/20190416192926/http://www.people.ku.edu/~jyounger/LinearA/misctexts.html
youngerarchive,ZA 15,a.7_stmt,SO KE MA SE,https://web.archive.org/web/20190416192926/http://www.people.ku.edu/~jyounger/LinearA/misctexts.html,younger_table_statement,2026-02-24T02:56:37Z,YoungerArchive,https://web.archive.org/web/20190416192926/http://www.people.ku.edu/~jyounger/LinearA/misctexts.html
youngerarchive,ZA 15,b.1_log,VINA,https://web.archive.org/web/20190416192926/http://www.people.ku.edu/~jyounger/LinearA/misctexts.html,younger_table_logogram,2026-02-24T02:56:37Z,YoungerArchive,https://web.archive.org/web/20190416192926/http://www.people.ku.edu/~jyounger/LinearA/misctexts.html
youngerarchive,ZA 15,b.1_stmt,KA DI,https://web.archive.org/web/20190416192926/http://www.people.ku.edu/~jyounger/LinearA/misctexts.html,younger_table_statement,2026-02-24T02:56:37Z,YoungerArchive,https://web.archive.org/web/20190416192926/http://www.people.ku.edu/~jyounger/LinearA/misctexts.html
youngerarchive,ZA 15,b.2_log,VINA,https://web.archive.org/web/20190416192926/http://www.people.ku.edu/~jyounger/LinearA/misctexts.html,younger_table_logogram,2026-02-24T02:56:37Z,YoungerArchive,https://web.archive.org/web/20190416192926/http://www.people.ku.edu/~jyounger/LinearA/misctexts.html
youngerarchive,ZA 15,b.2_stmt,KU RO,https://web.archive.org/web/20190416192926/http://www.people.ku.edu/~jyounger/LinearA/misctexts.html,younger_table_statement,2026-02-24T02:56:37Z,YoungerArchive,https://web.archive.org/web/20190416192926/http://www.people.ku.edu/~jyounger/LinearA/misctexts.html
youngerarchive,ZA 15,b.3_log,VINA RA,https://web.archive.org/web/20190416192926/http://www.people.ku.edu/~jyounger/LinearA/misctexts.html,younger_table_logogram,2026-02-24T02:56:37Z,YoungerArchive,https://web.archive.org/web/20190416192926/http://www.people.ku.edu/~jyounger/LinearA/misctexts.html
sigla,ZA 15A,word_1,AB47 AB81 AB06,http://sigla.phis.me/document/ZA%2015a/index-word.html,sigla_word_seq_pattern,2026-02-24T02:56:37Z,SigLA,http://sigla.phis.me/document/ZA%2015a/index-word.html
sigla,ZA 15A,word_2,AB78 AB41 AB79 AB38,http://sigla.phis.me/document/ZA%2015a/index-word.html,sigla_word_seq_pattern,2026-02-24T02:56:37Z,SigLA,http://sigla.phis.me/document/ZA%2015a/index-word.html
sigla,ZA 15A,word_3,AB28 AB37 AB30 AB31,http://sigla.phis.me/document/ZA%2015a/index-word.html,sigla_word_seq_pattern,2026-02-24T02:56:37Z,SigLA,http://sigla.phis.me/document/ZA%2015a/index-word.html
sigla,ZA 15A,word_4,AB73 AB17 AB09,http://sigla.phis.me/document/ZA%2015a/index-word.html,sigla_word_seq_pattern,2026-02-24T02:56:37Z,SigLA,http://sigla.phis.me/document/ZA%2015a/index-word.html
sigla,ZA 15A,word_5,AB28B AB55 AB80 AB27,http://sigla.phis.me/document/ZA%2015a/index-word.html,sigla_word_seq_pattern,2026-02-24T02:56:37Z,SigLA,http://sigla.phis.me/document/ZA%2015a/index-word.html
sigla,ZA 15A,word_6,AB41 [?] AB67,http://sigla.phis.me/document/ZA%2015a/index-word.html,sigla_word_seq_pattern,2026-02-24T02:56:37Z,SigLA,http://sigla.phis.me/document/ZA%2015a/index-word.html
sigla,ZA 15A,word_7,AB57 AB31 AB23,http://sigla.phis.me/document/ZA%2015a/index-word.html,sigla_word_seq_pattern,2026-02-24T02:56:37Z,SigLA,http://sigla.phis.me/document/ZA%2015a/index-word.html
sigla,ZA 15A,word_8,AB73 AB01 AB38,http://sigla.phis.me/document/ZA%2015a/index-word.html,sigla_word_seq_pattern,2026-02-24T02:56:37Z,SigLA,http://sigla.phis.me/document/ZA%2015a/index-word.html
sigla,ZA 15A,word_9,A364 AB44 AB80 AB09,http://sigla.phis.me/document/ZA%2015a/index-word.html,sigla_word_seq_pattern,2026-02-24T02:56:37Z,SigLA,http://sigla.phis.me/document/ZA%2015a/index-word.html
sigla,ZA 15B,word_1,AB77 AB07,http://sigla.phis.me/document/ZA%2015b/index-word.html,sigla_word_seq_pattern,2026-02-24T02:56:37Z,SigLA,http://sigla.phis.me/document/ZA%2015b/index-word.html
sigla,ZA 15B,word_2,AB81 AB02,http://sigla.phis.me/document/ZA%2015b/index-word.html,sigla_word_seq_pattern,2026-02-24T02:56:37Z,SigLA,http://sigla.phis.me/document/ZA%2015b/index-word.html
youngerarchive,ZA 16,.6-9_stmt,DESUNT,https://web.archive.org/web/20190416192926/http://www.people.ku.edu/~jyounger/LinearA/misctexts.html,younger_table_statement,2026-02-24T02:56:37Z,YoungerArchive,https://web.archive.org/web/20190416192926/http://www.people.ku.edu/~jyounger/LinearA/misctexts.html
sigla,ZA 16,word_1,[?] AB41,http://sigla.phis.me/document/ZA%2016/index-word.html,sigla_word_seq_pattern,2026-02-24T02:56:37Z,SigLA,http://sigla.phis.me/document/ZA%2016/index-word.html
youngerarchive,ZA 18,a.1_log,GRA PA,https://web.archive.org/web/20190416192926/http://www.people.ku.edu/~jyounger/LinearA/misctexts.html,younger_table_logogram,2026-02-24T02:56:37Z,YoungerArchive,https://web.archive.org/web/20190416192926/http://www.people.ku.edu/~jyounger/LinearA/misctexts.html
youngerarchive,ZA 18,a.1_stmt,DA RE KU[,https://web.archive.org/web/20190416192926/http://www.people.ku.edu/~jyounger/LinearA/misctexts.html,younger_table_statement,2026-02-24T02:56:37Z,YoungerArchive,https://web.archive.org/web/20190416192926/http://www.people.ku.edu/~jyounger/LinearA/misctexts.html
youngerarchive,ZA 18,a.2_log,OLE KI,https://web.archive.org/web/20190416192926/http://www.people.ku.edu/~jyounger/LinearA/misctexts.html,younger_table_logogram,2026-02-24T02:56:37Z,YoungerArchive,https://web.archive.org/web/20190416192926/http://www.people.ku.edu/~jyounger/LinearA/misctexts.html
youngerarchive,ZA 18,a.2_log,OLIV,https://web.archive.org/web/20190416192926/http://www.people.ku.edu/~jyounger/LinearA/misctexts.html,younger_table_logogram,2026-02-24T02:56:37Z,YoungerArchive,https://web.archive.org/web/20190416192926/http://www.people.ku.edu/~jyounger/LinearA/misctexts.html
sigla,ZA 18A,word_1,AB01 AB27 AB81,http://sigla.phis.me/document/ZA%2018a/index-word.html,sigla_word_seq_pattern,2026-02-24T02:56:37Z,SigLA,http://sigla.phis.me/document/ZA%2018a/index-word.html
sigla,ZA 18A,word_2,AB81 A321,http://sigla.phis.me/document/ZA%2018a/index-word.html,sigla_word_seq_pattern,2026-02-24T02:56:37Z,SigLA,http://sigla.phis.me/document/ZA%2018a/index-word.html
youngerarchive,ZA 19,table1_row3_stmt,]RA TE,https://web.archive.org/web/20190416192926/http://www.people.ku.edu/~jyounger/LinearA/misctexts.html,younger_table_statement,2026-02-24T02:56:37Z,YoungerArchive,https://web.archive.org/web/20190416192926/http://www.people.ku.edu/~jyounger/LinearA/misctexts.html
sigla,ZA 19,word_1,AB60 AB04 [?],http://sigla.phis.me/document/ZA%2019/index-word.html,sigla_word_seq_pattern,2026-02-24T02:56:37Z,SigLA,http://sigla.phis.me/document/ZA%2019/index-word.html
sigla,ZA 1A,word_1,AB67 AB27 AB17,http://sigla.phis.me/document/ZA%201a/index-word.html,sigla_word_seq_pattern,2026-02-24T02:56:37Z,SigLA,http://sigla.phis.me/document/ZA%201a/index-word.html
sigla,ZA 1B,word_1,AB38 AB73 [?],http://sigla.phis.me/document/ZA%201b/index-word.html,sigla_word_seq_pattern,2026-02-24T02:56:37Z,SigLA,http://sigla.phis.me/document/ZA%201b/index-word.html
sigla,ZA 1B,word_2,AB02,http://sigla.phis.me/document/ZA%201b/index-word.html,sigla_word_seq_pattern,2026-02-24T02:56:37Z,SigLA,http://sigla.phis.me/document/ZA%201b/index-word.html
youngerarchive,ZA 20,.1-2_stmt,]DU RE ZA SE,https://web.archive.org/web/20190416192926/http://www.people.ku.edu/~jyounger/LinearA/misctexts.html,younger_table_statement,2026-02-24T02:56:37Z,YoungerArchive,https://web.archive.org/web/20190416192926/http://www.people.ku.edu/~jyounger/LinearA/misctexts.html
youngerarchive,ZA 20,.2_stmt,SI TE TU,https://web.archive.org/web/20190416192926/http://www.people.ku.edu/~jyounger/LinearA/misctexts.html,younger_table_statement,2026-02-24T02:56:37Z,YoungerArchive,https://web.archive.org/web/20190416192926/http://www.people.ku.edu/~jyounger/LinearA/misctexts.html
youngerarchive,ZA 20,.3_stmt,RU MA TA SE,https://web.archive.org/web/20190416192926/http://www.people.ku.edu/~jyounger/LinearA/misctexts.html,younger_table_statement,2026-02-24T02:56:37Z,YoungerArchive,https://web.archive.org/web/20190416192926/http://www.people.ku.edu/~jyounger/LinearA/misctexts.html
youngerarchive,ZA 20,.3_stmt,SI TU,https://web.archive.org/web/20190416192926/http://www.people.ku.edu/~jyounger/LinearA/misctexts.html,younger_table_statement,2026-02-24T02:56:37Z,YoungerArchive,https://web.archive.org/web/20190416192926/http://www.people.ku.edu/~jyounger/LinearA/misctexts.html
youngerarchive,ZA 20,.4_stmt,KU RA,https://web.archive.org/web/20190416192926/http://www.people.ku.edu/~jyounger/LinearA/misctexts.html,younger_table_statement,2026-02-24T02:56:37Z,YoungerArchive,https://web.archive.org/web/20190416192926/http://www.people.ku.edu/~jyounger/LinearA/misctexts.html
sigla,ZA 20,word_2,AB51 AB27 AB17 AB09,http://sigla.phis.me/document/ZA%2020/index-word.html,sigla_word_seq_pattern,2026-02-24T02:56:37Z,SigLA,http://sigla.phis.me/document/ZA%2020/index-word.html
sigla,ZA 20,word_3,AB73 [?] [?],http://sigla.phis.me/document/ZA%2020/index-word.html,sigla_word_seq_pattern,2026-02-24T02:56:37Z,SigLA,http://sigla.phis.me/document/ZA%2020/index-word.html
sigla,ZA 20,word_4,AB41 AB04 AB69,http://sigla.phis.me/document/ZA%2020/index-word.html,sigla_word_seq_pattern,2026-02-24T02:56:37Z,SigLA,http://sigla.phis.me/document/ZA%2020/index-word.html
sigla,ZA 20,word_5,AB41 AB69,http://sigla.phis.me/document/ZA%2020/index-word.html,sigla_word_seq_pattern,2026-02-24T02:56:37Z,SigLA,http://sigla.phis.me/document/ZA%2020/index-word.html
sigla,ZA 20,word_6,AB04 AB123,http://sigla.phis.me/document/ZA%2020/index-word.html,sigla_word_seq_pattern,2026-02-24T02:56:37Z,SigLA,http://sigla.phis.me/document/ZA%2020/index-word.html
sigla,ZA 20,word_7,AB26 AB80 AB59 AB09,http://sigla.phis.me/document/ZA%2020/index-word.html,sigla_word_seq_pattern,2026-02-24T02:56:37Z,SigLA,http://sigla.phis.me/document/ZA%2020/index-word.html
sigla,ZA 20,word_8,AB81 AB60,http://sigla.phis.me/document/ZA%2020/index-word.html,sigla_word_seq_pattern,2026-02-24T02:56:37Z,SigLA,http://sigla.phis.me/document/ZA%2020/index-word.html
youngerarchive,ZA 21,a.2_stmt,]PI MU,https://web.archive.org/web/20190416192926/http://www.people.ku.edu/~jyounger/LinearA/misctexts.html,younger_table_statement,2026-02-24T02:56:37Z,YoungerArchive,https://web.archive.org/web/20190416192926/http://www.people.ku.edu/~jyounger/LinearA/misctexts.html
youngerarchive,ZA 21,a.4_stmt,TA KE,https://web.archive.org/web/20190416192926/http://www.people.ku.edu/~jyounger/LinearA/misctexts.html,younger_table_statement,2026-02-24T02:56:37Z,YoungerArchive,https://web.archive.org/web/20190416192926/http://www.people.ku.edu/~jyounger/LinearA/misctexts.html
youngerarchive,ZA 21,a.6_log,]PA [?],https://web.archive.org/web/20190416192926/http://www.people.ku.edu/~jyounger/LinearA/misctexts.html,younger_table_logogram,2026-02-24T02:56:37Z,YoungerArchive,https://web.archive.org/web/20190416192926/http://www.people.ku.edu/~jyounger/LinearA/misctexts.html
youngerarchive,ZA 21,a.6_stmt,TA MA PI,https://web.archive.org/web/20190416192926/http://www.people.ku.edu/~jyounger/LinearA/misctexts.html,younger_table_statement,2026-02-24T02:56:37Z,YoungerArchive,https://web.archive.org/web/20190416192926/http://www.people.ku.edu/~jyounger/LinearA/misctexts.html
youngerarchive,ZA 21,b.1_stmt,I DA[,https://web.archive.org/web/20190416192926/http://www.people.ku.edu/~jyounger/LinearA/misctexts.html,younger_table_statement,2026-02-24T02:56:37Z,YoungerArchive,https://web.archive.org/web/20190416192926/http://www.people.ku.edu/~jyounger/LinearA/misctexts.html
youngerarchive,ZA 21,b.3_stmt,SA RI,https://web.archive.org/web/20190416192926/http://www.people.ku.edu/~jyounger/LinearA/misctexts.html,younger_table_statement,2026-02-24T02:56:37Z,YoungerArchive,https://web.archive.org/web/20190416192926/http://www.people.ku.edu/~jyounger/LinearA/misctexts.html
sigla,ZA 21A,word_1,[?] AB13,http://sigla.phis.me/document/ZA%2021a/index-word.html,sigla_word_seq_pattern,2026-02-24T02:56:37Z,SigLA,http://sigla.phis.me/document/ZA%2021a/index-word.html
sigla,ZA 21A,word_2,AB39 AB23,http://sigla.phis.me/document/ZA%2021a/index-word.html,sigla_word_seq_pattern,2026-02-24T02:56:37Z,SigLA,http://sigla.phis.me/document/ZA%2021a/index-word.html
sigla,ZA 21A,word_3,AB80,http://sigla.phis.me/document/ZA%2021a/index-word.html,sigla_word_seq_pattern,2026-02-24T02:56:37Z,SigLA,http://sigla.phis.me/document/ZA%2021a/index-word.html
sigla,ZA 21A,word_4,AB04,http://sigla.phis.me/document/ZA%2021a/index-word.html,sigla_word_seq_pattern,2026-02-24T02:56:37Z,SigLA,http://sigla.phis.me/document/ZA%2021a/index-word.html
sigla,ZA 21A,word_5,AB59 AB44,http://sigla.phis.me/document/ZA%2021a/index-word.html,sigla_word_seq_pattern,2026-02-24T02:56:37Z,SigLA,http://sigla.phis.me/document/ZA%2021a/index-word.html
sigla,ZA 21A,word_6,AB03,http://sigla.phis.me/document/ZA%2021a/index-word.html,sigla_word_seq_pattern,2026-02-24T02:56:37Z,SigLA,http://sigla.phis.me/document/ZA%2021a/index-word.html
sigla,ZA 21A,word_7,AB59 AB80 AB39,http://sigla.phis.me/document/ZA%2021a/index-word.html,sigla_word_seq_pattern,2026-02-24T02:56:37Z,SigLA,http://sigla.phis.me/document/ZA%2021a/index-word.html
sigla,ZA 21A,word_8,AB08,http://sigla.phis.me/document/ZA%2021a/index-word.html,sigla_word_seq_pattern,2026-02-24T02:56:37Z,SigLA,http://sigla.phis.me/document/ZA%2021a/index-word.html
sigla,ZA 21A,word_9,AB118 AB73,http://sigla.phis.me/document/ZA%2021a/index-word.html,sigla_word_seq_pattern,2026-02-24T02:56:37Z,SigLA,http://sigla.phis.me/document/ZA%2021a/index-word.html
sigla,ZA 21B,word_1,AB28 AB01,http://sigla.phis.me/document/ZA%2021b/index-word.html,sigla_word_seq_pattern,2026-02-24T02:56:37Z,SigLA,http://sigla.phis.me/document/ZA%2021b/index-word.html
sigla,ZA 21B,word_2,AB67,http://sigla.phis.me/document/ZA%2021b/index-word.html,sigla_word_seq_pattern,2026-02-24T02:56:37Z,SigLA,http://sigla.phis.me/document/ZA%2021b/index-word.html
sigla,ZA 21B,word_3,AB31 AB53,http://sigla.phis.me/document/ZA%2021b/index-word.html,sigla_word_seq_pattern,2026-02-24T02:56:37Z,SigLA,http://sigla.phis.me/document/ZA%2021b/index-word.html
sigla,ZA 21B,word_6,AB13,http://sigla.phis.me/document/ZA%2021b/index-word.html,sigla_word_seq_pattern,2026-02-24T02:56:37Z,SigLA,http://sigla.phis.me/document/ZA%2021b/index-word.html
youngerarchive,ZA 22,.1_log,]OVISF[,https://web.archive.org/web/20190416192926/http://www.people.ku.edu/~jyounger/LinearA/misctexts.html,younger_table_logogram,2026-02-24T02:56:37Z,YoungerArchive,https://web.archive.org/web/20190416192926/http://www.people.ku.edu/~jyounger/LinearA/misctexts.html
youngerarchive,ZA 22,.2_log,OVISM,https://web.archive.org/web/20190416192926/http://www.people.ku.edu/~jyounger/LinearA/misctexts.html,younger_table_logogram,2026-02-24T02:56:37Z,YoungerArchive,https://web.archive.org/web/20190416192926/http://www.people.ku.edu/~jyounger/LinearA/misctexts.html
youngerarchive,ZA 22,.3_log,OVISF,https://web.archive.org/web/20190416192926/http://www.people.ku.edu/~jyounger/LinearA/misctexts.html,younger_table_logogram,2026-02-24T02:56:37Z,YoungerArchive,https://web.archive.org/web/20190416192926/http://www.people.ku.edu/~jyounger/LinearA/misctexts.html
youngerarchive,ZA 22,.4_stmt,DU JU,https://web.archive.org/web/20190416192926/http://www.people.ku.edu/~jyounger/LinearA/misctexts.html,younger_table_statement,2026-02-24T02:56:37Z,YoungerArchive,https://web.archive.org/web/20190416192926/http://www.people.ku.edu/~jyounger/LinearA/misctexts.html
youngerarchive,ZA 22,.5_log,OVISF,https://web.archive.org/web/20190416192926/http://www.people.ku.edu/~jyounger/LinearA/misctexts.html,younger_table_logogram,2026-02-24T02:56:37Z,YoungerArchive,https://web.archive.org/web/20190416192926/http://www.people.ku.edu/~jyounger/LinearA/misctexts.html
sigla,ZA 22,word_1,AB60,http://sigla.phis.me/document/ZA%2022/index-word.html,sigla_word_seq_pattern,2026-02-24T02:56:37Z,SigLA,http://sigla.phis.me/document/ZA%2022/index-word.html
sigla,ZA 22,word_2,AB51 AB65,http://sigla.phis.me/document/ZA%2022/index-word.html,sigla_word_seq_pattern,2026-02-24T02:56:37Z,SigLA,http://sigla.phis.me/document/ZA%2022/index-word.html
youngerarchive,ZA 23,.1_stmt,]TE TE,https://web.archive.org/web/20190416192926/http://www.people.ku.edu/~jyounger/LinearA/misctexts.html,younger_table_statement,2026-02-24T02:56:37Z,YoungerArchive,https://web.archive.org/web/20190416192926/http://www.people.ku.edu/~jyounger/LinearA/misctexts.html
youngerarchive,ZA 23,.2_stmt,]MI RE[,https://web.archive.org/web/20190416192926/http://www.people.ku.edu/~jyounger/LinearA/misctexts.html,younger_table_statement,2026-02-24T02:56:37Z,YoungerArchive,https://web.archive.org/web/20190416192926/http://www.people.ku.edu/~jyounger/LinearA/misctexts.html
sigla,ZA 23,word_1,AB04 AB04,http://sigla.phis.me/document/ZA%2023/index-word.html,sigla_word_seq_pattern,2026-02-24T02:56:37Z,SigLA,http://sigla.phis.me/document/ZA%2023/index-word.html
sigla,ZA 23,word_2,AB73 AB27,http://sigla.phis.me/document/ZA%2023/index-word.html,sigla_word_seq_pattern,2026-02-24T02:56:37Z,SigLA,http://sigla.phis.me/document/ZA%2023/index-word.html
youngerarchive,ZA 24,a.1_stmt,I DA,https://web.archive.org/web/20190416192926/http://www.people.ku.edu/~jyounger/LinearA/misctexts.html,younger_table_statement,2026-02-24T02:56:37Z,YoungerArchive,https://web.archive.org/web/20190416192926/http://www.people.ku.edu/~jyounger/LinearA/misctexts.html
sigla,ZA 24A,word_1,AB28 AB01,http://sigla.phis.me/document/ZA%2024a/index-word.html,sigla_word_seq_pattern,2026-02-24T02:56:37Z,SigLA,http://sigla.phis.me/document/ZA%2024a/index-word.html
sigla,ZA 24B,word_1,AB59,http://sigla.phis.me/document/ZA%2024b/index-word.html,sigla_word_seq_pattern,2026-02-24T02:56:37Z,SigLA,http://sigla.phis.me/document/ZA%2024b/index-word.html
youngerarchive,ZA 26,a.1_stmt,SI TE DI DI,https://web.archive.org/web/20190416192926/http://www.people.ku.edu/~jyounger/LinearA/misctexts.html,younger_table_statement,2026-02-24T02:56:37Z,YoungerArchive,https://web.archive.org/web/20190416192926/http://www.people.ku.edu/~jyounger/LinearA/misctexts.html
youngerarchive,ZA 26,a.2_log,]OVISF,https://web.archive.org/web/20190416192926/http://www.people.ku.edu/~jyounger/LinearA/misctexts.html,younger_table_logogram,2026-02-24T02:56:37Z,YoungerArchive,https://web.archive.org/web/20190416192926/http://www.people.ku.edu/~jyounger/LinearA/misctexts.html
youngerarchive,ZA 26,a.2_stmt,JA KI[,https://web.archive.org/web/20190416192926/http://www.people.ku.edu/~jyounger/LinearA/misctexts.html,younger_table_statement,2026-02-24T02:56:37Z,YoungerArchive,https://web.archive.org/web/20190416192926/http://www.people.ku.edu/~jyounger/LinearA/misctexts.html
youngerarchive,ZA 26,b.1_log,]OVISF,https://web.archive.org/web/20190416192926/http://www.people.ku.edu/~jyounger/LinearA/misctexts.html,younger_table_logogram,2026-02-24T02:56:37Z,YoungerArchive,https://web.archive.org/web/20190416192926/http://www.people.ku.edu/~jyounger/LinearA/misctexts.html
sigla,ZA 26A,word_1,AB41 AB04,http://sigla.phis.me/document/ZA%2026a/index-word.html,sigla_word_seq_pattern,2026-02-24T02:56:37Z,SigLA,http://sigla.phis.me/document/ZA%2026a/index-word.html
sigla,ZA 26A,word_2,AB07 AB07,http://sigla.phis.me/document/ZA%2026a/index-word.html,sigla_word_seq_pattern,2026-02-24T02:56:37Z,SigLA,http://sigla.phis.me/document/ZA%2026a/index-word.html
sigla,ZA 26A,word_3,AB57 AB67,http://sigla.phis.me/document/ZA%2026a/index-word.html,sigla_word_seq_pattern,2026-02-24T02:56:37Z,SigLA,http://sigla.phis.me/document/ZA%2026a/index-word.html
youngerarchive,ZA 27,.2_stmt,O MI[,https://web.archive.org/web/20190416192926/http://www.people.ku.edu/~jyounger/LinearA/misctexts.html,younger_table_statement,2026-02-24T02:56:37Z,YoungerArchive,https://web.archive.org/web/20190416192926/http://www.people.ku.edu/~jyounger/LinearA/misctexts.html
youngerarchive,ZA 27,.2_stmt,]DI KI,https://web.archive.org/web/20190416192926/http://www.people.ku.edu/~jyounger/LinearA/misctexts.html,younger_table_statement,2026-02-24T02:56:37Z,YoungerArchive,https://web.archive.org/web/20190416192926/http://www.people.ku.edu/~jyounger/LinearA/misctexts.html
sigla,ZA 27,word_1,AB07 AB67,http://sigla.phis.me/document/ZA%2027/index-word.html,sigla_word_seq_pattern,2026-02-24T02:56:37Z,SigLA,http://sigla.phis.me/document/ZA%2027/index-word.html
sigla,ZA 27,word_2,AB61 AB73,http://sigla.phis.me/document/ZA%2027/index-word.html,sigla_word_seq_pattern,2026-02-24T02:56:37Z,SigLA,http://sigla.phis.me/document/ZA%2027/index-word.html
youngerarchive,ZA 28,table1_row3_log,GRA PA,https://web.archive.org/web/20190416192926/http://www.people.ku.edu/~jyounger/LinearA/misctexts.html,younger_table_logogram,2026-02-24T02:56:37Z,YoungerArchive,https://web.archive.org/web/20190416192926/http://www.people.ku.edu/~jyounger/LinearA/misctexts.html
sigla,ZA 29,word_1,AB80,http://sigla.phis.me/document/ZA%2029/index-word.html,sigla_word_seq_pattern,2026-02-24T02:56:37Z,SigLA,http://sigla.phis.me/document/ZA%2029/index-word.html
sigla,ZA 29,word_2,AB04,http://sigla.phis.me/document/ZA%2029/index-word.html,sigla_word_seq_pattern,2026-02-24T02:56:37Z,SigLA,http://sigla.phis.me/document/ZA%2029/index-word.html
sigla,ZA 31,word_1,AB51?,http://sigla.phis.me/document/ZA%2031/index-word.html,sigla_word_seq_pattern,2026-02-24T02:56:37Z,SigLA,http://sigla.phis.me/document/ZA%2031/index-word.html
sigla,ZA 32,word_1,AB57?,http://sigla.phis.me/document/ZA%2032/index-word.html,sigla_word_seq_pattern,2026-02-24T02:56:37Z,SigLA,http://sigla.phis.me/document/ZA%2032/index-word.html
youngerarchive,ZA 4,a.2-3_stmt,JA TO JA[,https://web.archive.org/web/20190416192926/http://www.people.ku.edu/~jyounger/LinearA/misctexts.html,younger_table_statement,2026-02-24T02:56:37Z,YoungerArchive,https://web.archive.org/web/20190416192926/http://www.people.ku.edu/~jyounger/LinearA/misctexts.html
youngerarchive,ZA 4,a.3-4_stmt,JA PA,https://web.archive.org/web/20190416192926/http://www.people.ku.edu/~jyounger/LinearA/misctexts.html,younger_table_statement,2026-02-24T02:56:37Z,YoungerArchive,https://web.archive.org/web/20190416192926/http://www.people.ku.edu/~jyounger/LinearA/misctexts.html
youngerarchive,ZA 4,a.3_stmt,A TI RU,https://web.archive.org/web/20190416192926/http://www.people.ku.edu/~jyounger/LinearA/misctexts.html,younger_table_statement,2026-02-24T02:56:37Z,YoungerArchive,https://web.archive.org/web/20190416192926/http://www.people.ku.edu/~jyounger/LinearA/misctexts.html
youngerarchive,ZA 4,a.4_stmt,TU ME SE,https://web.archive.org/web/20190416192926/http://www.people.ku.edu/~jyounger/LinearA/misctexts.html,younger_table_statement,2026-02-24T02:56:37Z,YoungerArchive,https://web.archive.org/web/20190416192926/http://www.people.ku.edu/~jyounger/LinearA/misctexts.html
youngerarchive,ZA 4,a.5-6_stmt,IB NU MA RE,https://web.archive.org/web/20190416192926/http://www.people.ku.edu/~jyounger/LinearA/misctexts.html,younger_table_statement,2026-02-24T02:56:37Z,YoungerArchive,https://web.archive.org/web/20190416192926/http://www.people.ku.edu/~jyounger/LinearA/misctexts.html
youngerarchive,ZA 4,a.5_stmt,QE SI ZU E,https://web.archive.org/web/20190416192926/http://www.people.ku.edu/~jyounger/LinearA/misctexts.html,younger_table_statement,2026-02-24T02:56:37Z,YoungerArchive,https://web.archive.org/web/20190416192926/http://www.people.ku.edu/~jyounger/LinearA/misctexts.html
youngerarchive,ZA 4,a.6-7_stmt,SI PI KI,https://web.archive.org/web/20190416192926/http://www.people.ku.edu/~jyounger/LinearA/misctexts.html,younger_table_statement,2026-02-24T02:56:37Z,YoungerArchive,https://web.archive.org/web/20190416192926/http://www.people.ku.edu/~jyounger/LinearA/misctexts.html
youngerarchive,ZA 4,a.8_stmt,KA DI,https://web.archive.org/web/20190416192926/http://www.people.ku.edu/~jyounger/LinearA/misctexts.html,younger_table_statement,2026-02-24T02:56:37Z,YoungerArchive,https://web.archive.org/web/20190416192926/http://www.people.ku.edu/~jyounger/LinearA/misctexts.html
sigla,ZA 4A,word_1,AB39 [?] AB09,http://sigla.phis.me/document/ZA%204a/index-word.html,sigla_word_seq_pattern,2026-02-24T02:56:37Z,SigLA,http://sigla.phis.me/document/ZA%204a/index-word.html
sigla,ZA 4A,word_10,AB77 AB07,http://sigla.phis.me/document/ZA%204a/index-word.html,sigla_word_seq_pattern,2026-02-24T02:56:37Z,SigLA,http://sigla.phis.me/document/ZA%204a/index-word.html
sigla,ZA 4A,word_2,AB57 AB05 AB57,http://sigla.phis.me/document/ZA%204a/index-word.html,sigla_word_seq_pattern,2026-02-24T02:56:37Z,SigLA,http://sigla.phis.me/document/ZA%204a/index-word.html
sigla,ZA 4A,word_3,AB08 AB37 AB26,http://sigla.phis.me/document/ZA%204a/index-word.html,sigla_word_seq_pattern,2026-02-24T02:56:37Z,SigLA,http://sigla.phis.me/document/ZA%204a/index-word.html
sigla,ZA 4A,word_4,AB57 AB03,http://sigla.phis.me/document/ZA%204a/index-word.html,sigla_word_seq_pattern,2026-02-24T02:56:37Z,SigLA,http://sigla.phis.me/document/ZA%204a/index-word.html
sigla,ZA 4A,word_5,AB69 AB13 AB09,http://sigla.phis.me/document/ZA%204a/index-word.html,sigla_word_seq_pattern,2026-02-24T02:56:37Z,SigLA,http://sigla.phis.me/document/ZA%204a/index-word.html
sigla,ZA 4A,word_6,AB78 AB41 AB79 AB38,http://sigla.phis.me/document/ZA%204a/index-word.html,sigla_word_seq_pattern,2026-02-24T02:56:37Z,SigLA,http://sigla.phis.me/document/ZA%204a/index-word.html
sigla,ZA 4A,word_7,AB28B AB55 AB80 AB27,http://sigla.phis.me/document/ZA%204a/index-word.html,sigla_word_seq_pattern,2026-02-24T02:56:37Z,SigLA,http://sigla.phis.me/document/ZA%204a/index-word.html
sigla,ZA 4A,word_8,AB41 AB39 AB67,http://sigla.phis.me/document/ZA%204a/index-word.html,sigla_word_seq_pattern,2026-02-24T02:56:37Z,SigLA,http://sigla.phis.me/document/ZA%204a/index-word.html
sigla,ZA 4A,word_9,AB38 AB82,http://sigla.phis.me/document/ZA%204a/index-word.html,sigla_word_seq_pattern,2026-02-24T02:56:37Z,SigLA,http://sigla.phis.me/document/ZA%204a/index-word.html
youngerarchive,ZA 5,a.1-2_stmt,KI NI MA,https://web.archive.org/web/20190416192926/http://www.people.ku.edu/~jyounger/LinearA/misctexts.html,younger_table_statement,2026-02-24T02:56:37Z,YoungerArchive,https://web.archive.org/web/20190416192926/http://www.people.ku.edu/~jyounger/LinearA/misctexts.html
youngerarchive,ZA 5,a.1_log,VINA SU,https://web.archive.org/web/20190416192926/http://www.people.ku.edu/~jyounger/LinearA/misctexts.html,younger_table_logogram,2026-02-24T02:56:37Z,YoungerArchive,https://web.archive.org/web/20190416192926/http://www.people.ku.edu/~jyounger/LinearA/misctexts.html
youngerarchive,ZA 5,a.2-3_stmt,O TA NI ZA SE,https://web.archive.org/web/20190416192926/http://www.people.ku.edu/~jyounger/LinearA/misctexts.html,younger_table_statement,2026-02-24T02:56:37Z,YoungerArchive,https://web.archive.org/web/20190416192926/http://www.people.ku.edu/~jyounger/LinearA/misctexts.html
youngerarchive,ZA 5,a.3_stmt,SA MI DA E[,https://web.archive.org/web/20190416192926/http://www.people.ku.edu/~jyounger/LinearA/misctexts.html,younger_table_statement,2026-02-24T02:56:37Z,YoungerArchive,https://web.archive.org/web/20190416192926/http://www.people.ku.edu/~jyounger/LinearA/misctexts.html
youngerarchive,ZA 5,a.5-6_stmt,DESUNT,https://web.archive.org/web/20190416192926/http://www.people.ku.edu/~jyounger/LinearA/misctexts.html,younger_table_statement,2026-02-24T02:56:37Z,YoungerArchive,https://web.archive.org/web/20190416192926/http://www.people.ku.edu/~jyounger/LinearA/misctexts.html
youngerarchive,ZA 5,b.1_stmt,IB NU MA RE,https://web.archive.org/web/20190416192926/http://www.people.ku.edu/~jyounger/LinearA/misctexts.html,younger_table_statement,2026-02-24T02:56:37Z,YoungerArchive,https://web.archive.org/web/20190416192926/http://www.people.ku.edu/~jyounger/LinearA/misctexts.html
youngerarchive,ZA 5,b.2-3_stmt,MA KA I TA,https://web.archive.org/web/20190416192926/http://www.people.ku.edu/~jyounger/LinearA/misctexts.html,younger_table_statement,2026-02-24T02:56:37Z,YoungerArchive,https://web.archive.org/web/20190416192926/http://www.people.ku.edu/~jyounger/LinearA/misctexts.html
youngerarchive,ZA 5,b.2_stmt,SI PI KI,https://web.archive.org/web/20190416192926/http://www.people.ku.edu/~jyounger/LinearA/misctexts.html,younger_table_statement,2026-02-24T02:56:37Z,YoungerArchive,https://web.archive.org/web/20190416192926/http://www.people.ku.edu/~jyounger/LinearA/misctexts.html
sigla,ZA 5A,word_1,AB21F AB118,http://sigla.phis.me/document/ZA%205a/index-word.html,sigla_word_seq_pattern,2026-02-24T02:56:37Z,SigLA,http://sigla.phis.me/document/ZA%205a/index-word.html
sigla,ZA 5A,word_2,AB67 AB30 AB80,http://sigla.phis.me/document/ZA%205a/index-word.html,sigla_word_seq_pattern,2026-02-24T02:56:37Z,SigLA,http://sigla.phis.me/document/ZA%205a/index-word.html
sigla,ZA 5A,word_3,AB61 AB59 AB30 AB17 AB09,http://sigla.phis.me/document/ZA%205a/index-word.html,sigla_word_seq_pattern,2026-02-24T02:56:37Z,SigLA,http://sigla.phis.me/document/ZA%205a/index-word.html
sigla,ZA 5A,word_4,AB31 AB73 AB01 AB38,http://sigla.phis.me/document/ZA%205a/index-word.html,sigla_word_seq_pattern,2026-02-24T02:56:37Z,SigLA,http://sigla.phis.me/document/ZA%205a/index-word.html
sigla,ZA 5B,word_1,AB28B AB55 AB80 AB27,http://sigla.phis.me/document/ZA%205b/index-word.html,sigla_word_seq_pattern,2026-02-24T02:56:37Z,SigLA,http://sigla.phis.me/document/ZA%205b/index-word.html
sigla,ZA 5B,word_2,AB41 AB39 AB67,http://sigla.phis.me/document/ZA%205b/index-word.html,sigla_word_seq_pattern,2026-02-24T02:56:37Z,SigLA,http://sigla.phis.me/document/ZA%205b/index-word.html
sigla,ZA 5B,word_3,AB80 AB77 AB28 AB59,http://sigla.phis.me/document/ZA%205b/index-word.html,sigla_word_seq_pattern,2026-02-24T02:56:37Z,SigLA,http://sigla.phis.me/document/ZA%205b/index-word.html
youngerarchive,ZA 6,a.1-2_stmt,JU TE MI[,https://web.archive.org/web/20190416192926/http://www.people.ku.edu/~jyounger/LinearA/misctexts.html,younger_table_statement,2026-02-24T02:56:37Z,YoungerArchive,https://web.archive.org/web/20190416192926/http://www.people.ku.edu/~jyounger/LinearA/misctexts.html
youngerarchive,ZA 6,a.1_stmt,WA NA,https://web.archive.org/web/20190416192926/http://www.people.ku.edu/~jyounger/LinearA/misctexts.html,younger_table_statement,2026-02-24T02:56:37Z,YoungerArchive,https://web.archive.org/web/20190416192926/http://www.people.ku.edu/~jyounger/LinearA/misctexts.html
youngerarchive,ZA 6,a.3-4_log,]OLIV,https://web.archive.org/web/20190416192926/http://www.people.ku.edu/~jyounger/LinearA/misctexts.html,younger_table_logogram,2026-02-24T02:56:37Z,YoungerArchive,https://web.archive.org/web/20190416192926/http://www.people.ku.edu/~jyounger/LinearA/misctexts.html
youngerarchive,ZA 6,a.3_stmt,I SE,https://web.archive.org/web/20190416192926/http://www.people.ku.edu/~jyounger/LinearA/misctexts.html,younger_table_statement,2026-02-24T02:56:37Z,YoungerArchive,https://web.archive.org/web/20190416192926/http://www.people.ku.edu/~jyounger/LinearA/misctexts.html
youngerarchive,ZA 6,a.4_log,]OLIV,https://web.archive.org/web/20190416192926/http://www.people.ku.edu/~jyounger/LinearA/misctexts.html,younger_table_logogram,2026-02-24T02:56:37Z,YoungerArchive,https://web.archive.org/web/20190416192926/http://www.people.ku.edu/~jyounger/LinearA/misctexts.html
youngerarchive,ZA 6,a.6_log,GRA PA,https://web.archive.org/web/20190416192926/http://www.people.ku.edu/~jyounger/LinearA/misctexts.html,younger_table_logogram,2026-02-24T02:56:37Z,YoungerArchive,https://web.archive.org/web/20190416192926/http://www.people.ku.edu/~jyounger/LinearA/misctexts.html
youngerarchive,ZA 6,a.6_stmt,]PU2 RA2,https://web.archive.org/web/20190416192926/http://www.people.ku.edu/~jyounger/LinearA/misctexts.html,younger_table_statement,2026-02-24T02:56:37Z,YoungerArchive,https://web.archive.org/web/20190416192926/http://www.people.ku.edu/~jyounger/LinearA/misctexts.html
youngerarchive,ZA 6,a.7_log,OLIV[,https://web.archive.org/web/20190416192926/http://www.people.ku.edu/~jyounger/LinearA/misctexts.html,younger_table_logogram,2026-02-24T02:56:37Z,YoungerArchive,https://web.archive.org/web/20190416192926/http://www.people.ku.edu/~jyounger/LinearA/misctexts.html
youngerarchive,ZA 6,a.9-10_stmt,I SE,https://web.archive.org/web/20190416192926/http://www.people.ku.edu/~jyounger/LinearA/misctexts.html,younger_table_statement,2026-02-24T02:56:37Z,YoungerArchive,https://web.archive.org/web/20190416192926/http://www.people.ku.edu/~jyounger/LinearA/misctexts.html
youngerarchive,ZA 6,b.1_log,GRA PA,https://web.archive.org/web/20190416192926/http://www.people.ku.edu/~jyounger/LinearA/misctexts.html,younger_table_logogram,2026-02-24T02:56:37Z,YoungerArchive,https://web.archive.org/web/20190416192926/http://www.people.ku.edu/~jyounger/LinearA/misctexts.html
youngerarchive,ZA 6,b.1_stmt,I KU JU TI IB,https://web.archive.org/web/20190416192926/http://www.people.ku.edu/~jyounger/LinearA/misctexts.html,younger_table_statement,2026-02-24T02:56:37Z,YoungerArchive,https://web.archive.org/web/20190416192926/http://www.people.ku.edu/~jyounger/LinearA/misctexts.html
youngerarchive,ZA 6,b.2-3_log,GRA PA,https://web.archive.org/web/20190416192926/http://www.people.ku.edu/~jyounger/LinearA/misctexts.html,younger_table_logogram,2026-02-24T02:56:37Z,YoungerArchive,https://web.archive.org/web/20190416192926/http://www.people.ku.edu/~jyounger/LinearA/misctexts.html
youngerarchive,ZA 6,b.2_log,VINA KA,https://web.archive.org/web/20190416192926/http://www.people.ku.edu/~jyounger/LinearA/misctexts.html,younger_table_logogram,2026-02-24T02:56:37Z,YoungerArchive,https://web.archive.org/web/20190416192926/http://www.people.ku.edu/~jyounger/LinearA/misctexts.html
youngerarchive,ZA 6,b.2_log,VINA RA,https://web.archive.org/web/20190416192926/http://www.people.ku.edu/~jyounger/LinearA/misctexts.html,younger_table_logogram,2026-02-24T02:56:37Z,YoungerArchive,https://web.archive.org/web/20190416192926/http://www.people.ku.edu/~jyounger/LinearA/misctexts.html
youngerarchive,ZA 6,b.4_stmt,PA ZA,https://web.archive.org/web/20190416192926/http://www.people.ku.edu/~jyounger/LinearA/misctexts.html,younger_table_statement,2026-02-24T02:56:37Z,YoungerArchive,https://web.archive.org/web/20190416192926/http://www.people.ku.edu/~jyounger/LinearA/misctexts.html
youngerarchive,ZA 6,b.5_stmt,]I MA[,https://web.archive.org/web/20190416192926/http://www.people.ku.edu/~jyounger/LinearA/misctexts.html,younger_table_statement,2026-02-24T02:56:37Z,YoungerArchive,https://web.archive.org/web/20190416192926/http://www.people.ku.edu/~jyounger/LinearA/misctexts.html
sigla,ZA 6A,word_1,A305 AB54 AB06,http://sigla.phis.me/document/ZA%206a/index-word.html,sigla_word_seq_pattern,2026-02-24T02:56:37Z,SigLA,http://sigla.phis.me/document/ZA%206a/index-word.html
sigla,ZA 6A,word_2,AB34 AB65 AB04 AB73,http://sigla.phis.me/document/ZA%206a/index-word.html,sigla_word_seq_pattern,2026-02-24T02:56:37Z,SigLA,http://sigla.phis.me/document/ZA%206a/index-word.html
sigla,ZA 6A,word_3,AB28 AB09,http://sigla.phis.me/document/ZA%206a/index-word.html,sigla_word_seq_pattern,2026-02-24T02:56:37Z,SigLA,http://sigla.phis.me/document/ZA%206a/index-word.html
sigla,ZA 6A,word_4,AB28,http://sigla.phis.me/document/ZA%206a/index-word.html,sigla_word_seq_pattern,2026-02-24T02:56:37Z,SigLA,http://sigla.phis.me/document/ZA%206a/index-word.html
sigla,ZA 6A,word_5,AB29 AB76,http://sigla.phis.me/document/ZA%206a/index-word.html,sigla_word_seq_pattern,2026-02-24T02:56:37Z,SigLA,http://sigla.phis.me/document/ZA%206a/index-word.html
sigla,ZA 6A,word_6,AB28 AB09,http://sigla.phis.me/document/ZA%206a/index-word.html,sigla_word_seq_pattern,2026-02-24T02:56:37Z,SigLA,http://sigla.phis.me/document/ZA%206a/index-word.html
sigla,ZA 6B,word_1,AB28 AB81 AB65 AB37 AB28B,http://sigla.phis.me/document/ZA%206b/index-word.html,sigla_word_seq_pattern,2026-02-24T02:56:37Z,SigLA,http://sigla.phis.me/document/ZA%206b/index-word.html
sigla,ZA 6B,word_2,A312 AB66,http://sigla.phis.me/document/ZA%206b/index-word.html,sigla_word_seq_pattern,2026-02-24T02:56:37Z,SigLA,http://sigla.phis.me/document/ZA%206b/index-word.html
sigla,ZA 6B,word_3,AB03 AB17,http://sigla.phis.me/document/ZA%206b/index-word.html,sigla_word_seq_pattern,2026-02-24T02:56:37Z,SigLA,http://sigla.phis.me/document/ZA%206b/index-word.html
sigla,ZA 6B,word_4,AB28 AB80,http://sigla.phis.me/document/ZA%206b/index-word.html,sigla_word_seq_pattern,2026-02-24T02:56:37Z,SigLA,http://sigla.phis.me/document/ZA%206b/index-word.html
youngerarchive,ZA 7,a.1-2_stmt,A RA TU,https://web.archive.org/web/20190416192926/http://www.people.ku.edu/~jyounger/LinearA/misctexts.html,younger_table_statement,2026-02-24T02:56:37Z,YoungerArchive,https://web.archive.org/web/20190416192926/http://www.people.ku.edu/~jyounger/LinearA/misctexts.html
youngerarchive,ZA 7,a.1_stmt,U JU,https://web.archive.org/web/20190416192926/http://www.people.ku.edu/~jyounger/LinearA/misctexts.html,younger_table_statement,2026-02-24T02:56:37Z,YoungerArchive,https://web.archive.org/web/20190416192926/http://www.people.ku.edu/~jyounger/LinearA/misctexts.html
youngerarchive,ZA 7,a.2-3_stmt,A RE TU MI[,https://web.archive.org/web/20190416192926/http://www.people.ku.edu/~jyounger/LinearA/misctexts.html,younger_table_statement,2026-02-24T02:56:37Z,YoungerArchive,https://web.archive.org/web/20190416192926/http://www.people.ku.edu/~jyounger/LinearA/misctexts.html
youngerarchive,ZA 7,a.4-6_stmt,DESUNT,https://web.archive.org/web/20190416192926/http://www.people.ku.edu/~jyounger/LinearA/misctexts.html,younger_table_statement,2026-02-24T02:56:37Z,YoungerArchive,https://web.archive.org/web/20190416192926/http://www.people.ku.edu/~jyounger/LinearA/misctexts.html
youngerarchive,ZA 7,b.1_stmt,A MA[,https://web.archive.org/web/20190416192926/http://www.people.ku.edu/~jyounger/LinearA/misctexts.html,younger_table_statement,2026-02-24T02:56:37Z,YoungerArchive,https://web.archive.org/web/20190416192926/http://www.people.ku.edu/~jyounger/LinearA/misctexts.html
youngerarchive,ZA 7,b.2-7_stmt,DESUNT,https://web.archive.org/web/20190416192926/http://www.people.ku.edu/~jyounger/LinearA/misctexts.html,younger_table_statement,2026-02-24T02:56:37Z,YoungerArchive,https://web.archive.org/web/20190416192926/http://www.people.ku.edu/~jyounger/LinearA/misctexts.html
sigla,ZA 7A,word_1,AB10 AB65,http://sigla.phis.me/document/ZA%207a/index-word.html,sigla_word_seq_pattern,2026-02-24T02:56:37Z,SigLA,http://sigla.phis.me/document/ZA%207a/index-word.html
sigla,ZA 7A,word_2,AB08 AB60 AB69,http://sigla.phis.me/document/ZA%207a/index-word.html,sigla_word_seq_pattern,2026-02-24T02:56:37Z,SigLA,http://sigla.phis.me/document/ZA%207a/index-word.html
sigla,ZA 7A,word_3,AB08 AB27 AB69 AB73,http://sigla.phis.me/document/ZA%207a/index-word.html,sigla_word_seq_pattern,2026-02-24T02:56:37Z,SigLA,http://sigla.phis.me/document/ZA%207a/index-word.html
sigla,ZA 7B,word_1,AB08 AB80,http://sigla.phis.me/document/ZA%207b/index-word.html,sigla_word_seq_pattern,2026-02-24T02:56:37Z,SigLA,http://sigla.phis.me/document/ZA%207b/index-word.html
youngerarchive,ZA 8,.1_log,FIC,https://web.archive.org/web/20190416192926/http://www.people.ku.edu/~jyounger/LinearA/misctexts.html,younger_table_logogram,2026-02-24T02:56:37Z,YoungerArchive,https://web.archive.org/web/20190416192926/http://www.people.ku.edu/~jyounger/LinearA/misctexts.html
youngerarchive,ZA 8,.1_stmt,A TA RE,https://web.archive.org/web/20190416192926/http://www.people.ku.edu/~jyounger/LinearA/misctexts.html,younger_table_statement,2026-02-24T02:56:37Z,YoungerArchive,https://web.archive.org/web/20190416192926/http://www.people.ku.edu/~jyounger/LinearA/misctexts.html
youngerarchive,ZA 8,.1_stmt,KI RA,https://web.archive.org/web/20190416192926/http://www.people.ku.edu/~jyounger/LinearA/misctexts.html,younger_table_statement,2026-02-24T02:56:37Z,YoungerArchive,https://web.archive.org/web/20190416192926/http://www.people.ku.edu/~jyounger/LinearA/misctexts.html
youngerarchive,ZA 8,.2-3_stmt,A RI NI TA,https://web.archive.org/web/20190416192926/http://www.people.ku.edu/~jyounger/LinearA/misctexts.html,younger_table_statement,2026-02-24T02:56:37Z,YoungerArchive,https://web.archive.org/web/20190416192926/http://www.people.ku.edu/~jyounger/LinearA/misctexts.html
youngerarchive,ZA 8,.2_stmt,KU TU KO RE,https://web.archive.org/web/20190416192926/http://www.people.ku.edu/~jyounger/LinearA/misctexts.html,younger_table_statement,2026-02-24T02:56:37Z,YoungerArchive,https://web.archive.org/web/20190416192926/http://www.people.ku.edu/~jyounger/LinearA/misctexts.html
youngerarchive,ZA 8,.3-4_stmt,TA I NU MA PA,https://web.archive.org/web/20190416192926/http://www.people.ku.edu/~jyounger/LinearA/misctexts.html,younger_table_statement,2026-02-24T02:56:37Z,YoungerArchive,https://web.archive.org/web/20190416192926/http://www.people.ku.edu/~jyounger/LinearA/misctexts.html
youngerarchive,ZA 8,.4_stmt,MA KA I SE,https://web.archive.org/web/20190416192926/http://www.people.ku.edu/~jyounger/LinearA/misctexts.html,younger_table_statement,2026-02-24T02:56:37Z,YoungerArchive,https://web.archive.org/web/20190416192926/http://www.people.ku.edu/~jyounger/LinearA/misctexts.html
youngerarchive,ZA 8,.5_stmt,DA I PI TA,https://web.archive.org/web/20190416192926/http://www.people.ku.edu/~jyounger/LinearA/misctexts.html,younger_table_statement,2026-02-24T02:56:37Z,YoungerArchive,https://web.archive.org/web/20190416192926/http://www.people.ku.edu/~jyounger/LinearA/misctexts.html
youngerarchive,ZA 8,.6_stmt,KA I RO,https://web.archive.org/web/20190416192926/http://www.people.ku.edu/~jyounger/LinearA/misctexts.html,younger_table_statement,2026-02-24T02:56:37Z,YoungerArchive,https://web.archive.org/web/20190416192926/http://www.people.ku.edu/~jyounger/LinearA/misctexts.html
sigla,ZA 8,word_1,AB67 AB60,http://sigla.phis.me/document/ZA%208/index-word.html,sigla_word_seq_pattern,2026-02-24T02:56:37Z,SigLA,http://sigla.phis.me/document/ZA%208/index-word.html
sigla,ZA 8,word_2,AB08 AB59 AB27,http://sigla.phis.me/document/ZA%208/index-word.html,sigla_word_seq_pattern,2026-02-24T02:56:37Z,SigLA,http://sigla.phis.me/document/ZA%208/index-word.html
sigla,ZA 8,word_3,AB81 AB69 AB70 AB27,http://sigla.phis.me/document/ZA%208/index-word.html,sigla_word_seq_pattern,2026-02-24T02:56:37Z,SigLA,http://sigla.phis.me/document/ZA%208/index-word.html
sigla,ZA 8,word_4,AB08 AB53 AB30 AB59,http://sigla.phis.me/document/ZA%208/index-word.html,sigla_word_seq_pattern,2026-02-24T02:56:37Z,SigLA,http://sigla.phis.me/document/ZA%208/index-word.html
sigla,ZA 8,word_5,AB59 AB28 AB55 AB80 AB03,http://sigla.phis.me/document/ZA%208/index-word.html,sigla_word_seq_pattern,2026-02-24T02:56:37Z,SigLA,http://sigla.phis.me/document/ZA%208/index-word.html
sigla,ZA 8,word_6,AB80 AB77 AB28 AB09,http://sigla.phis.me/document/ZA%208/index-word.html,sigla_word_seq_pattern,2026-02-24T02:56:37Z,SigLA,http://sigla.phis.me/document/ZA%208/index-word.html
sigla,ZA 8,word_7,AB01 AB28 AB39 AB59,http://sigla.phis.me/document/ZA%208/index-word.html,sigla_word_seq_pattern,2026-02-24T02:56:37Z,SigLA,http://sigla.phis.me/document/ZA%208/index-word.html
sigla,ZA 8,word_8,AB77 AB28 AB02,http://sigla.phis.me/document/ZA%208/index-word.html,sigla_word_seq_pattern,2026-02-24T02:56:37Z,SigLA,http://sigla.phis.me/document/ZA%208/index-word.html
youngerarchive,ZA 9,.1_stmt,NU TI,https://web.archive.org/web/20190416192926/http://www.people.ku.edu/~jyounger/LinearA/misctexts.html,younger_table_statement,2026-02-24T02:56:37Z,YoungerArchive,https://web.archive.org/web/20190416192926/http://www.people.ku.edu/~jyounger/LinearA/misctexts.html
youngerarchive,ZA 9,.2_log,OVIS SI,https://web.archive.org/web/20190416192926/http://www.people.ku.edu/~jyounger/LinearA/misctexts.html,younger_table_logogram,2026-02-24T02:56:37Z,YoungerArchive,https://web.archive.org/web/20190416192926/http://www.people.ku.edu/~jyounger/LinearA/misctexts.html
youngerarchive,ZA 9,.3-4_log,OVIS SI,https://web.archive.org/web/20190416192926/http://www.people.ku.edu/~jyounger/LinearA/misctexts.html,younger_table_logogram,2026-02-24T02:56:37Z,YoungerArchive,https://web.archive.org/web/20190416192926/http://www.people.ku.edu/~jyounger/LinearA/misctexts.html
youngerarchive,ZA 9,.3-4_stmt,RO SI RA[,https://web.archive.org/web/20190416192926/http://www.people.ku.edu/~jyounger/LinearA/misctexts.html,younger_table_statement,2026-02-24T02:56:37Z,YoungerArchive,https://web.archive.org/web/20190416192926/http://www.people.ku.edu/~jyounger/LinearA/misctexts.html
youngerarchive,ZA 9,.4-5_log,OVIS SI,https://web.archive.org/web/20190416192926/http://www.people.ku.edu/~jyounger/LinearA/misctexts.html,younger_table_logogram,2026-02-24T02:56:37Z,YoungerArchive,https://web.archive.org/web/20190416192926/http://www.people.ku.edu/~jyounger/LinearA/misctexts.html
youngerarchive,ZA 9,.4-5_stmt,A TA NA,https://web.archive.org/web/20190416192926/http://www.people.ku.edu/~jyounger/LinearA/misctexts.html,younger_table_statement,2026-02-24T02:56:37Z,YoungerArchive,https://web.archive.org/web/20190416192926/http://www.people.ku.edu/~jyounger/LinearA/misctexts.html
youngerarchive,ZA 9,.5_log,OVISF,https://web.archive.org/web/20190416192926/http://www.people.ku.edu/~jyounger/LinearA/misctexts.html,younger_table_logogram,2026-02-24T02:56:37Z,YoungerArchive,https://web.archive.org/web/20190416192926/http://www.people.ku.edu/~jyounger/LinearA/misctexts.html
youngerarchive,ZA 9,.6_log,OVISF,https://web.archive.org/web/20190416192926/http://www.people.ku.edu/~jyounger/LinearA/misctexts.html,younger_table_logogram,2026-02-24T02:56:37Z,YoungerArchive,https://web.archive.org/web/20190416192926/http://www.people.ku.edu/~jyounger/LinearA/misctexts.html
youngerarchive,ZA 9,.6_stmt,WI RA RE MI TE,https://web.archive.org/web/20190416192926/http://www.people.ku.edu/~jyounger/LinearA/misctexts.html,younger_table_statement,2026-02-24T02:56:37Z,YoungerArchive,https://web.archive.org/web/20190416192926/http://www.people.ku.edu/~jyounger/LinearA/misctexts.html
sigla,ZA 9,word_1,[?] AB55 AB37,http://sigla.phis.me/document/ZA%209/index-word.html,sigla_word_seq_pattern,2026-02-24T02:56:37Z,SigLA,http://sigla.phis.me/document/ZA%209/index-word.html
sigla,ZA 9,word_2,AB17 [?],http://sigla.phis.me/document/ZA%209/index-word.html,sigla_word_seq_pattern,2026-02-24T02:56:37Z,SigLA,http://sigla.phis.me/document/ZA%209/index-word.html
sigla,ZA 9,word_3,[?] AB60,http://sigla.phis.me/document/ZA%209/index-word.html,sigla_word_seq_pattern,2026-02-24T02:56:37Z,SigLA,http://sigla.phis.me/document/ZA%209/index-word.html
sigla,ZA 9,word_5,AB02 AB41 AB60,http://sigla.phis.me/document/ZA%209/index-word.html,sigla_word_seq_pattern,2026-02-24T02:56:37Z,SigLA,http://sigla.phis.me/document/ZA%209/index-word.html
sigla,ZA 9,word_6,AB08 AB59 AB06 [?],http://sigla.phis.me/document/ZA%209/index-word.html,sigla_word_seq_pattern,2026-02-24T02:56:37Z,SigLA,http://sigla.phis.me/document/ZA%209/index-word.html
sigla,ZA 9,word_7,[?] AB80 AB65,http://sigla.phis.me/document/ZA%209/index-word.html,sigla_word_seq_pattern,2026-02-24T02:56:37Z,SigLA,http://sigla.phis.me/document/ZA%209/index-word.html
sigla,ZA 9,word_8,AB40 AB60 AB27 AB73 AB04,http://sigla.phis.me/document/ZA%209/index-word.html,sigla_word_seq_pattern,2026-02-24T02:56:37Z,SigLA,http://sigla.phis.me/document/ZA%209/index-word.html
sigla,ZA WC 2,word_1,AB08 AB37 AB77,http://sigla.phis.me/document/ZA%20Wc%202/index-word.html,sigla_word_seq_pattern,2026-02-24T02:56:37Z,SigLA,http://sigla.phis.me/document/ZA%20Wc%202/index-word.html
sigla,ZA WC 2,word_2,AB08 AB51 AB70 AB73,http://sigla.phis.me/document/ZA%20Wc%202/index-word.html,sigla_word_seq_pattern,2026-02-24T02:56:37Z,SigLA,http://sigla.phis.me/document/ZA%20Wc%202/index-word.html
youngerarchive,ZA ZB 34,.a-.b_stmt,TELA,https://web.archive.org/web/20190416192926/http://www.people.ku.edu/~jyounger/LinearA/misctexts.html,younger_table_statement,2026-02-24T02:56:37Z,YoungerArchive,https://web.archive.org/web/20190416192926/http://www.people.ku.edu/~jyounger/LinearA/misctexts.html
