inscription_id,source_corpus,provenance_source_url,site_find_place,region,object_type,support_material,classification,formula_class,inscription_length,line_count,sign_count,word_count,sign_inventory_used,estimated_date_period,find_context,libation_formula_candidate,accounting_candidate,ideogram_presence,numeral_presence,damage_unreadability_level,confidence_provenance_notes
ARKH 1,local_merged_sigla_younger_internal,https://web.archive.org/web/20190416192926/http://www.people.ku.edu/~jyounger/LinearA/misctexts.html,ARKH,crete_central,administrative_tablet_like,clay_or_object_unknown,unknown,short_mark_or_label,16,7,16,16,A KI MI NE[ PA PI RA[ RE SA SU ]A ]MI ]PA3[ ]TA,Bronze_Age_Linear_A_period_unverified,requires_source_metadata_review,0,0,0,0,0.0000,Inferred from artifact ID and normalized sequence; needs expert metadata enrichment.
ARKH 1A,local_merged_sigla_younger_internal,http://sigla.phis.me/document/ARKH%201a/index-word.html,ARKH,crete_central,administrative_tablet_like,clay_or_object_unknown,unknown,unclassified,16,6,16,16,AB03 AB08 AB118 AB24 AB31 AB39 AB58 AB59 AB60 AB67 AB73 [?],Bronze_Age_Linear_A_period_unverified,requires_source_metadata_review,0,0,0,0,0.0625,Inferred from artifact ID and normalized sequence; needs expert metadata enrichment.
ARKH 1B,local_merged_sigla_younger_internal,http://sigla.phis.me/document/ARKH%201b/index-word.html,ARKH,crete_central,administrative_tablet_like,clay_or_object_unknown,unknown,short_mark_or_label,5,4,5,5,AB06 AB08 AB27 AB56 AB57,Bronze_Age_Linear_A_period_unverified,requires_source_metadata_review,0,0,0,0,0.0000,Inferred from artifact ID and normalized sequence; needs expert metadata enrichment.
ARKH 2,local_merged_sigla_younger_internal,http://sigla.phis.me/document/ARKH%202/index-word.html; https://web.archive.org/web/20190416192926/http://www.people.ku.edu/~jyounger/LinearA/misctexts.html,ARKH,crete_central,administrative_tablet_like,clay_or_object_unknown,unknown,unclassified,44,13,44,44,A A301 AB01 AB04 AB05 AB08 AB09 AB118 AB131B AB21F AB26 AB28 AB41 AB45 AB50 AB54 AB58 AB60 AB73 AB79 AB81 DA DE I KU MI PU QIF RA RU SE SI SU TE TO VINB WA ZU,Bronze_Age_Linear_A_period_unverified,requires_source_metadata_review,0,0,0,0,0.0000,Inferred from artifact ID and normalized sequence; needs expert metadata enrichment.
ARKH 3,local_merged_sigla_younger_internal,https://web.archive.org/web/20190416192926/http://www.people.ku.edu/~jyounger/LinearA/misctexts.html,ARKH,crete_central,administrative_tablet_like,clay_or_object_unknown,unknown,short_mark_or_label,14,10,14,14,GRA GRA[ JA KA NE NU OLE OLIV PI PU3 VINB ]KI ]PI ]VINA,Bronze_Age_Linear_A_period_unverified,requires_source_metadata_review,0,0,1,0,0.0000,Inferred from artifact ID and normalized sequence; needs expert metadata enrichment.
ARKH 3A,local_merged_sigla_younger_internal,http://sigla.phis.me/document/ARKH%203a/index-word.html,ARKH,crete_central,administrative_tablet_like,clay_or_object_unknown,unknown,short_mark_or_label,5,3,5,5,AB24 AB55 AB67 AB77 AB81,Bronze_Age_Linear_A_period_unverified,requires_source_metadata_review,0,0,0,0,0.0000,Inferred from artifact ID and normalized sequence; needs expert metadata enrichment.
ARKH 3B,local_merged_sigla_younger_internal,http://sigla.phis.me/document/ARKH%203b/index-word.html,ARKH,crete_central,administrative_tablet_like,clay_or_object_unknown,unknown,short_mark_or_label,5,2,5,5,A314 AB39 AB57 [?],Bronze_Age_Linear_A_period_unverified,requires_source_metadata_review,0,0,0,0,0.2000,Inferred from artifact ID and normalized sequence; needs expert metadata enrichment.
ARKH 4,local_merged_sigla_younger_internal,https://web.archive.org/web/20190416192926/http://www.people.ku.edu/~jyounger/LinearA/misctexts.html,ARKH,crete_central,administrative_tablet_like,clay_or_object_unknown,unknown,unclassified,12,4,12,12,A KI MI NE PI RO SI TI ZA ZU ]DE,Bronze_Age_Linear_A_period_unverified,requires_source_metadata_review,0,0,0,0,0.0000,Inferred from artifact ID and normalized sequence; needs expert metadata enrichment.
ARKH 4A,local_merged_sigla_younger_internal,http://sigla.phis.me/document/ARKH%204a/index-word.html,ARKH,crete_central,administrative_tablet_like,clay_or_object_unknown,unknown,unclassified,18,5,18,18,AB04 AB08 AB24 AB30 AB37 AB39 AB45 AB47 AB58 AB59 AB65 [?],Bronze_Age_Linear_A_period_unverified,requires_source_metadata_review,0,0,0,0,0.2778,Inferred from artifact ID and normalized sequence; needs expert metadata enrichment.
ARKH 4B,local_merged_sigla_younger_internal,http://sigla.phis.me/document/ARKH%204b/index-word.html,ARKH,crete_central,administrative_tablet_like,clay_or_object_unknown,unknown,short_mark_or_label,13,6,13,13,AB02 AB08 AB10 AB17? AB27 AB28 AB41 AB45 AB47 AB67 AB73 AB79 [?],Bronze_Age_Linear_A_period_unverified,requires_source_metadata_review,0,0,0,0,0.0769,Inferred from artifact ID and normalized sequence; needs expert metadata enrichment.
ARKH 5,local_merged_sigla_younger_internal,http://sigla.phis.me/document/ARKH%205/index-word.html; https://web.archive.org/web/20190416192926/http://www.people.ku.edu/~jyounger/LinearA/misctexts.html,ARKH,crete_central,administrative_tablet_like,clay_or_object_unknown,unknown,unclassified,19,7,19,19,A AB01 AB02 AB06 AB08 AB30 AB51 AB59 DA DU GRA NA NI RO TA VINB,Bronze_Age_Linear_A_period_unverified,requires_source_metadata_review,0,0,1,0,0.0000,Inferred from artifact ID and normalized sequence; needs expert metadata enrichment.
ARKH 6,local_merged_sigla_younger_internal,http://sigla.phis.me/document/ARKH%206/index-word.html; https://web.archive.org/web/20190416192926/http://www.people.ku.edu/~jyounger/LinearA/misctexts.html,ARKH,crete_central,administrative_tablet_like,clay_or_object_unknown,unknown,unclassified,9,4,9,9,AB01 AB06 AB53 AB69 AB81 DA NA TU [?],Bronze_Age_Linear_A_period_unverified,requires_source_metadata_review,0,0,0,0,0.1111,Inferred from artifact ID and normalized sequence; needs expert metadata enrichment.
GO 2,local_merged_sigla_younger_internal,https://web.archive.org/web/20190416192926/http://www.people.ku.edu/~jyounger/LinearA/misctexts.html,GO,unknown,unclassified,clay_or_object_unknown,unknown,short_mark_or_label,5,2,5,5,DA RO SE SI SI[,Bronze_Age_Linear_A_period_unverified,requires_source_metadata_review,0,0,0,0,0.0000,Inferred from artifact ID and normalized sequence; needs expert metadata enrichment.
GO WC 1,local_merged_sigla_younger_internal,https://web.archive.org/web/20190416192926/http://www.people.ku.edu/~jyounger/LinearA/misctexts.html,GO,unknown,sealed_document_or_roundel,clay_or_object_unknown,unknown,short_mark_or_label,2,1,2,2,B BOSM,Bronze_Age_Linear_A_period_unverified,requires_source_metadata_review,0,0,0,0,0.0000,Inferred from artifact ID and normalized sequence; needs expert metadata enrichment.
GO WC 1A,local_merged_sigla_younger_internal,http://sigla.phis.me/document/GO%20Wc%201a/index-word.html,GO,unknown,sealed_document_or_roundel,clay_or_object_unknown,unknown,unclassified,6,1,6,6,AB08 AB09 AB28 AB31 AB58 AB80,Bronze_Age_Linear_A_period_unverified,requires_source_metadata_review,0,0,0,0,0.0000,Inferred from artifact ID and normalized sequence; needs expert metadata enrichment.
GO WC 3,local_merged_sigla_younger_internal,https://web.archive.org/web/20190416192926/http://www.people.ku.edu/~jyounger/LinearA/misctexts.html,GO,unknown,sealed_document_or_roundel,clay_or_object_unknown,unknown,short_mark_or_label,1,1,1,1,NEW,Bronze_Age_Linear_A_period_unverified,requires_source_metadata_review,0,0,0,0,0.0000,Inferred from artifact ID and normalized sequence; needs expert metadata enrichment.
HS ZG 1,local_merged_sigla_younger_internal,http://sigla.phis.me/document/HS%20Zg%201/index-word.html,HS,unknown,inscription_or_vessel,clay_or_object_unknown,ritual_or_display_possible,short_mark_or_label,2,1,2,2,AB08 AB80,Bronze_Age_Linear_A_period_unverified,requires_source_metadata_review,1,0,0,0,0.0000,Inferred from artifact ID and normalized sequence; needs expert metadata enrichment.
HT 1,local_merged_sigla_younger_internal,http://sigla.phis.me/document/HT%201/index-word.html; https://web.archive.org/web/20190416193018/http://www.people.ku.edu/~jyounger/LinearA/HTtexts.html,HT,crete_central,administrative_tablet_like,clay_or_object_unknown,unknown,unclassified,36,11,36,36,A AB02 AB06 AB07 AB08 AB10 AB17 AB27 AB44 AB55 AB56 AB58 AB60 AB67 AB76 AB78 AB79 AB81 DI KE KI KU NA NU PA3 QE RA RA2 RE RO SU U ZA ZU,Bronze_Age_Linear_A_period_unverified,requires_source_metadata_review,0,0,0,0,0.0000,Inferred from artifact ID and normalized sequence; needs expert metadata enrichment.
HT 10,local_merged_sigla_younger_internal,https://web.archive.org/web/20190416193018/http://www.people.ku.edu/~jyounger/LinearA/HTtexts.html,HT,crete_central,administrative_tablet_like,clay_or_object_unknown,unknown,short_mark_or_label,25,10,25,25,DA KA KU MA ME NA NI RE RI RU SA SU TA TI U ZA,Bronze_Age_Linear_A_period_unverified,requires_source_metadata_review,0,0,0,0,0.0000,Inferred from artifact ID and normalized sequence; needs expert metadata enrichment.
HT 100,local_merged_sigla_younger_internal,http://sigla.phis.me/document/HT%20100/index-word.html; https://web.archive.org/web/20190416193018/http://www.people.ku.edu/~jyounger/LinearA/HTtexts.html,HT,crete_central,administrative_tablet_like,clay_or_object_unknown,unknown,short_mark_or_label,22,12,22,22,*313A A AB02 AB31 AB76 AB81 FIC KA KU MI NE OLE RA2 RO SA TI U VINA VIR ]VIR,Bronze_Age_Linear_A_period_unverified,requires_source_metadata_review,0,0,1,0,0.0000,Inferred from artifact ID and normalized sequence; needs expert metadata enrichment.
HT 101,local_merged_sigla_younger_internal,http://sigla.phis.me/document/HT%20101/index-word.html; https://web.archive.org/web/20190416193018/http://www.people.ku.edu/~jyounger/LinearA/HTtexts.html,HT,crete_central,administrative_tablet_like,clay_or_object_unknown,administrative,commodity_accounting,29,16,29,29,22F AB07 AB22F AB31 AB56 AB76 AB79 AB81 DI GRA KI KU MI OLE OLIV PA3 QE RA2 SA TU U ZU,Bronze_Age_Linear_A_period_unverified,requires_source_metadata_review,0,1,1,0,0.0000,Inferred from artifact ID and normalized sequence; needs expert metadata enrichment.
HT 102,local_merged_sigla_younger_internal,http://sigla.phis.me/document/HT%20102/index-word.html; https://web.archive.org/web/20190416193018/http://www.people.ku.edu/~jyounger/LinearA/HTtexts.html,HT,crete_central,administrative_tablet_like,clay_or_object_unknown,unknown,short_mark_or_label,36,17,36,36,AB02 AB03 AB06 AB07 AB28 AB30 AB31 AB53 AB56 AB76 AB77 AB79 AB80 AB81 DI GRA I KA KU MA NA NI PA PA3 RA2 RI RO SA ZU ]VIR,Bronze_Age_Linear_A_period_unverified,requires_source_metadata_review,0,0,1,0,0.0000,Inferred from artifact ID and normalized sequence; needs expert metadata enrichment.
HT 103,local_merged_sigla_younger_internal,http://sigla.phis.me/document/HT%20103/index-word.html; https://web.archive.org/web/20190416193018/http://www.people.ku.edu/~jyounger/LinearA/HTtexts.html,HT,crete_central,administrative_tablet_like,clay_or_object_unknown,unknown,unclassified,33,12,33,33,AB01 AB06 AB09 AB10 AB24 AB56 AB60 AB66 AB67 AB81 DA FIC KI KU NA NE NE[ PA3 RA SE TA2 U,Bronze_Age_Linear_A_period_unverified,requires_source_metadata_review,0,0,1,0,0.0000,Inferred from artifact ID and normalized sequence; needs expert metadata enrichment.
HT 104,local_merged_sigla_younger_internal,http://sigla.phis.me/document/HT%20104/index-word.html; https://web.archive.org/web/20190416193018/http://www.people.ku.edu/~jyounger/LinearA/HTtexts.html,HT,crete_central,administrative_tablet_like,clay_or_object_unknown,unknown,unclassified,34,11,34,34,AB01 AB02 AB03 AB09 AB24 AB28 AB37 AB51 AB58 AB59 AB81 DA DU I KU NE PA RO SE SU TA TE TI,Bronze_Age_Linear_A_period_unverified,requires_source_metadata_review,0,0,0,0,0.0000,Inferred from artifact ID and normalized sequence; needs expert metadata enrichment.
HT 105,local_merged_sigla_younger_internal,https://web.archive.org/web/20190416193018/http://www.people.ku.edu/~jyounger/LinearA/HTtexts.html,HT,crete_central,administrative_tablet_like,clay_or_object_unknown,unknown,short_mark_or_label,6,4,6,6,KA PA[ RA2 SA VIR ]VIR,Bronze_Age_Linear_A_period_unverified,requires_source_metadata_review,0,0,0,0,0.0000,Inferred from artifact ID and normalized sequence; needs expert metadata enrichment.
HT 106,local_merged_sigla_younger_internal,https://web.archive.org/web/20190416193018/http://www.people.ku.edu/~jyounger/LinearA/HTtexts.html,HT,crete_central,administrative_tablet_like,clay_or_object_unknown,unknown,unclassified,3,1,3,3,MI NU TE,Bronze_Age_Linear_A_period_unverified,requires_source_metadata_review,0,0,0,0,0.0000,Inferred from artifact ID and normalized sequence; needs expert metadata enrichment.
HT 108,local_merged_sigla_younger_internal,http://sigla.phis.me/document/HT%20108/index-word.html; https://web.archive.org/web/20190416193018/http://www.people.ku.edu/~jyounger/LinearA/HTtexts.html,HT,crete_central,administrative_tablet_like,clay_or_object_unknown,unknown,unclassified,27,9,27,27,AB02 AB06 AB07 AB27 AB30 AB37 AB51 AB58 AB59 AB65 AB67 AB76 DI DU GRA H KI NA NI RE RO SU TA VIR [?],Bronze_Age_Linear_A_period_unverified,requires_source_metadata_review,0,0,1,0,0.0370,Inferred from artifact ID and normalized sequence; needs expert metadata enrichment.
HT 109,local_merged_sigla_younger_internal,http://sigla.phis.me/document/HT%20109/index-word.html; https://web.archive.org/web/20190416193018/http://www.people.ku.edu/~jyounger/LinearA/HTtexts.html,HT,crete_central,administrative_tablet_like,clay_or_object_unknown,unknown,short_mark_or_label,12,6,12,12,A AB02 AB08 AB27 AB59 AB60 AB65 AB81 JU KU RA RO,Bronze_Age_Linear_A_period_unverified,requires_source_metadata_review,0,0,0,0,0.0000,Inferred from artifact ID and normalized sequence; needs expert metadata enrichment.
HT 10A,local_merged_sigla_younger_internal,http://sigla.phis.me/document/HT%2010a/index-word.html,HT,crete_central,administrative_tablet_like,clay_or_object_unknown,unknown,short_mark_or_label,17,7,17,17,A305 A325 AB01 AB10 AB13 AB17 AB26 AB27 AB30 AB31 AB53 AB58 AB80 AB81,Bronze_Age_Linear_A_period_unverified,requires_source_metadata_review,0,0,0,0,0.0000,Inferred from artifact ID and normalized sequence; needs expert metadata enrichment.
HT 10B,local_merged_sigla_younger_internal,http://sigla.phis.me/document/HT%2010b/index-word.html,HT,crete_central,administrative_tablet_like,clay_or_object_unknown,unknown,short_mark_or_label,15,6,15,15,A312 AB01 AB06 AB10 AB26 AB27 AB31 AB37 AB53 AB59 AB77,Bronze_Age_Linear_A_period_unverified,requires_source_metadata_review,0,0,0,0,0.0000,Inferred from artifact ID and normalized sequence; needs expert metadata enrichment.
HT 11,local_merged_sigla_younger_internal,https://web.archive.org/web/20190416193018/http://www.people.ku.edu/~jyounger/LinearA/HTtexts.html,HT,crete_central,administrative_tablet_like,clay_or_object_unknown,unknown,unclassified,24,10,24,24,A DE I JA KA KU NA NU QE RA RA2 RI RO RU SA SU TA2 VIR ZU,Bronze_Age_Linear_A_period_unverified,requires_source_metadata_review,0,0,0,0,0.0000,Inferred from artifact ID and normalized sequence; needs expert metadata enrichment.
HT 110,local_merged_sigla_younger_internal,https://web.archive.org/web/20190416193018/http://www.people.ku.edu/~jyounger/LinearA/HTtexts.html,HT,crete_central,administrative_tablet_like,clay_or_object_unknown,unknown,short_mark_or_label,12,6,12,12,*400VAS DU FIC KU MI PA RI RO SI ]FIC,Bronze_Age_Linear_A_period_unverified,requires_source_metadata_review,0,0,1,0,0.0000,Inferred from artifact ID and normalized sequence; needs expert metadata enrichment.
HT 110A,local_merged_sigla_younger_internal,http://sigla.phis.me/document/HT%20110a/index-word.html,HT,crete_central,administrative_tablet_like,clay_or_object_unknown,unknown,short_mark_or_label,9,3,9,9,AB02 AB03 AB34 AB41 AB51 AB73 AB81,Bronze_Age_Linear_A_period_unverified,requires_source_metadata_review,0,0,0,0,0.0000,Inferred from artifact ID and normalized sequence; needs expert metadata enrichment.
HT 110B,local_merged_sigla_younger_internal,http://sigla.phis.me/document/HT%20110b/index-word.html,HT,crete_central,administrative_tablet_like,clay_or_object_unknown,unknown,short_mark_or_label,1,1,1,1,AB02,Bronze_Age_Linear_A_period_unverified,requires_source_metadata_review,0,0,0,0,0.0000,Inferred from artifact ID and normalized sequence; needs expert metadata enrichment.
HT 111,local_merged_sigla_younger_internal,https://web.archive.org/web/20190416193018/http://www.people.ku.edu/~jyounger/LinearA/HTtexts.html,HT,crete_central,administrative_tablet_like,clay_or_object_unknown,unknown,short_mark_or_label,10,5,10,10,DI KA QA RU SA ]FIC ]QE,Bronze_Age_Linear_A_period_unverified,requires_source_metadata_review,0,0,0,0,0.0000,Inferred from artifact ID and normalized sequence; needs expert metadata enrichment.
HT 112,local_merged_sigla_younger_internal,https://web.archive.org/web/20190416193018/http://www.people.ku.edu/~jyounger/LinearA/HTtexts.html,HT,crete_central,administrative_tablet_like,clay_or_object_unknown,unknown,short_mark_or_label,3,2,3,3,OVISF[ PA ]TU,Bronze_Age_Linear_A_period_unverified,requires_source_metadata_review,0,0,0,0,0.0000,Inferred from artifact ID and normalized sequence; needs expert metadata enrichment.
HT 112A,local_merged_sigla_younger_internal,http://sigla.phis.me/document/HT%20112a/index-word.html,HT,crete_central,administrative_tablet_like,clay_or_object_unknown,unknown,short_mark_or_label,2,1,2,2,AB03 AB69,Bronze_Age_Linear_A_period_unverified,requires_source_metadata_review,0,0,0,0,0.0000,Inferred from artifact ID and normalized sequence; needs expert metadata enrichment.
HT 113,local_merged_sigla_younger_internal,http://sigla.phis.me/document/HT%20113/index-word.html; https://web.archive.org/web/20190416193018/http://www.people.ku.edu/~jyounger/LinearA/HTtexts.html,HT,crete_central,administrative_tablet_like,clay_or_object_unknown,unknown,short_mark_or_label,10,4,10,10,AB31 AB40 AB45 AB53 AB60 DE[ RA RI SA ]WI,Bronze_Age_Linear_A_period_unverified,requires_source_metadata_review,0,0,0,0,0.0000,Inferred from artifact ID and normalized sequence; needs expert metadata enrichment.
HT 113 TER,local_merged_sigla_younger_internal,http://sigla.phis.me/document/HT%20113%20ter/index-word.html,HT,crete_central,administrative_tablet_like,clay_or_object_unknown,unknown,short_mark_or_label,2,1,2,2,AB73 [?],Bronze_Age_Linear_A_period_unverified,requires_source_metadata_review,0,0,0,0,0.5000,Inferred from artifact ID and normalized sequence; needs expert metadata enrichment.
HT 114,local_merged_sigla_younger_internal,https://web.archive.org/web/20190416193018/http://www.people.ku.edu/~jyounger/LinearA/HTtexts.html,HT,crete_central,administrative_tablet_like,clay_or_object_unknown,administrative,commodity_accounting,12,8,12,12,BOSM FIC GRA KI OLE RA2 RI SA TA2 VINA,Bronze_Age_Linear_A_period_unverified,requires_source_metadata_review,0,1,1,0,0.0000,Inferred from artifact ID and normalized sequence; needs expert metadata enrichment.
HT 114A,local_merged_sigla_younger_internal,http://sigla.phis.me/document/HT%20114a/index-word.html,HT,crete_central,administrative_tablet_like,clay_or_object_unknown,unknown,short_mark_or_label,5,2,5,5,AB31 AB53 AB66 AB67 AB76,Bronze_Age_Linear_A_period_unverified,requires_source_metadata_review,0,0,0,0,0.0000,Inferred from artifact ID and normalized sequence; needs expert metadata enrichment.
HT 115,local_merged_sigla_younger_internal,https://web.archive.org/web/20190416193018/http://www.people.ku.edu/~jyounger/LinearA/HTtexts.html,HT,crete_central,administrative_tablet_like,clay_or_object_unknown,unknown,unclassified,48,15,48,48,*22M A DU GRA I JA KA KU MA MI NA NE NU PA PA3 PO QIF RA RI RU SE TA TA[ TI TU WI ]RU,Bronze_Age_Linear_A_period_unverified,requires_source_metadata_review,0,0,1,0,0.0000,Inferred from artifact ID and normalized sequence; needs expert metadata enrichment.
HT 115A,local_merged_sigla_younger_internal,http://sigla.phis.me/document/HT%20115a/index-word.html,HT,crete_central,administrative_tablet_like,clay_or_object_unknown,unknown,unclassified,27,7,27,27,A718 AB03 AB06 AB08 AB09 AB11 AB21F AB24 AB26 AB40 AB47 AB53 AB55 AB56 AB57 AB59 AB60 AB69 AB73 AB77 AB80 AB81,Bronze_Age_Linear_A_period_unverified,requires_source_metadata_review,0,0,0,0,0.0000,Inferred from artifact ID and normalized sequence; needs expert metadata enrichment.
HT 115B,local_merged_sigla_younger_internal,http://sigla.phis.me/document/HT%20115b/index-word.html,HT,crete_central,administrative_tablet_like,clay_or_object_unknown,unknown,unclassified,24,9,24,24,A306 AB03 AB06 AB08 AB24 AB26 AB28 AB37 AB40 AB51 AB55 AB56 AB57 AB59 AB60 AB69 AB80 AB81 [?],Bronze_Age_Linear_A_period_unverified,requires_source_metadata_review,0,0,0,0,0.0833,Inferred from artifact ID and normalized sequence; needs expert metadata enrichment.
HT 116,local_merged_sigla_younger_internal,https://web.archive.org/web/20190416193018/http://www.people.ku.edu/~jyounger/LinearA/HTtexts.html,HT,crete_central,administrative_tablet_like,clay_or_object_unknown,unknown,unclassified,20,8,20,20,JA KI KU MA NE NU PA PI PU QA RA2 RO SE SI TA TE U,Bronze_Age_Linear_A_period_unverified,requires_source_metadata_review,0,0,0,0,0.0000,Inferred from artifact ID and normalized sequence; needs expert metadata enrichment.
HT 116A,local_merged_sigla_younger_internal,http://sigla.phis.me/document/HT%20116a/index-word.html,HT,crete_central,administrative_tablet_like,clay_or_object_unknown,unknown,unclassified,17,6,17,17,AB02 AB03 AB04 AB10 AB16 AB24 AB34 AB39 AB41 AB50 AB55 AB57 AB59 AB67 AB76 AB80 AB81,Bronze_Age_Linear_A_period_unverified,requires_source_metadata_review,0,0,0,0,0.0000,Inferred from artifact ID and normalized sequence; needs expert metadata enrichment.
HT 116B,local_merged_sigla_younger_internal,http://sigla.phis.me/document/HT%20116b/index-word.html,HT,crete_central,administrative_tablet_like,clay_or_object_unknown,unknown,short_mark_or_label,2,1,2,2,AB02 AB81,Bronze_Age_Linear_A_period_unverified,requires_source_metadata_review,0,0,0,0,0.0000,Inferred from artifact ID and normalized sequence; needs expert metadata enrichment.
HT 117,local_merged_sigla_younger_internal,https://web.archive.org/web/20190416193018/http://www.people.ku.edu/~jyounger/LinearA/HTtexts.html,HT,crete_central,administrative_tablet_like,clay_or_object_unknown,unknown,unclassified,70,21,70,70,DA DI I JA JU KA KI KO KU MA MI MU NA NE NU PA3 QIF RA RE RI RO RU SA SE SI SU TA TE TI TU U,Bronze_Age_Linear_A_period_unverified,requires_source_metadata_review,0,0,0,0,0.0000,Inferred from artifact ID and normalized sequence; needs expert metadata enrichment.
HT 117A,local_merged_sigla_younger_internal,http://sigla.phis.me/document/HT%20117a/index-word.html,HT,crete_central,administrative_tablet_like,clay_or_object_unknown,unknown,unclassified,61,20,61,61,AB01 AB02 AB04 AB06 AB07 AB10 AB23 AB24 AB26 AB27 AB28 AB31 AB37 AB41 AB53 AB55 AB56 AB58 AB59 AB60 AB65 AB67 AB69 AB70 AB73 AB77 AB80 AB81,Bronze_Age_Linear_A_period_unverified,requires_source_metadata_review,0,0,0,0,0.0000,Inferred from artifact ID and normalized sequence; needs expert metadata enrichment.
HT 117B,local_merged_sigla_younger_internal,http://sigla.phis.me/document/HT%20117b/index-word.html,HT,crete_central,administrative_tablet_like,clay_or_object_unknown,unknown,unclassified,9,3,9,9,AB07 AB09 AB21F AB24 AB27 AB65 AB67 AB69 AB81,Bronze_Age_Linear_A_period_unverified,requires_source_metadata_review,0,0,0,0,0.0000,Inferred from artifact ID and normalized sequence; needs expert metadata enrichment.
HT 118,local_merged_sigla_younger_internal,http://sigla.phis.me/document/HT%20118/index-word.html; https://web.archive.org/web/20190416193018/http://www.people.ku.edu/~jyounger/LinearA/HTtexts.html,HT,crete_central,administrative_tablet_like,clay_or_object_unknown,unknown,unclassified,29,11,29,29,A AB02 AB07 AB08 AB16 AB26 AB53 AB58 AB80 AB81 DI I KU MA QA RI RO RU SU SUS [?],Bronze_Age_Linear_A_period_unverified,requires_source_metadata_review,0,0,0,0,0.0345,Inferred from artifact ID and normalized sequence; needs expert metadata enrichment.
HT 119,local_merged_sigla_younger_internal,http://sigla.phis.me/document/HT%20119/index-word.html; https://web.archive.org/web/20190416193018/http://www.people.ku.edu/~jyounger/LinearA/HTtexts.html,HT,crete_central,administrative_tablet_like,clay_or_object_unknown,unknown,short_mark_or_label,29,12,29,29,A306 A327 A345 AB02 AB06 AB41 AB53 AB56 AB57 AB65 AB69 AB70 AB73 AB81 JA KO KU MI NA PA3 RI RO SI TU VIR,Bronze_Age_Linear_A_period_unverified,requires_source_metadata_review,0,0,0,0,0.0000,Inferred from artifact ID and normalized sequence; needs expert metadata enrichment.
HT 11A,local_merged_sigla_younger_internal,http://sigla.phis.me/document/HT%2011a/index-word.html,HT,crete_central,administrative_tablet_like,clay_or_object_unknown,unknown,short_mark_or_label,16,6,16,16,A322 AB02 AB06 AB08 AB100 AB26 AB28 AB53 AB57 AB58 AB60 AB77 AB81 [?],Bronze_Age_Linear_A_period_unverified,requires_source_metadata_review,0,0,0,0,0.0625,Inferred from artifact ID and normalized sequence; needs expert metadata enrichment.
HT 11B,local_merged_sigla_younger_internal,http://sigla.phis.me/document/HT%2011b/index-word.html,HT,crete_central,administrative_tablet_like,clay_or_object_unknown,unknown,short_mark_or_label,13,6,13,13,AB02 AB06 AB26 AB31 AB45 AB53 AB55 AB76 AB78 AB79 AB81 AB86,Bronze_Age_Linear_A_period_unverified,requires_source_metadata_review,0,0,0,0,0.0000,Inferred from artifact ID and normalized sequence; needs expert metadata enrichment.
HT 12,local_merged_sigla_younger_internal,http://sigla.phis.me/document/HT%2012/index-word.html; https://web.archive.org/web/20190416193018/http://www.people.ku.edu/~jyounger/LinearA/HTtexts.html,HT,crete_central,administrative_tablet_like,clay_or_object_unknown,unknown,unclassified,30,11,30,30,AB01 AB04 AB16 AB24 AB28 AB37 AB69 AB78 DA DI FIC I MA NE OLE PU QA QE RE RU TE TI TU [?],Bronze_Age_Linear_A_period_unverified,requires_source_metadata_review,0,0,1,0,0.0667,Inferred from artifact ID and normalized sequence; needs expert metadata enrichment.
HT 120,local_merged_sigla_younger_internal,http://sigla.phis.me/document/HT%20120/index-word.html; https://web.archive.org/web/20190416193018/http://www.people.ku.edu/~jyounger/LinearA/HTtexts.html,HT,crete_central,administrative_tablet_like,clay_or_object_unknown,unknown,unclassified,39,14,39,39,AB01 AB03 AB05 AB06 AB10 AB13 AB27 AB28 AB49 AB59 AB60 AB67 AB78 B DA GRA I K KI L2 ME NA PA QE RA RE TA TO U,Bronze_Age_Linear_A_period_unverified,requires_source_metadata_review,0,0,1,0,0.0000,Inferred from artifact ID and normalized sequence; needs expert metadata enrichment.
HT 121,local_merged_sigla_younger_internal,http://sigla.phis.me/document/HT%20121/index-word.html; https://web.archive.org/web/20190416193018/http://www.people.ku.edu/~jyounger/LinearA/HTtexts.html,HT,crete_central,administrative_tablet_like,clay_or_object_unknown,administrative,commodity_accounting,18,10,18,18,AB31 AB53 AB66 AB67 AB76 BOSM DI FIC GRA KI OLE QE RA2 RI SA TA2 VINA,Bronze_Age_Linear_A_period_unverified,requires_source_metadata_review,0,1,1,0,0.0000,Inferred from artifact ID and normalized sequence; needs expert metadata enrichment.
HT 122,local_merged_sigla_younger_internal,https://web.archive.org/web/20190416193018/http://www.people.ku.edu/~jyounger/LinearA/HTtexts.html,HT,crete_central,administrative_tablet_like,clay_or_object_unknown,unknown,short_mark_or_label,54,19,54,54,DA DE DI I JA JE JU KI KU MI NE NU PA PA3 PO QA RA RE RI RO RU SI TA TA2 TE TO U ZA ]A ]RA,Bronze_Age_Linear_A_period_unverified,requires_source_metadata_review,0,0,0,0,0.0000,Inferred from artifact ID and normalized sequence; needs expert metadata enrichment.
HT 122A,local_merged_sigla_younger_internal,http://sigla.phis.me/document/HT%20122a/index-word.html,HT,crete_central,administrative_tablet_like,clay_or_object_unknown,unknown,short_mark_or_label,43,18,43,43,A306 A310 A324 AB01 AB02 AB03 AB04 AB07 AB10 AB118 AB16 AB17 AB24 AB27 AB28 AB41 AB45 AB51 AB53 AB55 AB56 AB57 AB60 AB67 AB69 AB73 AB81,Bronze_Age_Linear_A_period_unverified,requires_source_metadata_review,0,0,0,0,0.0000,Inferred from artifact ID and normalized sequence; needs expert metadata enrichment.
HT 122B,local_merged_sigla_younger_internal,http://sigla.phis.me/document/HT%20122b/index-word.html,HT,crete_central,administrative_tablet_like,clay_or_object_unknown,unknown,short_mark_or_label,22,7,22,22,A306 AB01 AB02 AB05 AB07 AB08 AB10 AB11 AB16 AB17 AB26 AB27 AB45 AB46 AB60 AB65 AB66 AB67 AB81,Bronze_Age_Linear_A_period_unverified,requires_source_metadata_review,0,0,0,0,0.0000,Inferred from artifact ID and normalized sequence; needs expert metadata enrichment.
HT 123 124,local_merged_sigla_younger_internal,https://web.archive.org/web/20190416193018/http://www.people.ku.edu/~jyounger/LinearA/HTtexts.html,HT,crete_central,administrative_tablet_like,clay_or_object_unknown,unknown,short_mark_or_label,31,13,31,31,DA DI DU I KA KI KU MA NA OLIV PA PI PU RO RU SA TA TI TU VINA ]SI,Bronze_Age_Linear_A_period_unverified,requires_source_metadata_review,0,0,1,0,0.0000,Inferred from artifact ID and normalized sequence; needs expert metadata enrichment.
HT 123A,local_merged_sigla_younger_internal,http://sigla.phis.me/document/HT%20123a/index-word.html,HT,crete_central,administrative_tablet_like,clay_or_object_unknown,unknown,short_mark_or_label,14,7,14,14,A308 AB01 AB02 AB131A AB26 AB28 AB31 AB50 AB59 AB67 AB81,Bronze_Age_Linear_A_period_unverified,requires_source_metadata_review,0,0,0,0,0.0000,Inferred from artifact ID and normalized sequence; needs expert metadata enrichment.
HT 123B,local_merged_sigla_younger_internal,http://sigla.phis.me/document/HT%20123b/index-word.html,HT,crete_central,administrative_tablet_like,clay_or_object_unknown,unknown,short_mark_or_label,23,10,23,23,AB01 AB02 AB06 AB07 AB188 AB28 AB31 AB37 AB39 AB41 AB51 AB59 AB67 AB69 AB77 AB80 AB81,Bronze_Age_Linear_A_period_unverified,requires_source_metadata_review,0,0,0,0,0.0000,Inferred from artifact ID and normalized sequence; needs expert metadata enrichment.
HT 125,local_merged_sigla_younger_internal,https://web.archive.org/web/20190416193018/http://www.people.ku.edu/~jyounger/LinearA/HTtexts.html,HT,crete_central,administrative_tablet_like,clay_or_object_unknown,administrative,commodity_accounting,16,9,16,16,F FIC GRA KI MI OLE PA RA2 RE TA2 U ]OLE ]SA,Bronze_Age_Linear_A_period_unverified,requires_source_metadata_review,0,1,1,0,0.0000,Inferred from artifact ID and normalized sequence; needs expert metadata enrichment.
HT 126,local_merged_sigla_younger_internal,https://web.archive.org/web/20190416193018/http://www.people.ku.edu/~jyounger/LinearA/HTtexts.html,HT,crete_central,administrative_tablet_like,clay_or_object_unknown,unknown,unclassified,8,4,8,8,DA DI JA NA OVISF[ SI TWE,Bronze_Age_Linear_A_period_unverified,requires_source_metadata_review,0,0,0,0,0.0000,Inferred from artifact ID and normalized sequence; needs expert metadata enrichment.
HT 126A,local_merged_sigla_younger_internal,http://sigla.phis.me/document/HT%20126a/index-word.html,HT,crete_central,administrative_tablet_like,clay_or_object_unknown,unknown,unclassified,13,6,13,13,AB01 AB06 AB07 AB08 AB10 AB39 AB41 AB49 AB57 [?],Bronze_Age_Linear_A_period_unverified,requires_source_metadata_review,0,0,0,0,0.0769,Inferred from artifact ID and normalized sequence; needs expert metadata enrichment.
HT 127,local_merged_sigla_younger_internal,https://web.archive.org/web/20190416193018/http://www.people.ku.edu/~jyounger/LinearA/HTtexts.html,HT,crete_central,administrative_tablet_like,clay_or_object_unknown,unknown,short_mark_or_label,12,5,12,12,*313C DA KI KU KU[ ME MI NE PA RO VIR ]DU,Bronze_Age_Linear_A_period_unverified,requires_source_metadata_review,0,0,0,0,0.0000,Inferred from artifact ID and normalized sequence; needs expert metadata enrichment.
HT 127A,local_merged_sigla_younger_internal,http://sigla.phis.me/document/HT%20127a/index-word.html,HT,crete_central,administrative_tablet_like,clay_or_object_unknown,unknown,a_series_sequence,7,2,7,7,A629 AB01 AB24 AB47 AB51 AB73 AB81,Bronze_Age_Linear_A_period_unverified,requires_source_metadata_review,0,0,0,0,0.0000,Inferred from artifact ID and normalized sequence; needs expert metadata enrichment.
HT 127B,local_merged_sigla_younger_internal,http://sigla.phis.me/document/HT%20127b/index-word.html,HT,crete_central,administrative_tablet_like,clay_or_object_unknown,unknown,short_mark_or_label,3,2,3,3,AB02 AB24 AB81,Bronze_Age_Linear_A_period_unverified,requires_source_metadata_review,0,0,0,0,0.0000,Inferred from artifact ID and normalized sequence; needs expert metadata enrichment.
HT 128,local_merged_sigla_younger_internal,https://web.archive.org/web/20190416193018/http://www.people.ku.edu/~jyounger/LinearA/HTtexts.html,HT,crete_central,administrative_tablet_like,clay_or_object_unknown,unknown,short_mark_or_label,19,7,19,19,GRA KU MA ME NU PA RA RE RI RU SE TA TU WA ]MI,Bronze_Age_Linear_A_period_unverified,requires_source_metadata_review,0,0,1,0,0.0000,Inferred from artifact ID and normalized sequence; needs expert metadata enrichment.
HT 128A,local_merged_sigla_younger_internal,http://sigla.phis.me/document/HT%20128a/index-word.html,HT,crete_central,administrative_tablet_like,clay_or_object_unknown,unknown,short_mark_or_label,17,7,17,17,A579 AB03 AB07 AB09 AB13 AB26 AB27 AB53 AB54 AB56 AB59 AB60 AB69 AB73 AB80,Bronze_Age_Linear_A_period_unverified,requires_source_metadata_review,0,0,0,0,0.0000,Inferred from artifact ID and normalized sequence; needs expert metadata enrichment.
HT 128B,local_merged_sigla_younger_internal,http://sigla.phis.me/document/HT%20128b/index-word.html,HT,crete_central,administrative_tablet_like,clay_or_object_unknown,unknown,short_mark_or_label,4,2,4,4,A329 AB100 AB26 [?],Bronze_Age_Linear_A_period_unverified,requires_source_metadata_review,0,0,0,0,0.2500,Inferred from artifact ID and normalized sequence; needs expert metadata enrichment.
HT 129,local_merged_sigla_younger_internal,http://sigla.phis.me/document/HT%20129/index-word.html; https://web.archive.org/web/20190416193018/http://www.people.ku.edu/~jyounger/LinearA/HTtexts.html,HT,crete_central,administrative_tablet_like,clay_or_object_unknown,unknown,unclassified,20,8,20,20,AB06 AB21F AB26 AB53 AB66 AB69 DI FIC GRA KI NA OLE QIF RE RI TA2 TU ]OLE,Bronze_Age_Linear_A_period_unverified,requires_source_metadata_review,0,0,1,0,0.0000,Inferred from artifact ID and normalized sequence; needs expert metadata enrichment.
HT 13,local_merged_sigla_younger_internal,http://sigla.phis.me/document/HT%2013/index-word.html; https://web.archive.org/web/20190416193018/http://www.people.ku.edu/~jyounger/LinearA/HTtexts.html,HT,crete_central,administrative_tablet_like,clay_or_object_unknown,unknown,short_mark_or_label,45,17,45,45,AB01 AB02 AB04 AB10 AB118 AB17 AB24 AB27 AB28 AB30 AB41 AB45 AB51 AB59 AB67 AB69 AB77 AB79 AB81 DA DE DU I KA KI KU NE NI RE RO SI TA TE TU U VINA ZA ZU,Bronze_Age_Linear_A_period_unverified,requires_source_metadata_review,0,0,1,0,0.0000,Inferred from artifact ID and normalized sequence; needs expert metadata enrichment.
HT 130,local_merged_sigla_younger_internal,http://sigla.phis.me/document/HT%20130/index-word.html; https://web.archive.org/web/20190416193018/http://www.people.ku.edu/~jyounger/LinearA/HTtexts.html,HT,crete_central,administrative_tablet_like,clay_or_object_unknown,unknown,short_mark_or_label,8,6,8,8,AB02 AB31 AB76 FIC RA2 SA VINA,Bronze_Age_Linear_A_period_unverified,requires_source_metadata_review,0,0,1,0,0.0000,Inferred from artifact ID and normalized sequence; needs expert metadata enrichment.
HT 131,local_merged_sigla_younger_internal,https://web.archive.org/web/20190416193018/http://www.people.ku.edu/~jyounger/LinearA/HTtexts.html,HT,crete_central,administrative_tablet_like,clay_or_object_unknown,unknown,short_mark_or_label,11,6,11,11,GRA I KU PO QA RO SA TO VINA ]FIC ]OLIV,Bronze_Age_Linear_A_period_unverified,requires_source_metadata_review,0,0,1,0,0.0000,Inferred from artifact ID and normalized sequence; needs expert metadata enrichment.
HT 131A,local_merged_sigla_younger_internal,http://sigla.phis.me/document/HT%20131a/index-word.html,HT,crete_central,administrative_tablet_like,clay_or_object_unknown,unknown,unclassified,3,1,3,3,AB118 AB16 AB28,Bronze_Age_Linear_A_period_unverified,requires_source_metadata_review,0,0,0,0,0.0000,Inferred from artifact ID and normalized sequence; needs expert metadata enrichment.
HT 131B,local_merged_sigla_younger_internal,http://sigla.phis.me/document/HT%20131b/index-word.html,HT,crete_central,administrative_tablet_like,clay_or_object_unknown,unknown,unclassified,4,1,4,4,AB02 AB05 AB11 AB81,Bronze_Age_Linear_A_period_unverified,requires_source_metadata_review,0,0,0,0,0.0000,Inferred from artifact ID and normalized sequence; needs expert metadata enrichment.
HT 132,local_merged_sigla_younger_internal,http://sigla.phis.me/document/HT%20132/index-word.html; https://web.archive.org/web/20190416193018/http://www.people.ku.edu/~jyounger/LinearA/HTtexts.html,HT,crete_central,administrative_tablet_like,clay_or_object_unknown,unknown,short_mark_or_label,11,5,11,11,A AB05 AB08 AB09 AB16 AB27 OVISF QA RE SE TO,Bronze_Age_Linear_A_period_unverified,requires_source_metadata_review,0,0,0,0,0.0000,Inferred from artifact ID and normalized sequence; needs expert metadata enrichment.
HT 133,local_merged_sigla_younger_internal,http://sigla.phis.me/document/HT%20133/index-word.html; https://web.archive.org/web/20190416193018/http://www.people.ku.edu/~jyounger/LinearA/HTtexts.html,HT,crete_central,administrative_tablet_like,clay_or_object_unknown,unknown,short_mark_or_label,7,3,7,7,A AB08 AB51 DA DU GRA TE,Bronze_Age_Linear_A_period_unverified,requires_source_metadata_review,0,0,1,0,0.0000,Inferred from artifact ID and normalized sequence; needs expert metadata enrichment.
HT 135,local_merged_sigla_younger_internal,https://web.archive.org/web/20190416193018/http://www.people.ku.edu/~jyounger/LinearA/HTtexts.html,HT,crete_central,administrative_tablet_like,clay_or_object_unknown,unknown,short_mark_or_label,10,4,10,10,KA[ MI NA NE NE[ QIF TU,Bronze_Age_Linear_A_period_unverified,requires_source_metadata_review,0,0,0,0,0.0000,Inferred from artifact ID and normalized sequence; needs expert metadata enrichment.
HT 135A,local_merged_sigla_younger_internal,http://sigla.phis.me/document/HT%20135a/index-word.html,HT,crete_central,administrative_tablet_like,clay_or_object_unknown,unknown,short_mark_or_label,11,5,11,11,AB06 AB21F AB24 AB69 AB73 AB77,Bronze_Age_Linear_A_period_unverified,requires_source_metadata_review,0,0,0,0,0.0000,Inferred from artifact ID and normalized sequence; needs expert metadata enrichment.
HT 135B,local_merged_sigla_younger_internal,http://sigla.phis.me/document/HT%20135b/index-word.html,HT,crete_central,administrative_tablet_like,clay_or_object_unknown,unknown,unclassified,4,1,4,4,AB24 AB34? AB59 [?],Bronze_Age_Linear_A_period_unverified,requires_source_metadata_review,0,0,0,0,0.2500,Inferred from artifact ID and normalized sequence; needs expert metadata enrichment.
HT 136,local_merged_sigla_younger_internal,https://web.archive.org/web/20190416193018/http://www.people.ku.edu/~jyounger/LinearA/HTtexts.html,HT,crete_central,administrative_tablet_like,clay_or_object_unknown,unknown,short_mark_or_label,1,1,1,1,]OVISF,Bronze_Age_Linear_A_period_unverified,requires_source_metadata_review,0,0,0,0,0.0000,Inferred from artifact ID and normalized sequence; needs expert metadata enrichment.
HT 136A,local_merged_sigla_younger_internal,http://sigla.phis.me/document/HT%20136a/index-word.html,HT,crete_central,administrative_tablet_like,clay_or_object_unknown,unknown,short_mark_or_label,2,1,2,2,[?],Bronze_Age_Linear_A_period_unverified,requires_source_metadata_review,0,0,0,0,1.0000,Inferred from artifact ID and normalized sequence; needs expert metadata enrichment.
HT 137,local_merged_sigla_younger_internal,http://sigla.phis.me/document/HT%20137/index-word.html; https://web.archive.org/web/20190416193018/http://www.people.ku.edu/~jyounger/LinearA/HTtexts.html,HT,crete_central,administrative_tablet_like,clay_or_object_unknown,unknown,short_mark_or_label,3,2,3,3,AB66 MI OLE,Bronze_Age_Linear_A_period_unverified,requires_source_metadata_review,0,0,1,0,0.0000,Inferred from artifact ID and normalized sequence; needs expert metadata enrichment.
HT 139,local_merged_sigla_younger_internal,http://sigla.phis.me/document/HT%20139/index-word.html; https://web.archive.org/web/20190416193018/http://www.people.ku.edu/~jyounger/LinearA/HTtexts.html,HT,crete_central,administrative_tablet_like,clay_or_object_unknown,unknown,short_mark_or_label,12,5,12,12,AB50 AB76 AB77 AB80 AB81 KU[ MA OLE PU RA2[ [?] ]KA,Bronze_Age_Linear_A_period_unverified,requires_source_metadata_review,0,0,1,0,0.0833,Inferred from artifact ID and normalized sequence; needs expert metadata enrichment.
HT 14,local_merged_sigla_younger_internal,http://sigla.phis.me/document/HT%2014/index-word.html; https://web.archive.org/web/20190416193018/http://www.people.ku.edu/~jyounger/LinearA/HTtexts.html,HT,crete_central,administrative_tablet_like,clay_or_object_unknown,administrative,commodity_accounting,15,6,15,15,A AB06 AB08 AB131A AB29 AB50 AB51 DU GRA NA PU PU2 TE VINA,Bronze_Age_Linear_A_period_unverified,requires_source_metadata_review,0,1,1,0,0.0000,Inferred from artifact ID and normalized sequence; needs expert metadata enrichment.
HT 140,local_merged_sigla_younger_internal,http://sigla.phis.me/document/HT%20140/index-word.html; https://web.archive.org/web/20190416193018/http://www.people.ku.edu/~jyounger/LinearA/HTtexts.html,HT,crete_central,administrative_tablet_like,clay_or_object_unknown,unknown,short_mark_or_label,33,14,33,33,AB03 AB07 AB10 AB118 AB30 AB34 AB41 AB46 AB77 AB80 AB86 DI JE KA KI NI OLE PA SI U [?] ]OLE,Bronze_Age_Linear_A_period_unverified,requires_source_metadata_review,0,0,1,0,0.0303,Inferred from artifact ID and normalized sequence; needs expert metadata enrichment.
HT 141,local_merged_sigla_younger_internal,http://sigla.phis.me/document/HT%20141/index-word.html; https://web.archive.org/web/20190416193018/http://www.people.ku.edu/~jyounger/LinearA/HTtexts.html,HT,crete_central,administrative_tablet_like,clay_or_object_unknown,unknown,short_mark_or_label,9,4,9,9,A AB07 AB08 AB26 AB53 DI RI [?] ]RU,Bronze_Age_Linear_A_period_unverified,requires_source_metadata_review,0,0,0,0,0.1111,Inferred from artifact ID and normalized sequence; needs expert metadata enrichment.
HT 144,local_merged_sigla_younger_internal,http://sigla.phis.me/document/HT%20144/index-word.html,HT,crete_central,administrative_tablet_like,clay_or_object_unknown,unknown,short_mark_or_label,1,1,1,1,AB61,Bronze_Age_Linear_A_period_unverified,requires_source_metadata_review,0,0,0,0,0.0000,Inferred from artifact ID and normalized sequence; needs expert metadata enrichment.
HT 146,local_merged_sigla_younger_internal,http://sigla.phis.me/document/HT%20146/index-word.html; https://web.archive.org/web/20190416193018/http://www.people.ku.edu/~jyounger/LinearA/HTtexts.html,HT,crete_central,administrative_tablet_like,clay_or_object_unknown,unknown,short_mark_or_label,9,4,9,9,A305 AB53 AB59 AB77 AB78 KA RI TA,Bronze_Age_Linear_A_period_unverified,requires_source_metadata_review,0,0,0,0,0.0000,Inferred from artifact ID and normalized sequence; needs expert metadata enrichment.
HT 147,local_merged_sigla_younger_internal,http://sigla.phis.me/document/HT%20147/index-word.html,HT,crete_central,administrative_tablet_like,clay_or_object_unknown,unknown,short_mark_or_label,1,1,1,1,AB60,Bronze_Age_Linear_A_period_unverified,requires_source_metadata_review,0,0,0,0,0.0000,Inferred from artifact ID and normalized sequence; needs expert metadata enrichment.
HT 15,local_merged_sigla_younger_internal,http://sigla.phis.me/document/HT%2015/index-word.html; https://web.archive.org/web/20190416193018/http://www.people.ku.edu/~jyounger/LinearA/HTtexts.html,HT,crete_central,administrative_tablet_like,clay_or_object_unknown,unknown,short_mark_or_label,17,8,17,17,A AB02 AB08 AB10 AB123 AB34 AB41 AB51 AB67 DU GRA KI L3L3 RO SI U,Bronze_Age_Linear_A_period_unverified,requires_source_metadata_review,0,0,1,0,0.0000,Inferred from artifact ID and normalized sequence; needs expert metadata enrichment.
HT 154,local_merged_sigla_younger_internal,http://sigla.phis.me/document/HT%20154/index-word.html; https://web.archive.org/web/20190416193018/http://www.people.ku.edu/~jyounger/LinearA/HTtexts.html,HT,crete_central,administrative_tablet_like,clay_or_object_unknown,unknown,short_mark_or_label,5,4,5,5,AB37 AB67 DESUNT I [?],Bronze_Age_Linear_A_period_unverified,requires_source_metadata_review,0,0,0,0,0.2000,Inferred from artifact ID and normalized sequence; needs expert metadata enrichment.
HT 154A,local_merged_sigla_younger_internal,http://sigla.phis.me/document/HT%20154A/index-word.html; https://web.archive.org/web/20190416193018/http://www.people.ku.edu/~jyounger/LinearA/HTtexts.html,HT,crete_central,administrative_tablet_like,clay_or_object_unknown,unknown,unclassified,9,3,9,9,AB03 AB13 AB57 AB69 JA ME PA TU ]GRA[,Bronze_Age_Linear_A_period_unverified,requires_source_metadata_review,0,0,0,0,0.0000,Inferred from artifact ID and normalized sequence; needs expert metadata enrichment.
HT 154C,local_merged_sigla_younger_internal,http://sigla.phis.me/document/HT%20154C/index-word.html,HT,crete_central,administrative_tablet_like,clay_or_object_unknown,unknown,short_mark_or_label,2,1,2,2,AB06 AB73,Bronze_Age_Linear_A_period_unverified,requires_source_metadata_review,0,0,0,0,0.0000,Inferred from artifact ID and normalized sequence; needs expert metadata enrichment.
HT 154E,local_merged_sigla_younger_internal,http://sigla.phis.me/document/HT%20154E/index-word.html; https://web.archive.org/web/20190416193018/http://www.people.ku.edu/~jyounger/LinearA/HTtexts.html,HT,crete_central,administrative_tablet_like,clay_or_object_unknown,unknown,short_mark_or_label,3,2,3,3,[?] ]FIC,Bronze_Age_Linear_A_period_unverified,requires_source_metadata_review,0,0,0,0,0.6667,Inferred from artifact ID and normalized sequence; needs expert metadata enrichment.
HT 154JA,local_merged_sigla_younger_internal,http://sigla.phis.me/document/HT%20154Ja/index-word.html,HT,crete_central,administrative_tablet_like,clay_or_object_unknown,unknown,short_mark_or_label,2,1,2,2,AB27 AB55,Bronze_Age_Linear_A_period_unverified,requires_source_metadata_review,0,0,0,0,0.0000,Inferred from artifact ID and normalized sequence; needs expert metadata enrichment.
HT 154N,local_merged_sigla_younger_internal,http://sigla.phis.me/document/HT%20154N/index-word.html,HT,crete_central,administrative_tablet_like,clay_or_object_unknown,unknown,short_mark_or_label,1,1,1,1,AB41,Bronze_Age_Linear_A_period_unverified,requires_source_metadata_review,0,0,0,0,0.0000,Inferred from artifact ID and normalized sequence; needs expert metadata enrichment.
HT 16,local_merged_sigla_younger_internal,http://sigla.phis.me/document/HT%2016/index-word.html; https://web.archive.org/web/20190416193018/http://www.people.ku.edu/~jyounger/LinearA/HTtexts.html,HT,crete_central,administrative_tablet_like,clay_or_object_unknown,unknown,unclassified,16,5,16,16,AB03 AB06 AB07 AB10 AB11 AB31 AB77 AB81 DI KA KU NA PA PO SA U,Bronze_Age_Linear_A_period_unverified,requires_source_metadata_review,0,0,0,0,0.0000,Inferred from artifact ID and normalized sequence; needs expert metadata enrichment.
HT 17,local_merged_sigla_younger_internal,http://sigla.phis.me/document/HT%2017/index-word.html; https://web.archive.org/web/20190416193018/http://www.people.ku.edu/~jyounger/LinearA/HTtexts.html,HT,crete_central,administrative_tablet_like,clay_or_object_unknown,unknown,unclassified,18,7,18,18,*164A AB01 AB02 AB164A AB27 AB31 AB37 AB41 AB60 DA RA RE RO SA SI TE TI VIN,Bronze_Age_Linear_A_period_unverified,requires_source_metadata_review,0,0,1,0,0.0000,Inferred from artifact ID and normalized sequence; needs expert metadata enrichment.
HT 18,local_merged_sigla_younger_internal,http://sigla.phis.me/document/HT%2018/index-word.html; https://web.archive.org/web/20190416193018/http://www.people.ku.edu/~jyounger/LinearA/HTtexts.html,HT,crete_central,administrative_tablet_like,clay_or_object_unknown,unknown,short_mark_or_label,14,8,14,14,AB03 AB09 AB31 AB76 FIC GRA KI OLE PA QE RA2 SA SE,Bronze_Age_Linear_A_period_unverified,requires_source_metadata_review,0,0,1,0,0.0000,Inferred from artifact ID and normalized sequence; needs expert metadata enrichment.
HT 19,local_merged_sigla_younger_internal,http://sigla.phis.me/document/HT%2019/index-word.html; https://web.archive.org/web/20190416193018/http://www.people.ku.edu/~jyounger/LinearA/HTtexts.html,HT,crete_central,administrative_tablet_like,clay_or_object_unknown,unknown,unclassified,18,7,18,18,*164A AB02 AB07 AB13 AB164A AB31 AB37 AB51 AB60 DI DU ME RA RO SA TE TI VINA,Bronze_Age_Linear_A_period_unverified,requires_source_metadata_review,0,0,1,0,0.0000,Inferred from artifact ID and normalized sequence; needs expert metadata enrichment.
HT 2,local_merged_sigla_younger_internal,http://sigla.phis.me/document/HT%202/index-word.html; https://web.archive.org/web/20190416193018/http://www.people.ku.edu/~jyounger/LinearA/HTtexts.html,HT,crete_central,administrative_tablet_like,clay_or_object_unknown,unknown,unclassified,20,7,20,20,A AB06 AB08 AB26 AB27 AB59 AB67 AB77 E KA NA OLE RE RU TA U ]KI ]OLE,Bronze_Age_Linear_A_period_unverified,requires_source_metadata_review,0,0,1,0,0.0000,Inferred from artifact ID and normalized sequence; needs expert metadata enrichment.
HT 20,local_merged_sigla_younger_internal,http://sigla.phis.me/document/HT%2020/index-word.html; https://web.archive.org/web/20190416193018/http://www.people.ku.edu/~jyounger/LinearA/HTtexts.html,HT,crete_central,administrative_tablet_like,clay_or_object_unknown,unknown,unclassified,25,9,25,25,AB02 AB03 AB27 AB31 AB58 AB65 AB78 AB80 AB81 CAPM JU KU MA PA QE RE RO SA SU,Bronze_Age_Linear_A_period_unverified,requires_source_metadata_review,0,0,0,0,0.0000,Inferred from artifact ID and normalized sequence; needs expert metadata enrichment.
HT 21,local_merged_sigla_younger_internal,http://sigla.phis.me/document/HT%2021/index-word.html; https://web.archive.org/web/20190416193018/http://www.people.ku.edu/~jyounger/LinearA/HTtexts.html,HT,crete_central,administrative_tablet_like,clay_or_object_unknown,administrative,commodity_accounting,15,6,15,15,AB09 AB39 AB59 AB77 E GRA KA OLE OLIV PI SE TA TE U,Bronze_Age_Linear_A_period_unverified,requires_source_metadata_review,0,1,1,0,0.0000,Inferred from artifact ID and normalized sequence; needs expert metadata enrichment.
HT 22,local_merged_sigla_younger_internal,https://web.archive.org/web/20190416193018/http://www.people.ku.edu/~jyounger/LinearA/HTtexts.html,HT,crete_central,administrative_tablet_like,clay_or_object_unknown,administrative,commodity_accounting,2,1,2,2,GRA L2,Bronze_Age_Linear_A_period_unverified,requires_source_metadata_review,0,1,1,0,0.0000,Inferred from artifact ID and normalized sequence; needs expert metadata enrichment.
HT 23,local_merged_sigla_younger_internal,https://web.archive.org/web/20190416193018/http://www.people.ku.edu/~jyounger/LinearA/HTtexts.html,HT,crete_central,administrative_tablet_like,clay_or_object_unknown,unknown,short_mark_or_label,33,15,33,33,DESUNT JA KA KO ME MI NA NE NI OLE OLE[ PU QA QIF RA RE RI RU SA SI TU VINA [?],Bronze_Age_Linear_A_period_unverified,requires_source_metadata_review,0,0,1,0,0.0606,Inferred from artifact ID and normalized sequence; needs expert metadata enrichment.
HT 23A,local_merged_sigla_younger_internal,http://sigla.phis.me/document/HT%2023a/index-word.html,HT,crete_central,administrative_tablet_like,clay_or_object_unknown,unknown,unclassified,11,4,11,11,AB06 AB13 AB16 AB21F AB26 AB31 AB53 AB69 AB70 AB77,Bronze_Age_Linear_A_period_unverified,requires_source_metadata_review,0,0,0,0,0.0000,Inferred from artifact ID and normalized sequence; needs expert metadata enrichment.
HT 23B,local_merged_sigla_younger_internal,http://sigla.phis.me/document/HT%2023b/index-word.html,HT,crete_central,administrative_tablet_like,clay_or_object_unknown,unknown,short_mark_or_label,4,3,4,4,AB23 AB30 AB50 AB60,Bronze_Age_Linear_A_period_unverified,requires_source_metadata_review,0,0,0,0,0.0000,Inferred from artifact ID and normalized sequence; needs expert metadata enrichment.
HT 24,local_merged_sigla_younger_internal,https://web.archive.org/web/20190416193018/http://www.people.ku.edu/~jyounger/LinearA/HTtexts.html,HT,crete_central,administrative_tablet_like,clay_or_object_unknown,unknown,unclassified,24,8,24,24,I JA KA KI KO KU MA ME PA PA3 RI RU RU[ SA SI,Bronze_Age_Linear_A_period_unverified,requires_source_metadata_review,0,0,0,0,0.0000,Inferred from artifact ID and normalized sequence; needs expert metadata enrichment.
HT 24A,local_merged_sigla_younger_internal,http://sigla.phis.me/document/HT%2024a/index-word.html,HT,crete_central,administrative_tablet_like,clay_or_object_unknown,unknown,unclassified,11,3,11,11,AB03 AB26 AB28 AB31 AB53 AB56 AB57 AB70 AB81,Bronze_Age_Linear_A_period_unverified,requires_source_metadata_review,0,0,0,0,0.0000,Inferred from artifact ID and normalized sequence; needs expert metadata enrichment.
HT 25,local_merged_sigla_younger_internal,https://web.archive.org/web/20190416193018/http://www.people.ku.edu/~jyounger/LinearA/HTtexts.html,HT,crete_central,administrative_tablet_like,clay_or_object_unknown,unknown,unclassified,32,11,32,32,A DI DU I JU KI KU NA NI NU[ PU2 QE RA RE RI RO RU TA TE TI TU U VIR WI WI[ ZU ]RU,Bronze_Age_Linear_A_period_unverified,requires_source_metadata_review,0,0,0,0,0.0000,Inferred from artifact ID and normalized sequence; needs expert metadata enrichment.
HT 25A,local_merged_sigla_younger_internal,http://sigla.phis.me/document/HT%2025a/index-word.html,HT,crete_central,administrative_tablet_like,clay_or_object_unknown,unknown,unclassified,24,8,24,24,AB06 AB07 AB08 AB10 AB26 AB27 AB28 AB29 AB30 AB40 AB51 AB53 AB55 AB59 AB60 AB65 AB67 AB69 AB78 AB79,Bronze_Age_Linear_A_period_unverified,requires_source_metadata_review,0,0,0,0,0.0000,Inferred from artifact ID and normalized sequence; needs expert metadata enrichment.
HT 25B,local_merged_sigla_younger_internal,http://sigla.phis.me/document/HT%2025b/index-word.html,HT,crete_central,administrative_tablet_like,clay_or_object_unknown,unknown,short_mark_or_label,7,3,7,7,AB02 AB04 AB28 AB37 AB40 AB81,Bronze_Age_Linear_A_period_unverified,requires_source_metadata_review,0,0,0,0,0.0000,Inferred from artifact ID and normalized sequence; needs expert metadata enrichment.
HT 26,local_merged_sigla_younger_internal,https://web.archive.org/web/20190416193018/http://www.people.ku.edu/~jyounger/LinearA/HTtexts.html,HT,crete_central,administrative_tablet_like,clay_or_object_unknown,unknown,short_mark_or_label,24,9,24,24,*406VAS 406VAS KA KE KI ME MI NA NI NU QIF RO SE TA TE TI U VIR ZU,Bronze_Age_Linear_A_period_unverified,requires_source_metadata_review,0,0,0,0,0.0000,Inferred from artifact ID and normalized sequence; needs expert metadata enrichment.
HT 26A,local_merged_sigla_younger_internal,http://sigla.phis.me/document/HT%2026a/index-word.html,HT,crete_central,administrative_tablet_like,clay_or_object_unknown,unknown,unclassified,12,4,12,12,A312 AB04 AB06 AB09 AB10 AB21F AB37 AB55 AB59 AB67 AB73,Bronze_Age_Linear_A_period_unverified,requires_source_metadata_review,0,0,0,0,0.0000,Inferred from artifact ID and normalized sequence; needs expert metadata enrichment.
HT 26B,local_merged_sigla_younger_internal,http://sigla.phis.me/document/HT%2026b/index-word.html,HT,crete_central,administrative_tablet_like,clay_or_object_unknown,unknown,unclassified,11,4,11,11,A308 AB02 AB03 AB10 AB188 AB28 AB30 AB77 AB79 AB86,Bronze_Age_Linear_A_period_unverified,requires_source_metadata_review,0,0,0,0,0.0000,Inferred from artifact ID and normalized sequence; needs expert metadata enrichment.
HT 27,local_merged_sigla_younger_internal,https://web.archive.org/web/20190416193018/http://www.people.ku.edu/~jyounger/LinearA/HTtexts.html,HT,crete_central,administrative_tablet_like,clay_or_object_unknown,administrative,commodity_accounting,25,11,25,25,DA DI FIC GRA KI KU MI NI RA RO SA TA TI VINA VIR WA ]I ]MI ]SA,Bronze_Age_Linear_A_period_unverified,requires_source_metadata_review,0,1,1,0,0.0000,Inferred from artifact ID and normalized sequence; needs expert metadata enrichment.
HT 27A,local_merged_sigla_younger_internal,http://sigla.phis.me/document/HT%2027a/index-word.html,HT,crete_central,administrative_tablet_like,clay_or_object_unknown,unknown,short_mark_or_label,19,8,19,19,A305 A310 AB01 AB02 AB07 AB28 AB30 AB31 AB37 AB59 AB60 AB67 AB73 AB78 AB81,Bronze_Age_Linear_A_period_unverified,requires_source_metadata_review,0,0,0,0,0.0000,Inferred from artifact ID and normalized sequence; needs expert metadata enrichment.
HT 27B,local_merged_sigla_younger_internal,http://sigla.phis.me/document/HT%2027b/index-word.html,HT,crete_central,administrative_tablet_like,clay_or_object_unknown,unknown,short_mark_or_label,6,3,6,6,AB01 AB03 AB09 AB73 [?],Bronze_Age_Linear_A_period_unverified,requires_source_metadata_review,0,0,0,0,0.3333,Inferred from artifact ID and normalized sequence; needs expert metadata enrichment.
HT 28,local_merged_sigla_younger_internal,https://web.archive.org/web/20190416193018/http://www.people.ku.edu/~jyounger/LinearA/HTtexts.html,HT,crete_central,administrative_tablet_like,clay_or_object_unknown,administrative,commodity_accounting,46,18,46,46,A DA DI FIC GRA I JA KA KI MI NA OLE PU QE QIF RA RA2 RU SA SI TA TU U VINA VIR WI,Bronze_Age_Linear_A_period_unverified,requires_source_metadata_review,0,1,1,0,0.0000,Inferred from artifact ID and normalized sequence; needs expert metadata enrichment.
HT 28A,local_merged_sigla_younger_internal,http://sigla.phis.me/document/HT%2028a/index-word.html,HT,crete_central,administrative_tablet_like,clay_or_object_unknown,unknown,unclassified,15,5,15,15,AB01 AB08 AB21F AB26 AB28 AB31 AB41 AB57 AB59 AB60 AB72 AB77,Bronze_Age_Linear_A_period_unverified,requires_source_metadata_review,0,0,0,0,0.0000,Inferred from artifact ID and normalized sequence; needs expert metadata enrichment.
HT 28B,local_merged_sigla_younger_internal,http://sigla.phis.me/document/HT%2028b/index-word.html,HT,crete_central,administrative_tablet_like,clay_or_object_unknown,unknown,unclassified,17,6,17,17,AB06 AB07 AB08 AB10 AB21F AB31 AB40 AB41 AB50 AB57 AB73 AB76 AB77,Bronze_Age_Linear_A_period_unverified,requires_source_metadata_review,0,0,0,0,0.0000,Inferred from artifact ID and normalized sequence; needs expert metadata enrichment.
HT 29,local_merged_sigla_younger_internal,http://sigla.phis.me/document/HT%2029/index-word.html; https://web.archive.org/web/20190416193018/http://www.people.ku.edu/~jyounger/LinearA/HTtexts.html,HT,crete_central,administrative_tablet_like,clay_or_object_unknown,unknown,unclassified,42,13,42,42,A A323 A340 AB01 AB03 AB07 AB08 AB24 AB26 AB27 AB28 AB31 AB51 AB57 AB59 AB67 AB73 AB77 AB80 DA DU I JA KA MA MI NE PA RE RU SA TA ]DI,Bronze_Age_Linear_A_period_unverified,requires_source_metadata_review,0,0,0,0,0.0000,Inferred from artifact ID and normalized sequence; needs expert metadata enrichment.
HT 3,local_merged_sigla_younger_internal,http://sigla.phis.me/document/HT%203/index-word.html; https://web.archive.org/web/20190416193018/http://www.people.ku.edu/~jyounger/LinearA/HTtexts.html,HT,crete_central,administrative_tablet_like,clay_or_object_unknown,unknown,short_mark_or_label,34,14,34,34,AB01 AB06 AB07 AB07? AB23 AB26 AB27 AB41 AB55 AB56 AB57 AB69 AB76 AB78 AB80 AB81 DI JA[ MA MU NU PA3 QE RA2 RE RU TU ]KU ]SI,Bronze_Age_Linear_A_period_unverified,requires_source_metadata_review,0,0,0,0,0.0000,Inferred from artifact ID and normalized sequence; needs expert metadata enrichment.
HT 30,local_merged_sigla_younger_internal,http://sigla.phis.me/document/HT%2030/index-word.html; https://web.archive.org/web/20190416193018/http://www.people.ku.edu/~jyounger/LinearA/HTtexts.html,HT,crete_central,administrative_tablet_like,clay_or_object_unknown,unknown,short_mark_or_label,22,11,22,22,AB02 AB31 AB60 AB67 AB76 BOSM FIC KI OLE PU QA RA RA2 RO SA TA VINA [?],Bronze_Age_Linear_A_period_unverified,requires_source_metadata_review,0,0,1,0,0.0455,Inferred from artifact ID and normalized sequence; needs expert metadata enrichment.
HT 31,local_merged_sigla_younger_internal,http://sigla.phis.me/document/HT%2031/index-word.html; https://web.archive.org/web/20190416193018/http://www.people.ku.edu/~jyounger/LinearA/HTtexts.html,HT,crete_central,administrative_tablet_like,clay_or_object_unknown,unknown,unclassified,56,18,56,56,*402VAS *410VAS *415VAS *416VAS A323 AB02 AB03 AB06 AB16 AB31 AB37 AB45 AB50 AB56 AB57 AB58 AB59 AB60 AB67 AB70 AB77 AB78 AB80 DE JA KA KI KO MA NA PA PA3 PU QA QE RA RO SA SU TA TI [?],Bronze_Age_Linear_A_period_unverified,requires_source_metadata_review,0,0,0,0,0.0179,Inferred from artifact ID and normalized sequence; needs expert metadata enrichment.
HT 32,local_merged_sigla_younger_internal,http://sigla.phis.me/document/HT%2032/index-word.html; https://web.archive.org/web/20190416193018/http://www.people.ku.edu/~jyounger/LinearA/HTtexts.html,HT,crete_central,administrative_tablet_like,clay_or_object_unknown,unknown,short_mark_or_label,21,9,21,21,AB27 AB31 AB58 AB76 JA MI NE NE[ OLE PU QA RA2 RE RU SA SU [?],Bronze_Age_Linear_A_period_unverified,requires_source_metadata_review,0,0,1,0,0.0952,Inferred from artifact ID and normalized sequence; needs expert metadata enrichment.
HT 33,local_merged_sigla_younger_internal,http://sigla.phis.me/document/HT%2033/index-word.html; https://web.archive.org/web/20190416193018/http://www.people.ku.edu/~jyounger/LinearA/HTtexts.html,HT,crete_central,administrative_tablet_like,clay_or_object_unknown,unknown,short_mark_or_label,19,8,19,19,AB31 AB76 E JA KA MI PA3 PU QA QE RA2 RE SA [?] ]VEST,Bronze_Age_Linear_A_period_unverified,requires_source_metadata_review,0,0,0,0,0.1053,Inferred from artifact ID and normalized sequence; needs expert metadata enrichment.
HT 34,local_merged_sigla_younger_internal,http://sigla.phis.me/document/HT%2034/index-word.html; https://web.archive.org/web/20190416193018/http://www.people.ku.edu/~jyounger/LinearA/HTtexts.html,HT,crete_central,administrative_tablet_like,clay_or_object_unknown,unknown,unclassified,39,16,39,39,A516 AB01 AB02 AB04 AB31 AB41 AB65 AB67 AB76 DA E GRA JA JU KA KI KU MI MU PA3 PU QA RA2 RE RO RU SA SI[ TE [?] ]I,Bronze_Age_Linear_A_period_unverified,requires_source_metadata_review,0,0,1,0,0.0769,Inferred from artifact ID and normalized sequence; needs expert metadata enrichment.
HT 35,local_merged_sigla_younger_internal,http://sigla.phis.me/document/HT%2035/index-word.html; https://web.archive.org/web/20190416193018/http://www.people.ku.edu/~jyounger/LinearA/HTtexts.html,HT,crete_central,administrative_tablet_like,clay_or_object_unknown,unknown,unclassified,23,9,23,23,AB28 AB37 AB59 AB81 I JA KU MI OLE PU QA RI RU TA TI VINA [?],Bronze_Age_Linear_A_period_unverified,requires_source_metadata_review,0,0,1,0,0.0435,Inferred from artifact ID and normalized sequence; needs expert metadata enrichment.
HT 36,local_merged_sigla_younger_internal,http://sigla.phis.me/document/HT%2036/index-word.html; https://web.archive.org/web/20190416193018/http://www.people.ku.edu/~jyounger/LinearA/HTtexts.html,HT,crete_central,administrative_tablet_like,clay_or_object_unknown,unknown,short_mark_or_label,10,4,10,10,AB07 AB46 AB51 AB54 AB79 DI DU JE WA ZU,Bronze_Age_Linear_A_period_unverified,requires_source_metadata_review,0,0,0,0,0.0000,Inferred from artifact ID and normalized sequence; needs expert metadata enrichment.
HT 37,local_merged_sigla_younger_internal,http://sigla.phis.me/document/HT%2037/index-word.html; https://web.archive.org/web/20190416193018/http://www.people.ku.edu/~jyounger/LinearA/HTtexts.html,HT,crete_central,administrative_tablet_like,clay_or_object_unknown,unknown,short_mark_or_label,25,11,25,25,A310 AB02 AB06? AB08 AB27 AB58 AB67 AB77 AB78 I JA KA KI MI RE RO SU[ [?] ]RE,Bronze_Age_Linear_A_period_unverified,requires_source_metadata_review,0,0,0,0,0.0800,Inferred from artifact ID and normalized sequence; needs expert metadata enrichment.
HT 38,local_merged_sigla_younger_internal,http://sigla.phis.me/document/HT%2038/index-word.html; https://web.archive.org/web/20190416193018/http://www.people.ku.edu/~jyounger/LinearA/HTtexts.html,HT,crete_central,administrative_tablet_like,clay_or_object_unknown,unknown,short_mark_or_label,13,7,13,13,*403VAS A AB01 AB02 AB03 DA KA KU OVIS PA RO SUS TELA,Bronze_Age_Linear_A_period_unverified,requires_source_metadata_review,0,0,1,0,0.0000,Inferred from artifact ID and normalized sequence; needs expert metadata enrichment.
HT 39,local_merged_sigla_younger_internal,http://sigla.phis.me/document/HT%2039/index-word.html; https://web.archive.org/web/20190416193018/http://www.people.ku.edu/~jyounger/LinearA/HTtexts.html,HT,crete_central,administrative_tablet_like,clay_or_object_unknown,unknown,short_mark_or_label,28,12,28,28,*407VAS A AB02 AB123 AB27 AB27? AB28 AB31 AB37 AB59 AB65 AB80 AB81 I JU KU MA RE RO TA TI ]KU ]SA,Bronze_Age_Linear_A_period_unverified,requires_source_metadata_review,0,0,0,0,0.0000,Inferred from artifact ID and normalized sequence; needs expert metadata enrichment.
HT 4,local_merged_sigla_younger_internal,http://sigla.phis.me/document/HT%204/index-word.html; https://web.archive.org/web/20190416193018/http://www.people.ku.edu/~jyounger/LinearA/HTtexts.html,HT,crete_central,administrative_tablet_like,clay_or_object_unknown,unknown,unclassified,25,7,25,25,A306 AB03 AB04 AB07 AB08 AB27 AB27? AB37 AB39 AB41 AB51 AB53 AB59 AB77 DI DU PA PI RE[ RI SI TE [?] ]TA,Bronze_Age_Linear_A_period_unverified,requires_source_metadata_review,0,0,0,0,0.0800,Inferred from artifact ID and normalized sequence; needs expert metadata enrichment.
HT 40,local_merged_sigla_younger_internal,http://sigla.phis.me/document/HT%2040/index-word.html; https://web.archive.org/web/20190416193018/http://www.people.ku.edu/~jyounger/LinearA/HTtexts.html,HT,crete_central,administrative_tablet_like,clay_or_object_unknown,unknown,short_mark_or_label,19,9,19,19,A331 AB01 AB02 AB51 AB55 AB59 AB67 AB81 DA DU GRA GRA[] KI KU NU RO TA TE,Bronze_Age_Linear_A_period_unverified,requires_source_metadata_review,0,0,1,0,0.0000,Inferred from artifact ID and normalized sequence; needs expert metadata enrichment.
HT 41,local_merged_sigla_younger_internal,https://web.archive.org/web/20190416193018/http://www.people.ku.edu/~jyounger/LinearA/HTtexts.html,HT,crete_central,administrative_tablet_like,clay_or_object_unknown,unknown,unclassified,7,2,7,7,DA JA MI NI PA TU ]QE,Bronze_Age_Linear_A_period_unverified,requires_source_metadata_review,0,0,0,0,0.0000,Inferred from artifact ID and normalized sequence; needs expert metadata enrichment.
HT 41A,local_merged_sigla_younger_internal,http://sigla.phis.me/document/HT%2041a/index-word.html,HT,crete_central,administrative_tablet_like,clay_or_object_unknown,unknown,short_mark_or_label,7,3,7,7,AB01 AB03 AB30 AB57 AB69 AB73 AB78,Bronze_Age_Linear_A_period_unverified,requires_source_metadata_review,0,0,0,0,0.0000,Inferred from artifact ID and normalized sequence; needs expert metadata enrichment.
HT 42 59,local_merged_sigla_younger_internal,http://sigla.phis.me/document/HT%2042%2B59/index-word.html; https://web.archive.org/web/20190416193018/http://www.people.ku.edu/~jyounger/LinearA/HTtexts.html,HT,crete_central,administrative_tablet_like,clay_or_object_unknown,unknown,short_mark_or_label,17,9,17,17,AB02 AB27 AB31 AB51 AB58 AB59 AB69 AB81 DU[ RE RO SA SE SI SU TE TU,Bronze_Age_Linear_A_period_unverified,requires_source_metadata_review,0,0,0,0,0.0000,Inferred from artifact ID and normalized sequence; needs expert metadata enrichment.
HT 43,local_merged_sigla_younger_internal,http://sigla.phis.me/document/HT%2043/index-word.html; https://web.archive.org/web/20190416193018/http://www.people.ku.edu/~jyounger/LinearA/HTtexts.html,HT,crete_central,administrative_tablet_like,clay_or_object_unknown,unknown,unclassified,14,4,14,14,A342 AB03 AB28 AB41 AB51 AB80 DU GRA I MA PA SI,Bronze_Age_Linear_A_period_unverified,requires_source_metadata_review,0,0,1,0,0.0000,Inferred from artifact ID and normalized sequence; needs expert metadata enrichment.
HT 44,local_merged_sigla_younger_internal,https://web.archive.org/web/20190416193018/http://www.people.ku.edu/~jyounger/LinearA/HTtexts.html,HT,crete_central,administrative_tablet_like,clay_or_object_unknown,unknown,short_mark_or_label,15,9,15,15,F FIC[ GRA I KI OLE OLIV QA RA TE U VINA[ ]FIC ]OLE,Bronze_Age_Linear_A_period_unverified,requires_source_metadata_review,0,0,1,0,0.0000,Inferred from artifact ID and normalized sequence; needs expert metadata enrichment.
HT 44A,local_merged_sigla_younger_internal,http://sigla.phis.me/document/HT%2044a/index-word.html,HT,crete_central,administrative_tablet_like,clay_or_object_unknown,unknown,unclassified,3,1,3,3,AB118 AB16 AB28,Bronze_Age_Linear_A_period_unverified,requires_source_metadata_review,0,0,0,0,0.0000,Inferred from artifact ID and normalized sequence; needs expert metadata enrichment.
HT 44B,local_merged_sigla_younger_internal,http://sigla.phis.me/document/HT%2044b/index-word.html,HT,crete_central,administrative_tablet_like,clay_or_object_unknown,unknown,short_mark_or_label,1,1,1,1,AB57?,Bronze_Age_Linear_A_period_unverified,requires_source_metadata_review,0,0,0,0,0.0000,Inferred from artifact ID and normalized sequence; needs expert metadata enrichment.
HT 45,local_merged_sigla_younger_internal,https://web.archive.org/web/20190416193018/http://www.people.ku.edu/~jyounger/LinearA/HTtexts.html,HT,crete_central,administrative_tablet_like,clay_or_object_unknown,unknown,unclassified,4,1,4,4,PU QA RE [?],Bronze_Age_Linear_A_period_unverified,requires_source_metadata_review,0,0,0,0,0.2500,Inferred from artifact ID and normalized sequence; needs expert metadata enrichment.
HT 45A,local_merged_sigla_younger_internal,http://sigla.phis.me/document/HT%2045a/index-word.html,HT,crete_central,administrative_tablet_like,clay_or_object_unknown,unknown,short_mark_or_label,1,1,1,1,AB03,Bronze_Age_Linear_A_period_unverified,requires_source_metadata_review,0,0,0,0,0.0000,Inferred from artifact ID and normalized sequence; needs expert metadata enrichment.
HT 45B,local_merged_sigla_younger_internal,http://sigla.phis.me/document/HT%2045b/index-word.html,HT,crete_central,administrative_tablet_like,clay_or_object_unknown,unknown,unclassified,4,2,4,4,AB02 AB08 AB81 [?],Bronze_Age_Linear_A_period_unverified,requires_source_metadata_review,0,0,0,0,0.2500,Inferred from artifact ID and normalized sequence; needs expert metadata enrichment.
HT 46,local_merged_sigla_younger_internal,https://web.archive.org/web/20190416193018/http://www.people.ku.edu/~jyounger/LinearA/HTtexts.html,HT,crete_central,administrative_tablet_like,clay_or_object_unknown,administrative,total_formula_candidate,4,2,4,4,RO RU ]KU ]MU,Bronze_Age_Linear_A_period_unverified,requires_source_metadata_review,0,1,0,0,0.0000,Inferred from artifact ID and normalized sequence; needs expert metadata enrichment.
HT 46A,local_merged_sigla_younger_internal,http://sigla.phis.me/document/HT%2046a/index-word.html,HT,crete_central,administrative_tablet_like,clay_or_object_unknown,unknown,short_mark_or_label,4,2,4,4,AB02 AB23 AB26 AB81,Bronze_Age_Linear_A_period_unverified,requires_source_metadata_review,0,0,0,0,0.0000,Inferred from artifact ID and normalized sequence; needs expert metadata enrichment.
HT 47,local_merged_sigla_younger_internal,https://web.archive.org/web/20190416193018/http://www.people.ku.edu/~jyounger/LinearA/HTtexts.html,HT,crete_central,administrative_tablet_like,clay_or_object_unknown,unknown,unclassified,16,6,16,16,DA DESUNT KI KU MI NA NU PA3 RE[ RO TU ]RA ]TU,Bronze_Age_Linear_A_period_unverified,requires_source_metadata_review,0,0,0,0,0.0000,Inferred from artifact ID and normalized sequence; needs expert metadata enrichment.
HT 47A,local_merged_sigla_younger_internal,http://sigla.phis.me/document/HT%2047a/index-word.html,HT,crete_central,administrative_tablet_like,clay_or_object_unknown,unknown,short_mark_or_label,14,7,14,14,AB01 AB02 AB06 AB10 AB39 AB51 AB55 AB56 AB67 AB69 AB73 AB77 AB81,Bronze_Age_Linear_A_period_unverified,requires_source_metadata_review,0,0,0,0,0.0000,Inferred from artifact ID and normalized sequence; needs expert metadata enrichment.
HT 47B,local_merged_sigla_younger_internal,http://sigla.phis.me/document/HT%2047b/index-word.html,HT,crete_central,administrative_tablet_like,clay_or_object_unknown,unknown,unclassified,3,1,3,3,AB06 AB27 AB60,Bronze_Age_Linear_A_period_unverified,requires_source_metadata_review,0,0,0,0,0.0000,Inferred from artifact ID and normalized sequence; needs expert metadata enrichment.
HT 49,local_merged_sigla_younger_internal,https://web.archive.org/web/20190416193018/http://www.people.ku.edu/~jyounger/LinearA/HTtexts.html,HT,crete_central,administrative_tablet_like,clay_or_object_unknown,unknown,unclassified,16,6,16,16,A DU KU NA NI NU PA3 PU2 RA RU SI SU TA TI TU,Bronze_Age_Linear_A_period_unverified,requires_source_metadata_review,0,0,0,0,0.0000,Inferred from artifact ID and normalized sequence; needs expert metadata enrichment.
HT 49A,local_merged_sigla_younger_internal,http://sigla.phis.me/document/HT%2049a/index-word.html,HT,crete_central,administrative_tablet_like,clay_or_object_unknown,unknown,short_mark_or_label,24,10,24,24,AB06 AB08 AB26 AB29 AB30 AB37 AB41 AB51 AB53 AB55 AB56 AB58 AB59 AB60 AB67? AB69 AB76 AB81 [?],Bronze_Age_Linear_A_period_unverified,requires_source_metadata_review,0,0,0,0,0.1250,Inferred from artifact ID and normalized sequence; needs expert metadata enrichment.
HT 49B,local_merged_sigla_younger_internal,http://sigla.phis.me/document/HT%2049b/index-word.html,HT,crete_central,administrative_tablet_like,clay_or_object_unknown,unknown,short_mark_or_label,4,4,4,4,AB28 AB59 AB77 AB81,Bronze_Age_Linear_A_period_unverified,requires_source_metadata_review,0,0,0,0,0.0000,Inferred from artifact ID and normalized sequence; needs expert metadata enrichment.
HT 5,local_merged_sigla_younger_internal,http://sigla.phis.me/document/HT%205/index-word.html; https://web.archive.org/web/20190416193018/http://www.people.ku.edu/~jyounger/LinearA/HTtexts.html,HT,crete_central,administrative_tablet_like,clay_or_object_unknown,unknown,short_mark_or_label,10,5,10,10,A307 AB40 AB41 AB51 AB80 DU MA SI WI [?],Bronze_Age_Linear_A_period_unverified,requires_source_metadata_review,0,0,0,0,0.1000,Inferred from artifact ID and normalized sequence; needs expert metadata enrichment.
HT 50,local_merged_sigla_younger_internal,https://web.archive.org/web/20190416193018/http://www.people.ku.edu/~jyounger/LinearA/HTtexts.html,HT,crete_central,administrative_tablet_like,clay_or_object_unknown,administrative,commodity_accounting,14,8,14,14,DI[ E KI KI[ MI OLE OLIV TU ]GRA[ ]OLE ]OLIV,Bronze_Age_Linear_A_period_unverified,requires_source_metadata_review,0,1,1,0,0.0000,Inferred from artifact ID and normalized sequence; needs expert metadata enrichment.
HT 51,local_merged_sigla_younger_internal,https://web.archive.org/web/20190416193018/http://www.people.ku.edu/~jyounger/LinearA/HTtexts.html,HT,crete_central,administrative_tablet_like,clay_or_object_unknown,unknown,short_mark_or_label,9,4,9,9,DU FIC ME NI[ TA TE TI ZU ]KU,Bronze_Age_Linear_A_period_unverified,requires_source_metadata_review,0,0,1,0,0.0000,Inferred from artifact ID and normalized sequence; needs expert metadata enrichment.
HT 51A,local_merged_sigla_younger_internal,http://sigla.phis.me/document/HT%2051a/index-word.html,HT,crete_central,administrative_tablet_like,clay_or_object_unknown,unknown,short_mark_or_label,4,2,4,4,AB27 AB30 AB37 [?],Bronze_Age_Linear_A_period_unverified,requires_source_metadata_review,0,0,0,0,0.2500,Inferred from artifact ID and normalized sequence; needs expert metadata enrichment.
HT 51B,local_merged_sigla_younger_internal,http://sigla.phis.me/document/HT%2051b/index-word.html,HT,crete_central,administrative_tablet_like,clay_or_object_unknown,unknown,short_mark_or_label,6,3,6,6,AB13 AB41 AB51 AB59 AB79 AB81,Bronze_Age_Linear_A_period_unverified,requires_source_metadata_review,0,0,0,0,0.0000,Inferred from artifact ID and normalized sequence; needs expert metadata enrichment.
HT 52,local_merged_sigla_younger_internal,https://web.archive.org/web/20190416193018/http://www.people.ku.edu/~jyounger/LinearA/HTtexts.html,HT,crete_central,administrative_tablet_like,clay_or_object_unknown,unknown,short_mark_or_label,7,4,7,7,DESUNT DI GRA KA KI MA SA,Bronze_Age_Linear_A_period_unverified,requires_source_metadata_review,0,0,1,0,0.0000,Inferred from artifact ID and normalized sequence; needs expert metadata enrichment.
HT 52A,local_merged_sigla_younger_internal,http://sigla.phis.me/document/HT%2052a/index-word.html,HT,crete_central,administrative_tablet_like,clay_or_object_unknown,unknown,unclassified,5,2,5,5,AB07 AB31 AB69 AB77 AB80,Bronze_Age_Linear_A_period_unverified,requires_source_metadata_review,0,0,0,0,0.0000,Inferred from artifact ID and normalized sequence; needs expert metadata enrichment.
HT 52B,local_merged_sigla_younger_internal,http://sigla.phis.me/document/HT%2052b/index-word.html,HT,crete_central,administrative_tablet_like,clay_or_object_unknown,unknown,short_mark_or_label,1,1,1,1,AB24,Bronze_Age_Linear_A_period_unverified,requires_source_metadata_review,0,0,0,0,0.0000,Inferred from artifact ID and normalized sequence; needs expert metadata enrichment.
HT 53A,local_merged_sigla_younger_internal,http://sigla.phis.me/document/HT%2053a/index-word.html,HT,crete_central,administrative_tablet_like,clay_or_object_unknown,unknown,short_mark_or_label,3,2,3,3,AB24 AB31 AB60,Bronze_Age_Linear_A_period_unverified,requires_source_metadata_review,0,0,0,0,0.0000,Inferred from artifact ID and normalized sequence; needs expert metadata enrichment.
HT 53B,local_merged_sigla_younger_internal,http://sigla.phis.me/document/HT%2053b/index-word.html,HT,crete_central,administrative_tablet_like,clay_or_object_unknown,unknown,short_mark_or_label,2,1,2,2,AB27 AB81,Bronze_Age_Linear_A_period_unverified,requires_source_metadata_review,0,0,0,0,0.0000,Inferred from artifact ID and normalized sequence; needs expert metadata enrichment.
HT 54,local_merged_sigla_younger_internal,https://web.archive.org/web/20190416193018/http://www.people.ku.edu/~jyounger/LinearA/HTtexts.html,HT,crete_central,administrative_tablet_like,clay_or_object_unknown,unknown,unclassified,7,2,7,7,KI MI NA QE[ RA2 ]KU,Bronze_Age_Linear_A_period_unverified,requires_source_metadata_review,0,0,0,0,0.0000,Inferred from artifact ID and normalized sequence; needs expert metadata enrichment.
HT 54A,local_merged_sigla_younger_internal,http://sigla.phis.me/document/HT%2054a/index-word.html,HT,crete_central,administrative_tablet_like,clay_or_object_unknown,unknown,short_mark_or_label,9,4,9,9,AB06 AB67 AB73 AB76 AB78 AB81 [?],Bronze_Age_Linear_A_period_unverified,requires_source_metadata_review,0,0,0,0,0.2222,Inferred from artifact ID and normalized sequence; needs expert metadata enrichment.
HT 54B,local_merged_sigla_younger_internal,http://sigla.phis.me/document/HT%2054b/index-word.html,HT,crete_central,administrative_tablet_like,clay_or_object_unknown,unknown,short_mark_or_label,1,1,1,1,AB67,Bronze_Age_Linear_A_period_unverified,requires_source_metadata_review,0,0,0,0,0.0000,Inferred from artifact ID and normalized sequence; needs expert metadata enrichment.
HT 55,local_merged_sigla_younger_internal,https://web.archive.org/web/20190416193018/http://www.people.ku.edu/~jyounger/LinearA/HTtexts.html,HT,crete_central,administrative_tablet_like,clay_or_object_unknown,unknown,short_mark_or_label,8,4,8,8,JA KI MA RE RO RU SI ]RI,Bronze_Age_Linear_A_period_unverified,requires_source_metadata_review,0,0,0,0,0.0000,Inferred from artifact ID and normalized sequence; needs expert metadata enrichment.
HT 55A,local_merged_sigla_younger_internal,http://sigla.phis.me/document/HT%2055a/index-word.html,HT,crete_central,administrative_tablet_like,clay_or_object_unknown,unknown,short_mark_or_label,8,5,8,8,AB02 AB24 AB26 AB27 AB41 AB67 AB69 AB80,Bronze_Age_Linear_A_period_unverified,requires_source_metadata_review,0,0,0,0,0.0000,Inferred from artifact ID and normalized sequence; needs expert metadata enrichment.
HT 55B,local_merged_sigla_younger_internal,http://sigla.phis.me/document/HT%2055b/index-word.html,HT,crete_central,administrative_tablet_like,clay_or_object_unknown,unknown,short_mark_or_label,5,4,5,5,AB04 AB28 AB53 AB57 AB78,Bronze_Age_Linear_A_period_unverified,requires_source_metadata_review,0,0,0,0,0.0000,Inferred from artifact ID and normalized sequence; needs expert metadata enrichment.
HT 56,local_merged_sigla_younger_internal,https://web.archive.org/web/20190416193018/http://www.people.ku.edu/~jyounger/LinearA/HTtexts.html,HT,crete_central,administrative_tablet_like,clay_or_object_unknown,unknown,short_mark_or_label,2,1,2,2,KI ]OLE,Bronze_Age_Linear_A_period_unverified,requires_source_metadata_review,0,0,0,0,0.0000,Inferred from artifact ID and normalized sequence; needs expert metadata enrichment.
HT 56A,local_merged_sigla_younger_internal,http://sigla.phis.me/document/HT%2056a/index-word.html,HT,crete_central,administrative_tablet_like,clay_or_object_unknown,unknown,short_mark_or_label,2,2,2,2,AB10 AB31,Bronze_Age_Linear_A_period_unverified,requires_source_metadata_review,0,0,0,0,0.0000,Inferred from artifact ID and normalized sequence; needs expert metadata enrichment.
HT 57,local_merged_sigla_younger_internal,https://web.archive.org/web/20190416193018/http://www.people.ku.edu/~jyounger/LinearA/HTtexts.html,HT,crete_central,administrative_tablet_like,clay_or_object_unknown,unknown,unclassified,3,1,3,3,DA QE RA[,Bronze_Age_Linear_A_period_unverified,requires_source_metadata_review,0,0,0,0,0.0000,Inferred from artifact ID and normalized sequence; needs expert metadata enrichment.
HT 57A,local_merged_sigla_younger_internal,http://sigla.phis.me/document/HT%2057a/index-word.html,HT,crete_central,administrative_tablet_like,clay_or_object_unknown,unknown,unclassified,4,2,4,4,AB01 AB08 AB60 AB78,Bronze_Age_Linear_A_period_unverified,requires_source_metadata_review,0,0,0,0,0.0000,Inferred from artifact ID and normalized sequence; needs expert metadata enrichment.
HT 58,local_merged_sigla_younger_internal,http://sigla.phis.me/document/HT%2058/index-word.html; https://web.archive.org/web/20190416193018/http://www.people.ku.edu/~jyounger/LinearA/HTtexts.html,HT,crete_central,administrative_tablet_like,clay_or_object_unknown,unknown,short_mark_or_label,18,8,18,18,AB10 AB37 AB51 AB60 AB78 DU E KI MI[ OLE OLIV QE RA TI U ]OLE ]U,Bronze_Age_Linear_A_period_unverified,requires_source_metadata_review,0,0,1,0,0.0000,Inferred from artifact ID and normalized sequence; needs expert metadata enrichment.
HT 6,local_merged_sigla_younger_internal,https://web.archive.org/web/20190416193018/http://www.people.ku.edu/~jyounger/LinearA/HTtexts.html,HT,crete_central,administrative_tablet_like,clay_or_object_unknown,unknown,unclassified,46,17,46,46,DA DI DU FIC I JA KA KI MA MI NA NE NI O PA PA3 PI QE RA RA2 RI RU SA SE TA TE TI WA,Bronze_Age_Linear_A_period_unverified,requires_source_metadata_review,0,0,1,0,0.0000,Inferred from artifact ID and normalized sequence; needs expert metadata enrichment.
HT 60,local_merged_sigla_younger_internal,https://web.archive.org/web/20190416193018/http://www.people.ku.edu/~jyounger/LinearA/HTtexts.html,HT,crete_central,administrative_tablet_like,clay_or_object_unknown,administrative,commodity_accounting,10,5,10,10,OLE PU QA RE RI VINA [?] ]OLE,Bronze_Age_Linear_A_period_unverified,requires_source_metadata_review,0,1,1,0,0.2000,Inferred from artifact ID and normalized sequence; needs expert metadata enrichment.
HT 61,local_merged_sigla_younger_internal,http://sigla.phis.me/document/HT%2061/index-word.html; https://web.archive.org/web/20190416193018/http://www.people.ku.edu/~jyounger/LinearA/HTtexts.html,HT,crete_central,administrative_tablet_like,clay_or_object_unknown,unknown,short_mark_or_label,6,3,6,6,AB37 AB73 GRA KU MI TI,Bronze_Age_Linear_A_period_unverified,requires_source_metadata_review,0,0,1,0,0.0000,Inferred from artifact ID and normalized sequence; needs expert metadata enrichment.
HT 62 73,local_merged_sigla_younger_internal,http://sigla.phis.me/document/HT%2062%2B73/index-word.html; https://web.archive.org/web/20190416193018/http://www.people.ku.edu/~jyounger/LinearA/HTtexts.html,HT,crete_central,administrative_tablet_like,clay_or_object_unknown,unknown,short_mark_or_label,35,17,35,35,AB02 AB03 AB06 AB100 AB28 AB28B AB31 AB37 AB55 AB60 AB67 AB70 AB77 AB78 AB81 GRA I KA KI[ KU PA QE[ RA RO SA TE VINA [?] ]SA ]VIR[,Bronze_Age_Linear_A_period_unverified,requires_source_metadata_review,0,0,1,0,0.1143,Inferred from artifact ID and normalized sequence; needs expert metadata enrichment.
HT 63,local_merged_sigla_younger_internal,http://sigla.phis.me/document/HT%2063/index-word.html; https://web.archive.org/web/20190416193018/http://www.people.ku.edu/~jyounger/LinearA/HTtexts.html,HT,crete_central,administrative_tablet_like,clay_or_object_unknown,unknown,short_mark_or_label,9,5,9,9,AB29 AB37 AB58 AB77 AB79 KA PU2[ SU TI,Bronze_Age_Linear_A_period_unverified,requires_source_metadata_review,0,0,0,0,0.0000,Inferred from artifact ID and normalized sequence; needs expert metadata enrichment.
HT 64,local_merged_sigla_younger_internal,http://sigla.phis.me/document/HT%2064/index-word.html; https://web.archive.org/web/20190416193018/http://www.people.ku.edu/~jyounger/LinearA/HTtexts.html,HT,crete_central,administrative_tablet_like,clay_or_object_unknown,unknown,short_mark_or_label,12,6,12,12,AB06 AB26 AB79 AB80 AB81 CAPM MA[ NA[ RU ZU ]KU,Bronze_Age_Linear_A_period_unverified,requires_source_metadata_review,0,0,0,0,0.0000,Inferred from artifact ID and normalized sequence; needs expert metadata enrichment.
HT 66,local_merged_sigla_younger_internal,http://sigla.phis.me/document/HT%2066/index-word.html; https://web.archive.org/web/20190416193018/http://www.people.ku.edu/~jyounger/LinearA/HTtexts.html,HT,crete_central,administrative_tablet_like,clay_or_object_unknown,unknown,short_mark_or_label,9,6,9,9,AB07 AB27 AB59 AB73 MI[ VIR ZU ]TA,Bronze_Age_Linear_A_period_unverified,requires_source_metadata_review,0,0,0,0,0.0000,Inferred from artifact ID and normalized sequence; needs expert metadata enrichment.
HT 67,local_merged_sigla_younger_internal,https://web.archive.org/web/20190416193018/http://www.people.ku.edu/~jyounger/LinearA/HTtexts.html,HT,crete_central,administrative_tablet_like,clay_or_object_unknown,administrative,commodity_accounting,4,2,4,4,FIC RO TE ]KU,Bronze_Age_Linear_A_period_unverified,requires_source_metadata_review,0,1,1,0,0.0000,Inferred from artifact ID and normalized sequence; needs expert metadata enrichment.
HT 68,local_merged_sigla_younger_internal,http://sigla.phis.me/document/HT%2068/index-word.html; https://web.archive.org/web/20190416193018/http://www.people.ku.edu/~jyounger/LinearA/HTtexts.html,HT,crete_central,administrative_tablet_like,clay_or_object_unknown,unknown,short_mark_or_label,2,2,2,2,AB65 VIR[,Bronze_Age_Linear_A_period_unverified,requires_source_metadata_review,0,0,0,0,0.0000,Inferred from artifact ID and normalized sequence; needs expert metadata enrichment.
HT 69,local_merged_sigla_younger_internal,http://sigla.phis.me/document/HT%2069/index-word.html; https://web.archive.org/web/20190416193018/http://www.people.ku.edu/~jyounger/LinearA/HTtexts.html,HT,crete_central,administrative_tablet_like,clay_or_object_unknown,unknown,short_mark_or_label,4,2,4,4,AB07 AB80 DI ]MA,Bronze_Age_Linear_A_period_unverified,requires_source_metadata_review,0,0,0,0,0.0000,Inferred from artifact ID and normalized sequence; needs expert metadata enrichment.
HT 6A,local_merged_sigla_younger_internal,http://sigla.phis.me/document/HT%206a/index-word.html,HT,crete_central,administrative_tablet_like,clay_or_object_unknown,unknown,unclassified,24,9,24,24,A321 A717 AB01 AB03 AB07 AB24 AB39 AB57 AB59 AB60 AB61 AB76 AB77 AB78 AB80,Bronze_Age_Linear_A_period_unverified,requires_source_metadata_review,0,0,0,0,0.0000,Inferred from artifact ID and normalized sequence; needs expert metadata enrichment.
HT 6B,local_merged_sigla_younger_internal,http://sigla.phis.me/document/HT%206b/index-word.html,HT,crete_central,administrative_tablet_like,clay_or_object_unknown,unknown,unclassified,17,6,17,17,AB01 AB06 AB09 AB30 AB31 AB37 AB51 AB51? AB54 AB56 AB60 AB67 AB73 AB80,Bronze_Age_Linear_A_period_unverified,requires_source_metadata_review,0,0,0,0,0.0000,Inferred from artifact ID and normalized sequence; needs expert metadata enrichment.
HT 7,local_merged_sigla_younger_internal,https://web.archive.org/web/20190416193018/http://www.people.ku.edu/~jyounger/LinearA/HTtexts.html,HT,crete_central,administrative_tablet_like,clay_or_object_unknown,unknown,short_mark_or_label,20,9,20,20,DA DU I JA NA NE QE QIF RE RU TA TE TI TU VIR,Bronze_Age_Linear_A_period_unverified,requires_source_metadata_review,0,0,0,0,0.0000,Inferred from artifact ID and normalized sequence; needs expert metadata enrichment.
HT 70,local_merged_sigla_younger_internal,http://sigla.phis.me/document/HT%2070/index-word.html; https://web.archive.org/web/20190416193018/http://www.people.ku.edu/~jyounger/LinearA/HTtexts.html,HT,crete_central,administrative_tablet_like,clay_or_object_unknown,unknown,unclassified,7,3,7,7,AB118 AB16 AB31 FIC SA TE ]QA,Bronze_Age_Linear_A_period_unverified,requires_source_metadata_review,0,0,1,0,0.0000,Inferred from artifact ID and normalized sequence; needs expert metadata enrichment.
HT 72,local_merged_sigla_younger_internal,http://sigla.phis.me/document/HT%2072/index-word.html,HT,crete_central,administrative_tablet_like,clay_or_object_unknown,unknown,short_mark_or_label,2,1,2,2,[?],Bronze_Age_Linear_A_period_unverified,requires_source_metadata_review,0,0,0,0,1.0000,Inferred from artifact ID and normalized sequence; needs expert metadata enrichment.
HT 74,local_merged_sigla_younger_internal,http://sigla.phis.me/document/HT%2074/index-word.html; https://web.archive.org/web/20190416193018/http://www.people.ku.edu/~jyounger/LinearA/HTtexts.html,HT,crete_central,administrative_tablet_like,clay_or_object_unknown,unknown,short_mark_or_label,4,2,4,4,AB02 AB81 RO ]KU,Bronze_Age_Linear_A_period_unverified,requires_source_metadata_review,0,0,0,0,0.0000,Inferred from artifact ID and normalized sequence; needs expert metadata enrichment.
HT 75,local_merged_sigla_younger_internal,http://sigla.phis.me/document/HT%2075/index-word.html; https://web.archive.org/web/20190416193018/http://www.people.ku.edu/~jyounger/LinearA/HTtexts.html,HT,crete_central,administrative_tablet_like,clay_or_object_unknown,unknown,short_mark_or_label,4,2,4,4,AB26 AB77 KA RU[,Bronze_Age_Linear_A_period_unverified,requires_source_metadata_review,0,0,0,0,0.0000,Inferred from artifact ID and normalized sequence; needs expert metadata enrichment.
HT 78,local_merged_sigla_younger_internal,http://sigla.phis.me/document/HT%2078/index-word.html,HT,crete_central,administrative_tablet_like,clay_or_object_unknown,unknown,short_mark_or_label,2,1,2,2,A312 AB23,Bronze_Age_Linear_A_period_unverified,requires_source_metadata_review,0,0,0,0,0.0000,Inferred from artifact ID and normalized sequence; needs expert metadata enrichment.
HT 79 83,local_merged_sigla_younger_internal,http://sigla.phis.me/document/HT%2079%2B83/index-word.html; https://web.archive.org/web/20190416193018/http://www.people.ku.edu/~jyounger/LinearA/HTtexts.html,HT,crete_central,administrative_tablet_like,clay_or_object_unknown,unknown,short_mark_or_label,17,9,17,17,AB01 AB03 AB28? AB30 AB53 AB56 AB69 AB77 AB79 AB81 DA NI[ PA PA3[ RI ]KU ]TU,Bronze_Age_Linear_A_period_unverified,requires_source_metadata_review,0,0,0,0,0.0000,Inferred from artifact ID and normalized sequence; needs expert metadata enrichment.
HT 7A,local_merged_sigla_younger_internal,http://sigla.phis.me/document/HT%207a/index-word.html,HT,crete_central,administrative_tablet_like,clay_or_object_unknown,unknown,short_mark_or_label,14,6,14,14,AB01 AB04 AB06 AB26 AB27 AB28 AB37 AB51 AB57 AB59 AB69 AB78,Bronze_Age_Linear_A_period_unverified,requires_source_metadata_review,0,0,0,0,0.0000,Inferred from artifact ID and normalized sequence; needs expert metadata enrichment.
HT 7B,local_merged_sigla_younger_internal,http://sigla.phis.me/document/HT%207b/index-word.html,HT,crete_central,administrative_tablet_like,clay_or_object_unknown,unknown,a_series_sequence,6,2,6,6,A329 AB01 AB21F AB24 AB26 AB69,Bronze_Age_Linear_A_period_unverified,requires_source_metadata_review,0,0,0,0,0.0000,Inferred from artifact ID and normalized sequence; needs expert metadata enrichment.
HT 8,local_merged_sigla_younger_internal,https://web.archive.org/web/20190416193018/http://www.people.ku.edu/~jyounger/LinearA/HTtexts.html,HT,crete_central,administrative_tablet_like,clay_or_object_unknown,unknown,short_mark_or_label,24,9,24,24,DI I JA JE KA KI NA OLE PA PA3 PU2 QA RA RE SI SU TA TI,Bronze_Age_Linear_A_period_unverified,requires_source_metadata_review,0,0,1,0,0.0000,Inferred from artifact ID and normalized sequence; needs expert metadata enrichment.
HT 80,local_merged_sigla_younger_internal,http://sigla.phis.me/document/HT%2080/index-word.html; https://web.archive.org/web/20190416193018/http://www.people.ku.edu/~jyounger/LinearA/HTtexts.html,HT,crete_central,administrative_tablet_like,clay_or_object_unknown,unknown,short_mark_or_label,4,2,4,4,AB60 AB65 RA[ ]JU,Bronze_Age_Linear_A_period_unverified,requires_source_metadata_review,0,0,0,0,0.0000,Inferred from artifact ID and normalized sequence; needs expert metadata enrichment.
HT 81,local_merged_sigla_younger_internal,http://sigla.phis.me/document/HT%2081/index-word.html; https://web.archive.org/web/20190416193018/http://www.people.ku.edu/~jyounger/LinearA/HTtexts.html,HT,crete_central,administrative_tablet_like,clay_or_object_unknown,unknown,short_mark_or_label,14,6,14,14,A AB08 AB09 AB53 AB58 AB67 AB80 JA MA MI RU SE SU ]RI,Bronze_Age_Linear_A_period_unverified,requires_source_metadata_review,0,0,0,0,0.0000,Inferred from artifact ID and normalized sequence; needs expert metadata enrichment.
HT 82,local_merged_sigla_younger_internal,https://web.archive.org/web/20190416193018/http://www.people.ku.edu/~jyounger/LinearA/HTtexts.html,HT,crete_central,administrative_tablet_like,clay_or_object_unknown,administrative,commodity_accounting,3,1,3,3,F GRA OVIS,Bronze_Age_Linear_A_period_unverified,requires_source_metadata_review,0,1,1,0,0.0000,Inferred from artifact ID and normalized sequence; needs expert metadata enrichment.
HT 84,local_merged_sigla_younger_internal,http://sigla.phis.me/document/HT%2084/index-word.html; https://web.archive.org/web/20190416193018/http://www.people.ku.edu/~jyounger/LinearA/HTtexts.html,HT,crete_central,administrative_tablet_like,clay_or_object_unknown,unknown,short_mark_or_label,11,5,11,11,AB21F AB37 AB51 AB55 AB57 DU JA QIF TI VIR[ ]NU,Bronze_Age_Linear_A_period_unverified,requires_source_metadata_review,0,0,0,0,0.0000,Inferred from artifact ID and normalized sequence; needs expert metadata enrichment.
HT 85,local_merged_sigla_younger_internal,https://web.archive.org/web/20190416193018/http://www.people.ku.edu/~jyounger/LinearA/HTtexts.html,HT,crete_central,administrative_tablet_like,clay_or_object_unknown,unknown,short_mark_or_label,44,18,44,44,A DA DI DU I JA KA KE KI KU MA ME MI NI PA3 QA QE RA RE RI RO[ SE SI TA2 TE TU[ U WA ZA ZU,Bronze_Age_Linear_A_period_unverified,requires_source_metadata_review,0,0,0,0,0.0000,Inferred from artifact ID and normalized sequence; needs expert metadata enrichment.
HT 85A,local_merged_sigla_younger_internal,http://sigla.phis.me/document/HT%2085a/index-word.html,HT,crete_central,administrative_tablet_like,clay_or_object_unknown,unknown,short_mark_or_label,22,9,22,22,A325 AB01 AB02 AB04 AB08 AB10 AB118 AB17 AB27 AB30 AB41 AB44 AB51 AB53 AB56 AB79 AB81,Bronze_Age_Linear_A_period_unverified,requires_source_metadata_review,0,0,0,0,0.0000,Inferred from artifact ID and normalized sequence; needs expert metadata enrichment.
HT 85B,local_merged_sigla_younger_internal,http://sigla.phis.me/document/HT%2085b/index-word.html,HT,crete_central,administrative_tablet_like,clay_or_object_unknown,unknown,unclassified,26,9,26,26,A310 AB04 AB07 AB09 AB13 AB16 AB17 AB27 AB28 AB30 AB51 AB54 AB57 AB60 AB66 AB67 AB69 AB73 AB77 AB78 AB80 [?],Bronze_Age_Linear_A_period_unverified,requires_source_metadata_review,0,0,0,0,0.0385,Inferred from artifact ID and normalized sequence; needs expert metadata enrichment.
HT 86,local_merged_sigla_younger_internal,https://web.archive.org/web/20190416193018/http://www.people.ku.edu/~jyounger/LinearA/HTtexts.html,HT,crete_central,administrative_tablet_like,clay_or_object_unknown,unknown,unclassified,36,14,36,36,A B DA DE DE]] DI DU GRA K KA KU L2 ME MI NI NU QA RA2 RU SA SU TE WA [[A [[DI [[KU [[SA,Bronze_Age_Linear_A_period_unverified,requires_source_metadata_review,0,0,1,0,0.0000,Inferred from artifact ID and normalized sequence; needs expert metadata enrichment.
HT 86A,local_merged_sigla_younger_internal,http://sigla.phis.me/document/HT%2086a/index-word.html,HT,crete_central,administrative_tablet_like,clay_or_object_unknown,unknown,unclassified,21,8,21,21,AB01 AB04 AB07 AB08 AB13 AB16 AB26 AB30 AB31 AB45 AB51 AB54 AB55 AB58 AB73 AB76 AB77 AB81,Bronze_Age_Linear_A_period_unverified,requires_source_metadata_review,0,0,0,0,0.0000,Inferred from artifact ID and normalized sequence; needs expert metadata enrichment.
HT 86B,local_merged_sigla_younger_internal,http://sigla.phis.me/document/HT%2086b/index-word.html,HT,crete_central,administrative_tablet_like,clay_or_object_unknown,unknown,short_mark_or_label,10,4,10,10,AB07 AB08 AB26 AB30 AB31 AB45 AB58 AB77 AB81,Bronze_Age_Linear_A_period_unverified,requires_source_metadata_review,0,0,0,0,0.0000,Inferred from artifact ID and normalized sequence; needs expert metadata enrichment.
HT 87,local_merged_sigla_younger_internal,http://sigla.phis.me/document/HT%2087/index-word.html; https://web.archive.org/web/20190416193018/http://www.people.ku.edu/~jyounger/LinearA/HTtexts.html,HT,crete_central,administrative_tablet_like,clay_or_object_unknown,unknown,unclassified,55,15,55,55,A AB04 AB07 AB08 AB09 AB21F AB24 AB26 AB27 AB39 AB41 AB44 AB50 AB53 AB57 AB58 AB59 AB60 AB67 AB69 AB73 AB77 AB78 AB80 AB81 DI JA KA KE KI KU MA MI NE PI PU QE QIF RA RE RI RU SE SI SU TA TE TU [?],Bronze_Age_Linear_A_period_unverified,requires_source_metadata_review,0,0,0,0,0.0182,Inferred from artifact ID and normalized sequence; needs expert metadata enrichment.
HT 88,local_merged_sigla_younger_internal,http://sigla.phis.me/document/HT%2088/index-word.html; https://web.archive.org/web/20190416193018/http://www.people.ku.edu/~jyounger/LinearA/HTtexts.html,HT,crete_central,administrative_tablet_like,clay_or_object_unknown,unknown,unclassified,59,23,59,59,A AB01 AB02 AB03 AB06 AB08 AB17 AB27 AB31 AB51 AB55 AB56 AB57 AB59 AB65 AB67 AB77 AB80 AB81 DA DU FIC JA JU KA KI KU MA NA NU PA PA3 RE RO SA TA VIR ZA,Bronze_Age_Linear_A_period_unverified,requires_source_metadata_review,0,0,1,0,0.0000,Inferred from artifact ID and normalized sequence; needs expert metadata enrichment.
HT 89,local_merged_sigla_younger_internal,http://sigla.phis.me/document/HT%2089/index-word.html; https://web.archive.org/web/20190416193018/http://www.people.ku.edu/~jyounger/LinearA/HTtexts.html,HT,crete_central,administrative_tablet_like,clay_or_object_unknown,unknown,short_mark_or_label,69,20,69,69,*313A 10TH 20TH 3RD A AB02 AB08 AB131A AB28 AB31 AB59 AB60 AB73 AB76 AB80 AB81 AMOUNT ARE ASARA2 BE CA CF CHILDREN? E EACH FIC FIGS HT I IF IS JU KA KU MA MAIMI MI MIGHT PEOPLE QE RA RA2 RATIO RO SA TA TARA THE THEY THIS TIMES TO UNIT VINA VIR WHERE WINE,Bronze_Age_Linear_A_period_unverified,requires_source_metadata_review,0,0,1,0,0.0000,Inferred from artifact ID and normalized sequence; needs expert metadata enrichment.
HT 8A,local_merged_sigla_younger_internal,http://sigla.phis.me/document/HT%208a/index-word.html,HT,crete_central,administrative_tablet_like,clay_or_object_unknown,unknown,unclassified,18,6,18,18,A301 A310 AB04 AB06 AB07 AB16 AB27 AB28 AB37 AB41 AB46 AB56 AB59 AB60 AB67 AB77,Bronze_Age_Linear_A_period_unverified,requires_source_metadata_review,0,0,0,0,0.0000,Inferred from artifact ID and normalized sequence; needs expert metadata enrichment.
HT 8B,local_merged_sigla_younger_internal,http://sigla.phis.me/document/HT%208b/index-word.html,HT,crete_central,administrative_tablet_like,clay_or_object_unknown,unknown,unclassified,13,5,13,13,A310 AB03 AB16 AB188 AB27 AB28 AB29 AB56 AB57 AB58 AB77,Bronze_Age_Linear_A_period_unverified,requires_source_metadata_review,0,0,0,0,0.0000,Inferred from artifact ID and normalized sequence; needs expert metadata enrichment.
HT 9,local_merged_sigla_younger_internal,https://web.archive.org/web/20190416193018/http://www.people.ku.edu/~jyounger/LinearA/HTtexts.html,HT,crete_central,administrative_tablet_like,clay_or_object_unknown,unknown,short_mark_or_label,25,12,25,25,A DE DI I JA KU NA PA PA3 PI PU QE RA RO RU SA SI TA TE U VINA WA,Bronze_Age_Linear_A_period_unverified,requires_source_metadata_review,0,0,1,0,0.0000,Inferred from artifact ID and normalized sequence; needs expert metadata enrichment.
HT 90,local_merged_sigla_younger_internal,http://sigla.phis.me/document/HT%2090/index-word.html; https://web.archive.org/web/20190416193018/http://www.people.ku.edu/~jyounger/LinearA/HTtexts.html,HT,crete_central,administrative_tablet_like,clay_or_object_unknown,unknown,unclassified,28,10,28,28,AB06 AB26 AB28 AB31 AB41 AB53 AB66 AB76 AB80 AB81 DI FIC GRA I KU MA MI NA OLE RA2 RI RU SA SI TA2,Bronze_Age_Linear_A_period_unverified,requires_source_metadata_review,0,0,1,0,0.0000,Inferred from artifact ID and normalized sequence; needs expert metadata enrichment.
HT 91,local_merged_sigla_younger_internal,http://sigla.phis.me/document/HT%2091/index-word.html; https://web.archive.org/web/20190416193018/http://www.people.ku.edu/~jyounger/LinearA/HTtexts.html,HT,crete_central,administrative_tablet_like,clay_or_object_unknown,administrative,commodity_accounting,17,10,17,17,AB04 AB28 AB53 AB77 FIC I KA KI MI OLE OLIV RI TE U VINA,Bronze_Age_Linear_A_period_unverified,requires_source_metadata_review,0,1,1,0,0.0000,Inferred from artifact ID and normalized sequence; needs expert metadata enrichment.
HT 92,local_merged_sigla_younger_internal,http://sigla.phis.me/document/HT%2092/index-word.html; https://web.archive.org/web/20190416193018/http://www.people.ku.edu/~jyounger/LinearA/HTtexts.html,HT,crete_central,administrative_tablet_like,clay_or_object_unknown,unknown,short_mark_or_label,5,3,5,5,A AB08 AB51 DU GRA,Bronze_Age_Linear_A_period_unverified,requires_source_metadata_review,0,0,1,0,0.0000,Inferred from artifact ID and normalized sequence; needs expert metadata enrichment.
HT 93,local_merged_sigla_younger_internal,https://web.archive.org/web/20190416193018/http://www.people.ku.edu/~jyounger/LinearA/HTtexts.html,HT,crete_central,administrative_tablet_like,clay_or_object_unknown,unknown,unclassified,44,17,44,44,*406VAS A DA DE DI GRA I JA JU KI KU NA NA[ NI PA PA3 QA RA2 RE RI RO[ RU SA SE VIR,Bronze_Age_Linear_A_period_unverified,requires_source_metadata_review,0,0,1,0,0.0000,Inferred from artifact ID and normalized sequence; needs expert metadata enrichment.
HT 93A,local_merged_sigla_younger_internal,http://sigla.phis.me/document/HT%2093a/index-word.html,HT,crete_central,administrative_tablet_like,clay_or_object_unknown,unknown,unclassified,32,12,32,32,AB01 AB03 AB06 AB07 AB08 AB09 AB100 AB16 AB26 AB28 AB30 AB31 AB37 AB45 AB53 AB56 AB57 AB61 AB65 AB67 AB76 AB77 AB81 [?],Bronze_Age_Linear_A_period_unverified,requires_source_metadata_review,0,0,0,0,0.0625,Inferred from artifact ID and normalized sequence; needs expert metadata enrichment.
HT 93B,local_merged_sigla_younger_internal,http://sigla.phis.me/document/HT%2093b/index-word.html,HT,crete_central,administrative_tablet_like,clay_or_object_unknown,unknown,short_mark_or_label,2,1,2,2,AB02 AB67,Bronze_Age_Linear_A_period_unverified,requires_source_metadata_review,0,0,0,0,0.0000,Inferred from artifact ID and normalized sequence; needs expert metadata enrichment.
HT 94,local_merged_sigla_younger_internal,https://web.archive.org/web/20190416193018/http://www.people.ku.edu/~jyounger/LinearA/HTtexts.html,HT,crete_central,administrative_tablet_like,clay_or_object_unknown,unknown,short_mark_or_label,31,15,31,31,*313B A DE DI FIC KA KE KI KU MA ME NE PA RA RA2 RO RU SA TA TE TI TU VIR [NAME,Bronze_Age_Linear_A_period_unverified,requires_source_metadata_review,0,0,1,0,0.0000,Inferred from artifact ID and normalized sequence; needs expert metadata enrichment.
HT 94A,local_merged_sigla_younger_internal,http://sigla.phis.me/document/HT%2094a/index-word.html,HT,crete_central,administrative_tablet_like,clay_or_object_unknown,unknown,short_mark_or_label,8,4,8,8,A306 A318 AB02 AB03 AB31 AB76 AB77 AB81,Bronze_Age_Linear_A_period_unverified,requires_source_metadata_review,0,0,0,0,0.0000,Inferred from artifact ID and normalized sequence; needs expert metadata enrichment.
HT 94B,local_merged_sigla_younger_internal,http://sigla.phis.me/document/HT%2094b/index-word.html,HT,crete_central,administrative_tablet_like,clay_or_object_unknown,unknown,short_mark_or_label,23,9,23,23,AB02 AB03 AB04 AB07 AB13 AB21F AB24 AB26 AB31 AB44 AB45 AB59 AB60 AB67 AB69 AB80 AB81 [?],Bronze_Age_Linear_A_period_unverified,requires_source_metadata_review,0,0,0,0,0.0435,Inferred from artifact ID and normalized sequence; needs expert metadata enrichment.
HT 95,local_merged_sigla_younger_internal,https://web.archive.org/web/20190416193018/http://www.people.ku.edu/~jyounger/LinearA/HTtexts.html,HT,crete_central,administrative_tablet_like,clay_or_object_unknown,unknown,unclassified,23,9,23,23,A DA DE DI DU GRA KU MA ME MI NI NU QE RA2 RU SA SU TA TE U,Bronze_Age_Linear_A_period_unverified,requires_source_metadata_review,0,0,1,0,0.0000,Inferred from artifact ID and normalized sequence; needs expert metadata enrichment.
HT 95A,local_merged_sigla_younger_internal,http://sigla.phis.me/document/HT%2095a/index-word.html,HT,crete_central,administrative_tablet_like,clay_or_object_unknown,unknown,unclassified,20,6,20,20,AB01 AB04 AB07 AB10 AB13 AB26 AB30 AB31 AB45 AB51 AB55 AB59 AB73 AB76 AB78 AB80 AB81 [?],Bronze_Age_Linear_A_period_unverified,requires_source_metadata_review,0,0,0,0,0.0500,Inferred from artifact ID and normalized sequence; needs expert metadata enrichment.
HT 95B,local_merged_sigla_younger_internal,http://sigla.phis.me/document/HT%2095b/index-word.html,HT,crete_central,administrative_tablet_like,clay_or_object_unknown,unknown,unclassified,18,7,18,18,AB01 AB04 AB07 AB08 AB10 AB17 AB26 AB30 AB31 AB45 AB51 AB55 AB58 AB73 AB76 AB78 AB81,Bronze_Age_Linear_A_period_unverified,requires_source_metadata_review,0,0,0,0,0.0000,Inferred from artifact ID and normalized sequence; needs expert metadata enrichment.
HT 96,local_merged_sigla_younger_internal,https://web.archive.org/web/20190416193018/http://www.people.ku.edu/~jyounger/LinearA/HTtexts.html,HT,crete_central,administrative_tablet_like,clay_or_object_unknown,unknown,unclassified,39,13,39,39,A FIC GRA I KU MA MI NE NI OLE PA PI QA RA RE RO RU SA SI TA TE TI U [?] ]FIC ]KU,Bronze_Age_Linear_A_period_unverified,requires_source_metadata_review,0,0,1,0,0.0256,Inferred from artifact ID and normalized sequence; needs expert metadata enrichment.
HT 96A,local_merged_sigla_younger_internal,http://sigla.phis.me/document/HT%2096a/index-word.html,HT,crete_central,administrative_tablet_like,clay_or_object_unknown,unknown,unclassified,23,7,23,23,AB02 AB03 AB04 AB08 AB123 AB24 AB26 AB28 AB30 AB31 AB37 AB39 AB41 AB59 AB60 AB73 AB80 AB81,Bronze_Age_Linear_A_period_unverified,requires_source_metadata_review,0,0,0,0,0.0000,Inferred from artifact ID and normalized sequence; needs expert metadata enrichment.
HT 96B,local_merged_sigla_younger_internal,http://sigla.phis.me/document/HT%2096b/index-word.html,HT,crete_central,administrative_tablet_like,clay_or_object_unknown,unknown,unclassified,8,2,8,8,AB03 AB08 AB118 AB16 AB24 AB27 AB60,Bronze_Age_Linear_A_period_unverified,requires_source_metadata_review,0,0,0,0,0.0000,Inferred from artifact ID and normalized sequence; needs expert metadata enrichment.
HT 97,local_merged_sigla_younger_internal,https://web.archive.org/web/20190416193018/http://www.people.ku.edu/~jyounger/LinearA/HTtexts.html,HT,crete_central,administrative_tablet_like,clay_or_object_unknown,unknown,short_mark_or_label,16,7,16,16,DI I KA MA NA NU PA RA2 RU SA TA TI TO,Bronze_Age_Linear_A_period_unverified,requires_source_metadata_review,0,0,0,0,0.0000,Inferred from artifact ID and normalized sequence; needs expert metadata enrichment.
HT 97A,local_merged_sigla_younger_internal,http://sigla.phis.me/document/HT%2097a/index-word.html,HT,crete_central,administrative_tablet_like,clay_or_object_unknown,unknown,short_mark_or_label,17,7,17,17,AB03 AB05 AB06 AB07 AB08 AB26 AB28 AB37 AB45 AB55 AB59 AB77 AB80 [?],Bronze_Age_Linear_A_period_unverified,requires_source_metadata_review,0,0,0,0,0.0588,Inferred from artifact ID and normalized sequence; needs expert metadata enrichment.
HT 97B,local_merged_sigla_younger_internal,http://sigla.phis.me/document/HT%2097b/index-word.html,HT,crete_central,administrative_tablet_like,clay_or_object_unknown,unknown,short_mark_or_label,2,1,2,2,AB31 AB76,Bronze_Age_Linear_A_period_unverified,requires_source_metadata_review,0,0,0,0,0.0000,Inferred from artifact ID and normalized sequence; needs expert metadata enrichment.
HT 98,local_merged_sigla_younger_internal,https://web.archive.org/web/20190416193018/http://www.people.ku.edu/~jyounger/LinearA/HTtexts.html,HT,crete_central,administrative_tablet_like,clay_or_object_unknown,unknown,unclassified,17,6,17,17,DA DI I KA KE NA NE RE RI RO RU TA TE TI ]VINA,Bronze_Age_Linear_A_period_unverified,requires_source_metadata_review,0,0,0,0,0.0000,Inferred from artifact ID and normalized sequence; needs expert metadata enrichment.
HT 98A,local_merged_sigla_younger_internal,http://sigla.phis.me/document/HT%2098a/index-word.html,HT,crete_central,administrative_tablet_like,clay_or_object_unknown,unknown,short_mark_or_label,18,7,18,18,A301 A310 AB02 AB04 AB06 AB07 AB27 AB28 AB37 AB44 AB45 AB53 AB59 AB69 AB77 [?],Bronze_Age_Linear_A_period_unverified,requires_source_metadata_review,0,0,0,0,0.0556,Inferred from artifact ID and normalized sequence; needs expert metadata enrichment.
HT 98B,local_merged_sigla_younger_internal,http://sigla.phis.me/document/HT%2098b/index-word.html,HT,crete_central,administrative_tablet_like,clay_or_object_unknown,unknown,unclassified,4,1,4,4,AB01 AB04 AB24 AB26,Bronze_Age_Linear_A_period_unverified,requires_source_metadata_review,0,0,0,0,0.0000,Inferred from artifact ID and normalized sequence; needs expert metadata enrichment.
HT 99,local_merged_sigla_younger_internal,https://web.archive.org/web/20190416193018/http://www.people.ku.edu/~jyounger/LinearA/HTtexts.html,HT,crete_central,administrative_tablet_like,clay_or_object_unknown,unknown,short_mark_or_label,18,9,18,18,A DA DU FIC GRA MA QE[ RA2 RU SA SE SI TA VINA ZU,Bronze_Age_Linear_A_period_unverified,requires_source_metadata_review,0,0,1,0,0.0000,Inferred from artifact ID and normalized sequence; needs expert metadata enrichment.
HT 99A,local_merged_sigla_younger_internal,http://sigla.phis.me/document/HT%2099a/index-word.html,HT,crete_central,administrative_tablet_like,clay_or_object_unknown,unknown,short_mark_or_label,4,2,4,4,AB08 AB31 AB51 AB76,Bronze_Age_Linear_A_period_unverified,requires_source_metadata_review,0,0,0,0,0.0000,Inferred from artifact ID and normalized sequence; needs expert metadata enrichment.
HT 99B,local_merged_sigla_younger_internal,http://sigla.phis.me/document/HT%2099b/index-word.html,HT,crete_central,administrative_tablet_like,clay_or_object_unknown,unknown,unclassified,8,3,8,8,AB01 AB118 AB26 AB41 AB51 AB59 AB79 AB80,Bronze_Age_Linear_A_period_unverified,requires_source_metadata_review,0,0,0,0,0.0000,Inferred from artifact ID and normalized sequence; needs expert metadata enrichment.
HT 9A,local_merged_sigla_younger_internal,http://sigla.phis.me/document/HT%209a/index-word.html,HT,crete_central,administrative_tablet_like,clay_or_object_unknown,unknown,short_mark_or_label,21,8,21,21,A306 A324 AB02 AB03 AB06 AB07 AB08 AB10 AB123 AB26 AB28 AB31 AB45 AB50 AB59 AB60 AB69 AB78 AB81,Bronze_Age_Linear_A_period_unverified,requires_source_metadata_review,0,0,0,0,0.0000,Inferred from artifact ID and normalized sequence; needs expert metadata enrichment.
HT 9B,local_merged_sigla_younger_internal,http://sigla.phis.me/document/HT%209b/index-word.html,HT,crete_central,administrative_tablet_like,clay_or_object_unknown,unknown,short_mark_or_label,25,10,25,25,A305 A306 A324 AB02 AB03 AB06 AB07 AB08 AB10 AB123 AB28 AB39 AB41 AB45 AB50 AB54 AB57 AB59 AB60 AB69 AB77 AB78 AB81 [?],Bronze_Age_Linear_A_period_unverified,requires_source_metadata_review,0,0,0,0,0.0400,Inferred from artifact ID and normalized sequence; needs expert metadata enrichment.
HT WA 1001,local_merged_sigla_younger_internal,http://sigla.phis.me/document/HT%20Wa%201001/index-word.html,HT,crete_central,nodule_or_sealing,clay_or_object_unknown,unknown,short_mark_or_label,2,1,2,2,AB01 AB77,Bronze_Age_Linear_A_period_unverified,requires_source_metadata_review,0,0,0,0,0.0000,Inferred from artifact ID and normalized sequence; needs expert metadata enrichment.
HT WA 1002,local_merged_sigla_younger_internal,http://sigla.phis.me/document/HT%20Wa%201002/index-word.html,HT,crete_central,nodule_or_sealing,clay_or_object_unknown,unknown,short_mark_or_label,2,1,2,2,AB01 AB77,Bronze_Age_Linear_A_period_unverified,requires_source_metadata_review,0,0,0,0,0.0000,Inferred from artifact ID and normalized sequence; needs expert metadata enrichment.
HT WA 1003,local_merged_sigla_younger_internal,http://sigla.phis.me/document/HT%20Wa%201003/index-word.html,HT,crete_central,nodule_or_sealing,clay_or_object_unknown,unknown,short_mark_or_label,2,1,2,2,AB01 AB77,Bronze_Age_Linear_A_period_unverified,requires_source_metadata_review,0,0,0,0,0.0000,Inferred from artifact ID and normalized sequence; needs expert metadata enrichment.
HT WA 1004,local_merged_sigla_younger_internal,http://sigla.phis.me/document/HT%20Wa%201004/index-word.html,HT,crete_central,nodule_or_sealing,clay_or_object_unknown,unknown,short_mark_or_label,2,1,2,2,AB01 AB77,Bronze_Age_Linear_A_period_unverified,requires_source_metadata_review,0,0,0,0,0.0000,Inferred from artifact ID and normalized sequence; needs expert metadata enrichment.
HT WA 1005,local_merged_sigla_younger_internal,http://sigla.phis.me/document/HT%20Wa%201005/index-word.html,HT,crete_central,nodule_or_sealing,clay_or_object_unknown,unknown,short_mark_or_label,2,1,2,2,AB01 AB77,Bronze_Age_Linear_A_period_unverified,requires_source_metadata_review,0,0,0,0,0.0000,Inferred from artifact ID and normalized sequence; needs expert metadata enrichment.
HT WA 1006,local_merged_sigla_younger_internal,http://sigla.phis.me/document/HT%20Wa%201006/index-word.html,HT,crete_central,nodule_or_sealing,clay_or_object_unknown,unknown,short_mark_or_label,2,1,2,2,AB28 AB76,Bronze_Age_Linear_A_period_unverified,requires_source_metadata_review,0,0,0,0,0.0000,Inferred from artifact ID and normalized sequence; needs expert metadata enrichment.
HT WA 1007,local_merged_sigla_younger_internal,http://sigla.phis.me/document/HT%20Wa%201007/index-word.html,HT,crete_central,nodule_or_sealing,clay_or_object_unknown,unknown,short_mark_or_label,2,1,2,2,AB28 AB76,Bronze_Age_Linear_A_period_unverified,requires_source_metadata_review,0,0,0,0,0.0000,Inferred from artifact ID and normalized sequence; needs expert metadata enrichment.
HT WA 1008,local_merged_sigla_younger_internal,http://sigla.phis.me/document/HT%20Wa%201008/index-word.html,HT,crete_central,nodule_or_sealing,clay_or_object_unknown,unknown,short_mark_or_label,2,1,2,2,AB28 AB76,Bronze_Age_Linear_A_period_unverified,requires_source_metadata_review,0,0,0,0,0.0000,Inferred from artifact ID and normalized sequence; needs expert metadata enrichment.
HT WA 1009,local_merged_sigla_younger_internal,http://sigla.phis.me/document/HT%20Wa%201009/index-word.html,HT,crete_central,nodule_or_sealing,clay_or_object_unknown,unknown,short_mark_or_label,2,1,2,2,AB28 AB76,Bronze_Age_Linear_A_period_unverified,requires_source_metadata_review,0,0,0,0,0.0000,Inferred from artifact ID and normalized sequence; needs expert metadata enrichment.
HT WA 1010,local_merged_sigla_younger_internal,http://sigla.phis.me/document/HT%20Wa%201010/index-word.html,HT,crete_central,nodule_or_sealing,clay_or_object_unknown,unknown,short_mark_or_label,2,1,2,2,AB28 AB76,Bronze_Age_Linear_A_period_unverified,requires_source_metadata_review,0,0,0,0,0.0000,Inferred from artifact ID and normalized sequence; needs expert metadata enrichment.
HT WA 1011,local_merged_sigla_younger_internal,http://sigla.phis.me/document/HT%20Wa%201011/index-word.html,HT,crete_central,nodule_or_sealing,clay_or_object_unknown,unknown,short_mark_or_label,2,1,2,2,AB28 AB76,Bronze_Age_Linear_A_period_unverified,requires_source_metadata_review,0,0,0,0,0.0000,Inferred from artifact ID and normalized sequence; needs expert metadata enrichment.
HT WA 1012,local_merged_sigla_younger_internal,http://sigla.phis.me/document/HT%20Wa%201012/index-word.html,HT,crete_central,nodule_or_sealing,clay_or_object_unknown,unknown,short_mark_or_label,2,1,2,2,AB28 AB76,Bronze_Age_Linear_A_period_unverified,requires_source_metadata_review,0,0,0,0,0.0000,Inferred from artifact ID and normalized sequence; needs expert metadata enrichment.
HT WA 1013,local_merged_sigla_younger_internal,http://sigla.phis.me/document/HT%20Wa%201013/index-word.html,HT,crete_central,nodule_or_sealing,clay_or_object_unknown,unknown,short_mark_or_label,2,1,2,2,AB28 AB76,Bronze_Age_Linear_A_period_unverified,requires_source_metadata_review,0,0,0,0,0.0000,Inferred from artifact ID and normalized sequence; needs expert metadata enrichment.
HT WA 1014,local_merged_sigla_younger_internal,http://sigla.phis.me/document/HT%20Wa%201014/index-word.html,HT,crete_central,nodule_or_sealing,clay_or_object_unknown,unknown,short_mark_or_label,2,1,2,2,AB41 AB77,Bronze_Age_Linear_A_period_unverified,requires_source_metadata_review,0,0,0,0,0.0000,Inferred from artifact ID and normalized sequence; needs expert metadata enrichment.
HT WA 1015,local_merged_sigla_younger_internal,http://sigla.phis.me/document/HT%20Wa%201015/index-word.html,HT,crete_central,nodule_or_sealing,clay_or_object_unknown,unknown,short_mark_or_label,2,1,2,2,AB41 AB77,Bronze_Age_Linear_A_period_unverified,requires_source_metadata_review,0,0,0,0,0.0000,Inferred from artifact ID and normalized sequence; needs expert metadata enrichment.
HT WA 1016,local_merged_sigla_younger_internal,http://sigla.phis.me/document/HT%20Wa%201016/index-word.html,HT,crete_central,nodule_or_sealing,clay_or_object_unknown,unknown,short_mark_or_label,2,1,2,2,AB41 AB77,Bronze_Age_Linear_A_period_unverified,requires_source_metadata_review,0,0,0,0,0.0000,Inferred from artifact ID and normalized sequence; needs expert metadata enrichment.
HT WA 1017,local_merged_sigla_younger_internal,http://sigla.phis.me/document/HT%20Wa%201017/index-word.html,HT,crete_central,nodule_or_sealing,clay_or_object_unknown,unknown,short_mark_or_label,2,1,2,2,AB41 AB77,Bronze_Age_Linear_A_period_unverified,requires_source_metadata_review,0,0,0,0,0.0000,Inferred from artifact ID and normalized sequence; needs expert metadata enrichment.
HT WA 1018,local_merged_sigla_younger_internal,http://sigla.phis.me/document/HT%20Wa%201018/index-word.html,HT,crete_central,nodule_or_sealing,clay_or_object_unknown,unknown,short_mark_or_label,2,1,2,2,AB41 AB77,Bronze_Age_Linear_A_period_unverified,requires_source_metadata_review,0,0,0,0,0.0000,Inferred from artifact ID and normalized sequence; needs expert metadata enrichment.
HT WA 1019,local_merged_sigla_younger_internal,http://sigla.phis.me/document/HT%20Wa%201019%CE%B1/index-word.html; http://sigla.phis.me/document/HT%20Wa%201019%CE%B3/index-word.html,HT,crete_central,nodule_or_sealing,clay_or_object_unknown,unknown,unclassified,5,2,5,5,AB03 AB24 AB41 AB59 AB69,Bronze_Age_Linear_A_period_unverified,requires_source_metadata_review,0,0,0,0,0.0000,Inferred from artifact ID and normalized sequence; needs expert metadata enrichment.
HT WA 1020,local_merged_sigla_younger_internal,http://sigla.phis.me/document/HT%20Wa%201020%CE%B1/index-word.html; http://sigla.phis.me/document/HT%20Wa%201020%CE%B3/index-word.html,HT,crete_central,nodule_or_sealing,clay_or_object_unknown,unknown,short_mark_or_label,6,3,6,6,A629 AB03 AB06 AB46 AB59 AB81,Bronze_Age_Linear_A_period_unverified,requires_source_metadata_review,0,0,0,0,0.0000,Inferred from artifact ID and normalized sequence; needs expert metadata enrichment.
HT WA 1021,local_merged_sigla_younger_internal,http://sigla.phis.me/document/HT%20Wa%201021%CE%B1/index-word.html,HT,crete_central,nodule_or_sealing,clay_or_object_unknown,unknown,short_mark_or_label,2,1,2,2,AB188 AB51,Bronze_Age_Linear_A_period_unverified,requires_source_metadata_review,0,0,0,0,0.0000,Inferred from artifact ID and normalized sequence; needs expert metadata enrichment.
HT WA 1028,local_merged_sigla_younger_internal,http://sigla.phis.me/document/HT%20Wa%201028%CE%B1/index-word.html; http://sigla.phis.me/document/HT%20Wa%201028%CE%B3/index-word.html,HT,crete_central,nodule_or_sealing,clay_or_object_unknown,unknown,short_mark_or_label,2,2,2,2,AB41 AB77,Bronze_Age_Linear_A_period_unverified,requires_source_metadata_review,0,0,0,0,0.0000,Inferred from artifact ID and normalized sequence; needs expert metadata enrichment.
HT WA 1029,local_merged_sigla_younger_internal,http://sigla.phis.me/document/HT%20Wa%201029%CE%B1/index-word.html,HT,crete_central,nodule_or_sealing,clay_or_object_unknown,unknown,short_mark_or_label,1,1,1,1,A301,Bronze_Age_Linear_A_period_unverified,requires_source_metadata_review,0,0,0,0,0.0000,Inferred from artifact ID and normalized sequence; needs expert metadata enrichment.
HT WA 1242,local_merged_sigla_younger_internal,http://sigla.phis.me/document/HT%20Wa%201242/index-word.html,HT,crete_central,nodule_or_sealing,clay_or_object_unknown,unknown,short_mark_or_label,1,1,1,1,AB41,Bronze_Age_Linear_A_period_unverified,requires_source_metadata_review,0,0,0,0,0.0000,Inferred from artifact ID and normalized sequence; needs expert metadata enrichment.
HT WC 3001,local_merged_sigla_younger_internal,http://sigla.phis.me/document/HT%20Wc%203001/index-word.html; https://web.archive.org/web/20190416193018/http://www.people.ku.edu/~jyounger/LinearA/HTtexts.html,HT,crete_central,sealed_document_or_roundel,clay_or_object_unknown,unknown,unclassified,5,2,5,5,AB03 AB09 AB57 B J,Bronze_Age_Linear_A_period_unverified,requires_source_metadata_review,0,0,0,0,0.0000,Inferred from artifact ID and normalized sequence; needs expert metadata enrichment.
HT WC 3002,local_merged_sigla_younger_internal,http://sigla.phis.me/document/HT%20Wc%203002/index-word.html,HT,crete_central,sealed_document_or_roundel,clay_or_object_unknown,unknown,unclassified,3,1,3,3,AB03 AB09 AB57,Bronze_Age_Linear_A_period_unverified,requires_source_metadata_review,0,0,0,0,0.0000,Inferred from artifact ID and normalized sequence; needs expert metadata enrichment.
HT WC 3003,local_merged_sigla_younger_internal,http://sigla.phis.me/document/HT%20Wc%203003/index-word.html,HT,crete_central,sealed_document_or_roundel,clay_or_object_unknown,unknown,unclassified,3,1,3,3,AB02 AB27 AB77,Bronze_Age_Linear_A_period_unverified,requires_source_metadata_review,0,0,0,0,0.0000,Inferred from artifact ID and normalized sequence; needs expert metadata enrichment.
HT WC 3004,local_merged_sigla_younger_internal,https://web.archive.org/web/20190416193018/http://www.people.ku.edu/~jyounger/LinearA/HTtexts.html,HT,crete_central,sealed_document_or_roundel,clay_or_object_unknown,unknown,short_mark_or_label,2,1,2,2,B SE,Bronze_Age_Linear_A_period_unverified,requires_source_metadata_review,0,0,0,0,0.0000,Inferred from artifact ID and normalized sequence; needs expert metadata enrichment.
HT WC 3004A,local_merged_sigla_younger_internal,http://sigla.phis.me/document/HT%20Wc%203004a/index-word.html,HT,crete_central,sealed_document_or_roundel,clay_or_object_unknown,unknown,unclassified,3,1,3,3,AB30 AB77 AB79,Bronze_Age_Linear_A_period_unverified,requires_source_metadata_review,0,0,0,0,0.0000,Inferred from artifact ID and normalized sequence; needs expert metadata enrichment.
HT WC 3005,local_merged_sigla_younger_internal,https://web.archive.org/web/20190416193018/http://www.people.ku.edu/~jyounger/LinearA/HTtexts.html,HT,crete_central,sealed_document_or_roundel,clay_or_object_unknown,unknown,short_mark_or_label,2,1,2,2,B SE,Bronze_Age_Linear_A_period_unverified,requires_source_metadata_review,0,0,0,0,0.0000,Inferred from artifact ID and normalized sequence; needs expert metadata enrichment.
HT WC 3005A,local_merged_sigla_younger_internal,http://sigla.phis.me/document/HT%20Wc%203005a/index-word.html,HT,crete_central,sealed_document_or_roundel,clay_or_object_unknown,unknown,unclassified,3,1,3,3,AB30 AB59 AB77,Bronze_Age_Linear_A_period_unverified,requires_source_metadata_review,0,0,0,0,0.0000,Inferred from artifact ID and normalized sequence; needs expert metadata enrichment.
HT WC 3006,local_merged_sigla_younger_internal,https://web.archive.org/web/20190416193018/http://www.people.ku.edu/~jyounger/LinearA/HTtexts.html,HT,crete_central,sealed_document_or_roundel,clay_or_object_unknown,unknown,unclassified,4,1,4,4,B PU3 RA,Bronze_Age_Linear_A_period_unverified,requires_source_metadata_review,0,0,0,0,0.0000,Inferred from artifact ID and normalized sequence; needs expert metadata enrichment.
HT WC 3006A,local_merged_sigla_younger_internal,http://sigla.phis.me/document/HT%20Wc%203006a/index-word.html,HT,crete_central,sealed_document_or_roundel,clay_or_object_unknown,unknown,unclassified,3,1,3,3,AB54 AB61 AB73,Bronze_Age_Linear_A_period_unverified,requires_source_metadata_review,0,0,0,0,0.0000,Inferred from artifact ID and normalized sequence; needs expert metadata enrichment.
HT WC 3006B,local_merged_sigla_younger_internal,http://sigla.phis.me/document/HT%20Wc%203006b/index-word.html,HT,crete_central,sealed_document_or_roundel,clay_or_object_unknown,unknown,a_series_sequence,3,1,3,3,A314 AB60,Bronze_Age_Linear_A_period_unverified,requires_source_metadata_review,0,0,0,0,0.0000,Inferred from artifact ID and normalized sequence; needs expert metadata enrichment.
HT WC 3007,local_merged_sigla_younger_internal,http://sigla.phis.me/document/HT%20Wc%203007/index-word.html,HT,crete_central,sealed_document_or_roundel,clay_or_object_unknown,unknown,unclassified,3,1,3,3,AB07 AB30 AB54,Bronze_Age_Linear_A_period_unverified,requires_source_metadata_review,0,0,0,0,0.0000,Inferred from artifact ID and normalized sequence; needs expert metadata enrichment.
HT WC 3008,local_merged_sigla_younger_internal,https://web.archive.org/web/20190416193018/http://www.people.ku.edu/~jyounger/LinearA/HTtexts.html,HT,crete_central,sealed_document_or_roundel,clay_or_object_unknown,unknown,unclassified,5,1,5,5,B DI JA RU TA,Bronze_Age_Linear_A_period_unverified,requires_source_metadata_review,0,0,0,0,0.0000,Inferred from artifact ID and normalized sequence; needs expert metadata enrichment.
HT WC 3008A,local_merged_sigla_younger_internal,http://sigla.phis.me/document/HT%20Wc%203008a/index-word.html,HT,crete_central,sealed_document_or_roundel,clay_or_object_unknown,unknown,unclassified,3,1,3,3,AB07 AB30 AB54,Bronze_Age_Linear_A_period_unverified,requires_source_metadata_review,0,0,0,0,0.0000,Inferred from artifact ID and normalized sequence; needs expert metadata enrichment.
HT WC 3008B,local_merged_sigla_younger_internal,http://sigla.phis.me/document/HT%20Wc%203008b/index-word.html,HT,crete_central,sealed_document_or_roundel,clay_or_object_unknown,unknown,unclassified,4,1,4,4,AB07 AB26 AB57 AB59,Bronze_Age_Linear_A_period_unverified,requires_source_metadata_review,0,0,0,0,0.0000,Inferred from artifact ID and normalized sequence; needs expert metadata enrichment.
HT WC 3009A,local_merged_sigla_younger_internal,http://sigla.phis.me/document/HT%20Wc%203009a/index-word.html,HT,crete_central,sealed_document_or_roundel,clay_or_object_unknown,unknown,a_series_sequence,4,1,4,4,A333 AB07 AB58 AB77,Bronze_Age_Linear_A_period_unverified,requires_source_metadata_review,0,0,0,0,0.0000,Inferred from artifact ID and normalized sequence; needs expert metadata enrichment.
HT WC 3010,local_merged_sigla_younger_internal,http://sigla.phis.me/document/HT%20Wc%203010/index-word.html,HT,crete_central,sealed_document_or_roundel,clay_or_object_unknown,unknown,a_series_sequence,5,1,5,5,A333 AB06 AB07 AB58 AB77,Bronze_Age_Linear_A_period_unverified,requires_source_metadata_review,0,0,0,0,0.0000,Inferred from artifact ID and normalized sequence; needs expert metadata enrichment.
HT WC 3011,local_merged_sigla_younger_internal,http://sigla.phis.me/document/HT%20Wc%203011/index-word.html,HT,crete_central,sealed_document_or_roundel,clay_or_object_unknown,unknown,unclassified,3,1,3,3,AB07 AB60 AB79,Bronze_Age_Linear_A_period_unverified,requires_source_metadata_review,0,0,0,0,0.0000,Inferred from artifact ID and normalized sequence; needs expert metadata enrichment.
HT WC 3012,local_merged_sigla_younger_internal,https://web.archive.org/web/20190416193018/http://www.people.ku.edu/~jyounger/LinearA/HTtexts.html,HT,crete_central,sealed_document_or_roundel,clay_or_object_unknown,unknown,unclassified,3,1,3,3,B RE RO,Bronze_Age_Linear_A_period_unverified,requires_source_metadata_review,0,0,0,0,0.0000,Inferred from artifact ID and normalized sequence; needs expert metadata enrichment.
HT WC 3012A,local_merged_sigla_younger_internal,http://sigla.phis.me/document/HT%20Wc%203012a/index-word.html,HT,crete_central,sealed_document_or_roundel,clay_or_object_unknown,unknown,unclassified,3,1,3,3,AB07 AB60 AB79,Bronze_Age_Linear_A_period_unverified,requires_source_metadata_review,0,0,0,0,0.0000,Inferred from artifact ID and normalized sequence; needs expert metadata enrichment.
HT WC 3012B,local_merged_sigla_younger_internal,http://sigla.phis.me/document/HT%20Wc%203012b/index-word.html,HT,crete_central,sealed_document_or_roundel,clay_or_object_unknown,unknown,short_mark_or_label,2,1,2,2,AB02 AB27,Bronze_Age_Linear_A_period_unverified,requires_source_metadata_review,0,0,0,0,0.0000,Inferred from artifact ID and normalized sequence; needs expert metadata enrichment.
HT WC 3013,local_merged_sigla_younger_internal,https://web.archive.org/web/20190416193018/http://www.people.ku.edu/~jyounger/LinearA/HTtexts.html,HT,crete_central,sealed_document_or_roundel,clay_or_object_unknown,unknown,short_mark_or_label,2,1,2,2,NO OFIMPRESSIONS,Bronze_Age_Linear_A_period_unverified,requires_source_metadata_review,0,0,0,0,0.0000,Inferred from artifact ID and normalized sequence; needs expert metadata enrichment.
HT WC 3014,local_merged_sigla_younger_internal,https://web.archive.org/web/20190416193018/http://www.people.ku.edu/~jyounger/LinearA/HTtexts.html,HT,crete_central,sealed_document_or_roundel,clay_or_object_unknown,unknown,short_mark_or_label,2,1,2,2,B CAP,Bronze_Age_Linear_A_period_unverified,requires_source_metadata_review,0,0,1,0,0.0000,Inferred from artifact ID and normalized sequence; needs expert metadata enrichment.
HT WC 3014A,local_merged_sigla_younger_internal,http://sigla.phis.me/document/HT%20Wc%203014a/index-word.html,HT,crete_central,sealed_document_or_roundel,clay_or_object_unknown,unknown,unclassified,3,1,3,3,AB06 AB73 AB81,Bronze_Age_Linear_A_period_unverified,requires_source_metadata_review,0,0,0,0,0.0000,Inferred from artifact ID and normalized sequence; needs expert metadata enrichment.
HT WC 3014B,local_merged_sigla_younger_internal,http://sigla.phis.me/document/HT%20Wc%203014b/index-word.html,HT,crete_central,sealed_document_or_roundel,clay_or_object_unknown,unknown,short_mark_or_label,1,1,1,1,AB78,Bronze_Age_Linear_A_period_unverified,requires_source_metadata_review,0,0,0,0,0.0000,Inferred from artifact ID and normalized sequence; needs expert metadata enrichment.
HT WC 3015A,local_merged_sigla_younger_internal,http://sigla.phis.me/document/HT%20Wc%203015a/index-word.html,HT,crete_central,sealed_document_or_roundel,clay_or_object_unknown,unknown,unclassified,3,1,3,3,AB03 AB77 AB81,Bronze_Age_Linear_A_period_unverified,requires_source_metadata_review,0,0,0,0,0.0000,Inferred from artifact ID and normalized sequence; needs expert metadata enrichment.
HT WC 3016,local_merged_sigla_younger_internal,https://web.archive.org/web/20190416193018/http://www.people.ku.edu/~jyounger/LinearA/HTtexts.html,HT,crete_central,sealed_document_or_roundel,clay_or_object_unknown,unknown,unclassified,3,1,3,3,B D PA,Bronze_Age_Linear_A_period_unverified,requires_source_metadata_review,0,0,0,0,0.0000,Inferred from artifact ID and normalized sequence; needs expert metadata enrichment.
HT WC 3016A,local_merged_sigla_younger_internal,http://sigla.phis.me/document/HT%20Wc%203016a/index-word.html,HT,crete_central,sealed_document_or_roundel,clay_or_object_unknown,unknown,unclassified,3,1,3,3,AB03 AB77 AB81,Bronze_Age_Linear_A_period_unverified,requires_source_metadata_review,0,0,0,0,0.0000,Inferred from artifact ID and normalized sequence; needs expert metadata enrichment.
HT WC 3017A,local_merged_sigla_younger_internal,http://sigla.phis.me/document/HT%20Wc%203017a/index-word.html,HT,crete_central,sealed_document_or_roundel,clay_or_object_unknown,unknown,a_series_sequence,5,1,5,5,A306 AB06 AB16 AB27 AB81,Bronze_Age_Linear_A_period_unverified,requires_source_metadata_review,0,0,0,0,0.0000,Inferred from artifact ID and normalized sequence; needs expert metadata enrichment.
HT WC 3018,local_merged_sigla_younger_internal,https://web.archive.org/web/20190416193018/http://www.people.ku.edu/~jyounger/LinearA/HTtexts.html,HT,crete_central,sealed_document_or_roundel,clay_or_object_unknown,unknown,short_mark_or_label,2,1,2,2,B D,Bronze_Age_Linear_A_period_unverified,requires_source_metadata_review,0,0,0,0,0.0000,Inferred from artifact ID and normalized sequence; needs expert metadata enrichment.
HT WC 3019,local_merged_sigla_younger_internal,https://web.archive.org/web/20190416193018/http://www.people.ku.edu/~jyounger/LinearA/HTtexts.html,HT,crete_central,sealed_document_or_roundel,clay_or_object_unknown,unknown,unclassified,4,1,4,4,A B E TELA3,Bronze_Age_Linear_A_period_unverified,requires_source_metadata_review,0,0,0,0,0.0000,Inferred from artifact ID and normalized sequence; needs expert metadata enrichment.
HT WC 3020A,local_merged_sigla_younger_internal,http://sigla.phis.me/document/HT%20Wc%203020a/index-word.html,HT,crete_central,sealed_document_or_roundel,clay_or_object_unknown,unknown,short_mark_or_label,2,1,2,2,AB188 AB51,Bronze_Age_Linear_A_period_unverified,requires_source_metadata_review,0,0,0,0,0.0000,Inferred from artifact ID and normalized sequence; needs expert metadata enrichment.
HT WC 3022,local_merged_sigla_younger_internal,https://web.archive.org/web/20190416193018/http://www.people.ku.edu/~jyounger/LinearA/HTtexts.html,HT,crete_central,sealed_document_or_roundel,clay_or_object_unknown,unknown,short_mark_or_label,1,1,1,1,VIR,Bronze_Age_Linear_A_period_unverified,requires_source_metadata_review,0,0,0,0,0.0000,Inferred from artifact ID and normalized sequence; needs expert metadata enrichment.
HT WC 3024,local_merged_sigla_younger_internal,https://web.archive.org/web/20190416193018/http://www.people.ku.edu/~jyounger/LinearA/HTtexts.html,HT,crete_central,sealed_document_or_roundel,clay_or_object_unknown,unknown,short_mark_or_label,2,1,2,2,B OVISF,Bronze_Age_Linear_A_period_unverified,requires_source_metadata_review,0,0,0,0,0.0000,Inferred from artifact ID and normalized sequence; needs expert metadata enrichment.
HT WE WC 3020,local_merged_sigla_younger_internal,https://web.archive.org/web/20190416193018/http://www.people.ku.edu/~jyounger/LinearA/HTtexts.html,HT,crete_central,sealed_document_or_roundel,clay_or_object_unknown,unknown,unclassified,3,1,3,3,B D PA,Bronze_Age_Linear_A_period_unverified,requires_source_metadata_review,0,0,0,0,0.0000,Inferred from artifact ID and normalized sequence; needs expert metadata enrichment.
HT ZB 158A,local_merged_sigla_younger_internal,http://sigla.phis.me/document/HT%20Zb%20158a/index-word.html,HT,crete_central,inscription_or_vessel,clay_or_object_unknown,ritual_or_display_possible,unclassified,5,1,5,5,AB09 AB58 AB67 AB69 [?],Bronze_Age_Linear_A_period_unverified,requires_source_metadata_review,1,0,0,0,0.2000,Inferred from artifact ID and normalized sequence; needs expert metadata enrichment.
HT ZB 158B,local_merged_sigla_younger_internal,http://sigla.phis.me/document/HT%20Zb%20158b/index-word.html,HT,crete_central,inscription_or_vessel,clay_or_object_unknown,ritual_or_display_possible,unclassified,6,1,6,6,AB04 AB28 AB53 AB57 AB58 AB67,Bronze_Age_Linear_A_period_unverified,requires_source_metadata_review,1,0,0,0,0.0000,Inferred from artifact ID and normalized sequence; needs expert metadata enrichment.
HT ZB 159,local_merged_sigla_younger_internal,http://sigla.phis.me/document/HT%20Zb%20159/index-word.html,HT,crete_central,inscription_or_vessel,clay_or_object_unknown,ritual_or_display_possible,unclassified,6,1,6,6,AB06 AB08 AB09 AB41 AB55 AB57,Bronze_Age_Linear_A_period_unverified,requires_source_metadata_review,1,0,0,0,0.0000,Inferred from artifact ID and normalized sequence; needs expert metadata enrichment.
HT ZB 160,local_merged_sigla_younger_internal,http://sigla.phis.me/document/HT%20Zb%20160/index-word.html,HT,crete_central,inscription_or_vessel,clay_or_object_unknown,ritual_or_display_possible,unclassified,6,2,6,6,AB01 AB03 AB27 AB29 AB51 AB59,Bronze_Age_Linear_A_period_unverified,requires_source_metadata_review,1,0,0,0,0.0000,Inferred from artifact ID and normalized sequence; needs expert metadata enrichment.
HT ZB 161,local_merged_sigla_younger_internal,http://sigla.phis.me/document/HT%20Zb%20161/index-word.html,HT,crete_central,inscription_or_vessel,clay_or_object_unknown,ritual_or_display_possible,short_mark_or_label,2,1,2,2,AB41 AB50,Bronze_Age_Linear_A_period_unverified,requires_source_metadata_review,1,0,0,0,0.0000,Inferred from artifact ID and normalized sequence; needs expert metadata enrichment.
HT ZD 155,local_merged_sigla_younger_internal,http://sigla.phis.me/document/HT%20Zd%20155/index-word.html,HT,crete_central,inscription_or_vessel,clay_or_object_unknown,ritual_or_display_possible,a_series_sequence,8,2,8,8,A319 AB06 AB08 AB37 AB65 AB80,Bronze_Age_Linear_A_period_unverified,requires_source_metadata_review,1,0,0,0,0.0000,Inferred from artifact ID and normalized sequence; needs expert metadata enrichment.
HT ZD 156,local_merged_sigla_younger_internal,http://sigla.phis.me/document/HT%20Zd%20156/index-word.html,HT,crete_central,inscription_or_vessel,clay_or_object_unknown,ritual_or_display_possible,short_mark_or_label,2,1,2,2,AB57 AB59,Bronze_Age_Linear_A_period_unverified,requires_source_metadata_review,1,0,0,0,0.0000,Inferred from artifact ID and normalized sequence; needs expert metadata enrichment.
HT ZD 157,local_merged_sigla_younger_internal,http://sigla.phis.me/document/HT%20Zd%20157/index-word.html,HT,crete_central,inscription_or_vessel,clay_or_object_unknown,ritual_or_display_possible,unclassified,7,2,7,7,A319 AB37 AB40 AB57 AB58 AB80,Bronze_Age_Linear_A_period_unverified,requires_source_metadata_review,1,0,0,0,0.0000,Inferred from artifact ID and normalized sequence; needs expert metadata enrichment.
HT10,local_merged_sigla_younger_internal,"linearA/HT10.html:original_pre,linearA/HT10.html:raw_annotation,linearA/mdFiles/LinearA_report.md:raw_annotation",HT,crete_central,unclassified,clay_or_object_unknown,unknown,unclassified,16,6,16,16,DA KU NE RA2 SI TA TE,Bronze_Age_Linear_A_period_unverified,requires_source_metadata_review,0,0,0,1,0.0000,Inferred from artifact ID and normalized sequence; needs expert metadata enrichment.
HT12,local_merged_sigla_younger_internal,"linearA/HT12.html:original_pre,linearA/HT12.html:raw_annotation,linearA/mdFiles/HT12.md:original_md_section,linearA/mdFiles/HT12.md:raw_annotation,linearA/mdFiles/LinearA_report.md:raw_annotation",HT,crete_central,unclassified,clay_or_object_unknown,unknown,short_mark_or_label,12,6,12,12,DA I KU MA NE OLIV QA QE RA2 RU TU,Bronze_Age_Linear_A_period_unverified,requires_source_metadata_review,0,0,1,1,0.0000,Inferred from artifact ID and normalized sequence; needs expert metadata enrichment.
HT13,local_merged_sigla_younger_internal,"linearA/HT13.html:original_pre,linearA/HT13.html:raw_annotation,linearA/mdFiles/HT13.md:original_md_section,linearA/mdFiles/HT13.md:raw_annotation,linearA/mdFiles/LinearA_report.md:raw_annotation",HT,crete_central,unclassified,clay_or_object_unknown,administrative,ab22_positional_formula,16,4,16,16,AB02 AB03 AB04 AB09 AB22 AB24 AB40 AB51 AB54 AB59 AB67 AB81,Bronze_Age_Linear_A_period_unverified,requires_source_metadata_review,0,1,0,1,0.0000,Inferred from artifact ID and normalized sequence; needs expert metadata enrichment.
HT31,local_merged_sigla_younger_internal,"linearA/HT31.html:original_pre,linearA/HT31.html:raw_annotation,linearA/mdFiles/HT31.md:original_md_section,linearA/mdFiles/HT31.md:raw_annotation,linearA/mdFiles/LinearA_report.md:raw_annotation",HT,crete_central,unclassified,clay_or_object_unknown,administrative,ab22_positional_formula,24,6,24,24,AB02 AB03 AB09 AB22 AB28 AB45 AB51 AB54 AB59 AB67 AB81,Bronze_Age_Linear_A_period_unverified,requires_source_metadata_review,0,1,0,1,0.0000,Inferred from artifact ID and normalized sequence; needs expert metadata enrichment.
HT7,local_merged_sigla_younger_internal,"linearA/HT7.html:original_pre,linearA/HT7.html:raw_annotation,linearA/mdFiles/HT7.md:original_md_section,linearA/mdFiles/HT7.md:raw_annotation,linearA/mdFiles/LinearA_report.md:raw_annotation",HT,crete_central,unclassified,clay_or_object_unknown,unknown,unclassified,14,5,14,14,DA KI NA QE RA RU SI TI TU,Bronze_Age_Linear_A_period_unverified,requires_source_metadata_review,0,0,0,1,0.0000,Inferred from artifact ID and normalized sequence; needs expert metadata enrichment.
HT8,local_merged_sigla_younger_internal,"linearA/HT8.html:original_pre,linearA/HT8.html:raw_annotation,linearA/mdFiles/HT8.md:original_md_section,linearA/mdFiles/HT8.md:raw_annotation,linearA/mdFiles/LinearA_report.md:raw_annotation",HT,crete_central,unclassified,clay_or_object_unknown,unknown,short_mark_or_label,9,5,9,9,? KI KU OLIV PA3 QA RA SUP,Bronze_Age_Linear_A_period_unverified,requires_source_metadata_review,0,0,1,1,0.1111,Inferred from artifact ID and normalized sequence; needs expert metadata enrichment.
HT9,local_merged_sigla_younger_internal,"linearA/HT9.html:original_pre,linearA/HT9.html:raw_annotation,linearA/mdFiles/HT9.md:original_md_section,linearA/mdFiles/HT9.md:raw_annotation,linearA/mdFiles/LinearA_report.md:raw_annotation",HT,crete_central,unclassified,clay_or_object_unknown,administrative,commodity_accounting,12,6,12,12,TE VIN,Bronze_Age_Linear_A_period_unverified,requires_source_metadata_review,0,1,1,1,0.0000,Inferred from artifact ID and normalized sequence; needs expert metadata enrichment.
HT95,local_merged_sigla_younger_internal,"linearA/HT95.html:original_pre,linearA/HT95.html:raw_annotation,linearA/mdFiles/HT95.md:original_md_section,linearA/mdFiles/HT95.md:raw_annotation,linearA/mdFiles/LinearA_report.md:raw_annotation",HT,crete_central,unclassified,clay_or_object_unknown,administrative,ab22_positional_formula,8,2,8,8,AB02 AB03 AB22 AB54 AB67 AB81,Bronze_Age_Linear_A_period_unverified,requires_source_metadata_review,0,1,0,1,0.0000,Inferred from artifact ID and normalized sequence; needs expert metadata enrichment.
KE 1,local_merged_sigla_younger_internal,http://sigla.phis.me/document/KE%201/index-word.html; https://web.archive.org/web/20190416192926/http://www.people.ku.edu/~jyounger/LinearA/misctexts.html,KE,aegean_islands,unclassified,clay_or_object_unknown,unknown,short_mark_or_label,4,2,4,4,AB31 AB77 KA SA,Bronze_Age_Linear_A_period_unverified,requires_source_metadata_review,0,0,0,0,0.0000,Inferred from artifact ID and normalized sequence; needs expert metadata enrichment.
KE WC 2,local_merged_sigla_younger_internal,https://web.archive.org/web/20190416192926/http://www.people.ku.edu/~jyounger/LinearA/misctexts.html,KE,aegean_islands,sealed_document_or_roundel,clay_or_object_unknown,unknown,unclassified,3,1,3,3,B,Bronze_Age_Linear_A_period_unverified,requires_source_metadata_review,0,0,0,0,0.0000,Inferred from artifact ID and normalized sequence; needs expert metadata enrichment.
KE ZB 4,local_merged_sigla_younger_internal,http://sigla.phis.me/document/KE%20Zb%204/index-word.html,KE,aegean_islands,inscription_or_vessel,clay_or_object_unknown,ritual_or_display_possible,unclassified,3,1,3,3,AB38 AB41 AB57,Bronze_Age_Linear_A_period_unverified,requires_source_metadata_review,1,0,0,0,0.0000,Inferred from artifact ID and normalized sequence; needs expert metadata enrichment.
KH 1,local_merged_sigla_younger_internal,http://sigla.phis.me/document/KH%201/index-word.html; https://web.archive.org/web/20190416192926/http://www.people.ku.edu/~jyounger/LinearA/misctexts.html,KH,crete_west,administrative_tablet_like,clay_or_object_unknown,unknown,short_mark_or_label,3,2,3,3,AB46 F GRA,Bronze_Age_Linear_A_period_unverified,requires_source_metadata_review,0,0,1,0,0.0000,Inferred from artifact ID and normalized sequence; needs expert metadata enrichment.
KH 10,local_merged_sigla_younger_internal,http://sigla.phis.me/document/KH%2010/index-word.html; https://web.archive.org/web/20190416192926/http://www.people.ku.edu/~jyounger/LinearA/misctexts.html,KH,crete_west,administrative_tablet_like,clay_or_object_unknown,unknown,unclassified,22,6,22,22,A AB03 AB04 AB08 AB118 AB16 AB28 AB31 AB38 AB39 AB57 AB67 E GRA I JA KI PA PI QA SA TE,Bronze_Age_Linear_A_period_unverified,requires_source_metadata_review,0,0,1,0,0.0000,Inferred from artifact ID and normalized sequence; needs expert metadata enrichment.
KH 100,local_merged_sigla_younger_internal,http://sigla.phis.me/document/KH%20100/index-word.html; https://web.archive.org/web/20190416192926/http://www.people.ku.edu/~jyounger/LinearA/misctexts.html,KH,crete_west,administrative_tablet_like,clay_or_object_unknown,unknown,short_mark_or_label,5,4,5,5,A306 A352 AB02 AB45 VIN[,Bronze_Age_Linear_A_period_unverified,requires_source_metadata_review,0,0,0,0,0.0000,Inferred from artifact ID and normalized sequence; needs expert metadata enrichment.
KH 11,local_merged_sigla_younger_internal,http://sigla.phis.me/document/KH%2011/index-word.html; https://web.archive.org/web/20190416192926/http://www.people.ku.edu/~jyounger/LinearA/misctexts.html,KH,crete_west,administrative_tablet_like,clay_or_object_unknown,unknown,unclassified,23,8,23,23,A A349 A350 AB05 AB08 AB17 AB28 AB51 AB59 DU FIC I TE TO VINA ZA [?],Bronze_Age_Linear_A_period_unverified,requires_source_metadata_review,0,0,1,0,0.0435,Inferred from artifact ID and normalized sequence; needs expert metadata enrichment.
KH 12,local_merged_sigla_younger_internal,http://sigla.phis.me/document/KH%2012/index-word.html; https://web.archive.org/web/20190416192926/http://www.people.ku.edu/~jyounger/LinearA/misctexts.html,KH,crete_west,administrative_tablet_like,clay_or_object_unknown,unknown,short_mark_or_label,8,4,8,8,*401VAS A651 I JA MI RU [?],Bronze_Age_Linear_A_period_unverified,requires_source_metadata_review,0,0,0,0,0.1250,Inferred from artifact ID and normalized sequence; needs expert metadata enrichment.
KH 13,local_merged_sigla_younger_internal,http://sigla.phis.me/document/KH%2013/index-word.html; https://web.archive.org/web/20190416192926/http://www.people.ku.edu/~jyounger/LinearA/misctexts.html,KH,crete_west,administrative_tablet_like,clay_or_object_unknown,unknown,unclassified,13,4,13,13,AB01 AB08 AB09 AB17 AB27 AB28 I[ RE SE ZA[ [?] ]A ]DA,Bronze_Age_Linear_A_period_unverified,requires_source_metadata_review,0,0,0,0,0.0769,Inferred from artifact ID and normalized sequence; needs expert metadata enrichment.
KH 14,local_merged_sigla_younger_internal,http://sigla.phis.me/document/KH%2014/index-word.html; https://web.archive.org/web/20190416192926/http://www.people.ku.edu/~jyounger/LinearA/misctexts.html,KH,crete_west,administrative_tablet_like,clay_or_object_unknown,unknown,unclassified,8,4,8,8,A A303 AB08 AB57 AB60 AB80 JA MA,Bronze_Age_Linear_A_period_unverified,requires_source_metadata_review,0,0,0,0,0.0000,Inferred from artifact ID and normalized sequence; needs expert metadata enrichment.
KH 15,local_merged_sigla_younger_internal,https://web.archive.org/web/20190416192926/http://www.people.ku.edu/~jyounger/LinearA/misctexts.html,KH,crete_west,administrative_tablet_like,clay_or_object_unknown,administrative,commodity_accounting,1,1,1,1,FIC,Bronze_Age_Linear_A_period_unverified,requires_source_metadata_review,0,1,1,0,0.0000,Inferred from artifact ID and normalized sequence; needs expert metadata enrichment.
KH 16,local_merged_sigla_younger_internal,http://sigla.phis.me/document/KH%2016/index-word.html; https://web.archive.org/web/20190416192926/http://www.people.ku.edu/~jyounger/LinearA/misctexts.html,KH,crete_west,administrative_tablet_like,clay_or_object_unknown,unknown,unclassified,10,3,10,10,AB10 AB28 AB41 AB59 I SI TA [?] ]U,Bronze_Age_Linear_A_period_unverified,requires_source_metadata_review,0,0,0,0,0.1000,Inferred from artifact ID and normalized sequence; needs expert metadata enrichment.
KH 17,local_merged_sigla_younger_internal,http://sigla.phis.me/document/KH%2017/index-word.html; https://web.archive.org/web/20190416192926/http://www.people.ku.edu/~jyounger/LinearA/misctexts.html,KH,crete_west,administrative_tablet_like,clay_or_object_unknown,unknown,short_mark_or_label,3,3,3,3,AB08 FIC[ ]FIC,Bronze_Age_Linear_A_period_unverified,requires_source_metadata_review,0,0,0,0,0.0000,Inferred from artifact ID and normalized sequence; needs expert metadata enrichment.
KH 18,local_merged_sigla_younger_internal,http://sigla.phis.me/document/KH%2018/index-word.html; https://web.archive.org/web/20190416192926/http://www.people.ku.edu/~jyounger/LinearA/misctexts.html,KH,crete_west,administrative_tablet_like,clay_or_object_unknown,unknown,unclassified,9,4,9,9,AB28 AB39 AB81 I KU PI[ RO VINC,Bronze_Age_Linear_A_period_unverified,requires_source_metadata_review,0,0,0,0,0.0000,Inferred from artifact ID and normalized sequence; needs expert metadata enrichment.
KH 19,local_merged_sigla_younger_internal,https://web.archive.org/web/20190416192926/http://www.people.ku.edu/~jyounger/LinearA/misctexts.html,KH,crete_west,administrative_tablet_like,clay_or_object_unknown,administrative,commodity_accounting,2,1,2,2,OLE TA,Bronze_Age_Linear_A_period_unverified,requires_source_metadata_review,0,1,1,0,0.0000,Inferred from artifact ID and normalized sequence; needs expert metadata enrichment.
KH 2,local_merged_sigla_younger_internal,http://sigla.phis.me/document/KH%202/index-word.html,KH,crete_west,administrative_tablet_like,clay_or_object_unknown,unknown,short_mark_or_label,2,1,2,2,AB69 [?],Bronze_Age_Linear_A_period_unverified,requires_source_metadata_review,0,0,0,0,0.5000,Inferred from artifact ID and normalized sequence; needs expert metadata enrichment.
KH 20,local_merged_sigla_younger_internal,http://sigla.phis.me/document/KH%2020/index-word.html; https://web.archive.org/web/20190416192926/http://www.people.ku.edu/~jyounger/LinearA/misctexts.html,KH,crete_west,administrative_tablet_like,clay_or_object_unknown,unknown,unclassified,15,5,15,15,A AB08 AB17 AB27 AB41 AB51 AB60 AB67 DU FIC KI RA RE SI ZA,Bronze_Age_Linear_A_period_unverified,requires_source_metadata_review,0,0,1,0,0.0000,Inferred from artifact ID and normalized sequence; needs expert metadata enrichment.
KH 21,local_merged_sigla_younger_internal,http://sigla.phis.me/document/KH%2021/index-word.html; https://web.archive.org/web/20190416192926/http://www.people.ku.edu/~jyounger/LinearA/misctexts.html,KH,crete_west,administrative_tablet_like,clay_or_object_unknown,unknown,a_series_sequence,4,2,4,4,A306 AB51 AB78 FIC,Bronze_Age_Linear_A_period_unverified,requires_source_metadata_review,0,0,1,0,0.0000,Inferred from artifact ID and normalized sequence; needs expert metadata enrichment.
KH 22,local_merged_sigla_younger_internal,http://sigla.phis.me/document/KH%2022/index-word.html,KH,crete_west,administrative_tablet_like,clay_or_object_unknown,unknown,short_mark_or_label,2,1,2,2,AB17 [?],Bronze_Age_Linear_A_period_unverified,requires_source_metadata_review,0,0,0,0,0.5000,Inferred from artifact ID and normalized sequence; needs expert metadata enrichment.
KH 23,local_merged_sigla_younger_internal,http://sigla.phis.me/document/KH%2023/index-word.html; https://web.archive.org/web/20190416192926/http://www.people.ku.edu/~jyounger/LinearA/misctexts.html,KH,crete_west,administrative_tablet_like,clay_or_object_unknown,unknown,short_mark_or_label,4,2,4,4,A AB08 AB51 DU[,Bronze_Age_Linear_A_period_unverified,requires_source_metadata_review,0,0,0,0,0.0000,Inferred from artifact ID and normalized sequence; needs expert metadata enrichment.
KH 24,local_merged_sigla_younger_internal,http://sigla.phis.me/document/KH%2024/index-word.html,KH,crete_west,administrative_tablet_like,clay_or_object_unknown,unknown,short_mark_or_label,2,1,2,2,AB58 [?],Bronze_Age_Linear_A_period_unverified,requires_source_metadata_review,0,0,0,0,0.5000,Inferred from artifact ID and normalized sequence; needs expert metadata enrichment.
KH 25,local_merged_sigla_younger_internal,https://web.archive.org/web/20190416192926/http://www.people.ku.edu/~jyounger/LinearA/misctexts.html,KH,crete_west,administrative_tablet_like,clay_or_object_unknown,unknown,short_mark_or_label,1,1,1,1,]VIR,Bronze_Age_Linear_A_period_unverified,requires_source_metadata_review,0,0,0,0,0.0000,Inferred from artifact ID and normalized sequence; needs expert metadata enrichment.
KH 26,local_merged_sigla_younger_internal,https://web.archive.org/web/20190416192926/http://www.people.ku.edu/~jyounger/LinearA/misctexts.html,KH,crete_west,administrative_tablet_like,clay_or_object_unknown,unknown,short_mark_or_label,1,1,1,1,]VIR,Bronze_Age_Linear_A_period_unverified,requires_source_metadata_review,0,0,0,0,0.0000,Inferred from artifact ID and normalized sequence; needs expert metadata enrichment.
KH 27,local_merged_sigla_younger_internal,https://web.archive.org/web/20190416192926/http://www.people.ku.edu/~jyounger/LinearA/misctexts.html,KH,crete_west,administrative_tablet_like,clay_or_object_unknown,unknown,short_mark_or_label,3,2,3,3,PA ]FIC[ ]GRA,Bronze_Age_Linear_A_period_unverified,requires_source_metadata_review,0,0,0,0,0.0000,Inferred from artifact ID and normalized sequence; needs expert metadata enrichment.
KH 28,local_merged_sigla_younger_internal,http://sigla.phis.me/document/KH%2028/index-word.html; https://web.archive.org/web/20190416192926/http://www.people.ku.edu/~jyounger/LinearA/misctexts.html,KH,crete_west,administrative_tablet_like,clay_or_object_unknown,unknown,short_mark_or_label,4,2,4,4,AB09 F GRA ]SE,Bronze_Age_Linear_A_period_unverified,requires_source_metadata_review,0,0,1,0,0.0000,Inferred from artifact ID and normalized sequence; needs expert metadata enrichment.
KH 29,local_merged_sigla_younger_internal,http://sigla.phis.me/document/KH%2029/index-word.html; https://web.archive.org/web/20190416192926/http://www.people.ku.edu/~jyounger/LinearA/misctexts.html,KH,crete_west,administrative_tablet_like,clay_or_object_unknown,unknown,short_mark_or_label,10,5,10,10,AB03 AB60 AB66 AB81 KU PA RA TA2[ [?],Bronze_Age_Linear_A_period_unverified,requires_source_metadata_review,0,0,0,0,0.2000,Inferred from artifact ID and normalized sequence; needs expert metadata enrichment.
KH 3,local_merged_sigla_younger_internal,http://sigla.phis.me/document/KH%203/index-word.html,KH,crete_west,administrative_tablet_like,clay_or_object_unknown,unknown,short_mark_or_label,1,1,1,1,AB55?,Bronze_Age_Linear_A_period_unverified,requires_source_metadata_review,0,0,0,0,0.0000,Inferred from artifact ID and normalized sequence; needs expert metadata enrichment.
KH 30,local_merged_sigla_younger_internal,https://web.archive.org/web/20190416192926/http://www.people.ku.edu/~jyounger/LinearA/misctexts.html,KH,crete_west,administrative_tablet_like,clay_or_object_unknown,unknown,short_mark_or_label,1,1,1,1,]FIC,Bronze_Age_Linear_A_period_unverified,requires_source_metadata_review,0,0,0,0,0.0000,Inferred from artifact ID and normalized sequence; needs expert metadata enrichment.
KH 31,local_merged_sigla_younger_internal,https://web.archive.org/web/20190416192926/http://www.people.ku.edu/~jyounger/LinearA/misctexts.html,KH,crete_west,administrative_tablet_like,clay_or_object_unknown,unknown,short_mark_or_label,2,1,2,2,*401VAS RA,Bronze_Age_Linear_A_period_unverified,requires_source_metadata_review,0,0,0,0,0.0000,Inferred from artifact ID and normalized sequence; needs expert metadata enrichment.
KH 32,local_merged_sigla_younger_internal,http://sigla.phis.me/document/KH%2032/index-word.html,KH,crete_west,administrative_tablet_like,clay_or_object_unknown,unknown,short_mark_or_label,2,1,2,2,A331 AB28,Bronze_Age_Linear_A_period_unverified,requires_source_metadata_review,0,0,0,0,0.0000,Inferred from artifact ID and normalized sequence; needs expert metadata enrichment.
KH 33,local_merged_sigla_younger_internal,http://sigla.phis.me/document/KH%2033/index-word.html,KH,crete_west,administrative_tablet_like,clay_or_object_unknown,unknown,short_mark_or_label,2,1,2,2,AB08 [?],Bronze_Age_Linear_A_period_unverified,requires_source_metadata_review,0,0,0,0,0.5000,Inferred from artifact ID and normalized sequence; needs expert metadata enrichment.
KH 36,local_merged_sigla_younger_internal,http://sigla.phis.me/document/KH%2036/index-word.html; https://web.archive.org/web/20190416192926/http://www.people.ku.edu/~jyounger/LinearA/misctexts.html,KH,crete_west,administrative_tablet_like,clay_or_object_unknown,unknown,short_mark_or_label,6,3,6,6,AB06 AB77 JA MI RU ]KA,Bronze_Age_Linear_A_period_unverified,requires_source_metadata_review,0,0,0,0,0.0000,Inferred from artifact ID and normalized sequence; needs expert metadata enrichment.
KH 37,local_merged_sigla_younger_internal,http://sigla.phis.me/document/KH%2037/index-word.html,KH,crete_west,administrative_tablet_like,clay_or_object_unknown,unknown,short_mark_or_label,1,1,1,1,AB40,Bronze_Age_Linear_A_period_unverified,requires_source_metadata_review,0,0,0,0,0.0000,Inferred from artifact ID and normalized sequence; needs expert metadata enrichment.
KH 39,local_merged_sigla_younger_internal,http://sigla.phis.me/document/KH%2039/index-word.html; https://web.archive.org/web/20190416192926/http://www.people.ku.edu/~jyounger/LinearA/misctexts.html,KH,crete_west,administrative_tablet_like,clay_or_object_unknown,unknown,short_mark_or_label,5,2,5,5,A AB08 AB59 TA [?],Bronze_Age_Linear_A_period_unverified,requires_source_metadata_review,0,0,0,0,0.2000,Inferred from artifact ID and normalized sequence; needs expert metadata enrichment.
KH 4,local_merged_sigla_younger_internal,http://sigla.phis.me/document/KH%204/index-word.html; https://web.archive.org/web/20190416192926/http://www.people.ku.edu/~jyounger/LinearA/misctexts.html,KH,crete_west,administrative_tablet_like,clay_or_object_unknown,unknown,unclassified,6,2,6,6,A AB08 AB27 AB51 DU RE[,Bronze_Age_Linear_A_period_unverified,requires_source_metadata_review,0,0,0,0,0.0000,Inferred from artifact ID and normalized sequence; needs expert metadata enrichment.
KH 40,local_merged_sigla_younger_internal,http://sigla.phis.me/document/KH%2040/index-word.html,KH,crete_west,administrative_tablet_like,clay_or_object_unknown,unknown,unclassified,3,1,3,3,AB06 AB41 [?],Bronze_Age_Linear_A_period_unverified,requires_source_metadata_review,0,0,0,0,0.3333,Inferred from artifact ID and normalized sequence; needs expert metadata enrichment.
KH 41,local_merged_sigla_younger_internal,http://sigla.phis.me/document/KH%2041/index-word.html; https://web.archive.org/web/20190416192926/http://www.people.ku.edu/~jyounger/LinearA/misctexts.html,KH,crete_west,administrative_tablet_like,clay_or_object_unknown,unknown,unclassified,6,2,6,6,AB27 AB59 AB77 KA RE[ TA,Bronze_Age_Linear_A_period_unverified,requires_source_metadata_review,0,0,0,0,0.0000,Inferred from artifact ID and normalized sequence; needs expert metadata enrichment.
KH 43,local_merged_sigla_younger_internal,https://web.archive.org/web/20190416192926/http://www.people.ku.edu/~jyounger/LinearA/misctexts.html,KH,crete_west,administrative_tablet_like,clay_or_object_unknown,unknown,unclassified,5,2,5,5,MA RE RU WI ZE,Bronze_Age_Linear_A_period_unverified,requires_source_metadata_review,0,0,0,0,0.0000,Inferred from artifact ID and normalized sequence; needs expert metadata enrichment.
KH 44,local_merged_sigla_younger_internal,http://sigla.phis.me/document/KH%2044/index-word.html,KH,crete_west,administrative_tablet_like,clay_or_object_unknown,unknown,short_mark_or_label,1,1,1,1,A335,Bronze_Age_Linear_A_period_unverified,requires_source_metadata_review,0,0,0,0,0.0000,Inferred from artifact ID and normalized sequence; needs expert metadata enrichment.
KH 45,local_merged_sigla_younger_internal,http://sigla.phis.me/document/KH%2045/index-word.html,KH,crete_west,administrative_tablet_like,clay_or_object_unknown,unknown,short_mark_or_label,1,1,1,1,AB08,Bronze_Age_Linear_A_period_unverified,requires_source_metadata_review,0,0,0,0,0.0000,Inferred from artifact ID and normalized sequence; needs expert metadata enrichment.
KH 47,local_merged_sigla_younger_internal,http://sigla.phis.me/document/KH%2047/index-word.html,KH,crete_west,administrative_tablet_like,clay_or_object_unknown,unknown,short_mark_or_label,5,4,5,5,A306 AB16 AB24 AB41 AB60,Bronze_Age_Linear_A_period_unverified,requires_source_metadata_review,0,0,0,0,0.0000,Inferred from artifact ID and normalized sequence; needs expert metadata enrichment.
KH 49,local_merged_sigla_younger_internal,http://sigla.phis.me/document/KH%2049/index-word.html,KH,crete_west,administrative_tablet_like,clay_or_object_unknown,unknown,short_mark_or_label,3,2,3,3,AB26 AB81 [?],Bronze_Age_Linear_A_period_unverified,requires_source_metadata_review,0,0,0,0,0.3333,Inferred from artifact ID and normalized sequence; needs expert metadata enrichment.
KH 5,local_merged_sigla_younger_internal,http://sigla.phis.me/document/KH%205/index-word.html; https://web.archive.org/web/20190416192926/http://www.people.ku.edu/~jyounger/LinearA/misctexts.html,KH,crete_west,administrative_tablet_like,clay_or_object_unknown,unknown,unclassified,43,12,43,43,A A301 AB01 AB03 AB06 AB08 AB10 AB24 AB31 AB40 AB41 AB51 AB60 AB67 AB77 AB79 AB81 DA DU FIC KA KI KU NA NE PA RA SA SI U VINB WI ZU,Bronze_Age_Linear_A_period_unverified,requires_source_metadata_review,0,0,1,0,0.0000,Inferred from artifact ID and normalized sequence; needs expert metadata enrichment.
KH 50,local_merged_sigla_younger_internal,http://sigla.phis.me/document/KH%2050/index-word.html,KH,crete_west,administrative_tablet_like,clay_or_object_unknown,unknown,short_mark_or_label,4,3,4,4,AB46 AB59 AB78 [?],Bronze_Age_Linear_A_period_unverified,requires_source_metadata_review,0,0,0,0,0.2500,Inferred from artifact ID and normalized sequence; needs expert metadata enrichment.
KH 51,local_merged_sigla_younger_internal,http://sigla.phis.me/document/KH%2051/index-word.html; https://web.archive.org/web/20190416192926/http://www.people.ku.edu/~jyounger/LinearA/misctexts.html,KH,crete_west,administrative_tablet_like,clay_or_object_unknown,unknown,unclassified,7,3,7,7,AB28 AB41 AB69 I SI,Bronze_Age_Linear_A_period_unverified,requires_source_metadata_review,0,0,0,0,0.0000,Inferred from artifact ID and normalized sequence; needs expert metadata enrichment.
KH 52,local_merged_sigla_younger_internal,http://sigla.phis.me/document/KH%2052/index-word.html; https://web.archive.org/web/20190416192926/http://www.people.ku.edu/~jyounger/LinearA/misctexts.html,KH,crete_west,administrative_tablet_like,clay_or_object_unknown,unknown,short_mark_or_label,4,2,4,4,AB10 AB59 U ]TA,Bronze_Age_Linear_A_period_unverified,requires_source_metadata_review,0,0,0,0,0.0000,Inferred from artifact ID and normalized sequence; needs expert metadata enrichment.
KH 53,local_merged_sigla_younger_internal,http://sigla.phis.me/document/KH%2053/index-word.html,KH,crete_west,administrative_tablet_like,clay_or_object_unknown,unknown,unclassified,4,2,4,4,AB08 AB123 AB13 AB24,Bronze_Age_Linear_A_period_unverified,requires_source_metadata_review,0,0,0,0,0.0000,Inferred from artifact ID and normalized sequence; needs expert metadata enrichment.
KH 55,local_merged_sigla_younger_internal,https://web.archive.org/web/20190416192926/http://www.people.ku.edu/~jyounger/LinearA/misctexts.html,KH,crete_west,administrative_tablet_like,clay_or_object_unknown,administrative,commodity_accounting,2,1,2,2,OLE TA,Bronze_Age_Linear_A_period_unverified,requires_source_metadata_review,0,1,1,0,0.0000,Inferred from artifact ID and normalized sequence; needs expert metadata enrichment.
KH 57,local_merged_sigla_younger_internal,http://sigla.phis.me/document/KH%2057/index-word.html,KH,crete_west,administrative_tablet_like,clay_or_object_unknown,unknown,short_mark_or_label,2,2,2,2,AB20 AB69,Bronze_Age_Linear_A_period_unverified,requires_source_metadata_review,0,0,0,0,0.0000,Inferred from artifact ID and normalized sequence; needs expert metadata enrichment.
KH 58,local_merged_sigla_younger_internal,http://sigla.phis.me/document/KH%2058/index-word.html,KH,crete_west,administrative_tablet_like,clay_or_object_unknown,unknown,short_mark_or_label,3,2,3,3,A301 AB08,Bronze_Age_Linear_A_period_unverified,requires_source_metadata_review,0,0,0,0,0.0000,Inferred from artifact ID and normalized sequence; needs expert metadata enrichment.
KH 59,local_merged_sigla_younger_internal,http://sigla.phis.me/document/KH%2059/index-word.html; https://web.archive.org/web/20190416192926/http://www.people.ku.edu/~jyounger/LinearA/misctexts.html,KH,crete_west,administrative_tablet_like,clay_or_object_unknown,unknown,short_mark_or_label,5,3,5,5,AB06 AB07 AB28 DI NA,Bronze_Age_Linear_A_period_unverified,requires_source_metadata_review,0,0,0,0,0.0000,Inferred from artifact ID and normalized sequence; needs expert metadata enrichment.
KH 6,local_merged_sigla_younger_internal,http://sigla.phis.me/document/KH%206/index-word.html; https://web.archive.org/web/20190416192926/http://www.people.ku.edu/~jyounger/LinearA/misctexts.html,KH,crete_west,administrative_tablet_like,clay_or_object_unknown,unknown,unclassified,34,14,34,34,AB04 AB07 AB24 AB27 AB31 AB39 AB41 AB46 AB53 AB55 AB59 AB67 AB85 AU BOS DI JE NE NU PI RE RE[ RI SA SA[ SI TA TE ]KI,Bronze_Age_Linear_A_period_unverified,requires_source_metadata_review,0,0,0,0,0.0000,Inferred from artifact ID and normalized sequence; needs expert metadata enrichment.
KH 60,local_merged_sigla_younger_internal,http://sigla.phis.me/document/KH%2060/index-word.html; https://web.archive.org/web/20190416192926/http://www.people.ku.edu/~jyounger/LinearA/misctexts.html,KH,crete_west,administrative_tablet_like,clay_or_object_unknown,unknown,unclassified,14,4,14,14,AB06 AB41 AB59 AB60 AB67 JA KI MI NA RU SI[ TA ]*131C ]RA,Bronze_Age_Linear_A_period_unverified,requires_source_metadata_review,0,0,0,0,0.0000,Inferred from artifact ID and normalized sequence; needs expert metadata enrichment.
KH 61,local_merged_sigla_younger_internal,http://sigla.phis.me/document/KH%2061/index-word.html; https://web.archive.org/web/20190416192926/http://www.people.ku.edu/~jyounger/LinearA/misctexts.html,KH,crete_west,administrative_tablet_like,clay_or_object_unknown,administrative,commodity_accounting,4,3,4,4,AB80 GRA OLE TA,Bronze_Age_Linear_A_period_unverified,requires_source_metadata_review,0,1,1,0,0.0000,Inferred from artifact ID and normalized sequence; needs expert metadata enrichment.
KH 62,local_merged_sigla_younger_internal,http://sigla.phis.me/document/KH%2062/index-word.html,KH,crete_west,administrative_tablet_like,clay_or_object_unknown,unknown,short_mark_or_label,1,1,1,1,AB80,Bronze_Age_Linear_A_period_unverified,requires_source_metadata_review,0,0,0,0,0.0000,Inferred from artifact ID and normalized sequence; needs expert metadata enrichment.
KH 63,local_merged_sigla_younger_internal,http://sigla.phis.me/document/KH%2063/index-word.html; https://web.archive.org/web/20190416192926/http://www.people.ku.edu/~jyounger/LinearA/misctexts.html,KH,crete_west,administrative_tablet_like,clay_or_object_unknown,unknown,short_mark_or_label,3,2,3,3,AB58 RU ]*401VAS,Bronze_Age_Linear_A_period_unverified,requires_source_metadata_review,0,0,0,0,0.0000,Inferred from artifact ID and normalized sequence; needs expert metadata enrichment.
KH 64,local_merged_sigla_younger_internal,http://sigla.phis.me/document/KH%2064/index-word.html,KH,crete_west,administrative_tablet_like,clay_or_object_unknown,unknown,short_mark_or_label,2,1,2,2,AB59 [?],Bronze_Age_Linear_A_period_unverified,requires_source_metadata_review,0,0,0,0,0.5000,Inferred from artifact ID and normalized sequence; needs expert metadata enrichment.
KH 65,local_merged_sigla_younger_internal,http://sigla.phis.me/document/KH%2065/index-word.html; https://web.archive.org/web/20190416192926/http://www.people.ku.edu/~jyounger/LinearA/misctexts.html,KH,crete_west,administrative_tablet_like,clay_or_object_unknown,unknown,short_mark_or_label,2,2,2,2,AB30 ]FIC[,Bronze_Age_Linear_A_period_unverified,requires_source_metadata_review,0,0,0,0,0.0000,Inferred from artifact ID and normalized sequence; needs expert metadata enrichment.
KH 68,local_merged_sigla_younger_internal,http://sigla.phis.me/document/KH%2068/index-word.html,KH,crete_west,administrative_tablet_like,clay_or_object_unknown,unknown,short_mark_or_label,2,1,2,2,[?],Bronze_Age_Linear_A_period_unverified,requires_source_metadata_review,0,0,0,0,1.0000,Inferred from artifact ID and normalized sequence; needs expert metadata enrichment.
KH 7,local_merged_sigla_younger_internal,https://web.archive.org/web/20190416192926/http://www.people.ku.edu/~jyounger/LinearA/misctexts.html,KH,crete_west,administrative_tablet_like,clay_or_object_unknown,unknown,unclassified,24,7,24,24,*313B E I JA KI KO KU ME NA PA QA SE SI TA TI TU U VIR,Bronze_Age_Linear_A_period_unverified,requires_source_metadata_review,0,0,0,0,0.0000,Inferred from artifact ID and normalized sequence; needs expert metadata enrichment.
KH 70,local_merged_sigla_younger_internal,http://sigla.phis.me/document/KH%2070/index-word.html,KH,crete_west,administrative_tablet_like,clay_or_object_unknown,unknown,short_mark_or_label,2,1,2,2,[?],Bronze_Age_Linear_A_period_unverified,requires_source_metadata_review,0,0,0,0,1.0000,Inferred from artifact ID and normalized sequence; needs expert metadata enrichment.
KH 73,local_merged_sigla_younger_internal,http://sigla.phis.me/document/KH%2073/index-word.html; https://web.archive.org/web/20190416192926/http://www.people.ku.edu/~jyounger/LinearA/misctexts.html,KH,crete_west,administrative_tablet_like,clay_or_object_unknown,unknown,short_mark_or_label,6,3,6,6,AB08 FIC [?],Bronze_Age_Linear_A_period_unverified,requires_source_metadata_review,0,0,1,0,0.5000,Inferred from artifact ID and normalized sequence; needs expert metadata enrichment.
KH 74,local_merged_sigla_younger_internal,http://sigla.phis.me/document/KH%2074/index-word.html; https://web.archive.org/web/20190416192926/http://www.people.ku.edu/~jyounger/LinearA/misctexts.html,KH,crete_west,administrative_tablet_like,clay_or_object_unknown,unknown,short_mark_or_label,10,4,10,10,AB01 AB41 AB57 AB58 DA JA SI SU[ [?],Bronze_Age_Linear_A_period_unverified,requires_source_metadata_review,0,0,0,0,0.1000,Inferred from artifact ID and normalized sequence; needs expert metadata enrichment.
KH 75,local_merged_sigla_younger_internal,https://web.archive.org/web/20190416192926/http://www.people.ku.edu/~jyounger/LinearA/misctexts.html,KH,crete_west,administrative_tablet_like,clay_or_object_unknown,administrative,commodity_accounting,1,1,1,1,FIC,Bronze_Age_Linear_A_period_unverified,requires_source_metadata_review,0,1,1,0,0.0000,Inferred from artifact ID and normalized sequence; needs expert metadata enrichment.
KH 76,local_merged_sigla_younger_internal,http://sigla.phis.me/document/KH%2076/index-word.html,KH,crete_west,administrative_tablet_like,clay_or_object_unknown,unknown,short_mark_or_label,1,1,1,1,AB41,Bronze_Age_Linear_A_period_unverified,requires_source_metadata_review,0,0,0,0,0.0000,Inferred from artifact ID and normalized sequence; needs expert metadata enrichment.
KH 79,local_merged_sigla_younger_internal,http://sigla.phis.me/document/KH%2079/index-word.html,KH,crete_west,administrative_tablet_like,clay_or_object_unknown,unknown,unclassified,3,1,3,3,AB01 AB03 [?],Bronze_Age_Linear_A_period_unverified,requires_source_metadata_review,0,0,0,0,0.3333,Inferred from artifact ID and normalized sequence; needs expert metadata enrichment.
KH 79 89,local_merged_sigla_younger_internal,http://sigla.phis.me/document/KH%2079%2B89/index-word.html; https://web.archive.org/web/20190416192926/http://www.people.ku.edu/~jyounger/LinearA/misctexts.html,KH,crete_west,administrative_tablet_like,clay_or_object_unknown,unknown,short_mark_or_label,19,7,19,19,A AB01 AB03 AB06 AB08 AB30 AB59 AB60 AB73 DA NA[ NI PA RA TA [?] ]MI ]PA,Bronze_Age_Linear_A_period_unverified,requires_source_metadata_review,0,0,0,0,0.0526,Inferred from artifact ID and normalized sequence; needs expert metadata enrichment.
KH 7A,local_merged_sigla_younger_internal,http://sigla.phis.me/document/KH%207a/index-word.html,KH,crete_west,administrative_tablet_like,clay_or_object_unknown,unknown,unclassified,19,7,19,19,A305 AB03 AB06 AB09 AB13 AB16 AB28 AB37 AB38 AB41 AB57 AB59 AB67 AB70 AB81 [?],Bronze_Age_Linear_A_period_unverified,requires_source_metadata_review,0,0,0,0,0.0526,Inferred from artifact ID and normalized sequence; needs expert metadata enrichment.
KH 7B,local_merged_sigla_younger_internal,http://sigla.phis.me/document/KH%207b/index-word.html,KH,crete_west,administrative_tablet_like,clay_or_object_unknown,unknown,unclassified,7,2,7,7,AB03 AB06 AB09 AB10 AB28 AB59 AB69,Bronze_Age_Linear_A_period_unverified,requires_source_metadata_review,0,0,0,0,0.0000,Inferred from artifact ID and normalized sequence; needs expert metadata enrichment.
KH 8,local_merged_sigla_younger_internal,http://sigla.phis.me/document/KH%208/index-word.html; https://web.archive.org/web/20190416192926/http://www.people.ku.edu/~jyounger/LinearA/misctexts.html,KH,crete_west,administrative_tablet_like,clay_or_object_unknown,unknown,short_mark_or_label,9,6,9,9,AB27 AB59 E[ R [?] [[FIC ]FIC ]GRA,Bronze_Age_Linear_A_period_unverified,requires_source_metadata_review,0,0,0,0,0.2222,Inferred from artifact ID and normalized sequence; needs expert metadata enrichment.
KH 81,local_merged_sigla_younger_internal,https://web.archive.org/web/20190416192926/http://www.people.ku.edu/~jyounger/LinearA/misctexts.html,KH,crete_west,administrative_tablet_like,clay_or_object_unknown,unknown,unclassified,3,1,3,3,I JA MI,Bronze_Age_Linear_A_period_unverified,requires_source_metadata_review,0,0,0,0,0.0000,Inferred from artifact ID and normalized sequence; needs expert metadata enrichment.
KH 82,local_merged_sigla_younger_internal,https://web.archive.org/web/20190416192926/http://www.people.ku.edu/~jyounger/LinearA/misctexts.html,KH,crete_west,administrative_tablet_like,clay_or_object_unknown,unknown,short_mark_or_label,2,1,2,2,RI ]OLE,Bronze_Age_Linear_A_period_unverified,requires_source_metadata_review,0,0,0,0,0.0000,Inferred from artifact ID and normalized sequence; needs expert metadata enrichment.
KH 83,local_merged_sigla_younger_internal,http://sigla.phis.me/document/KH%2083/index-word.html; https://web.archive.org/web/20190416192926/http://www.people.ku.edu/~jyounger/LinearA/misctexts.html,KH,crete_west,administrative_tablet_like,clay_or_object_unknown,unknown,unclassified,8,3,8,8,A AB07 AB08 AB24 DI NE[ VAS,Bronze_Age_Linear_A_period_unverified,requires_source_metadata_review,0,0,0,0,0.0000,Inferred from artifact ID and normalized sequence; needs expert metadata enrichment.
KH 85,local_merged_sigla_younger_internal,https://web.archive.org/web/20190416192926/http://www.people.ku.edu/~jyounger/LinearA/misctexts.html,KH,crete_west,administrative_tablet_like,clay_or_object_unknown,unknown,short_mark_or_label,5,3,5,5,*401VAS OLE RU TA VINC[,Bronze_Age_Linear_A_period_unverified,requires_source_metadata_review,0,0,1,0,0.0000,Inferred from artifact ID and normalized sequence; needs expert metadata enrichment.
KH 86,local_merged_sigla_younger_internal,http://sigla.phis.me/document/KH%2086/index-word.html; https://web.archive.org/web/20190416192926/http://www.people.ku.edu/~jyounger/LinearA/misctexts.html,KH,crete_west,administrative_tablet_like,clay_or_object_unknown,unknown,short_mark_or_label,8,4,8,8,AB17 AB27 AB39 AB55 NU PI RE ZA,Bronze_Age_Linear_A_period_unverified,requires_source_metadata_review,0,0,0,0,0.0000,Inferred from artifact ID and normalized sequence; needs expert metadata enrichment.
KH 87,local_merged_sigla_younger_internal,https://web.archive.org/web/20190416192926/http://www.people.ku.edu/~jyounger/LinearA/misctexts.html,KH,crete_west,administrative_tablet_like,clay_or_object_unknown,unknown,short_mark_or_label,1,1,1,1,BOSM,Bronze_Age_Linear_A_period_unverified,requires_source_metadata_review,0,0,0,0,0.0000,Inferred from artifact ID and normalized sequence; needs expert metadata enrichment.
KH 88,local_merged_sigla_younger_internal,http://sigla.phis.me/document/KH%2088/index-word.html; https://web.archive.org/web/20190416192926/http://www.people.ku.edu/~jyounger/LinearA/misctexts.html,KH,crete_west,administrative_tablet_like,clay_or_object_unknown,unknown,short_mark_or_label,14,6,14,14,AB118 AB16 AB21F AB45 AB50 AB55 AB80 DE FIC MA NU PU QA QIF,Bronze_Age_Linear_A_period_unverified,requires_source_metadata_review,0,0,1,0,0.0000,Inferred from artifact ID and normalized sequence; needs expert metadata enrichment.
KH 9,local_merged_sigla_younger_internal,http://sigla.phis.me/document/KH%209/index-word.html; https://web.archive.org/web/20190416192926/http://www.people.ku.edu/~jyounger/LinearA/misctexts.html,KH,crete_west,administrative_tablet_like,clay_or_object_unknown,unknown,short_mark_or_label,17,6,17,17,A AB08 AB11 AB28 AB41 AB58 FIC PO SI SU TA2 ]I,Bronze_Age_Linear_A_period_unverified,requires_source_metadata_review,0,0,1,0,0.0000,Inferred from artifact ID and normalized sequence; needs expert metadata enrichment.
KH 90,local_merged_sigla_younger_internal,http://sigla.phis.me/document/KH%2090/index-word.html; https://web.archive.org/web/20190416192926/http://www.people.ku.edu/~jyounger/LinearA/misctexts.html,KH,crete_west,administrative_tablet_like,clay_or_object_unknown,unknown,unclassified,11,3,11,11,AB53 AB57 AB59 AB80 MA RI TA [?],Bronze_Age_Linear_A_period_unverified,requires_source_metadata_review,0,0,0,0,0.1818,Inferred from artifact ID and normalized sequence; needs expert metadata enrichment.
KH 91,local_merged_sigla_younger_internal,http://sigla.phis.me/document/KH%2091/index-word.html; https://web.archive.org/web/20190416192926/http://www.people.ku.edu/~jyounger/LinearA/misctexts.html,KH,crete_west,administrative_tablet_like,clay_or_object_unknown,unknown,short_mark_or_label,7,5,7,7,*401VAS AB79 FIC[ GRA RA RU,Bronze_Age_Linear_A_period_unverified,requires_source_metadata_review,0,0,1,0,0.0000,Inferred from artifact ID and normalized sequence; needs expert metadata enrichment.
KH 92,local_merged_sigla_younger_internal,http://sigla.phis.me/document/KH%2092/index-word.html; https://web.archive.org/web/20190416192926/http://www.people.ku.edu/~jyounger/LinearA/misctexts.html,KH,crete_west,administrative_tablet_like,clay_or_object_unknown,unknown,unclassified,20,7,20,20,A AB01 AB04 AB06 AB08 AB08? AB21F AB30 AB53 AB67 AB81 DA KI KU NI QIF RI TE [?] ]NA,Bronze_Age_Linear_A_period_unverified,requires_source_metadata_review,0,0,0,0,0.0500,Inferred from artifact ID and normalized sequence; needs expert metadata enrichment.
KH 94,local_merged_sigla_younger_internal,http://sigla.phis.me/document/KH%2094/index-word.html,KH,crete_west,administrative_tablet_like,clay_or_object_unknown,unknown,short_mark_or_label,1,1,1,1,AB17?,Bronze_Age_Linear_A_period_unverified,requires_source_metadata_review,0,0,0,0,0.0000,Inferred from artifact ID and normalized sequence; needs expert metadata enrichment.
KH 95,local_merged_sigla_younger_internal,http://sigla.phis.me/document/KH%2095/index-word.html,KH,crete_west,administrative_tablet_like,clay_or_object_unknown,unknown,short_mark_or_label,1,1,1,1,AB09,Bronze_Age_Linear_A_period_unverified,requires_source_metadata_review,0,0,0,0,0.0000,Inferred from artifact ID and normalized sequence; needs expert metadata enrichment.
KH 97,local_merged_sigla_younger_internal,https://web.archive.org/web/20190416192926/http://www.people.ku.edu/~jyounger/LinearA/misctexts.html,KH,crete_west,administrative_tablet_like,clay_or_object_unknown,unknown,short_mark_or_label,5,2,5,5,A I[ JA SE ]RE,Bronze_Age_Linear_A_period_unverified,requires_source_metadata_review,0,0,0,0,0.0000,Inferred from artifact ID and normalized sequence; needs expert metadata enrichment.
KH 97A,local_merged_sigla_younger_internal,http://sigla.phis.me/document/KH%2097a/index-word.html,KH,crete_west,administrative_tablet_like,clay_or_object_unknown,unknown,short_mark_or_label,4,3,4,4,AB06 AB08 AB27 AB57,Bronze_Age_Linear_A_period_unverified,requires_source_metadata_review,0,0,0,0,0.0000,Inferred from artifact ID and normalized sequence; needs expert metadata enrichment.
KH 97B,local_merged_sigla_younger_internal,http://sigla.phis.me/document/KH%2097b/index-word.html,KH,crete_west,administrative_tablet_like,clay_or_object_unknown,unknown,short_mark_or_label,2,2,2,2,AB09 AB28?,Bronze_Age_Linear_A_period_unverified,requires_source_metadata_review,0,0,0,0,0.0000,Inferred from artifact ID and normalized sequence; needs expert metadata enrichment.
KH 99,local_merged_sigla_younger_internal,http://sigla.phis.me/document/KH%2099/index-word.html; https://web.archive.org/web/20190416192926/http://www.people.ku.edu/~jyounger/LinearA/misctexts.html,KH,crete_west,administrative_tablet_like,clay_or_object_unknown,unknown,unclassified,16,6,16,16,AB03 AB08 AB118 AB41 AB45 AB53 AB77 AB81 DE KA RI SI [?] ]A ]KU ]PA,Bronze_Age_Linear_A_period_unverified,requires_source_metadata_review,0,0,0,0,0.0625,Inferred from artifact ID and normalized sequence; needs expert metadata enrichment.
KH WA 1002,local_merged_sigla_younger_internal,http://sigla.phis.me/document/KH%20Wa%201002%CE%B1/index-word.html; http://sigla.phis.me/document/KH%20Wa%201002%CE%B3/index-word.html,KH,crete_west,nodule_or_sealing,clay_or_object_unknown,unknown,short_mark_or_label,2,2,2,2,A501 A640,Bronze_Age_Linear_A_period_unverified,requires_source_metadata_review,0,0,0,0,0.0000,Inferred from artifact ID and normalized sequence; needs expert metadata enrichment.
KH WA 1013,local_merged_sigla_younger_internal,http://sigla.phis.me/document/KH%20Wa%201013%CE%B1/index-word.html; http://sigla.phis.me/document/KH%20Wa%201013%CE%B3/index-word.html,KH,crete_west,nodule_or_sealing,clay_or_object_unknown,unknown,short_mark_or_label,2,2,2,2,AB02 AB86,Bronze_Age_Linear_A_period_unverified,requires_source_metadata_review,0,0,0,0,0.0000,Inferred from artifact ID and normalized sequence; needs expert metadata enrichment.
KH WA 1014,local_merged_sigla_younger_internal,http://sigla.phis.me/document/KH%20Wa%201014%CE%B1/index-word.html; http://sigla.phis.me/document/KH%20Wa%201014%CE%B3/index-word.html,KH,crete_west,nodule_or_sealing,clay_or_object_unknown,unknown,short_mark_or_label,2,2,2,2,AB02 AB86,Bronze_Age_Linear_A_period_unverified,requires_source_metadata_review,0,0,0,0,0.0000,Inferred from artifact ID and normalized sequence; needs expert metadata enrichment.
KH WA 1015,local_merged_sigla_younger_internal,http://sigla.phis.me/document/KH%20Wa%201015%CE%B1/index-word.html; http://sigla.phis.me/document/KH%20Wa%201015%CE%B3/index-word.html,KH,crete_west,nodule_or_sealing,clay_or_object_unknown,unknown,short_mark_or_label,2,2,2,2,AB02 AB86,Bronze_Age_Linear_A_period_unverified,requires_source_metadata_review,0,0,0,0,0.0000,Inferred from artifact ID and normalized sequence; needs expert metadata enrichment.
KH WA 1016,local_merged_sigla_younger_internal,http://sigla.phis.me/document/KH%20Wa%201016%CE%B1/index-word.html; http://sigla.phis.me/document/KH%20Wa%201016%CE%B3/index-word.html,KH,crete_west,nodule_or_sealing,clay_or_object_unknown,unknown,short_mark_or_label,2,2,2,2,AB02 AB86,Bronze_Age_Linear_A_period_unverified,requires_source_metadata_review,0,0,0,0,0.0000,Inferred from artifact ID and normalized sequence; needs expert metadata enrichment.
KH WC 2004,local_merged_sigla_younger_internal,https://web.archive.org/web/20190416192926/http://www.people.ku.edu/~jyounger/LinearA/misctexts.html,KH,crete_west,sealed_document_or_roundel,clay_or_object_unknown,unknown,short_mark_or_label,1,1,1,1,VIR[,Bronze_Age_Linear_A_period_unverified,requires_source_metadata_review,0,0,0,0,0.0000,Inferred from artifact ID and normalized sequence; needs expert metadata enrichment.
KH WC 2005,local_merged_sigla_younger_internal,http://sigla.phis.me/document/KH%20Wc%202005/index-word.html,KH,crete_west,sealed_document_or_roundel,clay_or_object_unknown,unknown,unclassified,4,1,4,4,AB06 AB30 AB37 AB77,Bronze_Age_Linear_A_period_unverified,requires_source_metadata_review,0,0,0,0,0.0000,Inferred from artifact ID and normalized sequence; needs expert metadata enrichment.
KH WC 2006,local_merged_sigla_younger_internal,https://web.archive.org/web/20190416192926/http://www.people.ku.edu/~jyounger/LinearA/misctexts.html,KH,crete_west,sealed_document_or_roundel,clay_or_object_unknown,unknown,short_mark_or_label,1,1,1,1,*417VAS,Bronze_Age_Linear_A_period_unverified,requires_source_metadata_review,0,0,0,0,0.0000,Inferred from artifact ID and normalized sequence; needs expert metadata enrichment.
KH WC 2007,local_merged_sigla_younger_internal,https://web.archive.org/web/20190416192926/http://www.people.ku.edu/~jyounger/LinearA/misctexts.html,KH,crete_west,sealed_document_or_roundel,clay_or_object_unknown,unknown,short_mark_or_label,1,1,1,1,*417VAS,Bronze_Age_Linear_A_period_unverified,requires_source_metadata_review,0,0,0,0,0.0000,Inferred from artifact ID and normalized sequence; needs expert metadata enrichment.
KH WC 2008,local_merged_sigla_younger_internal,http://sigla.phis.me/document/KH%20Wc%202008/index-word.html; https://web.archive.org/web/20190416192926/http://www.people.ku.edu/~jyounger/LinearA/misctexts.html,KH,crete_west,sealed_document_or_roundel,clay_or_object_unknown,unknown,short_mark_or_label,2,2,2,2,*411VASB A411B,Bronze_Age_Linear_A_period_unverified,requires_source_metadata_review,0,0,0,0,0.0000,Inferred from artifact ID and normalized sequence; needs expert metadata enrichment.
KH WC 2009,local_merged_sigla_younger_internal,http://sigla.phis.me/document/KH%20Wc%202009/index-word.html; https://web.archive.org/web/20190416192926/http://www.people.ku.edu/~jyounger/LinearA/misctexts.html,KH,crete_west,sealed_document_or_roundel,clay_or_object_unknown,unknown,short_mark_or_label,2,2,2,2,*411VASB A411B,Bronze_Age_Linear_A_period_unverified,requires_source_metadata_review,0,0,0,0,0.0000,Inferred from artifact ID and normalized sequence; needs expert metadata enrichment.
KH WC 2010,local_merged_sigla_younger_internal,https://web.archive.org/web/20190416192926/http://www.people.ku.edu/~jyounger/LinearA/misctexts.html,KH,crete_west,sealed_document_or_roundel,clay_or_object_unknown,unknown,short_mark_or_label,1,1,1,1,*409VAS,Bronze_Age_Linear_A_period_unverified,requires_source_metadata_review,0,0,0,0,0.0000,Inferred from artifact ID and normalized sequence; needs expert metadata enrichment.
KH WC 2011,local_merged_sigla_younger_internal,https://web.archive.org/web/20190416192926/http://www.people.ku.edu/~jyounger/LinearA/misctexts.html,KH,crete_west,sealed_document_or_roundel,clay_or_object_unknown,unknown,short_mark_or_label,1,1,1,1,*411VASB,Bronze_Age_Linear_A_period_unverified,requires_source_metadata_review,0,0,0,0,0.0000,Inferred from artifact ID and normalized sequence; needs expert metadata enrichment.
KH WC 2012,local_merged_sigla_younger_internal,https://web.archive.org/web/20190416192926/http://www.people.ku.edu/~jyounger/LinearA/misctexts.html,KH,crete_west,sealed_document_or_roundel,clay_or_object_unknown,unknown,short_mark_or_label,1,1,1,1,*411VASB,Bronze_Age_Linear_A_period_unverified,requires_source_metadata_review,0,0,0,0,0.0000,Inferred from artifact ID and normalized sequence; needs expert metadata enrichment.
KH WC 2013,local_merged_sigla_younger_internal,https://web.archive.org/web/20190416192926/http://www.people.ku.edu/~jyounger/LinearA/misctexts.html,KH,crete_west,sealed_document_or_roundel,clay_or_object_unknown,unknown,short_mark_or_label,1,1,1,1,*411VASB,Bronze_Age_Linear_A_period_unverified,requires_source_metadata_review,0,0,0,0,0.0000,Inferred from artifact ID and normalized sequence; needs expert metadata enrichment.
KH WC 2014,local_merged_sigla_younger_internal,https://web.archive.org/web/20190416192926/http://www.people.ku.edu/~jyounger/LinearA/misctexts.html,KH,crete_west,sealed_document_or_roundel,clay_or_object_unknown,unknown,short_mark_or_label,1,1,1,1,*411VASB,Bronze_Age_Linear_A_period_unverified,requires_source_metadata_review,0,0,0,0,0.0000,Inferred from artifact ID and normalized sequence; needs expert metadata enrichment.
KH WC 2015,local_merged_sigla_younger_internal,https://web.archive.org/web/20190416192926/http://www.people.ku.edu/~jyounger/LinearA/misctexts.html,KH,crete_west,sealed_document_or_roundel,clay_or_object_unknown,unknown,short_mark_or_label,1,1,1,1,*411VASB,Bronze_Age_Linear_A_period_unverified,requires_source_metadata_review,0,0,0,0,0.0000,Inferred from artifact ID and normalized sequence; needs expert metadata enrichment.
KH WC 2016,local_merged_sigla_younger_internal,https://web.archive.org/web/20190416192926/http://www.people.ku.edu/~jyounger/LinearA/misctexts.html,KH,crete_west,sealed_document_or_roundel,clay_or_object_unknown,unknown,short_mark_or_label,1,1,1,1,*411VASB,Bronze_Age_Linear_A_period_unverified,requires_source_metadata_review,0,0,0,0,0.0000,Inferred from artifact ID and normalized sequence; needs expert metadata enrichment.
KH WC 2017,local_merged_sigla_younger_internal,https://web.archive.org/web/20190416192926/http://www.people.ku.edu/~jyounger/LinearA/misctexts.html,KH,crete_west,sealed_document_or_roundel,clay_or_object_unknown,unknown,short_mark_or_label,1,1,1,1,*411VASB,Bronze_Age_Linear_A_period_unverified,requires_source_metadata_review,0,0,0,0,0.0000,Inferred from artifact ID and normalized sequence; needs expert metadata enrichment.
KH WC 2018,local_merged_sigla_younger_internal,https://web.archive.org/web/20190416192926/http://www.people.ku.edu/~jyounger/LinearA/misctexts.html,KH,crete_west,sealed_document_or_roundel,clay_or_object_unknown,unknown,short_mark_or_label,1,1,1,1,*411VASB,Bronze_Age_Linear_A_period_unverified,requires_source_metadata_review,0,0,0,0,0.0000,Inferred from artifact ID and normalized sequence; needs expert metadata enrichment.
KH WC 2019,local_merged_sigla_younger_internal,https://web.archive.org/web/20190416192926/http://www.people.ku.edu/~jyounger/LinearA/misctexts.html,KH,crete_west,sealed_document_or_roundel,clay_or_object_unknown,unknown,short_mark_or_label,1,1,1,1,*411VASA,Bronze_Age_Linear_A_period_unverified,requires_source_metadata_review,0,0,0,0,0.0000,Inferred from artifact ID and normalized sequence; needs expert metadata enrichment.
KH WC 2020,local_merged_sigla_younger_internal,https://web.archive.org/web/20190416192926/http://www.people.ku.edu/~jyounger/LinearA/misctexts.html,KH,crete_west,sealed_document_or_roundel,clay_or_object_unknown,unknown,short_mark_or_label,1,1,1,1,*409VAS,Bronze_Age_Linear_A_period_unverified,requires_source_metadata_review,0,0,0,0,0.0000,Inferred from artifact ID and normalized sequence; needs expert metadata enrichment.
KH WC 2021,local_merged_sigla_younger_internal,https://web.archive.org/web/20190416192926/http://www.people.ku.edu/~jyounger/LinearA/misctexts.html,KH,crete_west,sealed_document_or_roundel,clay_or_object_unknown,unknown,short_mark_or_label,1,1,1,1,*409VAS,Bronze_Age_Linear_A_period_unverified,requires_source_metadata_review,0,0,0,0,0.0000,Inferred from artifact ID and normalized sequence; needs expert metadata enrichment.
KH WC 2022,local_merged_sigla_younger_internal,https://web.archive.org/web/20190416192926/http://www.people.ku.edu/~jyounger/LinearA/misctexts.html,KH,crete_west,sealed_document_or_roundel,clay_or_object_unknown,unknown,short_mark_or_label,1,1,1,1,*411VASB,Bronze_Age_Linear_A_period_unverified,requires_source_metadata_review,0,0,0,0,0.0000,Inferred from artifact ID and normalized sequence; needs expert metadata enrichment.
KH WC 2023,local_merged_sigla_younger_internal,https://web.archive.org/web/20190416192926/http://www.people.ku.edu/~jyounger/LinearA/misctexts.html,KH,crete_west,sealed_document_or_roundel,clay_or_object_unknown,unknown,short_mark_or_label,1,1,1,1,*411VASB,Bronze_Age_Linear_A_period_unverified,requires_source_metadata_review,0,0,0,0,0.0000,Inferred from artifact ID and normalized sequence; needs expert metadata enrichment.
KH WC 2024,local_merged_sigla_younger_internal,https://web.archive.org/web/20190416192926/http://www.people.ku.edu/~jyounger/LinearA/misctexts.html,KH,crete_west,sealed_document_or_roundel,clay_or_object_unknown,unknown,short_mark_or_label,1,1,1,1,*411VASB,Bronze_Age_Linear_A_period_unverified,requires_source_metadata_review,0,0,0,0,0.0000,Inferred from artifact ID and normalized sequence; needs expert metadata enrichment.
KH WC 2029 2030,local_merged_sigla_younger_internal,https://web.archive.org/web/20190416192926/http://www.people.ku.edu/~jyounger/LinearA/misctexts.html,KH,crete_west,sealed_document_or_roundel,clay_or_object_unknown,unknown,short_mark_or_label,2,1,2,2,KA VIR,Bronze_Age_Linear_A_period_unverified,requires_source_metadata_review,0,0,0,0,0.0000,Inferred from artifact ID and normalized sequence; needs expert metadata enrichment.
KH WC 2031,local_merged_sigla_younger_internal,https://web.archive.org/web/20190416192926/http://www.people.ku.edu/~jyounger/LinearA/misctexts.html,KH,crete_west,sealed_document_or_roundel,clay_or_object_unknown,unknown,short_mark_or_label,2,1,2,2,KA VIR,Bronze_Age_Linear_A_period_unverified,requires_source_metadata_review,0,0,0,0,0.0000,Inferred from artifact ID and normalized sequence; needs expert metadata enrichment.
KH WC 2032,local_merged_sigla_younger_internal,https://web.archive.org/web/20190416192926/http://www.people.ku.edu/~jyounger/LinearA/misctexts.html,KH,crete_west,sealed_document_or_roundel,clay_or_object_unknown,unknown,short_mark_or_label,2,1,2,2,KA VIR,Bronze_Age_Linear_A_period_unverified,requires_source_metadata_review,0,0,0,0,0.0000,Inferred from artifact ID and normalized sequence; needs expert metadata enrichment.
KH WC 2035,local_merged_sigla_younger_internal,http://sigla.phis.me/document/KH%20Wc%202035/index-word.html,KH,crete_west,sealed_document_or_roundel,clay_or_object_unknown,unknown,short_mark_or_label,1,1,1,1,AB61,Bronze_Age_Linear_A_period_unverified,requires_source_metadata_review,0,0,0,0,0.0000,Inferred from artifact ID and normalized sequence; needs expert metadata enrichment.
KH WC 2036,local_merged_sigla_younger_internal,https://web.archive.org/web/20190416192926/http://www.people.ku.edu/~jyounger/LinearA/misctexts.html,KH,crete_west,sealed_document_or_roundel,clay_or_object_unknown,unknown,short_mark_or_label,1,1,1,1,*164D,Bronze_Age_Linear_A_period_unverified,requires_source_metadata_review,0,0,0,0,0.0000,Inferred from artifact ID and normalized sequence; needs expert metadata enrichment.
KH WC 2037,local_merged_sigla_younger_internal,https://web.archive.org/web/20190416192926/http://www.people.ku.edu/~jyounger/LinearA/misctexts.html,KH,crete_west,sealed_document_or_roundel,clay_or_object_unknown,unknown,short_mark_or_label,1,1,1,1,*164D,Bronze_Age_Linear_A_period_unverified,requires_source_metadata_review,0,0,0,0,0.0000,Inferred from artifact ID and normalized sequence; needs expert metadata enrichment.
KH WC 2038,local_merged_sigla_younger_internal,https://web.archive.org/web/20190416192926/http://www.people.ku.edu/~jyounger/LinearA/misctexts.html,KH,crete_west,sealed_document_or_roundel,clay_or_object_unknown,unknown,short_mark_or_label,1,1,1,1,*164D,Bronze_Age_Linear_A_period_unverified,requires_source_metadata_review,0,0,0,0,0.0000,Inferred from artifact ID and normalized sequence; needs expert metadata enrichment.
KH WC 2039,local_merged_sigla_younger_internal,https://web.archive.org/web/20190416192926/http://www.people.ku.edu/~jyounger/LinearA/misctexts.html,KH,crete_west,sealed_document_or_roundel,clay_or_object_unknown,unknown,short_mark_or_label,1,1,1,1,*164D,Bronze_Age_Linear_A_period_unverified,requires_source_metadata_review,0,0,0,0,0.0000,Inferred from artifact ID and normalized sequence; needs expert metadata enrichment.
KH WC 2040,local_merged_sigla_younger_internal,https://web.archive.org/web/20190416192926/http://www.people.ku.edu/~jyounger/LinearA/misctexts.html,KH,crete_west,sealed_document_or_roundel,clay_or_object_unknown,unknown,short_mark_or_label,1,1,1,1,*164B,Bronze_Age_Linear_A_period_unverified,requires_source_metadata_review,0,0,0,0,0.0000,Inferred from artifact ID and normalized sequence; needs expert metadata enrichment.
KH WC 2041,local_merged_sigla_younger_internal,https://web.archive.org/web/20190416192926/http://www.people.ku.edu/~jyounger/LinearA/misctexts.html,KH,crete_west,sealed_document_or_roundel,clay_or_object_unknown,unknown,short_mark_or_label,1,1,1,1,*164C,Bronze_Age_Linear_A_period_unverified,requires_source_metadata_review,0,0,0,0,0.0000,Inferred from artifact ID and normalized sequence; needs expert metadata enrichment.
KH WC 2042,local_merged_sigla_younger_internal,https://web.archive.org/web/20190416192926/http://www.people.ku.edu/~jyounger/LinearA/misctexts.html,KH,crete_west,sealed_document_or_roundel,clay_or_object_unknown,unknown,short_mark_or_label,1,1,1,1,*164A,Bronze_Age_Linear_A_period_unverified,requires_source_metadata_review,0,0,0,0,0.0000,Inferred from artifact ID and normalized sequence; needs expert metadata enrichment.
KH WC 2043,local_merged_sigla_younger_internal,https://web.archive.org/web/20190416192926/http://www.people.ku.edu/~jyounger/LinearA/misctexts.html,KH,crete_west,sealed_document_or_roundel,clay_or_object_unknown,unknown,short_mark_or_label,1,1,1,1,*164A,Bronze_Age_Linear_A_period_unverified,requires_source_metadata_review,0,0,0,0,0.0000,Inferred from artifact ID and normalized sequence; needs expert metadata enrichment.
KH WC 2044 2096,local_merged_sigla_younger_internal,https://web.archive.org/web/20190416192926/http://www.people.ku.edu/~jyounger/LinearA/misctexts.html,KH,crete_west,sealed_document_or_roundel,clay_or_object_unknown,unknown,short_mark_or_label,1,1,1,1,*164A,Bronze_Age_Linear_A_period_unverified,requires_source_metadata_review,0,0,0,0,0.0000,Inferred from artifact ID and normalized sequence; needs expert metadata enrichment.
KH WC 2045,local_merged_sigla_younger_internal,https://web.archive.org/web/20190416192926/http://www.people.ku.edu/~jyounger/LinearA/misctexts.html,KH,crete_west,sealed_document_or_roundel,clay_or_object_unknown,unknown,short_mark_or_label,1,1,1,1,*164D,Bronze_Age_Linear_A_period_unverified,requires_source_metadata_review,0,0,0,0,0.0000,Inferred from artifact ID and normalized sequence; needs expert metadata enrichment.
KH WC 2063,local_merged_sigla_younger_internal,https://web.archive.org/web/20190416192926/http://www.people.ku.edu/~jyounger/LinearA/misctexts.html,KH,crete_west,sealed_document_or_roundel,clay_or_object_unknown,unknown,short_mark_or_label,1,1,1,1,OVIS,Bronze_Age_Linear_A_period_unverified,requires_source_metadata_review,0,0,1,0,0.0000,Inferred from artifact ID and normalized sequence; needs expert metadata enrichment.
KH WC 2066,local_merged_sigla_younger_internal,https://web.archive.org/web/20190416192926/http://www.people.ku.edu/~jyounger/LinearA/misctexts.html,KH,crete_west,sealed_document_or_roundel,clay_or_object_unknown,unknown,short_mark_or_label,2,1,2,2,I [?],Bronze_Age_Linear_A_period_unverified,requires_source_metadata_review,0,0,0,0,0.5000,Inferred from artifact ID and normalized sequence; needs expert metadata enrichment.
KH WC 2069,local_merged_sigla_younger_internal,https://web.archive.org/web/20190416192926/http://www.people.ku.edu/~jyounger/LinearA/misctexts.html,KH,crete_west,sealed_document_or_roundel,clay_or_object_unknown,unknown,short_mark_or_label,1,1,1,1,BOSM,Bronze_Age_Linear_A_period_unverified,requires_source_metadata_review,0,0,0,0,0.0000,Inferred from artifact ID and normalized sequence; needs expert metadata enrichment.
KH WC 2070,local_merged_sigla_younger_internal,https://web.archive.org/web/20190416192926/http://www.people.ku.edu/~jyounger/LinearA/misctexts.html,KH,crete_west,sealed_document_or_roundel,clay_or_object_unknown,unknown,short_mark_or_label,2,1,2,2,I [?],Bronze_Age_Linear_A_period_unverified,requires_source_metadata_review,0,0,0,0,0.5000,Inferred from artifact ID and normalized sequence; needs expert metadata enrichment.
KH WC 2100,local_merged_sigla_younger_internal,http://sigla.phis.me/document/KH%20Wc%202100/index-word.html; https://web.archive.org/web/20190416192926/http://www.people.ku.edu/~jyounger/LinearA/misctexts.html,KH,crete_west,sealed_document_or_roundel,clay_or_object_unknown,unknown,a_series_sequence,5,2,5,5,A352 AB100 AB57 JA VIR,Bronze_Age_Linear_A_period_unverified,requires_source_metadata_review,0,0,0,0,0.0000,Inferred from artifact ID and normalized sequence; needs expert metadata enrichment.
KH WC 2102,local_merged_sigla_younger_internal,https://web.archive.org/web/20190416192926/http://www.people.ku.edu/~jyounger/LinearA/misctexts.html,KH,crete_west,sealed_document_or_roundel,clay_or_object_unknown,unknown,short_mark_or_label,1,1,1,1,OVIS,Bronze_Age_Linear_A_period_unverified,requires_source_metadata_review,0,0,1,0,0.0000,Inferred from artifact ID and normalized sequence; needs expert metadata enrichment.
KH WC 2103,local_merged_sigla_younger_internal,https://web.archive.org/web/20190416192926/http://www.people.ku.edu/~jyounger/LinearA/misctexts.html,KH,crete_west,sealed_document_or_roundel,clay_or_object_unknown,unknown,short_mark_or_label,1,1,1,1,*408VAS,Bronze_Age_Linear_A_period_unverified,requires_source_metadata_review,0,0,0,0,0.0000,Inferred from artifact ID and normalized sequence; needs expert metadata enrichment.
KH WC 2111,local_merged_sigla_younger_internal,https://web.archive.org/web/20190416192926/http://www.people.ku.edu/~jyounger/LinearA/misctexts.html,KH,crete_west,sealed_document_or_roundel,clay_or_object_unknown,unknown,short_mark_or_label,1,1,1,1,*164D,Bronze_Age_Linear_A_period_unverified,requires_source_metadata_review,0,0,0,0,0.0000,Inferred from artifact ID and normalized sequence; needs expert metadata enrichment.
KH WC 2122,local_merged_sigla_younger_internal,https://web.archive.org/web/20190416192926/http://www.people.ku.edu/~jyounger/LinearA/misctexts.html,KH,crete_west,sealed_document_or_roundel,clay_or_object_unknown,unknown,short_mark_or_label,1,1,1,1,*408VAS,Bronze_Age_Linear_A_period_unverified,requires_source_metadata_review,0,0,0,0,0.0000,Inferred from artifact ID and normalized sequence; needs expert metadata enrichment.
KH WC 2124,local_merged_sigla_younger_internal,https://web.archive.org/web/20190416192926/http://www.people.ku.edu/~jyounger/LinearA/misctexts.html,KH,crete_west,sealed_document_or_roundel,clay_or_object_unknown,unknown,short_mark_or_label,1,1,1,1,TELA,Bronze_Age_Linear_A_period_unverified,requires_source_metadata_review,0,0,0,0,0.0000,Inferred from artifact ID and normalized sequence; needs expert metadata enrichment.
KN 1,local_merged_sigla_younger_internal,https://web.archive.org/web/20190416192926/http://www.people.ku.edu/~jyounger/LinearA/misctexts.html,KN,crete_central,administrative_tablet_like,clay_or_object_unknown,unknown,unclassified,7,2,7,7,DU JA KU RA TI,Bronze_Age_Linear_A_period_unverified,requires_source_metadata_review,0,0,0,0,0.0000,Inferred from artifact ID and normalized sequence; needs expert metadata enrichment.
KN 1A,local_merged_sigla_younger_internal,http://sigla.phis.me/document/KN%201a/index-word.html,KN,crete_central,administrative_tablet_like,clay_or_object_unknown,unknown,unclassified,3,1,3,3,AB37 AB57 AB81,Bronze_Age_Linear_A_period_unverified,requires_source_metadata_review,0,0,0,0,0.0000,Inferred from artifact ID and normalized sequence; needs expert metadata enrichment.
KN 1B,local_merged_sigla_younger_internal,http://sigla.phis.me/document/KN%201b/index-word.html,KN,crete_central,administrative_tablet_like,clay_or_object_unknown,unknown,unclassified,4,1,4,4,AB37 AB51 AB57 AB60,Bronze_Age_Linear_A_period_unverified,requires_source_metadata_review,0,0,0,0,0.0000,Inferred from artifact ID and normalized sequence; needs expert metadata enrichment.
KN 2,local_merged_sigla_younger_internal,http://sigla.phis.me/document/KN%202/index-word.html; https://web.archive.org/web/20190416192926/http://www.people.ku.edu/~jyounger/LinearA/misctexts.html,KN,crete_central,administrative_tablet_like,clay_or_object_unknown,unknown,short_mark_or_label,4,2,4,4,AB06 AB26 NA ]RU,Bronze_Age_Linear_A_period_unverified,requires_source_metadata_review,0,0,0,0,0.0000,Inferred from artifact ID and normalized sequence; needs expert metadata enrichment.
KN 22,local_merged_sigla_younger_internal,https://web.archive.org/web/20190416192926/http://www.people.ku.edu/~jyounger/LinearA/misctexts.html,KN,crete_central,administrative_tablet_like,clay_or_object_unknown,unknown,unclassified,6,2,6,6,DI JU PA3 PO TA ]SU,Bronze_Age_Linear_A_period_unverified,requires_source_metadata_review,0,0,0,0,0.0000,Inferred from artifact ID and normalized sequence; needs expert metadata enrichment.
KN 22A,local_merged_sigla_younger_internal,http://sigla.phis.me/document/KN%2022a/index-word.html,KN,crete_central,administrative_tablet_like,clay_or_object_unknown,unknown,unclassified,6,2,6,6,AB46 AB58 AB59 AB65 AB77 [?],Bronze_Age_Linear_A_period_unverified,requires_source_metadata_review,0,0,0,0,0.1667,Inferred from artifact ID and normalized sequence; needs expert metadata enrichment.
KN 22B,local_merged_sigla_younger_internal,http://sigla.phis.me/document/KN%2022b/index-word.html,KN,crete_central,administrative_tablet_like,clay_or_object_unknown,unknown,unclassified,3,1,3,3,AB07 AB11 AB56,Bronze_Age_Linear_A_period_unverified,requires_source_metadata_review,0,0,0,0,0.0000,Inferred from artifact ID and normalized sequence; needs expert metadata enrichment.
KN 22C,local_merged_sigla_younger_internal,http://sigla.phis.me/document/KN%2022c/index-word.html,KN,crete_central,administrative_tablet_like,clay_or_object_unknown,unknown,unclassified,6,1,6,6,AB06 AB58 AB73 AB80 [?],Bronze_Age_Linear_A_period_unverified,requires_source_metadata_review,0,0,0,0,0.3333,Inferred from artifact ID and normalized sequence; needs expert metadata enrichment.
KN 28,local_merged_sigla_younger_internal,https://web.archive.org/web/20190416192926/http://www.people.ku.edu/~jyounger/LinearA/misctexts.html,KN,crete_central,administrative_tablet_like,clay_or_object_unknown,unknown,short_mark_or_label,2,1,2,2,MI SU,Bronze_Age_Linear_A_period_unverified,requires_source_metadata_review,0,0,0,0,0.0000,Inferred from artifact ID and normalized sequence; needs expert metadata enrichment.
KN 28B,local_merged_sigla_younger_internal,http://sigla.phis.me/document/KN%2028b/index-word.html,KN,crete_central,administrative_tablet_like,clay_or_object_unknown,unknown,short_mark_or_label,2,1,2,2,AB04 [?],Bronze_Age_Linear_A_period_unverified,requires_source_metadata_review,0,0,0,0,0.5000,Inferred from artifact ID and normalized sequence; needs expert metadata enrichment.
KN 32,local_merged_sigla_younger_internal,https://web.archive.org/web/20190416192926/http://www.people.ku.edu/~jyounger/LinearA/misctexts.html,KN,crete_central,administrative_tablet_like,clay_or_object_unknown,unknown,short_mark_or_label,7,3,7,7,A JA KA PU SA SU TA[,Bronze_Age_Linear_A_period_unverified,requires_source_metadata_review,0,0,0,0,0.0000,Inferred from artifact ID and normalized sequence; needs expert metadata enrichment.
KN 32A,local_merged_sigla_younger_internal,http://sigla.phis.me/document/KN%2032a/index-word.html,KN,crete_central,administrative_tablet_like,clay_or_object_unknown,unknown,unclassified,7,2,7,7,AB03 AB08 AB59 AB77 [?],Bronze_Age_Linear_A_period_unverified,requires_source_metadata_review,0,0,0,0,0.2857,Inferred from artifact ID and normalized sequence; needs expert metadata enrichment.
KN 32B,local_merged_sigla_younger_internal,http://sigla.phis.me/document/KN%2032b/index-word.html,KN,crete_central,administrative_tablet_like,clay_or_object_unknown,unknown,short_mark_or_label,9,4,9,9,AB03 AB04 AB31 AB50 AB57 AB58 [?],Bronze_Age_Linear_A_period_unverified,requires_source_metadata_review,0,0,0,0,0.3333,Inferred from artifact ID and normalized sequence; needs expert metadata enrichment.
KN WB 33A,local_merged_sigla_younger_internal,http://sigla.phis.me/document/KN%20Wb%2033a/index-word.html,KN,crete_central,administrative_tablet_like,clay_or_object_unknown,unknown,short_mark_or_label,2,1,2,2,AB16 AB67,Bronze_Age_Linear_A_period_unverified,requires_source_metadata_review,0,0,0,0,0.0000,Inferred from artifact ID and normalized sequence; needs expert metadata enrichment.
KN WB 33B,local_merged_sigla_younger_internal,http://sigla.phis.me/document/KN%20Wb%2033b/index-word.html,KN,crete_central,administrative_tablet_like,clay_or_object_unknown,unknown,unclassified,3,1,3,3,AB09 AB55 [?],Bronze_Age_Linear_A_period_unverified,requires_source_metadata_review,0,0,0,0,0.3333,Inferred from artifact ID and normalized sequence; needs expert metadata enrichment.
KN WC 26,local_merged_sigla_younger_internal,https://web.archive.org/web/20190416192926/http://www.people.ku.edu/~jyounger/LinearA/misctexts.html,KN,crete_central,sealed_document_or_roundel,clay_or_object_unknown,unknown,unclassified,7,2,7,7,B DISC IMPRESSION NI NO PAPYRUS PI,Bronze_Age_Linear_A_period_unverified,requires_source_metadata_review,0,0,0,0,0.0000,Inferred from artifact ID and normalized sequence; needs expert metadata enrichment.
KN WC 26A,local_merged_sigla_younger_internal,http://sigla.phis.me/document/KN%20Wc%2026a/index-word.html,KN,crete_central,sealed_document_or_roundel,clay_or_object_unknown,unknown,short_mark_or_label,2,1,2,2,AB26 AB57,Bronze_Age_Linear_A_period_unverified,requires_source_metadata_review,0,0,0,0,0.0000,Inferred from artifact ID and normalized sequence; needs expert metadata enrichment.
KN WC 26B,local_merged_sigla_younger_internal,http://sigla.phis.me/document/KN%20Wc%2026b/index-word.html,KN,crete_central,sealed_document_or_roundel,clay_or_object_unknown,unknown,short_mark_or_label,2,1,2,2,AB30 AB39,Bronze_Age_Linear_A_period_unverified,requires_source_metadata_review,0,0,0,0,0.0000,Inferred from artifact ID and normalized sequence; needs expert metadata enrichment.
KN WC 29,local_merged_sigla_younger_internal,https://web.archive.org/web/20190416192926/http://www.people.ku.edu/~jyounger/LinearA/misctexts.html,KN,crete_central,sealed_document_or_roundel,clay_or_object_unknown,unknown,short_mark_or_label,1,1,1,1,CAPM,Bronze_Age_Linear_A_period_unverified,requires_source_metadata_review,0,0,0,0,0.0000,Inferred from artifact ID and normalized sequence; needs expert metadata enrichment.
KN WC 3,local_merged_sigla_younger_internal,http://sigla.phis.me/document/KN%20Wc%203/index-word.html,KN,crete_central,sealed_document_or_roundel,clay_or_object_unknown,unknown,unclassified,3,1,3,3,AB28 AB77,Bronze_Age_Linear_A_period_unverified,requires_source_metadata_review,0,0,0,0,0.0000,Inferred from artifact ID and normalized sequence; needs expert metadata enrichment.
KN WC 30,local_merged_sigla_younger_internal,http://sigla.phis.me/document/KN%20Wc%2030/index-word.html,KN,crete_central,sealed_document_or_roundel,clay_or_object_unknown,unknown,short_mark_or_label,2,1,2,2,AB57 AB60,Bronze_Age_Linear_A_period_unverified,requires_source_metadata_review,0,0,0,0,0.0000,Inferred from artifact ID and normalized sequence; needs expert metadata enrichment.
KN WC 42,local_merged_sigla_younger_internal,https://web.archive.org/web/20190416192926/http://www.people.ku.edu/~jyounger/LinearA/misctexts.html,KN,crete_central,sealed_document_or_roundel,clay_or_object_unknown,unknown,short_mark_or_label,6,2,6,6,A IMPRESSION MOTIF NOT O PRESERVED,Bronze_Age_Linear_A_period_unverified,requires_source_metadata_review,0,0,0,0,0.0000,Inferred from artifact ID and normalized sequence; needs expert metadata enrichment.
KN WC 43,local_merged_sigla_younger_internal,https://web.archive.org/web/20190416192926/http://www.people.ku.edu/~jyounger/LinearA/misctexts.html,KN,crete_central,sealed_document_or_roundel,clay_or_object_unknown,unknown,short_mark_or_label,2,1,2,2,NOT PRESERVED,Bronze_Age_Linear_A_period_unverified,requires_source_metadata_review,0,0,0,0,0.0000,Inferred from artifact ID and normalized sequence; needs expert metadata enrichment.
KN WC 48,local_merged_sigla_younger_internal,https://web.archive.org/web/20190416192926/http://www.people.ku.edu/~jyounger/LinearA/misctexts.html,KN,crete_central,sealed_document_or_roundel,clay_or_object_unknown,unknown,short_mark_or_label,2,1,2,2,B VESTIGIA,Bronze_Age_Linear_A_period_unverified,requires_source_metadata_review,0,0,0,0,0.0000,Inferred from artifact ID and normalized sequence; needs expert metadata enrichment.
KN ZB 20,local_merged_sigla_younger_internal,http://sigla.phis.me/document/KN%20Zb%2020/index-word.html,KN,crete_central,inscription_or_vessel,clay_or_object_unknown,ritual_or_display_possible,unclassified,3,1,3,3,AB06 AB08 AB56,Bronze_Age_Linear_A_period_unverified,requires_source_metadata_review,1,0,0,0,0.0000,Inferred from artifact ID and normalized sequence; needs expert metadata enrichment.
KN ZB 35,local_merged_sigla_younger_internal,http://sigla.phis.me/document/KN%20Zb%2035/index-word.html; https://web.archive.org/web/20190416192926/http://www.people.ku.edu/~jyounger/LinearA/misctexts.html,KN,crete_central,inscription_or_vessel,clay_or_object_unknown,ritual_or_display_possible,short_mark_or_label,7,5,7,7,AB07 AB40 AB57 ]DI ]JA[ ]OLE ]WI[,Bronze_Age_Linear_A_period_unverified,requires_source_metadata_review,1,0,0,0,0.0000,Inferred from artifact ID and normalized sequence; needs expert metadata enrichment.
KN ZB 4,local_merged_sigla_younger_internal,http://sigla.phis.me/document/KN%20Zb%204/index-word.html,KN,crete_central,inscription_or_vessel,clay_or_object_unknown,ritual_or_display_possible,short_mark_or_label,5,3,5,5,AB41 AB57 AB65 [?],Bronze_Age_Linear_A_period_unverified,requires_source_metadata_review,1,0,0,0,0.2000,Inferred from artifact ID and normalized sequence; needs expert metadata enrichment.
KN ZB 40,local_merged_sigla_younger_internal,http://sigla.phis.me/document/KN%20Zb%2040/index-word.html,KN,crete_central,inscription_or_vessel,clay_or_object_unknown,ritual_or_display_possible,unclassified,6,2,6,6,AB03 AB06 AB08 AB10 AB67,Bronze_Age_Linear_A_period_unverified,requires_source_metadata_review,1,0,0,0,0.0000,Inferred from artifact ID and normalized sequence; needs expert metadata enrichment.
KN ZB 5,local_merged_sigla_younger_internal,http://sigla.phis.me/document/KN%20Zb%205/index-word.html,KN,crete_central,inscription_or_vessel,clay_or_object_unknown,ritual_or_display_possible,unclassified,5,1,5,5,AB08 AB37 AB41 AB53 AB69,Bronze_Age_Linear_A_period_unverified,requires_source_metadata_review,1,0,0,0,0.0000,Inferred from artifact ID and normalized sequence; needs expert metadata enrichment.
KN ZC 6,local_merged_sigla_younger_internal,http://sigla.phis.me/document/KN%20Zc%206/index-word.html,KN,crete_central,inscription_or_vessel,clay_or_object_unknown,ritual_or_display_possible,unclassified,23,4,23,23,AB01 AB03 AB06 AB07 AB08 AB10 AB28 AB30 AB34 AB37 AB53 AB55 AB57 AB65 AB67 AB79 AB81 [?],Bronze_Age_Linear_A_period_unverified,requires_source_metadata_review,1,0,0,0,0.0435,Inferred from artifact ID and normalized sequence; needs expert metadata enrichment.
KN ZC 7,local_merged_sigla_younger_internal,http://sigla.phis.me/document/KN%20Zc%207/index-word.html,KN,crete_central,inscription_or_vessel,clay_or_object_unknown,ritual_or_display_possible,unclassified,20,4,20,20,AB06 AB08 AB24 AB27 AB31 AB37 AB39 AB40 AB51 AB55 AB57 AB60 AB74 AB77 AB79 [?],Bronze_Age_Linear_A_period_unverified,requires_source_metadata_review,1,0,0,0,0.0500,Inferred from artifact ID and normalized sequence; needs expert metadata enrichment.
KN ZE 16,local_merged_sigla_younger_internal,http://sigla.phis.me/document/KN%20Ze%2016/index-word.html,KN,crete_central,inscription_or_vessel,clay_or_object_unknown,ritual_or_display_possible,short_mark_or_label,2,1,2,2,AB08 AB39,Bronze_Age_Linear_A_period_unverified,requires_source_metadata_review,1,0,0,0,0.0000,Inferred from artifact ID and normalized sequence; needs expert metadata enrichment.
KN ZF 13,local_merged_sigla_younger_internal,http://sigla.phis.me/document/KN%20Zf%2013/index-word.html,KN,crete_central,inscription_or_vessel,clay_or_object_unknown,ritual_or_display_possible,a_series_sequence,19,1,19,19,A301 AB03 AB04 AB07 AB08 AB09 AB23 AB24 AB27 AB39 AB41 AB44 AB53 AB57 AB59 AB81,Bronze_Age_Linear_A_period_unverified,requires_source_metadata_review,1,0,0,0,0.0000,Inferred from artifact ID and normalized sequence; needs expert metadata enrichment.
MA 1,local_merged_sigla_younger_internal,https://web.archive.org/web/20190416192926/http://www.people.ku.edu/~jyounger/LinearA/misctexts.html,MA,aegean_islands,unclassified,clay_or_object_unknown,unknown,unclassified,10,3,10,10,A DE DU I MA MI NU QE WI X,Bronze_Age_Linear_A_period_unverified,requires_source_metadata_review,0,0,0,0,0.0000,Inferred from artifact ID and normalized sequence; needs expert metadata enrichment.
MA 10,local_merged_sigla_younger_internal,https://web.archive.org/web/20190416192926/http://www.people.ku.edu/~jyounger/LinearA/misctexts.html,MA,aegean_islands,unclassified,clay_or_object_unknown,unknown,short_mark_or_label,17,8,17,17,*404VAS *405VAS *412VAS *413VAS ?][ A DU E F PI SU TE TI WA,Bronze_Age_Linear_A_period_unverified,requires_source_metadata_review,0,0,0,0,0.0000,Inferred from artifact ID and normalized sequence; needs expert metadata enrichment.
MA 10A,local_merged_sigla_younger_internal,http://sigla.phis.me/document/MA%2010a/index-word.html,MA,aegean_islands,unclassified,clay_or_object_unknown,unknown,short_mark_or_label,1,1,1,1,AB26,Bronze_Age_Linear_A_period_unverified,requires_source_metadata_review,0,0,0,0,0.0000,Inferred from artifact ID and normalized sequence; needs expert metadata enrichment.
MA 10B,local_merged_sigla_younger_internal,http://sigla.phis.me/document/MA%2010b/index-word.html,MA,aegean_islands,unclassified,clay_or_object_unknown,unknown,unclassified,4,1,4,4,AB04 AB39 AB51 AB54,Bronze_Age_Linear_A_period_unverified,requires_source_metadata_review,0,0,0,0,0.0000,Inferred from artifact ID and normalized sequence; needs expert metadata enrichment.
MA 1A,local_merged_sigla_younger_internal,http://sigla.phis.me/document/MA%201a/index-word.html,MA,aegean_islands,unclassified,clay_or_object_unknown,unknown,unclassified,7,2,7,7,AB28 AB40 AB45 AB51 AB55 AB73 AB78,Bronze_Age_Linear_A_period_unverified,requires_source_metadata_review,0,0,0,0,0.0000,Inferred from artifact ID and normalized sequence; needs expert metadata enrichment.
MA 1B,local_merged_sigla_younger_internal,http://sigla.phis.me/document/MA%201b/index-word.html,MA,aegean_islands,unclassified,clay_or_object_unknown,unknown,short_mark_or_label,6,2,6,6,AB08 AB45 AB55 AB73 AB78 AB80,Bronze_Age_Linear_A_period_unverified,requires_source_metadata_review,0,0,0,0,0.0000,Inferred from artifact ID and normalized sequence; needs expert metadata enrichment.
MA 1C,local_merged_sigla_younger_internal,http://sigla.phis.me/document/MA%201c/index-word.html,MA,aegean_islands,unclassified,clay_or_object_unknown,unknown,short_mark_or_label,1,1,1,1,AB37,Bronze_Age_Linear_A_period_unverified,requires_source_metadata_review,0,0,0,0,0.0000,Inferred from artifact ID and normalized sequence; needs expert metadata enrichment.
MA 2,local_merged_sigla_younger_internal,https://web.archive.org/web/20190416192926/http://www.people.ku.edu/~jyounger/LinearA/misctexts.html,MA,aegean_islands,unclassified,clay_or_object_unknown,unknown,short_mark_or_label,13,5,13,13,JA KU MA NA RA RE TI U ]DU ]JA,Bronze_Age_Linear_A_period_unverified,requires_source_metadata_review,0,0,0,0,0.0000,Inferred from artifact ID and normalized sequence; needs expert metadata enrichment.
MA 2A,local_merged_sigla_younger_internal,http://sigla.phis.me/document/MA%202a/index-word.html,MA,aegean_islands,unclassified,clay_or_object_unknown,unknown,short_mark_or_label,2,1,2,2,AB51 AB60,Bronze_Age_Linear_A_period_unverified,requires_source_metadata_review,0,0,0,0,0.0000,Inferred from artifact ID and normalized sequence; needs expert metadata enrichment.
MA 2B,local_merged_sigla_younger_internal,http://sigla.phis.me/document/MA%202b/index-word.html,MA,aegean_islands,unclassified,clay_or_object_unknown,unknown,short_mark_or_label,6,3,6,6,AB27 AB37 AB57 AB81 [?],Bronze_Age_Linear_A_period_unverified,requires_source_metadata_review,0,0,0,0,0.1667,Inferred from artifact ID and normalized sequence; needs expert metadata enrichment.
MA 2C,local_merged_sigla_younger_internal,http://sigla.phis.me/document/MA%202c/index-word.html,MA,aegean_islands,unclassified,clay_or_object_unknown,unknown,unclassified,7,2,7,7,AB06 AB10 AB37 AB57 AB80,Bronze_Age_Linear_A_period_unverified,requires_source_metadata_review,0,0,0,0,0.0000,Inferred from artifact ID and normalized sequence; needs expert metadata enrichment.
MA 4,local_merged_sigla_younger_internal,https://web.archive.org/web/20190416192926/http://www.people.ku.edu/~jyounger/LinearA/misctexts.html,MA,aegean_islands,unclassified,clay_or_object_unknown,unknown,short_mark_or_label,6,3,6,6,*180B B L SA TA,Bronze_Age_Linear_A_period_unverified,requires_source_metadata_review,0,0,0,0,0.0000,Inferred from artifact ID and normalized sequence; needs expert metadata enrichment.
MA 4B,local_merged_sigla_younger_internal,http://sigla.phis.me/document/MA%204b/index-word.html,MA,aegean_islands,unclassified,clay_or_object_unknown,unknown,unclassified,3,1,3,3,AB08 AB57 [?],Bronze_Age_Linear_A_period_unverified,requires_source_metadata_review,0,0,0,0,0.3333,Inferred from artifact ID and normalized sequence; needs expert metadata enrichment.
MA WC 5,local_merged_sigla_younger_internal,https://web.archive.org/web/20190416192926/http://www.people.ku.edu/~jyounger/LinearA/misctexts.html,MA,aegean_islands,sealed_document_or_roundel,clay_or_object_unknown,administrative,commodity_accounting,3,1,3,3,B E GRA,Bronze_Age_Linear_A_period_unverified,requires_source_metadata_review,0,1,1,0,0.0000,Inferred from artifact ID and normalized sequence; needs expert metadata enrichment.
MA WC 5A,local_merged_sigla_younger_internal,http://sigla.phis.me/document/MA%20Wc%20%3C5a%3E/index-word.html,MA,aegean_islands,sealed_document_or_roundel,clay_or_object_unknown,unknown,unclassified,4,1,4,4,AB01 AB08 AB31 AB77,Bronze_Age_Linear_A_period_unverified,requires_source_metadata_review,0,0,0,0,0.0000,Inferred from artifact ID and normalized sequence; needs expert metadata enrichment.
MI 2,local_merged_sigla_younger_internal,http://sigla.phis.me/document/MI%202/index-word.html; https://web.archive.org/web/20190416192926/http://www.people.ku.edu/~jyounger/LinearA/misctexts.html,MI,aegean_islands,unclassified,clay_or_object_unknown,unknown,short_mark_or_label,8,5,8,8,*401VAS AB50 AB51 AB77 DU KA[ RA,Bronze_Age_Linear_A_period_unverified,requires_source_metadata_review,0,0,0,0,0.0000,Inferred from artifact ID and normalized sequence; needs expert metadata enrichment.
MY ZF 2,local_merged_sigla_younger_internal,http://sigla.phis.me/document/MY%20Zf%202/index-word.html,MY,mainland_or_external,inscription_or_vessel,clay_or_object_unknown,ritual_or_display_possible,short_mark_or_label,1,1,1,1,AB43,Bronze_Age_Linear_A_period_unverified,requires_source_metadata_review,1,0,0,0,0.0000,Inferred from artifact ID and normalized sequence; needs expert metadata enrichment.
NOTES TO HT ZD 155 157,local_merged_sigla_younger_internal,https://web.archive.org/web/20190416193018/http://www.people.ku.edu/~jyounger/LinearA/HTtexts.html,NOTES,unknown,inscription_or_vessel,clay_or_object_unknown,ritual_or_display_possible,short_mark_or_label,2,1,2,2,E F,Bronze_Age_Linear_A_period_unverified,requires_source_metadata_review,1,0,0,0,0.0000,Inferred from artifact ID and normalized sequence; needs expert metadata enrichment.
PA 1,local_merged_sigla_younger_internal,http://sigla.phis.me/document/PA%201/index-word.html; https://web.archive.org/web/20190416192926/http://www.people.ku.edu/~jyounger/LinearA/misctexts.html,PA,unknown,unclassified,clay_or_object_unknown,unknown,unclassified,9,2,9,9,A AB03 AB08 AB118 AB65 AB81 JU KU PA,Bronze_Age_Linear_A_period_unverified,requires_source_metadata_review,0,0,0,0,0.0000,Inferred from artifact ID and normalized sequence; needs expert metadata enrichment.
PE 1,local_merged_sigla_younger_internal,https://web.archive.org/web/20190416192926/http://www.people.ku.edu/~jyounger/LinearA/misctexts.html,PE,crete_east,unclassified,clay_or_object_unknown,unknown,short_mark_or_label,15,5,15,15,A E GRA KA KA[ KU NA PA RE RI SE SI U VIR,Bronze_Age_Linear_A_period_unverified,requires_source_metadata_review,0,0,1,0,0.0000,Inferred from artifact ID and normalized sequence; needs expert metadata enrichment.
PE 2,local_merged_sigla_younger_internal,https://web.archive.org/web/20190416192926/http://www.people.ku.edu/~jyounger/LinearA/misctexts.html,PE,crete_east,unclassified,clay_or_object_unknown,unknown,unclassified,15,6,15,15,A DA ME MI PA PI[ QA RE RI RU TO ZA,Bronze_Age_Linear_A_period_unverified,requires_source_metadata_review,0,0,0,0,0.0000,Inferred from artifact ID and normalized sequence; needs expert metadata enrichment.
PH 1,local_merged_sigla_younger_internal,https://web.archive.org/web/20190416192926/http://www.people.ku.edu/~jyounger/LinearA/misctexts.html,PH,crete_central,administrative_tablet_like,clay_or_object_unknown,unknown,unclassified,4,1,4,4,DI NA RA ]DI,Bronze_Age_Linear_A_period_unverified,requires_source_metadata_review,0,0,0,0,0.0000,Inferred from artifact ID and normalized sequence; needs expert metadata enrichment.
PH 10,local_merged_sigla_younger_internal,http://sigla.phis.me/document/PH%2010/index-word.html,PH,crete_central,administrative_tablet_like,clay_or_object_unknown,unknown,a_series_sequence,3,1,3,3,A354 A355 AB38,Bronze_Age_Linear_A_period_unverified,requires_source_metadata_review,0,0,0,0,0.0000,Inferred from artifact ID and normalized sequence; needs expert metadata enrichment.
PH 13,local_merged_sigla_younger_internal,https://web.archive.org/web/20190416192926/http://www.people.ku.edu/~jyounger/LinearA/misctexts.html,PH,crete_central,administrative_tablet_like,clay_or_object_unknown,unknown,short_mark_or_label,2,1,2,2,ZU ]TE,Bronze_Age_Linear_A_period_unverified,requires_source_metadata_review,0,0,0,0,0.0000,Inferred from artifact ID and normalized sequence; needs expert metadata enrichment.
PH 13A,local_merged_sigla_younger_internal,http://sigla.phis.me/document/PH%2013a/index-word.html,PH,crete_central,administrative_tablet_like,clay_or_object_unknown,unknown,short_mark_or_label,1,1,1,1,A328,Bronze_Age_Linear_A_period_unverified,requires_source_metadata_review,0,0,0,0,0.0000,Inferred from artifact ID and normalized sequence; needs expert metadata enrichment.
PH 13B,local_merged_sigla_younger_internal,http://sigla.phis.me/document/PH%2013b/index-word.html,PH,crete_central,administrative_tablet_like,clay_or_object_unknown,unknown,short_mark_or_label,1,1,1,1,A356,Bronze_Age_Linear_A_period_unverified,requires_source_metadata_review,0,0,0,0,0.0000,Inferred from artifact ID and normalized sequence; needs expert metadata enrichment.
PH 13C,local_merged_sigla_younger_internal,http://sigla.phis.me/document/PH%2013c/index-word.html,PH,crete_central,administrative_tablet_like,clay_or_object_unknown,unknown,short_mark_or_label,2,1,2,2,AB04 AB79,Bronze_Age_Linear_A_period_unverified,requires_source_metadata_review,0,0,0,0,0.0000,Inferred from artifact ID and normalized sequence; needs expert metadata enrichment.
PH 14,local_merged_sigla_younger_internal,https://web.archive.org/web/20190416192926/http://www.people.ku.edu/~jyounger/LinearA/misctexts.html,PH,crete_central,administrative_tablet_like,clay_or_object_unknown,unknown,short_mark_or_label,3,2,3,3,A FIC MI,Bronze_Age_Linear_A_period_unverified,requires_source_metadata_review,0,0,1,0,0.0000,Inferred from artifact ID and normalized sequence; needs expert metadata enrichment.
PH 14A,local_merged_sigla_younger_internal,http://sigla.phis.me/document/PH%2014a/index-word.html,PH,crete_central,administrative_tablet_like,clay_or_object_unknown,unknown,short_mark_or_label,2,1,2,2,A304 AB57,Bronze_Age_Linear_A_period_unverified,requires_source_metadata_review,0,0,0,0,0.0000,Inferred from artifact ID and normalized sequence; needs expert metadata enrichment.
PH 14B,local_merged_sigla_younger_internal,http://sigla.phis.me/document/PH%2014b/index-word.html,PH,crete_central,administrative_tablet_like,clay_or_object_unknown,unknown,short_mark_or_label,2,1,2,2,AB08 AB73,Bronze_Age_Linear_A_period_unverified,requires_source_metadata_review,0,0,0,0,0.0000,Inferred from artifact ID and normalized sequence; needs expert metadata enrichment.
PH 15,local_merged_sigla_younger_internal,https://web.archive.org/web/20190416192926/http://www.people.ku.edu/~jyounger/LinearA/misctexts.html,PH,crete_central,administrative_tablet_like,clay_or_object_unknown,unknown,unclassified,3,1,3,3,RE TE ]MA,Bronze_Age_Linear_A_period_unverified,requires_source_metadata_review,0,0,0,0,0.0000,Inferred from artifact ID and normalized sequence; needs expert metadata enrichment.
PH 15A,local_merged_sigla_younger_internal,http://sigla.phis.me/document/PH%2015a/index-word.html,PH,crete_central,administrative_tablet_like,clay_or_object_unknown,unknown,unclassified,3,1,3,3,AB04 AB27 AB80,Bronze_Age_Linear_A_period_unverified,requires_source_metadata_review,0,0,0,0,0.0000,Inferred from artifact ID and normalized sequence; needs expert metadata enrichment.
PH 15B,local_merged_sigla_younger_internal,http://sigla.phis.me/document/PH%2015b/index-word.html,PH,crete_central,administrative_tablet_like,clay_or_object_unknown,unknown,short_mark_or_label,2,1,2,2,A357 [?],Bronze_Age_Linear_A_period_unverified,requires_source_metadata_review,0,0,0,0,0.5000,Inferred from artifact ID and normalized sequence; needs expert metadata enrichment.
PH 16,local_merged_sigla_younger_internal,https://web.archive.org/web/20190416192926/http://www.people.ku.edu/~jyounger/LinearA/misctexts.html,PH,crete_central,administrative_tablet_like,clay_or_object_unknown,unknown,short_mark_or_label,2,1,2,2,JA SA[,Bronze_Age_Linear_A_period_unverified,requires_source_metadata_review,0,0,0,0,0.0000,Inferred from artifact ID and normalized sequence; needs expert metadata enrichment.
PH 16A,local_merged_sigla_younger_internal,http://sigla.phis.me/document/PH%2016a/index-word.html,PH,crete_central,administrative_tablet_like,clay_or_object_unknown,unknown,a_series_sequence,7,2,7,7,A320 A358 AB06 AB30 [?],Bronze_Age_Linear_A_period_unverified,requires_source_metadata_review,0,0,0,0,0.4286,Inferred from artifact ID and normalized sequence; needs expert metadata enrichment.
PH 16B,local_merged_sigla_younger_internal,http://sigla.phis.me/document/PH%2016b/index-word.html,PH,crete_central,administrative_tablet_like,clay_or_object_unknown,unknown,a_series_sequence,6,2,6,6,A320 AB31 AB57 [?],Bronze_Age_Linear_A_period_unverified,requires_source_metadata_review,0,0,0,0,0.5000,Inferred from artifact ID and normalized sequence; needs expert metadata enrichment.
PH 17A,local_merged_sigla_younger_internal,http://sigla.phis.me/document/PH%2017a/index-word.html,PH,crete_central,administrative_tablet_like,clay_or_object_unknown,unknown,short_mark_or_label,1,1,1,1,A359,Bronze_Age_Linear_A_period_unverified,requires_source_metadata_review,0,0,0,0,0.0000,Inferred from artifact ID and normalized sequence; needs expert metadata enrichment.
PH 17B,local_merged_sigla_younger_internal,http://sigla.phis.me/document/PH%2017b/index-word.html,PH,crete_central,administrative_tablet_like,clay_or_object_unknown,unknown,short_mark_or_label,1,1,1,1,A360,Bronze_Age_Linear_A_period_unverified,requires_source_metadata_review,0,0,0,0,0.0000,Inferred from artifact ID and normalized sequence; needs expert metadata enrichment.
PH 18,local_merged_sigla_younger_internal,https://web.archive.org/web/20190416192926/http://www.people.ku.edu/~jyounger/LinearA/misctexts.html,PH,crete_central,administrative_tablet_like,clay_or_object_unknown,unknown,short_mark_or_label,2,1,2,2,JA[ ]WI,Bronze_Age_Linear_A_period_unverified,requires_source_metadata_review,0,0,0,0,0.0000,Inferred from artifact ID and normalized sequence; needs expert metadata enrichment.
PH 18A,local_merged_sigla_younger_internal,http://sigla.phis.me/document/PH%2018a/index-word.html,PH,crete_central,administrative_tablet_like,clay_or_object_unknown,unknown,unclassified,3,1,3,3,AB40 AB57 [?],Bronze_Age_Linear_A_period_unverified,requires_source_metadata_review,0,0,0,0,0.3333,Inferred from artifact ID and normalized sequence; needs expert metadata enrichment.
PH 19,local_merged_sigla_younger_internal,http://sigla.phis.me/document/PH%2019/index-word.html; https://web.archive.org/web/20190416192926/http://www.people.ku.edu/~jyounger/LinearA/misctexts.html,PH,crete_central,administrative_tablet_like,clay_or_object_unknown,unknown,short_mark_or_label,4,2,4,4,AB39 AB61 O PI,Bronze_Age_Linear_A_period_unverified,requires_source_metadata_review,0,0,0,0,0.0000,Inferred from artifact ID and normalized sequence; needs expert metadata enrichment.
PH 1A,local_merged_sigla_younger_internal,http://sigla.phis.me/document/PH%201a/index-word.html,PH,crete_central,administrative_tablet_like,clay_or_object_unknown,unknown,unclassified,5,2,5,5,AB06 AB07 AB57 AB60,Bronze_Age_Linear_A_period_unverified,requires_source_metadata_review,0,0,0,0,0.0000,Inferred from artifact ID and normalized sequence; needs expert metadata enrichment.
PH 1B,local_merged_sigla_younger_internal,http://sigla.phis.me/document/PH%201b/index-word.html,PH,crete_central,administrative_tablet_like,clay_or_object_unknown,unknown,short_mark_or_label,2,1,2,2,AB06 [?],Bronze_Age_Linear_A_period_unverified,requires_source_metadata_review,0,0,0,0,0.5000,Inferred from artifact ID and normalized sequence; needs expert metadata enrichment.
PH 2,local_merged_sigla_younger_internal,http://sigla.phis.me/document/PH%202/index-word.html; https://web.archive.org/web/20190416192926/http://www.people.ku.edu/~jyounger/LinearA/misctexts.html,PH,crete_central,administrative_tablet_like,clay_or_object_unknown,unknown,unclassified,30,8,30,30,A AB07 AB08 AB09 AB21F AB26 AB31 AB38 AB39 AB56 AB60 AB61 AB65 AB67 AB69 DI E JU KI O PA3 PI QIF RA RU SA SE TU,Bronze_Age_Linear_A_period_unverified,requires_source_metadata_review,0,0,0,0,0.0000,Inferred from artifact ID and normalized sequence; needs expert metadata enrichment.
PH 24,local_merged_sigla_younger_internal,http://sigla.phis.me/document/PH%2024/index-word.html; https://web.archive.org/web/20190416192926/http://www.people.ku.edu/~jyounger/LinearA/misctexts.html,PH,crete_central,administrative_tablet_like,clay_or_object_unknown,unknown,short_mark_or_label,4,2,4,4,AB02 AB38 E RO,Bronze_Age_Linear_A_period_unverified,requires_source_metadata_review,0,0,0,0,0.0000,Inferred from artifact ID and normalized sequence; needs expert metadata enrichment.
PH 25,local_merged_sigla_younger_internal,https://web.archive.org/web/20190416192926/http://www.people.ku.edu/~jyounger/LinearA/misctexts.html,PH,crete_central,administrative_tablet_like,clay_or_object_unknown,administrative,commodity_accounting,1,1,1,1,VINA,Bronze_Age_Linear_A_period_unverified,requires_source_metadata_review,0,1,1,0,0.0000,Inferred from artifact ID and normalized sequence; needs expert metadata enrichment.
PH 26,local_merged_sigla_younger_internal,http://sigla.phis.me/document/PH%2026/index-word.html,PH,crete_central,administrative_tablet_like,clay_or_object_unknown,unknown,short_mark_or_label,2,1,2,2,A314 [?],Bronze_Age_Linear_A_period_unverified,requires_source_metadata_review,0,0,0,0,0.5000,Inferred from artifact ID and normalized sequence; needs expert metadata enrichment.
PH 27,local_merged_sigla_younger_internal,http://sigla.phis.me/document/PH%2027/index-word.html,PH,crete_central,administrative_tablet_like,clay_or_object_unknown,unknown,short_mark_or_label,3,2,3,3,AB04 AB08 [?],Bronze_Age_Linear_A_period_unverified,requires_source_metadata_review,0,0,0,0,0.3333,Inferred from artifact ID and normalized sequence; needs expert metadata enrichment.
PH 28,local_merged_sigla_younger_internal,https://web.archive.org/web/20190416192926/http://www.people.ku.edu/~jyounger/LinearA/misctexts.html,PH,crete_central,administrative_tablet_like,clay_or_object_unknown,unknown,unclassified,7,3,7,7,A JA JA[ KI PA3[ RI [[GRAFFITO]],Bronze_Age_Linear_A_period_unverified,requires_source_metadata_review,0,0,0,0,0.0000,Inferred from artifact ID and normalized sequence; needs expert metadata enrichment.
PH 28A,local_merged_sigla_younger_internal,http://sigla.phis.me/document/PH%2028a/index-word.html,PH,crete_central,administrative_tablet_like,clay_or_object_unknown,unknown,unclassified,10,3,10,10,AB08 AB53 AB56 AB57 AB67 [?],Bronze_Age_Linear_A_period_unverified,requires_source_metadata_review,0,0,0,0,0.2000,Inferred from artifact ID and normalized sequence; needs expert metadata enrichment.
PH 3,local_merged_sigla_younger_internal,https://web.archive.org/web/20190416192926/http://www.people.ku.edu/~jyounger/LinearA/misctexts.html,PH,crete_central,administrative_tablet_like,clay_or_object_unknown,unknown,short_mark_or_label,10,5,10,10,A JA MA MI PA RA RU,Bronze_Age_Linear_A_period_unverified,requires_source_metadata_review,0,0,0,0,0.0000,Inferred from artifact ID and normalized sequence; needs expert metadata enrichment.
PH 30,local_merged_sigla_younger_internal,http://sigla.phis.me/document/PH%2030/index-word.html; https://web.archive.org/web/20190416192926/http://www.people.ku.edu/~jyounger/LinearA/misctexts.html,PH,crete_central,administrative_tablet_like,clay_or_object_unknown,unknown,unclassified,13,3,13,13,AB27 AB37 AB45 AB53 AB73 AB80 DE MI RE RI [?] ]MA,Bronze_Age_Linear_A_period_unverified,requires_source_metadata_review,0,0,0,0,0.0769,Inferred from artifact ID and normalized sequence; needs expert metadata enrichment.
PH 31,local_merged_sigla_younger_internal,https://web.archive.org/web/20190416192926/http://www.people.ku.edu/~jyounger/LinearA/misctexts.html,PH,crete_central,administrative_tablet_like,clay_or_object_unknown,unknown,unclassified,172,39,172,172,10A 117A 122A 14B 47A 49A 85B 97A A A3 AFTER AS AU AU[ B BEFORE CAPF CAPM CF DA DA[ DI DU HT IMMEDIATELY J JA JU KU MA MI NA NE NU O OVIS OVISF OVISM PA PA3 PH PU2 QA RE RI RO RU SAME SI SI[ SUS TA TE THE TI TU U? VIN VINA ZA ZB ]RU,Bronze_Age_Linear_A_period_unverified,requires_source_metadata_review,0,0,1,0,0.0000,Inferred from artifact ID and normalized sequence; needs expert metadata enrichment.
PH 31A,local_merged_sigla_younger_internal,http://sigla.phis.me/document/PH%2031a/index-word.html,PH,crete_central,administrative_tablet_like,clay_or_object_unknown,unknown,unclassified,14,6,14,14,AB01 AB02 AB03 AB07 AB08 AB26 AB55 AB56 AB59 AB80 AB81 [?],Bronze_Age_Linear_A_period_unverified,requires_source_metadata_review,0,0,0,0,0.1429,Inferred from artifact ID and normalized sequence; needs expert metadata enrichment.
PH 31B,local_merged_sigla_younger_internal,http://sigla.phis.me/document/PH%2031b/index-word.html,PH,crete_central,administrative_tablet_like,clay_or_object_unknown,unknown,short_mark_or_label,15,6,15,15,AB01 AB04 AB08 AB24 AB26 AB37 AB51 AB53 AB61 AB69 AB73 AB80 [?],Bronze_Age_Linear_A_period_unverified,requires_source_metadata_review,0,0,0,0,0.0667,Inferred from artifact ID and normalized sequence; needs expert metadata enrichment.
PH 3A,local_merged_sigla_younger_internal,http://sigla.phis.me/document/PH%203a/index-word.html,PH,crete_central,administrative_tablet_like,clay_or_object_unknown,unknown,short_mark_or_label,4,2,4,4,AB03 AB60 [?],Bronze_Age_Linear_A_period_unverified,requires_source_metadata_review,0,0,0,0,0.5000,Inferred from artifact ID and normalized sequence; needs expert metadata enrichment.
PH 3B,local_merged_sigla_younger_internal,http://sigla.phis.me/document/PH%203b/index-word.html,PH,crete_central,administrative_tablet_like,clay_or_object_unknown,unknown,short_mark_or_label,2,2,2,2,AB05 AB41,Bronze_Age_Linear_A_period_unverified,requires_source_metadata_review,0,0,0,0,0.0000,Inferred from artifact ID and normalized sequence; needs expert metadata enrichment.
PH 6,local_merged_sigla_younger_internal,http://sigla.phis.me/document/PH%206/index-word.html; https://web.archive.org/web/20190416192926/http://www.people.ku.edu/~jyounger/LinearA/misctexts.html,PH,crete_central,administrative_tablet_like,clay_or_object_unknown,unknown,unclassified,32,8,32,32,A AB01 AB06 AB08 AB28 AB30 AB31 AB53 AB54 AB56 AB59 AB79 DA I NA NI PA3 RI SA TA WA ZU,Bronze_Age_Linear_A_period_unverified,requires_source_metadata_review,0,0,0,0,0.0000,Inferred from artifact ID and normalized sequence; needs expert metadata enrichment.
PH 7,local_merged_sigla_younger_internal,https://web.archive.org/web/20190416192926/http://www.people.ku.edu/~jyounger/LinearA/misctexts.html,PH,crete_central,administrative_tablet_like,clay_or_object_unknown,unknown,unclassified,17,5,17,17,DA DI JA[ KI[ MA NE[ PA RA RI RU SI ]DA ]DI ]JA ]U,Bronze_Age_Linear_A_period_unverified,requires_source_metadata_review,0,0,0,0,0.0000,Inferred from artifact ID and normalized sequence; needs expert metadata enrichment.
PH 7A,local_merged_sigla_younger_internal,http://sigla.phis.me/document/PH%207a/index-word.html,PH,crete_central,administrative_tablet_like,clay_or_object_unknown,unknown,unclassified,15,4,15,15,AB01 AB03 AB07 AB10 AB24 AB26 AB41 AB53 AB57 AB60 AB67 AB80,Bronze_Age_Linear_A_period_unverified,requires_source_metadata_review,0,0,0,0,0.0000,Inferred from artifact ID and normalized sequence; needs expert metadata enrichment.
PH 7B,local_merged_sigla_younger_internal,http://sigla.phis.me/document/PH%207b/index-word.html,PH,crete_central,administrative_tablet_like,clay_or_object_unknown,unknown,short_mark_or_label,3,2,3,3,AB01 AB59 AB60,Bronze_Age_Linear_A_period_unverified,requires_source_metadata_review,0,0,0,0,0.0000,Inferred from artifact ID and normalized sequence; needs expert metadata enrichment.
PH 8,local_merged_sigla_younger_internal,https://web.archive.org/web/20190416192926/http://www.people.ku.edu/~jyounger/LinearA/misctexts.html,PH,crete_central,administrative_tablet_like,clay_or_object_unknown,unknown,short_mark_or_label,5,3,5,5,*418VAS L2 ]*417VAS ]VIR,Bronze_Age_Linear_A_period_unverified,requires_source_metadata_review,0,0,0,0,0.0000,Inferred from artifact ID and normalized sequence; needs expert metadata enrichment.
PH 9,local_merged_sigla_younger_internal,https://web.archive.org/web/20190416192926/http://www.people.ku.edu/~jyounger/LinearA/misctexts.html,PH,crete_central,administrative_tablet_like,clay_or_object_unknown,administrative,commodity_accounting,2,1,2,2,VAS VINA,Bronze_Age_Linear_A_period_unverified,requires_source_metadata_review,0,1,1,0,0.0000,Inferred from artifact ID and normalized sequence; needs expert metadata enrichment.
PH 9A,local_merged_sigla_younger_internal,http://sigla.phis.me/document/PH%209a/index-word.html,PH,crete_central,administrative_tablet_like,clay_or_object_unknown,unknown,a_series_sequence,3,1,3,3,A317 A353 AB78,Bronze_Age_Linear_A_period_unverified,requires_source_metadata_review,0,0,0,0,0.0000,Inferred from artifact ID and normalized sequence; needs expert metadata enrichment.
PH WA 32,local_merged_sigla_younger_internal,http://sigla.phis.me/document/PH%20Wa%2032/index-word.html,PH,crete_central,nodule_or_sealing,clay_or_object_unknown,unknown,unclassified,4,1,4,4,AB58 AB59 AB60 AB67,Bronze_Age_Linear_A_period_unverified,requires_source_metadata_review,0,0,0,0,0.0000,Inferred from artifact ID and normalized sequence; needs expert metadata enrichment.
PH WC 37A,local_merged_sigla_younger_internal,http://sigla.phis.me/document/PH%20Wc%2037a/index-word.html,PH,crete_central,sealed_document_or_roundel,clay_or_object_unknown,unknown,a_series_sequence,3,1,3,3,A314 AB41 AB77,Bronze_Age_Linear_A_period_unverified,requires_source_metadata_review,0,0,0,0,0.0000,Inferred from artifact ID and normalized sequence; needs expert metadata enrichment.
PH WC 38,local_merged_sigla_younger_internal,http://sigla.phis.me/document/PH%20Wc%2038/index-word.html,PH,crete_central,sealed_document_or_roundel,clay_or_object_unknown,unknown,a_series_sequence,3,1,3,3,A314 AB59 AB80,Bronze_Age_Linear_A_period_unverified,requires_source_metadata_review,0,0,0,0,0.0000,Inferred from artifact ID and normalized sequence; needs expert metadata enrichment.
PH WC 39A,local_merged_sigla_younger_internal,http://sigla.phis.me/document/PH%20Wc%2039a/index-word.html,PH,crete_central,sealed_document_or_roundel,clay_or_object_unknown,unknown,short_mark_or_label,2,1,2,2,AB07 AB57,Bronze_Age_Linear_A_period_unverified,requires_source_metadata_review,0,0,0,0,0.0000,Inferred from artifact ID and normalized sequence; needs expert metadata enrichment.
PH WC 40A,local_merged_sigla_younger_internal,http://sigla.phis.me/document/PH%20Wc%2040a/index-word.html,PH,crete_central,sealed_document_or_roundel,clay_or_object_unknown,unknown,a_series_sequence,3,1,3,3,A320 AB80,Bronze_Age_Linear_A_period_unverified,requires_source_metadata_review,0,0,0,0,0.0000,Inferred from artifact ID and normalized sequence; needs expert metadata enrichment.
PH WC 45,local_merged_sigla_younger_internal,http://sigla.phis.me/document/PH%20Wc%2045/index-word.html,PH,crete_central,sealed_document_or_roundel,clay_or_object_unknown,unknown,unclassified,3,1,3,3,[?],Bronze_Age_Linear_A_period_unverified,requires_source_metadata_review,0,0,0,0,1.0000,Inferred from artifact ID and normalized sequence; needs expert metadata enrichment.
PK 1,local_merged_sigla_younger_internal,https://web.archive.org/web/20190416192926/http://www.people.ku.edu/~jyounger/LinearA/misctexts.html,PK,crete_central,unclassified,clay_or_object_unknown,unknown,unclassified,44,13,44,44,A DU I JA KA MA MI NA NE NI O QA RA RE SI SU TA TA2 TE TI TU ZA,Bronze_Age_Linear_A_period_unverified,requires_source_metadata_review,0,0,0,0,0.0000,Inferred from artifact ID and normalized sequence; needs expert metadata enrichment.
PK 3,local_merged_sigla_younger_internal,https://web.archive.org/web/20190416192926/http://www.people.ku.edu/~jyounger/LinearA/misctexts.html,PK,crete_central,unclassified,clay_or_object_unknown,unknown,short_mark_or_label,2,1,2,2,DA RE,Bronze_Age_Linear_A_period_unverified,requires_source_metadata_review,0,0,0,0,0.0000,Inferred from artifact ID and normalized sequence; needs expert metadata enrichment.
PS ZA 2,local_merged_sigla_younger_internal,http://sigla.phis.me/document/PS%20Za%202/index-word.html; https://web.archive.org/web/20190416192926/http://www.people.ku.edu/~jyounger/LinearA/misctexts.html,PS,crete_east,inscription_or_vessel,clay_or_object_unknown,ritual_or_display_possible,unclassified,38,8,38,38,? ?? A301 AB06 AB13 AB27 AB28 AB31 AB37 AB44 AB57 AB59 AB60 I JA KE MA ME NA RA RE RO RU SA TA TE TI VINA WI,Bronze_Age_Linear_A_period_unverified,requires_source_metadata_review,1,0,1,0,0.0263,Inferred from artifact ID and normalized sequence; needs expert metadata enrichment.
PYR 1,local_merged_sigla_younger_internal,http://sigla.phis.me/document/PYR%201/index-word.html,PYR,mainland_or_external,unclassified,clay_or_object_unknown,unknown,unclassified,5,1,5,5,AB04 AB26 AB37 AB40 AB80,Bronze_Age_Linear_A_period_unverified,requires_source_metadata_review,0,0,0,0,0.0000,Inferred from artifact ID and normalized sequence; needs expert metadata enrichment.
SY ZA 4,local_merged_sigla_younger_internal,http://sigla.phis.me/document/SY%20Za%204/index-word.html,SY,crete_east,inscription_or_vessel,clay_or_object_unknown,ritual_or_display_possible,unclassified,13,3,13,13,A301 AB08 AB17 AB28 AB30 AB40 AB48 AB54 AB56 AB57 AB59,Bronze_Age_Linear_A_period_unverified,requires_source_metadata_review,1,0,0,0,0.0000,Inferred from artifact ID and normalized sequence; needs expert metadata enrichment.
THE TABLET 4,local_merged_sigla_younger_internal,https://web.archive.org/web/20190416192926/http://www.people.ku.edu/~jyounger/LinearA/misctexts.html,THE,unknown,unclassified,clay_or_object_unknown,unknown,short_mark_or_label,1,1,1,1,]OVIS,Bronze_Age_Linear_A_period_unverified,requires_source_metadata_review,0,0,0,0,0.0000,Inferred from artifact ID and normalized sequence; needs expert metadata enrichment.
THE TABLET 5,local_merged_sigla_younger_internal,https://web.archive.org/web/20190416192926/http://www.people.ku.edu/~jyounger/LinearA/misctexts.html,THE,unknown,unclassified,clay_or_object_unknown,unknown,unclassified,4,1,4,4,DA I[ ME TE,Bronze_Age_Linear_A_period_unverified,requires_source_metadata_review,0,0,0,0,0.0000,Inferred from artifact ID and normalized sequence; needs expert metadata enrichment.
THE TABLET 6,local_merged_sigla_younger_internal,https://web.archive.org/web/20190416192926/http://www.people.ku.edu/~jyounger/LinearA/misctexts.html,THE,unknown,unclassified,clay_or_object_unknown,unknown,short_mark_or_label,2,1,2,2,SE ]TELA,Bronze_Age_Linear_A_period_unverified,requires_source_metadata_review,0,0,0,0,0.0000,Inferred from artifact ID and normalized sequence; needs expert metadata enrichment.
TY 2,local_merged_sigla_younger_internal,http://sigla.phis.me/document/TY%202/index-word.html; https://web.archive.org/web/20190416192926/http://www.people.ku.edu/~jyounger/LinearA/misctexts.html,TY,mainland_or_external,unclassified,clay_or_object_unknown,unknown,unclassified,78,25,78,78,*309A *309B *309B[ *309C A309A A309A? A309B A309C AB01 AB03 AB26 AB34? AB39 AB50 AB53 AB53? AB54 AB65? AB67 AB77 DA JU KA KI PA PI PU PU[ RI RU VIR WA [?] ]*309B,Bronze_Age_Linear_A_period_unverified,requires_source_metadata_review,0,0,0,0,0.1026,Inferred from artifact ID and normalized sequence; needs expert metadata enrichment.
TY 3,local_merged_sigla_younger_internal,https://web.archive.org/web/20190416192926/http://www.people.ku.edu/~jyounger/LinearA/misctexts.html,TY,mainland_or_external,unclassified,clay_or_object_unknown,administrative,commodity_accounting,40,17,40,40,A DA DESUNT DU KI KU ME MI MI[ NE OLE OVISF PA PI RI SI TU U WA ZU ]KO ]OLE ]OLIV[,Bronze_Age_Linear_A_period_unverified,requires_source_metadata_review,0,1,1,0,0.0000,Inferred from artifact ID and normalized sequence; needs expert metadata enrichment.
TY 3A,local_merged_sigla_younger_internal,http://sigla.phis.me/document/TY%203a/index-word.html,TY,mainland_or_external,unclassified,clay_or_object_unknown,unknown,short_mark_or_label,16,5,16,16,A321 A361 AB01 AB08 AB17 AB51 AB54 AB69 AB70 AB81 [?],Bronze_Age_Linear_A_period_unverified,requires_source_metadata_review,0,0,0,0,0.1250,Inferred from artifact ID and normalized sequence; needs expert metadata enrichment.
TY 3B,local_merged_sigla_younger_internal,http://sigla.phis.me/document/TY%203b/index-word.html,TY,mainland_or_external,unclassified,clay_or_object_unknown,unknown,unclassified,8,3,8,8,AB03 AB39 AB41 AB53 AB67 AB73 AB79 AB81,Bronze_Age_Linear_A_period_unverified,requires_source_metadata_review,0,0,0,0,0.0000,Inferred from artifact ID and normalized sequence; needs expert metadata enrichment.
ZA 1,local_merged_sigla_younger_internal,https://web.archive.org/web/20190416192926/http://www.people.ku.edu/~jyounger/LinearA/misctexts.html,ZA,crete_east,inscription_or_vessel,clay_or_object_unknown,ritual_or_display_possible,short_mark_or_label,9,5,9,9,E FIC GRA I KI MI RE ZA [?],Bronze_Age_Linear_A_period_unverified,requires_source_metadata_review,1,0,1,0,0.1111,Inferred from artifact ID and normalized sequence; needs expert metadata enrichment.
ZA 10,local_merged_sigla_younger_internal,https://web.archive.org/web/20190416192926/http://www.people.ku.edu/~jyounger/LinearA/misctexts.html,ZA,crete_east,inscription_or_vessel,clay_or_object_unknown,ritual_or_display_possible,unclassified,54,17,54,54,A DA DE DU I JA KA KI KU MA MI NA NE PA PI RA2 RE RO SA SE TA TE U VINB ZA [?],Bronze_Age_Linear_A_period_unverified,requires_source_metadata_review,1,0,0,0,0.0185,Inferred from artifact ID and normalized sequence; needs expert metadata enrichment.
ZA 10A,local_merged_sigla_younger_internal,http://sigla.phis.me/document/ZA%2010a/index-word.html,ZA,crete_east,inscription_or_vessel,clay_or_object_unknown,ritual_or_display_possible,unclassified,28,7,28,28,AB01 AB04 AB06 AB08 AB09 AB10 AB17 AB27 AB28 AB39 AB51 AB59 AB73 AB81,Bronze_Age_Linear_A_period_unverified,requires_source_metadata_review,1,0,0,0,0.0000,Inferred from artifact ID and normalized sequence; needs expert metadata enrichment.
ZA 10B,local_merged_sigla_younger_internal,http://sigla.phis.me/document/ZA%2010b/index-word.html,ZA,crete_east,inscription_or_vessel,clay_or_object_unknown,ritual_or_display_possible,unclassified,31,11,31,31,A362 AB02 AB03 AB04 AB08 AB09 AB10 AB17 AB24 AB27 AB31 AB45 AB49 AB51 AB54 AB57 AB59 AB67 AB73 AB76 AB77 AB80 AB81,Bronze_Age_Linear_A_period_unverified,requires_source_metadata_review,1,0,0,0,0.0000,Inferred from artifact ID and normalized sequence; needs expert metadata enrichment.
ZA 11,local_merged_sigla_younger_internal,https://web.archive.org/web/20190416192926/http://www.people.ku.edu/~jyounger/LinearA/misctexts.html,ZA,crete_east,inscription_or_vessel,clay_or_object_unknown,ritual_or_display_possible,short_mark_or_label,36,15,36,36,A[ DE[ DI E GRA I KO KU MA ME[ OLIV PA PA[ PI QE RA RI RU SA SI TO VINA [?] ]E ]I ]OLIV ]TA2,Bronze_Age_Linear_A_period_unverified,requires_source_metadata_review,1,0,1,0,0.0278,Inferred from artifact ID and normalized sequence; needs expert metadata enrichment.
ZA 11A,local_merged_sigla_younger_internal,http://sigla.phis.me/document/ZA%2011a/index-word.html,ZA,crete_east,inscription_or_vessel,clay_or_object_unknown,ritual_or_display_possible,unclassified,17,5,17,17,A310 AB03 AB07 AB08 AB13 AB26 AB38 AB39 AB41 AB60 AB66 AB70 AB80 AB81,Bronze_Age_Linear_A_period_unverified,requires_source_metadata_review,1,0,0,0,0.0000,Inferred from artifact ID and normalized sequence; needs expert metadata enrichment.
ZA 11B,local_merged_sigla_younger_internal,http://sigla.phis.me/document/ZA%2011b/index-word.html,ZA,crete_east,inscription_or_vessel,clay_or_object_unknown,ritual_or_display_possible,short_mark_or_label,10,4,10,10,A301 AB03 AB05 AB28 AB31 AB38 AB45 AB53 AB81,Bronze_Age_Linear_A_period_unverified,requires_source_metadata_review,1,0,0,0,0.0000,Inferred from artifact ID and normalized sequence; needs expert metadata enrichment.
ZA 12,local_merged_sigla_younger_internal,https://web.archive.org/web/20190416192926/http://www.people.ku.edu/~jyounger/LinearA/misctexts.html,ZA,crete_east,inscription_or_vessel,clay_or_object_unknown,ritual_or_display_possible,short_mark_or_label,2,1,2,2,PA [?],Bronze_Age_Linear_A_period_unverified,requires_source_metadata_review,1,0,0,0,0.5000,Inferred from artifact ID and normalized sequence; needs expert metadata enrichment.
ZA 13,local_merged_sigla_younger_internal,http://sigla.phis.me/document/ZA%2013/index-word.html,ZA,crete_east,inscription_or_vessel,clay_or_object_unknown,ritual_or_display_possible,unclassified,3,1,3,3,AB03 AB58 [?],Bronze_Age_Linear_A_period_unverified,requires_source_metadata_review,1,0,0,0,0.3333,Inferred from artifact ID and normalized sequence; needs expert metadata enrichment.
ZA 14,local_merged_sigla_younger_internal,http://sigla.phis.me/document/ZA%2014/index-word.html; https://web.archive.org/web/20190416192926/http://www.people.ku.edu/~jyounger/LinearA/misctexts.html,ZA,crete_east,inscription_or_vessel,clay_or_object_unknown,ritual_or_display_possible,unclassified,46,15,46,46,A363 AB03 AB07 AB09 AB118 AB13 AB16 AB17 AB21F AB30 AB37 AB39 AB40 AB50 AB55 AB57 AB65 AB67 AB69 AB73 AB77 AB78 AB81 DI JA JU KA KI KU ME MI NI NU PA PI PU QA QE SE SO TI TU WI[ ZA,Bronze_Age_Linear_A_period_unverified,requires_source_metadata_review,1,0,0,0,0.0000,Inferred from artifact ID and normalized sequence; needs expert metadata enrichment.
ZA 15,local_merged_sigla_younger_internal,https://web.archive.org/web/20190416192926/http://www.people.ku.edu/~jyounger/LinearA/misctexts.html,ZA,crete_east,inscription_or_vessel,clay_or_object_unknown,ritual_or_display_possible,unclassified,42,15,42,42,DA DI E I IB JA KA KE KI KU MA ME MI MU NA NI NU PI QE RA RE RO SA SE SI SO TI VINA ZA ZU,Bronze_Age_Linear_A_period_unverified,requires_source_metadata_review,1,0,1,0,0.0000,Inferred from artifact ID and normalized sequence; needs expert metadata enrichment.
ZA 15A,local_merged_sigla_younger_internal,http://sigla.phis.me/document/ZA%2015a/index-word.html,ZA,crete_east,inscription_or_vessel,clay_or_object_unknown,ritual_or_display_possible,unclassified,31,9,31,31,A364 AB01 AB06 AB09 AB17 AB23 AB27 AB28 AB28B AB30 AB31 AB37 AB38 AB41 AB44 AB47 AB55 AB57 AB67 AB73 AB78 AB79 AB80 AB81 [?],Bronze_Age_Linear_A_period_unverified,requires_source_metadata_review,1,0,0,0,0.0323,Inferred from artifact ID and normalized sequence; needs expert metadata enrichment.
ZA 15B,local_merged_sigla_younger_internal,http://sigla.phis.me/document/ZA%2015b/index-word.html,ZA,crete_east,inscription_or_vessel,clay_or_object_unknown,ritual_or_display_possible,short_mark_or_label,4,2,4,4,AB02 AB07 AB77 AB81,Bronze_Age_Linear_A_period_unverified,requires_source_metadata_review,1,0,0,0,0.0000,Inferred from artifact ID and normalized sequence; needs expert metadata enrichment.
ZA 16,local_merged_sigla_younger_internal,http://sigla.phis.me/document/ZA%2016/index-word.html; https://web.archive.org/web/20190416192926/http://www.people.ku.edu/~jyounger/LinearA/misctexts.html,ZA,crete_east,inscription_or_vessel,clay_or_object_unknown,ritual_or_display_possible,short_mark_or_label,3,2,3,3,AB41 DESUNT [?],Bronze_Age_Linear_A_period_unverified,requires_source_metadata_review,1,0,0,0,0.3333,Inferred from artifact ID and normalized sequence; needs expert metadata enrichment.
ZA 18,local_merged_sigla_younger_internal,https://web.archive.org/web/20190416192926/http://www.people.ku.edu/~jyounger/LinearA/misctexts.html,ZA,crete_east,inscription_or_vessel,clay_or_object_unknown,administrative,commodity_accounting,8,4,8,8,DA GRA KI KU[ OLE OLIV PA RE,Bronze_Age_Linear_A_period_unverified,requires_source_metadata_review,0,1,1,0,0.0000,Inferred from artifact ID and normalized sequence; needs expert metadata enrichment.
ZA 18A,local_merged_sigla_younger_internal,http://sigla.phis.me/document/ZA%2018a/index-word.html,ZA,crete_east,inscription_or_vessel,clay_or_object_unknown,ritual_or_display_possible,unclassified,5,2,5,5,A321 AB01 AB27 AB81,Bronze_Age_Linear_A_period_unverified,requires_source_metadata_review,1,0,0,0,0.0000,Inferred from artifact ID and normalized sequence; needs expert metadata enrichment.
ZA 19,local_merged_sigla_younger_internal,http://sigla.phis.me/document/ZA%2019/index-word.html; https://web.archive.org/web/20190416192926/http://www.people.ku.edu/~jyounger/LinearA/misctexts.html,ZA,crete_east,inscription_or_vessel,clay_or_object_unknown,ritual_or_display_possible,unclassified,5,2,5,5,AB04 AB60 TE [?] ]RA,Bronze_Age_Linear_A_period_unverified,requires_source_metadata_review,1,0,0,0,0.2000,Inferred from artifact ID and normalized sequence; needs expert metadata enrichment.
ZA 1A,local_merged_sigla_younger_internal,http://sigla.phis.me/document/ZA%201a/index-word.html,ZA,crete_east,inscription_or_vessel,clay_or_object_unknown,ritual_or_display_possible,unclassified,3,1,3,3,AB17 AB27 AB67,Bronze_Age_Linear_A_period_unverified,requires_source_metadata_review,1,0,0,0,0.0000,Inferred from artifact ID and normalized sequence; needs expert metadata enrichment.
ZA 1B,local_merged_sigla_younger_internal,http://sigla.phis.me/document/ZA%201b/index-word.html,ZA,crete_east,inscription_or_vessel,clay_or_object_unknown,ritual_or_display_possible,short_mark_or_label,4,2,4,4,AB02 AB38 AB73 [?],Bronze_Age_Linear_A_period_unverified,requires_source_metadata_review,1,0,0,0,0.2500,Inferred from artifact ID and normalized sequence; needs expert metadata enrichment.
ZA 20,local_merged_sigla_younger_internal,http://sigla.phis.me/document/ZA%2020/index-word.html; https://web.archive.org/web/20190416192926/http://www.people.ku.edu/~jyounger/LinearA/misctexts.html,ZA,crete_east,inscription_or_vessel,clay_or_object_unknown,ritual_or_display_possible,unclassified,35,12,35,35,AB04 AB09 AB123 AB17 AB26 AB27 AB41 AB51 AB59 AB60 AB69 AB73 AB80 AB81 KU MA RA RE RU SE SI TA TE TU ZA [?] ]DU,Bronze_Age_Linear_A_period_unverified,requires_source_metadata_review,1,0,0,0,0.0571,Inferred from artifact ID and normalized sequence; needs expert metadata enrichment.
ZA 21,local_merged_sigla_younger_internal,https://web.archive.org/web/20190416192926/http://www.people.ku.edu/~jyounger/LinearA/misctexts.html,ZA,crete_east,inscription_or_vessel,clay_or_object_unknown,ritual_or_display_possible,short_mark_or_label,13,6,13,13,DA[ I KE MA MU PI RI SA TA [?] ]PA ]PI,Bronze_Age_Linear_A_period_unverified,requires_source_metadata_review,1,0,0,0,0.0769,Inferred from artifact ID and normalized sequence; needs expert metadata enrichment.
ZA 21A,local_merged_sigla_younger_internal,http://sigla.phis.me/document/ZA%2021a/index-word.html,ZA,crete_east,inscription_or_vessel,clay_or_object_unknown,ritual_or_display_possible,short_mark_or_label,15,9,15,15,AB03 AB04 AB08 AB118 AB13 AB23 AB39 AB44 AB59 AB73 AB80 [?],Bronze_Age_Linear_A_period_unverified,requires_source_metadata_review,1,0,0,0,0.0667,Inferred from artifact ID and normalized sequence; needs expert metadata enrichment.
ZA 21B,local_merged_sigla_younger_internal,http://sigla.phis.me/document/ZA%2021b/index-word.html,ZA,crete_east,inscription_or_vessel,clay_or_object_unknown,ritual_or_display_possible,short_mark_or_label,6,4,6,6,AB01 AB13 AB28 AB31 AB53 AB67,Bronze_Age_Linear_A_period_unverified,requires_source_metadata_review,1,0,0,0,0.0000,Inferred from artifact ID and normalized sequence; needs expert metadata enrichment.
ZA 22,local_merged_sigla_younger_internal,http://sigla.phis.me/document/ZA%2022/index-word.html; https://web.archive.org/web/20190416192926/http://www.people.ku.edu/~jyounger/LinearA/misctexts.html,ZA,crete_east,inscription_or_vessel,clay_or_object_unknown,ritual_or_display_possible,short_mark_or_label,8,6,8,8,AB51 AB60 AB65 DU JU OVISF OVISM ]OVISF[,Bronze_Age_Linear_A_period_unverified,requires_source_metadata_review,1,0,0,0,0.0000,Inferred from artifact ID and normalized sequence; needs expert metadata enrichment.
ZA 23,local_merged_sigla_younger_internal,http://sigla.phis.me/document/ZA%2023/index-word.html; https://web.archive.org/web/20190416192926/http://www.people.ku.edu/~jyounger/LinearA/misctexts.html,ZA,crete_east,inscription_or_vessel,clay_or_object_unknown,ritual_or_display_possible,short_mark_or_label,8,4,8,8,AB04 AB27 AB73 RE[ TE ]MI ]TE,Bronze_Age_Linear_A_period_unverified,requires_source_metadata_review,1,0,0,0,0.0000,Inferred from artifact ID and normalized sequence; needs expert metadata enrichment.
ZA 24,local_merged_sigla_younger_internal,https://web.archive.org/web/20190416192926/http://www.people.ku.edu/~jyounger/LinearA/misctexts.html,ZA,crete_east,inscription_or_vessel,clay_or_object_unknown,ritual_or_display_possible,short_mark_or_label,2,1,2,2,DA I,Bronze_Age_Linear_A_period_unverified,requires_source_metadata_review,1,0,0,0,0.0000,Inferred from artifact ID and normalized sequence; needs expert metadata enrichment.
ZA 24A,local_merged_sigla_younger_internal,http://sigla.phis.me/document/ZA%2024a/index-word.html,ZA,crete_east,inscription_or_vessel,clay_or_object_unknown,ritual_or_display_possible,short_mark_or_label,2,1,2,2,AB01 AB28,Bronze_Age_Linear_A_period_unverified,requires_source_metadata_review,1,0,0,0,0.0000,Inferred from artifact ID and normalized sequence; needs expert metadata enrichment.
ZA 24B,local_merged_sigla_younger_internal,http://sigla.phis.me/document/ZA%2024b/index-word.html,ZA,crete_east,inscription_or_vessel,clay_or_object_unknown,ritual_or_display_possible,short_mark_or_label,1,1,1,1,AB59,Bronze_Age_Linear_A_period_unverified,requires_source_metadata_review,1,0,0,0,0.0000,Inferred from artifact ID and normalized sequence; needs expert metadata enrichment.
ZA 26,local_merged_sigla_younger_internal,https://web.archive.org/web/20190416192926/http://www.people.ku.edu/~jyounger/LinearA/misctexts.html,ZA,crete_east,inscription_or_vessel,clay_or_object_unknown,ritual_or_display_possible,short_mark_or_label,7,3,7,7,DI JA KI[ SI TE ]OVISF,Bronze_Age_Linear_A_period_unverified,requires_source_metadata_review,1,0,0,0,0.0000,Inferred from artifact ID and normalized sequence; needs expert metadata enrichment.
ZA 26A,local_merged_sigla_younger_internal,http://sigla.phis.me/document/ZA%2026a/index-word.html,ZA,crete_east,inscription_or_vessel,clay_or_object_unknown,ritual_or_display_possible,short_mark_or_label,6,3,6,6,AB04 AB07 AB41 AB57 AB67,Bronze_Age_Linear_A_period_unverified,requires_source_metadata_review,1,0,0,0,0.0000,Inferred from artifact ID and normalized sequence; needs expert metadata enrichment.
ZA 27,local_merged_sigla_younger_internal,http://sigla.phis.me/document/ZA%2027/index-word.html; https://web.archive.org/web/20190416192926/http://www.people.ku.edu/~jyounger/LinearA/misctexts.html,ZA,crete_east,inscription_or_vessel,clay_or_object_unknown,ritual_or_display_possible,short_mark_or_label,8,4,8,8,AB07 AB61 AB67 AB73 KI MI[ O ]DI,Bronze_Age_Linear_A_period_unverified,requires_source_metadata_review,1,0,0,0,0.0000,Inferred from artifact ID and normalized sequence; needs expert metadata enrichment.
ZA 28,local_merged_sigla_younger_internal,https://web.archive.org/web/20190416192926/http://www.people.ku.edu/~jyounger/LinearA/misctexts.html,ZA,crete_east,inscription_or_vessel,clay_or_object_unknown,administrative,commodity_accounting,2,1,2,2,GRA PA,Bronze_Age_Linear_A_period_unverified,requires_source_metadata_review,0,1,1,0,0.0000,Inferred from artifact ID and normalized sequence; needs expert metadata enrichment.
ZA 29,local_merged_sigla_younger_internal,http://sigla.phis.me/document/ZA%2029/index-word.html,ZA,crete_east,inscription_or_vessel,clay_or_object_unknown,ritual_or_display_possible,short_mark_or_label,2,2,2,2,AB04 AB80,Bronze_Age_Linear_A_period_unverified,requires_source_metadata_review,1,0,0,0,0.0000,Inferred from artifact ID and normalized sequence; needs expert metadata enrichment.
ZA 31,local_merged_sigla_younger_internal,http://sigla.phis.me/document/ZA%2031/index-word.html,ZA,crete_east,inscription_or_vessel,clay_or_object_unknown,ritual_or_display_possible,short_mark_or_label,1,1,1,1,AB51?,Bronze_Age_Linear_A_period_unverified,requires_source_metadata_review,1,0,0,0,0.0000,Inferred from artifact ID and normalized sequence; needs expert metadata enrichment.
ZA 32,local_merged_sigla_younger_internal,http://sigla.phis.me/document/ZA%2032/index-word.html,ZA,crete_east,inscription_or_vessel,clay_or_object_unknown,ritual_or_display_possible,short_mark_or_label,1,1,1,1,AB57?,Bronze_Age_Linear_A_period_unverified,requires_source_metadata_review,1,0,0,0,0.0000,Inferred from artifact ID and normalized sequence; needs expert metadata enrichment.
ZA 4,local_merged_sigla_younger_internal,https://web.archive.org/web/20190416192926/http://www.people.ku.edu/~jyounger/LinearA/misctexts.html,ZA,crete_east,inscription_or_vessel,clay_or_object_unknown,ritual_or_display_possible,unclassified,24,8,24,24,A DI E IB JA JA[ KA KI MA ME NU PA PI QE RE RU SE SI TI TO TU ZU,Bronze_Age_Linear_A_period_unverified,requires_source_metadata_review,1,0,0,0,0.0000,Inferred from artifact ID and normalized sequence; needs expert metadata enrichment.
ZA 4A,local_merged_sigla_younger_internal,http://sigla.phis.me/document/ZA%204a/index-word.html,ZA,crete_east,inscription_or_vessel,clay_or_object_unknown,ritual_or_display_possible,unclassified,29,10,29,29,AB03 AB05 AB07 AB08 AB09 AB13 AB26 AB27 AB28B AB37 AB38 AB39 AB41 AB55 AB57 AB67 AB69 AB77 AB78 AB79 AB80 AB82 [?],Bronze_Age_Linear_A_period_unverified,requires_source_metadata_review,1,0,0,0,0.0345,Inferred from artifact ID and normalized sequence; needs expert metadata enrichment.
ZA 5,local_merged_sigla_younger_internal,https://web.archive.org/web/20190416192926/http://www.people.ku.edu/~jyounger/LinearA/misctexts.html,ZA,crete_east,inscription_or_vessel,clay_or_object_unknown,ritual_or_display_possible,unclassified,26,8,26,26,DA DESUNT E[ I IB KA KI MA MI NI NU O PI RE SA SE SI SU TA VINA ZA,Bronze_Age_Linear_A_period_unverified,requires_source_metadata_review,1,0,1,0,0.0000,Inferred from artifact ID and normalized sequence; needs expert metadata enrichment.
ZA 5A,local_merged_sigla_younger_internal,http://sigla.phis.me/document/ZA%205a/index-word.html,ZA,crete_east,inscription_or_vessel,clay_or_object_unknown,ritual_or_display_possible,unclassified,14,4,14,14,AB01 AB09 AB118 AB17 AB21F AB30 AB31 AB38 AB59 AB61 AB67 AB73 AB80,Bronze_Age_Linear_A_period_unverified,requires_source_metadata_review,1,0,0,0,0.0000,Inferred from artifact ID and normalized sequence; needs expert metadata enrichment.
ZA 5B,local_merged_sigla_younger_internal,http://sigla.phis.me/document/ZA%205b/index-word.html,ZA,crete_east,inscription_or_vessel,clay_or_object_unknown,ritual_or_display_possible,unclassified,11,3,11,11,AB27 AB28 AB28B AB39 AB41 AB55 AB59 AB67 AB77 AB80,Bronze_Age_Linear_A_period_unverified,requires_source_metadata_review,1,0,0,0,0.0000,Inferred from artifact ID and normalized sequence; needs expert metadata enrichment.
ZA 6,local_merged_sigla_younger_internal,https://web.archive.org/web/20190416192926/http://www.people.ku.edu/~jyounger/LinearA/misctexts.html,ZA,crete_east,inscription_or_vessel,clay_or_object_unknown,ritual_or_display_possible,short_mark_or_label,26,12,26,26,GRA I IB JU KA KU MA[ MI[ NA OLIV[ PA RA RA2 SE TE TI VINA WA ZA ]I ]OLIV ]PU2,Bronze_Age_Linear_A_period_unverified,requires_source_metadata_review,1,0,1,0,0.0000,Inferred from artifact ID and normalized sequence; needs expert metadata enrichment.
ZA 6A,local_merged_sigla_younger_internal,http://sigla.phis.me/document/ZA%206a/index-word.html,ZA,crete_east,inscription_or_vessel,clay_or_object_unknown,ritual_or_display_possible,short_mark_or_label,12,5,12,12,A305 AB04 AB06 AB09 AB28 AB29 AB34 AB54 AB65 AB73 AB76,Bronze_Age_Linear_A_period_unverified,requires_source_metadata_review,1,0,0,0,0.0000,Inferred from artifact ID and normalized sequence; needs expert metadata enrichment.
ZA 6B,local_merged_sigla_younger_internal,http://sigla.phis.me/document/ZA%206b/index-word.html,ZA,crete_east,inscription_or_vessel,clay_or_object_unknown,ritual_or_display_possible,short_mark_or_label,11,4,11,11,A312 AB03 AB17 AB28 AB28B AB37 AB65 AB66 AB80 AB81,Bronze_Age_Linear_A_period_unverified,requires_source_metadata_review,1,0,0,0,0.0000,Inferred from artifact ID and normalized sequence; needs expert metadata enrichment.
ZA 7,local_merged_sigla_younger_internal,https://web.archive.org/web/20190416192926/http://www.people.ku.edu/~jyounger/LinearA/misctexts.html,ZA,crete_east,inscription_or_vessel,clay_or_object_unknown,ritual_or_display_possible,short_mark_or_label,12,5,12,12,A DESUNT JU MA[ MI[ RA RE TU U,Bronze_Age_Linear_A_period_unverified,requires_source_metadata_review,1,0,0,0,0.0000,Inferred from artifact ID and normalized sequence; needs expert metadata enrichment.
ZA 7A,local_merged_sigla_younger_internal,http://sigla.phis.me/document/ZA%207a/index-word.html,ZA,crete_east,inscription_or_vessel,clay_or_object_unknown,ritual_or_display_possible,unclassified,9,3,9,9,AB08 AB10 AB27 AB60 AB65 AB69 AB73,Bronze_Age_Linear_A_period_unverified,requires_source_metadata_review,1,0,0,0,0.0000,Inferred from artifact ID and normalized sequence; needs expert metadata enrichment.
ZA 7B,local_merged_sigla_younger_internal,http://sigla.phis.me/document/ZA%207b/index-word.html,ZA,crete_east,inscription_or_vessel,clay_or_object_unknown,ritual_or_display_possible,short_mark_or_label,2,1,2,2,AB08 AB80,Bronze_Age_Linear_A_period_unverified,requires_source_metadata_review,1,0,0,0,0.0000,Inferred from artifact ID and normalized sequence; needs expert metadata enrichment.
ZA 8,local_merged_sigla_younger_internal,http://sigla.phis.me/document/ZA%208/index-word.html; https://web.archive.org/web/20190416192926/http://www.people.ku.edu/~jyounger/LinearA/misctexts.html,ZA,crete_east,inscription_or_vessel,clay_or_object_unknown,ritual_or_display_possible,unclassified,59,17,59,59,A AB01 AB02 AB03 AB08 AB09 AB27 AB28 AB30 AB39 AB53 AB55 AB59 AB60 AB67 AB69 AB70 AB77 AB80 AB81 DA FIC I KA KI KO KU MA NI NU PA PI RA RE RI RO SE TA TU,Bronze_Age_Linear_A_period_unverified,requires_source_metadata_review,1,0,1,0,0.0000,Inferred from artifact ID and normalized sequence; needs expert metadata enrichment.
ZA 9,local_merged_sigla_younger_internal,http://sigla.phis.me/document/ZA%209/index-word.html; https://web.archive.org/web/20190416192926/http://www.people.ku.edu/~jyounger/LinearA/misctexts.html,ZA,crete_east,inscription_or_vessel,clay_or_object_unknown,ritual_or_display_possible,unclassified,38,13,38,38,A AB02 AB04 AB06 AB08 AB17 AB27 AB37 AB40 AB41 AB55 AB59 AB60 AB65 AB73 AB80 MI NA NU OVIS OVISF RA RA[ RE RO SI TA TE TI WI [?],Bronze_Age_Linear_A_period_unverified,requires_source_metadata_review,1,0,1,0,0.1316,Inferred from artifact ID and normalized sequence; needs expert metadata enrichment.
ZA WC 2,local_merged_sigla_younger_internal,http://sigla.phis.me/document/ZA%20Wc%202/index-word.html,ZA,crete_east,sealed_document_or_roundel,clay_or_object_unknown,unknown,unclassified,7,2,7,7,AB08 AB37 AB51 AB70 AB73 AB77,Bronze_Age_Linear_A_period_unverified,requires_source_metadata_review,0,0,0,0,0.0000,Inferred from artifact ID and normalized sequence; needs expert metadata enrichment.
ZA ZB 34,local_merged_sigla_younger_internal,https://web.archive.org/web/20190416192926/http://www.people.ku.edu/~jyounger/LinearA/misctexts.html,ZA,crete_east,inscription_or_vessel,clay_or_object_unknown,ritual_or_display_possible,short_mark_or_label,1,1,1,1,TELA,Bronze_Age_Linear_A_period_unverified,requires_source_metadata_review,1,0,0,0,0.0000,Inferred from artifact ID and normalized sequence; needs expert metadata enrichment.
ZA10,local_merged_sigla_younger_internal,"linearA/ZA10.html:original_pre,linearA/ZA10.html:raw_annotation,linearA/mdFiles/LinearA_report.md:raw_annotation,linearA/mdFiles/ZA10.md:original_md_section,linearA/mdFiles/ZA10.md:raw_annotation",ZA,crete_east,inscription_or_vessel,clay_or_object_unknown,administrative,ab22_positional_formula,12,3,12,12,AB02 AB04 AB17 AB22 AB27 AB40 AB67 AB69 AB81,Bronze_Age_Linear_A_period_unverified,requires_source_metadata_review,1,1,0,1,0.0000,Inferred from artifact ID and normalized sequence; needs expert metadata enrichment.
